type	keyword	descriptor	combination
explicit_mechanistic	immigrants	objects	immigrants are like objects
explicit_mechanistic	immigrants	automatons	immigrants are like automatons
explicit_mechanistic	immigrants	machines	immigrants are like machines
explicit_mechanistic	immigrants	machinery	immigrants are like machinery
explicit_mechanistic	immigrants	equipment	immigrants are like equipment
explicit_mechanistic	immigrants	apparatus	immigrants are like apparatus
explicit_mechanistic	immigrants	appliances	immigrants are like appliances
explicit_mechanistic	immigrants	hardware	immigrants are like hardware
explicit_mechanistic	immigrants	engines	immigrants are like engines
explicit_mechanistic	immigrants	tools	immigrants are like tools
explicit_mechanistic	immigrants	devices	immigrants are like devices
explicit_mechanistic	immigrants	robots	immigrants are like robots
explicit_mechanistic	immigrants	trash	immigrants are like trash
explicit_mechanistic	immigrants	garbage	immigrants are like garbage
explicit_mechanistic	immigrants	filth	immigrants are like filth
explicit_mechanistic	refugees	objects	refugees are like objects
explicit_mechanistic	refugees	automatons	refugees are like automatons
explicit_mechanistic	refugees	machines	refugees are like machines
explicit_mechanistic	refugees	machinery	refugees are like machinery
explicit_mechanistic	refugees	equipment	refugees are like equipment
explicit_mechanistic	refugees	apparatus	refugees are like apparatus
explicit_mechanistic	refugees	appliances	refugees are like appliances
explicit_mechanistic	refugees	hardware	refugees are like hardware
explicit_mechanistic	refugees	engines	refugees are like engines
explicit_mechanistic	refugees	tools	refugees are like tools
explicit_mechanistic	refugees	devices	refugees are like devices
explicit_mechanistic	refugees	robots	refugees are like robots
explicit_mechanistic	refugees	trash	refugees are like trash
explicit_mechanistic	refugees	garbage	refugees are like garbage
explicit_mechanistic	refugees	filth	refugees are like filth
explicit_mechanistic	aliens	objects	aliens are like objects
explicit_mechanistic	aliens	automatons	aliens are like automatons
explicit_mechanistic	aliens	machines	aliens are like machines
explicit_mechanistic	aliens	machinery	aliens are like machinery
explicit_mechanistic	aliens	equipment	aliens are like equipment
explicit_mechanistic	aliens	apparatus	aliens are like apparatus
explicit_mechanistic	aliens	appliances	aliens are like appliances
explicit_mechanistic	aliens	hardware	aliens are like hardware
explicit_mechanistic	aliens	engines	aliens are like engines
explicit_mechanistic	aliens	tools	aliens are like tools
explicit_mechanistic	aliens	devices	aliens are like devices
explicit_mechanistic	aliens	robots	aliens are like robots
explicit_mechanistic	aliens	trash	aliens are like trash
explicit_mechanistic	aliens	garbage	aliens are like garbage
explicit_mechanistic	aliens	filth	aliens are like filth
explicit_mechanistic	illegals	objects	illegals are like objects
explicit_mechanistic	illegals	automatons	illegals are like automatons
explicit_mechanistic	illegals	machines	illegals are like machines
explicit_mechanistic	illegals	machinery	illegals are like machinery
explicit_mechanistic	illegals	equipment	illegals are like equipment
explicit_mechanistic	illegals	apparatus	illegals are like apparatus
explicit_mechanistic	illegals	appliances	illegals are like appliances
explicit_mechanistic	illegals	hardware	illegals are like hardware
explicit_mechanistic	illegals	engines	illegals are like engines
explicit_mechanistic	illegals	tools	illegals are like tools
explicit_mechanistic	illegals	devices	illegals are like devices
explicit_mechanistic	illegals	robots	illegals are like robots
explicit_mechanistic	illegals	trash	illegals are like trash
explicit_mechanistic	illegals	garbage	illegals are like garbage
explicit_mechanistic	illegals	filth	illegals are like filth
explicit_mechanistic	escapees	objects	escapees are like objects
explicit_mechanistic	escapees	automatons	escapees are like automatons
explicit_mechanistic	escapees	machines	escapees are like machines
explicit_mechanistic	escapees	machinery	escapees are like machinery
explicit_mechanistic	escapees	equipment	escapees are like equipment
explicit_mechanistic	escapees	apparatus	escapees are like apparatus
explicit_mechanistic	escapees	appliances	escapees are like appliances
explicit_mechanistic	escapees	hardware	escapees are like hardware
explicit_mechanistic	escapees	engines	escapees are like engines
explicit_mechanistic	escapees	tools	escapees are like tools
explicit_mechanistic	escapees	devices	escapees are like devices
explicit_mechanistic	escapees	robots	escapees are like robots
explicit_mechanistic	escapees	trash	escapees are like trash
explicit_mechanistic	escapees	garbage	escapees are like garbage
explicit_mechanistic	escapees	filth	escapees are like filth
explicit_mechanistic	foreigners	objects	foreigners are like objects
explicit_mechanistic	foreigners	automatons	foreigners are like automatons
explicit_mechanistic	foreigners	machines	foreigners are like machines
explicit_mechanistic	foreigners	machinery	foreigners are like machinery
explicit_mechanistic	foreigners	equipment	foreigners are like equipment
explicit_mechanistic	foreigners	apparatus	foreigners are like apparatus
explicit_mechanistic	foreigners	appliances	foreigners are like appliances
explicit_mechanistic	foreigners	hardware	foreigners are like hardware
explicit_mechanistic	foreigners	engines	foreigners are like engines
explicit_mechanistic	foreigners	tools	foreigners are like tools
explicit_mechanistic	foreigners	devices	foreigners are like devices
explicit_mechanistic	foreigners	robots	foreigners are like robots
explicit_mechanistic	foreigners	trash	foreigners are like trash
explicit_mechanistic	foreigners	garbage	foreigners are like garbage
explicit_mechanistic	foreigners	filth	foreigners are like filth
explicit_mechanistic	displaced persons	objects	displaced persons are like objects
explicit_mechanistic	displaced persons	automatons	displaced persons are like automatons
explicit_mechanistic	displaced persons	machines	displaced persons are like machines
explicit_mechanistic	displaced persons	machinery	displaced persons are like machinery
explicit_mechanistic	displaced persons	equipment	displaced persons are like equipment
explicit_mechanistic	displaced persons	apparatus	displaced persons are like apparatus
explicit_mechanistic	displaced persons	appliances	displaced persons are like appliances
explicit_mechanistic	displaced persons	hardware	displaced persons are like hardware
explicit_mechanistic	displaced persons	engines	displaced persons are like engines
explicit_mechanistic	displaced persons	tools	displaced persons are like tools
explicit_mechanistic	displaced persons	devices	displaced persons are like devices
explicit_mechanistic	displaced persons	robots	displaced persons are like robots
explicit_mechanistic	displaced persons	trash	displaced persons are like trash
explicit_mechanistic	displaced persons	garbage	displaced persons are like garbage
explicit_mechanistic	displaced persons	filth	displaced persons are like filth
explicit_mechanistic	undesirables	objects	undesirables are like objects
explicit_mechanistic	undesirables	automatons	undesirables are like automatons
explicit_mechanistic	undesirables	machines	undesirables are like machines
explicit_mechanistic	undesirables	machinery	undesirables are like machinery
explicit_mechanistic	undesirables	equipment	undesirables are like equipment
explicit_mechanistic	undesirables	apparatus	undesirables are like apparatus
explicit_mechanistic	undesirables	appliances	undesirables are like appliances
explicit_mechanistic	undesirables	hardware	undesirables are like hardware
explicit_mechanistic	undesirables	engines	undesirables are like engines
explicit_mechanistic	undesirables	tools	undesirables are like tools
explicit_mechanistic	undesirables	devices	undesirables are like devices
explicit_mechanistic	undesirables	robots	undesirables are like robots
explicit_mechanistic	undesirables	trash	undesirables are like trash
explicit_mechanistic	undesirables	garbage	undesirables are like garbage
explicit_mechanistic	undesirables	filth	undesirables are like filth
explicit_mechanistic	migrants	objects	migrants are like objects
explicit_mechanistic	migrants	automatons	migrants are like automatons
explicit_mechanistic	migrants	machines	migrants are like machines
explicit_mechanistic	migrants	machinery	migrants are like machinery
explicit_mechanistic	migrants	equipment	migrants are like equipment
explicit_mechanistic	migrants	apparatus	migrants are like apparatus
explicit_mechanistic	migrants	appliances	migrants are like appliances
explicit_mechanistic	migrants	hardware	migrants are like hardware
explicit_mechanistic	migrants	engines	migrants are like engines
explicit_mechanistic	migrants	tools	migrants are like tools
explicit_mechanistic	migrants	devices	migrants are like devices
explicit_mechanistic	migrants	robots	migrants are like robots
explicit_mechanistic	migrants	trash	migrants are like trash
explicit_mechanistic	migrants	garbage	migrants are like garbage
explicit_mechanistic	migrants	filth	migrants are like filth
explicit_mechanistic	jews	objects	jews are like objects
explicit_mechanistic	jews	automatons	jews are like automatons
explicit_mechanistic	jews	machines	jews are like machines
explicit_mechanistic	jews	machinery	jews are like machinery
explicit_mechanistic	jews	equipment	jews are like equipment
explicit_mechanistic	jews	apparatus	jews are like apparatus
explicit_mechanistic	jews	appliances	jews are like appliances
explicit_mechanistic	jews	hardware	jews are like hardware
explicit_mechanistic	jews	engines	jews are like engines
explicit_mechanistic	jews	tools	jews are like tools
explicit_mechanistic	jews	devices	jews are like devices
explicit_mechanistic	jews	robots	jews are like robots
explicit_mechanistic	jews	trash	jews are like trash
explicit_mechanistic	jews	garbage	jews are like garbage
explicit_mechanistic	jews	filth	jews are like filth
explicit_mechanistic	hebrews	objects	hebrews are like objects
explicit_mechanistic	hebrews	automatons	hebrews are like automatons
explicit_mechanistic	hebrews	machines	hebrews are like machines
explicit_mechanistic	hebrews	machinery	hebrews are like machinery
explicit_mechanistic	hebrews	equipment	hebrews are like equipment
explicit_mechanistic	hebrews	apparatus	hebrews are like apparatus
explicit_mechanistic	hebrews	appliances	hebrews are like appliances
explicit_mechanistic	hebrews	hardware	hebrews are like hardware
explicit_mechanistic	hebrews	engines	hebrews are like engines
explicit_mechanistic	hebrews	tools	hebrews are like tools
explicit_mechanistic	hebrews	devices	hebrews are like devices
explicit_mechanistic	hebrews	robots	hebrews are like robots
explicit_mechanistic	hebrews	trash	hebrews are like trash
explicit_mechanistic	hebrews	garbage	hebrews are like garbage
explicit_mechanistic	hebrews	filth	hebrews are like filth
explicit_mechanistic	kikes	objects	kikes are like objects
explicit_mechanistic	kikes	automatons	kikes are like automatons
explicit_mechanistic	kikes	machines	kikes are like machines
explicit_mechanistic	kikes	machinery	kikes are like machinery
explicit_mechanistic	kikes	equipment	kikes are like equipment
explicit_mechanistic	kikes	apparatus	kikes are like apparatus
explicit_mechanistic	kikes	appliances	kikes are like appliances
explicit_mechanistic	kikes	hardware	kikes are like hardware
explicit_mechanistic	kikes	engines	kikes are like engines
explicit_mechanistic	kikes	tools	kikes are like tools
explicit_mechanistic	kikes	devices	kikes are like devices
explicit_mechanistic	kikes	robots	kikes are like robots
explicit_mechanistic	kikes	trash	kikes are like trash
explicit_mechanistic	kikes	garbage	kikes are like garbage
explicit_mechanistic	kikes	filth	kikes are like filth
explicit_mechanistic	yids	objects	yids are like objects
explicit_mechanistic	yids	automatons	yids are like automatons
explicit_mechanistic	yids	machines	yids are like machines
explicit_mechanistic	yids	machinery	yids are like machinery
explicit_mechanistic	yids	equipment	yids are like equipment
explicit_mechanistic	yids	apparatus	yids are like apparatus
explicit_mechanistic	yids	appliances	yids are like appliances
explicit_mechanistic	yids	hardware	yids are like hardware
explicit_mechanistic	yids	engines	yids are like engines
explicit_mechanistic	yids	tools	yids are like tools
explicit_mechanistic	yids	devices	yids are like devices
explicit_mechanistic	yids	robots	yids are like robots
explicit_mechanistic	yids	trash	yids are like trash
explicit_mechanistic	yids	garbage	yids are like garbage
explicit_mechanistic	yids	filth	yids are like filth
explicit_mechanistic	mockies	objects	mockies are like objects
explicit_mechanistic	mockies	automatons	mockies are like automatons
explicit_mechanistic	mockies	machines	mockies are like machines
explicit_mechanistic	mockies	machinery	mockies are like machinery
explicit_mechanistic	mockies	equipment	mockies are like equipment
explicit_mechanistic	mockies	apparatus	mockies are like apparatus
explicit_mechanistic	mockies	appliances	mockies are like appliances
explicit_mechanistic	mockies	hardware	mockies are like hardware
explicit_mechanistic	mockies	engines	mockies are like engines
explicit_mechanistic	mockies	tools	mockies are like tools
explicit_mechanistic	mockies	devices	mockies are like devices
explicit_mechanistic	mockies	robots	mockies are like robots
explicit_mechanistic	mockies	trash	mockies are like trash
explicit_mechanistic	mockies	garbage	mockies are like garbage
explicit_mechanistic	mockies	filth	mockies are like filth
explicit_mechanistic	mockys	objects	mockys are like objects
explicit_mechanistic	mockys	automatons	mockys are like automatons
explicit_mechanistic	mockys	machines	mockys are like machines
explicit_mechanistic	mockys	machinery	mockys are like machinery
explicit_mechanistic	mockys	equipment	mockys are like equipment
explicit_mechanistic	mockys	apparatus	mockys are like apparatus
explicit_mechanistic	mockys	appliances	mockys are like appliances
explicit_mechanistic	mockys	hardware	mockys are like hardware
explicit_mechanistic	mockys	engines	mockys are like engines
explicit_mechanistic	mockys	tools	mockys are like tools
explicit_mechanistic	mockys	devices	mockys are like devices
explicit_mechanistic	mockys	robots	mockys are like robots
explicit_mechanistic	mockys	trash	mockys are like trash
explicit_mechanistic	mockys	garbage	mockys are like garbage
explicit_mechanistic	mockys	filth	mockys are like filth
explicit_mechanistic	bootlips	objects	bootlips are like objects
explicit_mechanistic	bootlips	automatons	bootlips are like automatons
explicit_mechanistic	bootlips	machines	bootlips are like machines
explicit_mechanistic	bootlips	machinery	bootlips are like machinery
explicit_mechanistic	bootlips	equipment	bootlips are like equipment
explicit_mechanistic	bootlips	apparatus	bootlips are like apparatus
explicit_mechanistic	bootlips	appliances	bootlips are like appliances
explicit_mechanistic	bootlips	hardware	bootlips are like hardware
explicit_mechanistic	bootlips	engines	bootlips are like engines
explicit_mechanistic	bootlips	tools	bootlips are like tools
explicit_mechanistic	bootlips	devices	bootlips are like devices
explicit_mechanistic	bootlips	robots	bootlips are like robots
explicit_mechanistic	bootlips	trash	bootlips are like trash
explicit_mechanistic	bootlips	garbage	bootlips are like garbage
explicit_mechanistic	bootlips	filth	bootlips are like filth
explicit_mechanistic	dindus	objects	dindus are like objects
explicit_mechanistic	dindus	automatons	dindus are like automatons
explicit_mechanistic	dindus	machines	dindus are like machines
explicit_mechanistic	dindus	machinery	dindus are like machinery
explicit_mechanistic	dindus	equipment	dindus are like equipment
explicit_mechanistic	dindus	apparatus	dindus are like apparatus
explicit_mechanistic	dindus	appliances	dindus are like appliances
explicit_mechanistic	dindus	hardware	dindus are like hardware
explicit_mechanistic	dindus	engines	dindus are like engines
explicit_mechanistic	dindus	tools	dindus are like tools
explicit_mechanistic	dindus	devices	dindus are like devices
explicit_mechanistic	dindus	robots	dindus are like robots
explicit_mechanistic	dindus	trash	dindus are like trash
explicit_mechanistic	dindus	garbage	dindus are like garbage
explicit_mechanistic	dindus	filth	dindus are like filth
explicit_mechanistic	porch monkeys	objects	porch monkeys are like objects
explicit_mechanistic	porch monkeys	automatons	porch monkeys are like automatons
explicit_mechanistic	porch monkeys	machines	porch monkeys are like machines
explicit_mechanistic	porch monkeys	machinery	porch monkeys are like machinery
explicit_mechanistic	porch monkeys	equipment	porch monkeys are like equipment
explicit_mechanistic	porch monkeys	apparatus	porch monkeys are like apparatus
explicit_mechanistic	porch monkeys	appliances	porch monkeys are like appliances
explicit_mechanistic	porch monkeys	hardware	porch monkeys are like hardware
explicit_mechanistic	porch monkeys	engines	porch monkeys are like engines
explicit_mechanistic	porch monkeys	tools	porch monkeys are like tools
explicit_mechanistic	porch monkeys	devices	porch monkeys are like devices
explicit_mechanistic	porch monkeys	robots	porch monkeys are like robots
explicit_mechanistic	porch monkeys	trash	porch monkeys are like trash
explicit_mechanistic	porch monkeys	garbage	porch monkeys are like garbage
explicit_mechanistic	porch monkeys	filth	porch monkeys are like filth
explicit_mechanistic	ghetto monkeys	objects	ghetto monkeys are like objects
explicit_mechanistic	ghetto monkeys	automatons	ghetto monkeys are like automatons
explicit_mechanistic	ghetto monkeys	machines	ghetto monkeys are like machines
explicit_mechanistic	ghetto monkeys	machinery	ghetto monkeys are like machinery
explicit_mechanistic	ghetto monkeys	equipment	ghetto monkeys are like equipment
explicit_mechanistic	ghetto monkeys	apparatus	ghetto monkeys are like apparatus
explicit_mechanistic	ghetto monkeys	appliances	ghetto monkeys are like appliances
explicit_mechanistic	ghetto monkeys	hardware	ghetto monkeys are like hardware
explicit_mechanistic	ghetto monkeys	engines	ghetto monkeys are like engines
explicit_mechanistic	ghetto monkeys	tools	ghetto monkeys are like tools
explicit_mechanistic	ghetto monkeys	devices	ghetto monkeys are like devices
explicit_mechanistic	ghetto monkeys	robots	ghetto monkeys are like robots
explicit_mechanistic	ghetto monkeys	trash	ghetto monkeys are like trash
explicit_mechanistic	ghetto monkeys	garbage	ghetto monkeys are like garbage
explicit_mechanistic	ghetto monkeys	filth	ghetto monkeys are like filth
explicit_mechanistic	golliwogs	objects	golliwogs are like objects
explicit_mechanistic	golliwogs	automatons	golliwogs are like automatons
explicit_mechanistic	golliwogs	machines	golliwogs are like machines
explicit_mechanistic	golliwogs	machinery	golliwogs are like machinery
explicit_mechanistic	golliwogs	equipment	golliwogs are like equipment
explicit_mechanistic	golliwogs	apparatus	golliwogs are like apparatus
explicit_mechanistic	golliwogs	appliances	golliwogs are like appliances
explicit_mechanistic	golliwogs	hardware	golliwogs are like hardware
explicit_mechanistic	golliwogs	engines	golliwogs are like engines
explicit_mechanistic	golliwogs	tools	golliwogs are like tools
explicit_mechanistic	golliwogs	devices	golliwogs are like devices
explicit_mechanistic	golliwogs	robots	golliwogs are like robots
explicit_mechanistic	golliwogs	trash	golliwogs are like trash
explicit_mechanistic	golliwogs	garbage	golliwogs are like garbage
explicit_mechanistic	golliwogs	filth	golliwogs are like filth
explicit_mechanistic	hoodrats	objects	hoodrats are like objects
explicit_mechanistic	hoodrats	automatons	hoodrats are like automatons
explicit_mechanistic	hoodrats	machines	hoodrats are like machines
explicit_mechanistic	hoodrats	machinery	hoodrats are like machinery
explicit_mechanistic	hoodrats	equipment	hoodrats are like equipment
explicit_mechanistic	hoodrats	apparatus	hoodrats are like apparatus
explicit_mechanistic	hoodrats	appliances	hoodrats are like appliances
explicit_mechanistic	hoodrats	hardware	hoodrats are like hardware
explicit_mechanistic	hoodrats	engines	hoodrats are like engines
explicit_mechanistic	hoodrats	tools	hoodrats are like tools
explicit_mechanistic	hoodrats	devices	hoodrats are like devices
explicit_mechanistic	hoodrats	robots	hoodrats are like robots
explicit_mechanistic	hoodrats	trash	hoodrats are like trash
explicit_mechanistic	hoodrats	garbage	hoodrats are like garbage
explicit_mechanistic	hoodrats	filth	hoodrats are like filth
explicit_mechanistic	blacks	objects	blacks are like objects
explicit_mechanistic	blacks	automatons	blacks are like automatons
explicit_mechanistic	blacks	machines	blacks are like machines
explicit_mechanistic	blacks	machinery	blacks are like machinery
explicit_mechanistic	blacks	equipment	blacks are like equipment
explicit_mechanistic	blacks	apparatus	blacks are like apparatus
explicit_mechanistic	blacks	appliances	blacks are like appliances
explicit_mechanistic	blacks	hardware	blacks are like hardware
explicit_mechanistic	blacks	engines	blacks are like engines
explicit_mechanistic	blacks	tools	blacks are like tools
explicit_mechanistic	blacks	devices	blacks are like devices
explicit_mechanistic	blacks	robots	blacks are like robots
explicit_mechanistic	blacks	trash	blacks are like trash
explicit_mechanistic	blacks	garbage	blacks are like garbage
explicit_mechanistic	blacks	filth	blacks are like filth
explicit_mechanistic	black people	objects	black people are like objects
explicit_mechanistic	black people	automatons	black people are like automatons
explicit_mechanistic	black people	machines	black people are like machines
explicit_mechanistic	black people	machinery	black people are like machinery
explicit_mechanistic	black people	equipment	black people are like equipment
explicit_mechanistic	black people	apparatus	black people are like apparatus
explicit_mechanistic	black people	appliances	black people are like appliances
explicit_mechanistic	black people	hardware	black people are like hardware
explicit_mechanistic	black people	engines	black people are like engines
explicit_mechanistic	black people	tools	black people are like tools
explicit_mechanistic	black people	devices	black people are like devices
explicit_mechanistic	black people	robots	black people are like robots
explicit_mechanistic	black people	trash	black people are like trash
explicit_mechanistic	black people	garbage	black people are like garbage
explicit_mechanistic	black people	filth	black people are like filth
explicit_mechanistic	jiggas	objects	jiggas are like objects
explicit_mechanistic	jiggas	automatons	jiggas are like automatons
explicit_mechanistic	jiggas	machines	jiggas are like machines
explicit_mechanistic	jiggas	machinery	jiggas are like machinery
explicit_mechanistic	jiggas	equipment	jiggas are like equipment
explicit_mechanistic	jiggas	apparatus	jiggas are like apparatus
explicit_mechanistic	jiggas	appliances	jiggas are like appliances
explicit_mechanistic	jiggas	hardware	jiggas are like hardware
explicit_mechanistic	jiggas	engines	jiggas are like engines
explicit_mechanistic	jiggas	tools	jiggas are like tools
explicit_mechanistic	jiggas	devices	jiggas are like devices
explicit_mechanistic	jiggas	robots	jiggas are like robots
explicit_mechanistic	jiggas	trash	jiggas are like trash
explicit_mechanistic	jiggas	garbage	jiggas are like garbage
explicit_mechanistic	jiggas	filth	jiggas are like filth
explicit_mechanistic	jiggers	objects	jiggers are like objects
explicit_mechanistic	jiggers	automatons	jiggers are like automatons
explicit_mechanistic	jiggers	machines	jiggers are like machines
explicit_mechanistic	jiggers	machinery	jiggers are like machinery
explicit_mechanistic	jiggers	equipment	jiggers are like equipment
explicit_mechanistic	jiggers	apparatus	jiggers are like apparatus
explicit_mechanistic	jiggers	appliances	jiggers are like appliances
explicit_mechanistic	jiggers	hardware	jiggers are like hardware
explicit_mechanistic	jiggers	engines	jiggers are like engines
explicit_mechanistic	jiggers	tools	jiggers are like tools
explicit_mechanistic	jiggers	devices	jiggers are like devices
explicit_mechanistic	jiggers	robots	jiggers are like robots
explicit_mechanistic	jiggers	trash	jiggers are like trash
explicit_mechanistic	jiggers	garbage	jiggers are like garbage
explicit_mechanistic	jiggers	filth	jiggers are like filth
explicit_mechanistic	jigros	objects	jigros are like objects
explicit_mechanistic	jigros	automatons	jigros are like automatons
explicit_mechanistic	jigros	machines	jigros are like machines
explicit_mechanistic	jigros	machinery	jigros are like machinery
explicit_mechanistic	jigros	equipment	jigros are like equipment
explicit_mechanistic	jigros	apparatus	jigros are like apparatus
explicit_mechanistic	jigros	appliances	jigros are like appliances
explicit_mechanistic	jigros	hardware	jigros are like hardware
explicit_mechanistic	jigros	engines	jigros are like engines
explicit_mechanistic	jigros	tools	jigros are like tools
explicit_mechanistic	jigros	devices	jigros are like devices
explicit_mechanistic	jigros	robots	jigros are like robots
explicit_mechanistic	jigros	trash	jigros are like trash
explicit_mechanistic	jigros	garbage	jigros are like garbage
explicit_mechanistic	jigros	filth	jigros are like filth
explicit_mechanistic	kneegrows	objects	kneegrows are like objects
explicit_mechanistic	kneegrows	automatons	kneegrows are like automatons
explicit_mechanistic	kneegrows	machines	kneegrows are like machines
explicit_mechanistic	kneegrows	machinery	kneegrows are like machinery
explicit_mechanistic	kneegrows	equipment	kneegrows are like equipment
explicit_mechanistic	kneegrows	apparatus	kneegrows are like apparatus
explicit_mechanistic	kneegrows	appliances	kneegrows are like appliances
explicit_mechanistic	kneegrows	hardware	kneegrows are like hardware
explicit_mechanistic	kneegrows	engines	kneegrows are like engines
explicit_mechanistic	kneegrows	tools	kneegrows are like tools
explicit_mechanistic	kneegrows	devices	kneegrows are like devices
explicit_mechanistic	kneegrows	robots	kneegrows are like robots
explicit_mechanistic	kneegrows	trash	kneegrows are like trash
explicit_mechanistic	kneegrows	garbage	kneegrows are like garbage
explicit_mechanistic	kneegrows	filth	kneegrows are like filth
explicit_mechanistic	moulies	objects	moulies are like objects
explicit_mechanistic	moulies	automatons	moulies are like automatons
explicit_mechanistic	moulies	machines	moulies are like machines
explicit_mechanistic	moulies	machinery	moulies are like machinery
explicit_mechanistic	moulies	equipment	moulies are like equipment
explicit_mechanistic	moulies	apparatus	moulies are like apparatus
explicit_mechanistic	moulies	appliances	moulies are like appliances
explicit_mechanistic	moulies	hardware	moulies are like hardware
explicit_mechanistic	moulies	engines	moulies are like engines
explicit_mechanistic	moulies	tools	moulies are like tools
explicit_mechanistic	moulies	devices	moulies are like devices
explicit_mechanistic	moulies	robots	moulies are like robots
explicit_mechanistic	moulies	trash	moulies are like trash
explicit_mechanistic	moulies	garbage	moulies are like garbage
explicit_mechanistic	moulies	filth	moulies are like filth
explicit_mechanistic	negros	objects	negros are like objects
explicit_mechanistic	negros	automatons	negros are like automatons
explicit_mechanistic	negros	machines	negros are like machines
explicit_mechanistic	negros	machinery	negros are like machinery
explicit_mechanistic	negros	equipment	negros are like equipment
explicit_mechanistic	negros	apparatus	negros are like apparatus
explicit_mechanistic	negros	appliances	negros are like appliances
explicit_mechanistic	negros	hardware	negros are like hardware
explicit_mechanistic	negros	engines	negros are like engines
explicit_mechanistic	negros	tools	negros are like tools
explicit_mechanistic	negros	devices	negros are like devices
explicit_mechanistic	negros	robots	negros are like robots
explicit_mechanistic	negros	trash	negros are like trash
explicit_mechanistic	negros	garbage	negros are like garbage
explicit_mechanistic	negros	filth	negros are like filth
explicit_mechanistic	niggers	objects	niggers are like objects
explicit_mechanistic	niggers	automatons	niggers are like automatons
explicit_mechanistic	niggers	machines	niggers are like machines
explicit_mechanistic	niggers	machinery	niggers are like machinery
explicit_mechanistic	niggers	equipment	niggers are like equipment
explicit_mechanistic	niggers	apparatus	niggers are like apparatus
explicit_mechanistic	niggers	appliances	niggers are like appliances
explicit_mechanistic	niggers	hardware	niggers are like hardware
explicit_mechanistic	niggers	engines	niggers are like engines
explicit_mechanistic	niggers	tools	niggers are like tools
explicit_mechanistic	niggers	devices	niggers are like devices
explicit_mechanistic	niggers	robots	niggers are like robots
explicit_mechanistic	niggers	trash	niggers are like trash
explicit_mechanistic	niggers	garbage	niggers are like garbage
explicit_mechanistic	niggers	filth	niggers are like filth
explicit_mechanistic	afro-americans	objects	afro-americans are like objects
explicit_mechanistic	afro-americans	automatons	afro-americans are like automatons
explicit_mechanistic	afro-americans	machines	afro-americans are like machines
explicit_mechanistic	afro-americans	machinery	afro-americans are like machinery
explicit_mechanistic	afro-americans	equipment	afro-americans are like equipment
explicit_mechanistic	afro-americans	apparatus	afro-americans are like apparatus
explicit_mechanistic	afro-americans	appliances	afro-americans are like appliances
explicit_mechanistic	afro-americans	hardware	afro-americans are like hardware
explicit_mechanistic	afro-americans	engines	afro-americans are like engines
explicit_mechanistic	afro-americans	tools	afro-americans are like tools
explicit_mechanistic	afro-americans	devices	afro-americans are like devices
explicit_mechanistic	afro-americans	robots	afro-americans are like robots
explicit_mechanistic	afro-americans	trash	afro-americans are like trash
explicit_mechanistic	afro-americans	garbage	afro-americans are like garbage
explicit_mechanistic	afro-americans	filth	afro-americans are like filth
explicit_mechanistic	afromericans	objects	afromericans are like objects
explicit_mechanistic	afromericans	automatons	afromericans are like automatons
explicit_mechanistic	afromericans	machines	afromericans are like machines
explicit_mechanistic	afromericans	machinery	afromericans are like machinery
explicit_mechanistic	afromericans	equipment	afromericans are like equipment
explicit_mechanistic	afromericans	apparatus	afromericans are like apparatus
explicit_mechanistic	afromericans	appliances	afromericans are like appliances
explicit_mechanistic	afromericans	hardware	afromericans are like hardware
explicit_mechanistic	afromericans	engines	afromericans are like engines
explicit_mechanistic	afromericans	tools	afromericans are like tools
explicit_mechanistic	afromericans	devices	afromericans are like devices
explicit_mechanistic	afromericans	robots	afromericans are like robots
explicit_mechanistic	afromericans	trash	afromericans are like trash
explicit_mechanistic	afromericans	garbage	afromericans are like garbage
explicit_mechanistic	afromericans	filth	afromericans are like filth
explicit_mechanistic	native-americans	objects	native-americans are like objects
explicit_mechanistic	native-americans	automatons	native-americans are like automatons
explicit_mechanistic	native-americans	machines	native-americans are like machines
explicit_mechanistic	native-americans	machinery	native-americans are like machinery
explicit_mechanistic	native-americans	equipment	native-americans are like equipment
explicit_mechanistic	native-americans	apparatus	native-americans are like apparatus
explicit_mechanistic	native-americans	appliances	native-americans are like appliances
explicit_mechanistic	native-americans	hardware	native-americans are like hardware
explicit_mechanistic	native-americans	engines	native-americans are like engines
explicit_mechanistic	native-americans	tools	native-americans are like tools
explicit_mechanistic	native-americans	devices	native-americans are like devices
explicit_mechanistic	native-americans	robots	native-americans are like robots
explicit_mechanistic	native-americans	trash	native-americans are like trash
explicit_mechanistic	native-americans	garbage	native-americans are like garbage
explicit_mechanistic	native-americans	filth	native-americans are like filth
explicit_mechanistic	women	objects	women are like objects
explicit_mechanistic	women	automatons	women are like automatons
explicit_mechanistic	women	machines	women are like machines
explicit_mechanistic	women	machinery	women are like machinery
explicit_mechanistic	women	equipment	women are like equipment
explicit_mechanistic	women	apparatus	women are like apparatus
explicit_mechanistic	women	appliances	women are like appliances
explicit_mechanistic	women	hardware	women are like hardware
explicit_mechanistic	women	engines	women are like engines
explicit_mechanistic	women	tools	women are like tools
explicit_mechanistic	women	devices	women are like devices
explicit_mechanistic	women	robots	women are like robots
explicit_mechanistic	women	trash	women are like trash
explicit_mechanistic	women	garbage	women are like garbage
explicit_mechanistic	women	filth	women are like filth
explicit_mechanistic	girls	objects	girls are like objects
explicit_mechanistic	girls	automatons	girls are like automatons
explicit_mechanistic	girls	machines	girls are like machines
explicit_mechanistic	girls	machinery	girls are like machinery
explicit_mechanistic	girls	equipment	girls are like equipment
explicit_mechanistic	girls	apparatus	girls are like apparatus
explicit_mechanistic	girls	appliances	girls are like appliances
explicit_mechanistic	girls	hardware	girls are like hardware
explicit_mechanistic	girls	engines	girls are like engines
explicit_mechanistic	girls	tools	girls are like tools
explicit_mechanistic	girls	devices	girls are like devices
explicit_mechanistic	girls	robots	girls are like robots
explicit_mechanistic	girls	trash	girls are like trash
explicit_mechanistic	girls	garbage	girls are like garbage
explicit_mechanistic	girls	filth	girls are like filth
explicit_mechanistic	bitches	objects	bitches are like objects
explicit_mechanistic	bitches	automatons	bitches are like automatons
explicit_mechanistic	bitches	machines	bitches are like machines
explicit_mechanistic	bitches	machinery	bitches are like machinery
explicit_mechanistic	bitches	equipment	bitches are like equipment
explicit_mechanistic	bitches	apparatus	bitches are like apparatus
explicit_mechanistic	bitches	appliances	bitches are like appliances
explicit_mechanistic	bitches	hardware	bitches are like hardware
explicit_mechanistic	bitches	engines	bitches are like engines
explicit_mechanistic	bitches	tools	bitches are like tools
explicit_mechanistic	bitches	devices	bitches are like devices
explicit_mechanistic	bitches	robots	bitches are like robots
explicit_mechanistic	bitches	trash	bitches are like trash
explicit_mechanistic	bitches	garbage	bitches are like garbage
explicit_mechanistic	bitches	filth	bitches are like filth
explicit_mechanistic	cunts	objects	cunts are like objects
explicit_mechanistic	cunts	automatons	cunts are like automatons
explicit_mechanistic	cunts	machines	cunts are like machines
explicit_mechanistic	cunts	machinery	cunts are like machinery
explicit_mechanistic	cunts	equipment	cunts are like equipment
explicit_mechanistic	cunts	apparatus	cunts are like apparatus
explicit_mechanistic	cunts	appliances	cunts are like appliances
explicit_mechanistic	cunts	hardware	cunts are like hardware
explicit_mechanistic	cunts	engines	cunts are like engines
explicit_mechanistic	cunts	tools	cunts are like tools
explicit_mechanistic	cunts	devices	cunts are like devices
explicit_mechanistic	cunts	robots	cunts are like robots
explicit_mechanistic	cunts	trash	cunts are like trash
explicit_mechanistic	cunts	garbage	cunts are like garbage
explicit_mechanistic	cunts	filth	cunts are like filth
explicit_mechanistic	dykes	objects	dykes are like objects
explicit_mechanistic	dykes	automatons	dykes are like automatons
explicit_mechanistic	dykes	machines	dykes are like machines
explicit_mechanistic	dykes	machinery	dykes are like machinery
explicit_mechanistic	dykes	equipment	dykes are like equipment
explicit_mechanistic	dykes	apparatus	dykes are like apparatus
explicit_mechanistic	dykes	appliances	dykes are like appliances
explicit_mechanistic	dykes	hardware	dykes are like hardware
explicit_mechanistic	dykes	engines	dykes are like engines
explicit_mechanistic	dykes	tools	dykes are like tools
explicit_mechanistic	dykes	devices	dykes are like devices
explicit_mechanistic	dykes	robots	dykes are like robots
explicit_mechanistic	dykes	trash	dykes are like trash
explicit_mechanistic	dykes	garbage	dykes are like garbage
explicit_mechanistic	dykes	filth	dykes are like filth
explicit_mechanistic	pussies	objects	pussies are like objects
explicit_mechanistic	pussies	automatons	pussies are like automatons
explicit_mechanistic	pussies	machines	pussies are like machines
explicit_mechanistic	pussies	machinery	pussies are like machinery
explicit_mechanistic	pussies	equipment	pussies are like equipment
explicit_mechanistic	pussies	apparatus	pussies are like apparatus
explicit_mechanistic	pussies	appliances	pussies are like appliances
explicit_mechanistic	pussies	hardware	pussies are like hardware
explicit_mechanistic	pussies	engines	pussies are like engines
explicit_mechanistic	pussies	tools	pussies are like tools
explicit_mechanistic	pussies	devices	pussies are like devices
explicit_mechanistic	pussies	robots	pussies are like robots
explicit_mechanistic	pussies	trash	pussies are like trash
explicit_mechanistic	pussies	garbage	pussies are like garbage
explicit_mechanistic	pussies	filth	pussies are like filth
explicit_mechanistic	hoes	objects	hoes are like objects
explicit_mechanistic	hoes	automatons	hoes are like automatons
explicit_mechanistic	hoes	machines	hoes are like machines
explicit_mechanistic	hoes	machinery	hoes are like machinery
explicit_mechanistic	hoes	equipment	hoes are like equipment
explicit_mechanistic	hoes	apparatus	hoes are like apparatus
explicit_mechanistic	hoes	appliances	hoes are like appliances
explicit_mechanistic	hoes	hardware	hoes are like hardware
explicit_mechanistic	hoes	engines	hoes are like engines
explicit_mechanistic	hoes	tools	hoes are like tools
explicit_mechanistic	hoes	devices	hoes are like devices
explicit_mechanistic	hoes	robots	hoes are like robots
explicit_mechanistic	hoes	trash	hoes are like trash
explicit_mechanistic	hoes	garbage	hoes are like garbage
explicit_mechanistic	hoes	filth	hoes are like filth
explicit_mechanistic	bints	objects	bints are like objects
explicit_mechanistic	bints	automatons	bints are like automatons
explicit_mechanistic	bints	machines	bints are like machines
explicit_mechanistic	bints	machinery	bints are like machinery
explicit_mechanistic	bints	equipment	bints are like equipment
explicit_mechanistic	bints	apparatus	bints are like apparatus
explicit_mechanistic	bints	appliances	bints are like appliances
explicit_mechanistic	bints	hardware	bints are like hardware
explicit_mechanistic	bints	engines	bints are like engines
explicit_mechanistic	bints	tools	bints are like tools
explicit_mechanistic	bints	devices	bints are like devices
explicit_mechanistic	bints	robots	bints are like robots
explicit_mechanistic	bints	trash	bints are like trash
explicit_mechanistic	bints	garbage	bints are like garbage
explicit_mechanistic	bints	filth	bints are like filth
explicit_mechanistic	females	objects	females are like objects
explicit_mechanistic	females	automatons	females are like automatons
explicit_mechanistic	females	machines	females are like machines
explicit_mechanistic	females	machinery	females are like machinery
explicit_mechanistic	females	equipment	females are like equipment
explicit_mechanistic	females	apparatus	females are like apparatus
explicit_mechanistic	females	appliances	females are like appliances
explicit_mechanistic	females	hardware	females are like hardware
explicit_mechanistic	females	engines	females are like engines
explicit_mechanistic	females	tools	females are like tools
explicit_mechanistic	females	devices	females are like devices
explicit_mechanistic	females	robots	females are like robots
explicit_mechanistic	females	trash	females are like trash
explicit_mechanistic	females	garbage	females are like garbage
explicit_mechanistic	females	filth	females are like filth
explicit_mechanistic	shemales	objects	shemales are like objects
explicit_mechanistic	shemales	automatons	shemales are like automatons
explicit_mechanistic	shemales	machines	shemales are like machines
explicit_mechanistic	shemales	machinery	shemales are like machinery
explicit_mechanistic	shemales	equipment	shemales are like equipment
explicit_mechanistic	shemales	apparatus	shemales are like apparatus
explicit_mechanistic	shemales	appliances	shemales are like appliances
explicit_mechanistic	shemales	hardware	shemales are like hardware
explicit_mechanistic	shemales	engines	shemales are like engines
explicit_mechanistic	shemales	tools	shemales are like tools
explicit_mechanistic	shemales	devices	shemales are like devices
explicit_mechanistic	shemales	robots	shemales are like robots
explicit_mechanistic	shemales	trash	shemales are like trash
explicit_mechanistic	shemales	garbage	shemales are like garbage
explicit_mechanistic	shemales	filth	shemales are like filth
explicit_mechanistic	transexuals	objects	transexuals are like objects
explicit_mechanistic	transexuals	automatons	transexuals are like automatons
explicit_mechanistic	transexuals	machines	transexuals are like machines
explicit_mechanistic	transexuals	machinery	transexuals are like machinery
explicit_mechanistic	transexuals	equipment	transexuals are like equipment
explicit_mechanistic	transexuals	apparatus	transexuals are like apparatus
explicit_mechanistic	transexuals	appliances	transexuals are like appliances
explicit_mechanistic	transexuals	hardware	transexuals are like hardware
explicit_mechanistic	transexuals	engines	transexuals are like engines
explicit_mechanistic	transexuals	tools	transexuals are like tools
explicit_mechanistic	transexuals	devices	transexuals are like devices
explicit_mechanistic	transexuals	robots	transexuals are like robots
explicit_mechanistic	transexuals	trash	transexuals are like trash
explicit_mechanistic	transexuals	garbage	transexuals are like garbage
explicit_mechanistic	transexuals	filth	transexuals are like filth
explicit_mechanistic	twats	objects	twats are like objects
explicit_mechanistic	twats	automatons	twats are like automatons
explicit_mechanistic	twats	machines	twats are like machines
explicit_mechanistic	twats	machinery	twats are like machinery
explicit_mechanistic	twats	equipment	twats are like equipment
explicit_mechanistic	twats	apparatus	twats are like apparatus
explicit_mechanistic	twats	appliances	twats are like appliances
explicit_mechanistic	twats	hardware	twats are like hardware
explicit_mechanistic	twats	engines	twats are like engines
explicit_mechanistic	twats	tools	twats are like tools
explicit_mechanistic	twats	devices	twats are like devices
explicit_mechanistic	twats	robots	twats are like robots
explicit_mechanistic	twats	trash	twats are like trash
explicit_mechanistic	twats	garbage	twats are like garbage
explicit_mechanistic	twats	filth	twats are like filth
explicit_mechanistic	asexuals	objects	asexuals are like objects
explicit_mechanistic	asexuals	automatons	asexuals are like automatons
explicit_mechanistic	asexuals	machines	asexuals are like machines
explicit_mechanistic	asexuals	machinery	asexuals are like machinery
explicit_mechanistic	asexuals	equipment	asexuals are like equipment
explicit_mechanistic	asexuals	apparatus	asexuals are like apparatus
explicit_mechanistic	asexuals	appliances	asexuals are like appliances
explicit_mechanistic	asexuals	hardware	asexuals are like hardware
explicit_mechanistic	asexuals	engines	asexuals are like engines
explicit_mechanistic	asexuals	tools	asexuals are like tools
explicit_mechanistic	asexuals	devices	asexuals are like devices
explicit_mechanistic	asexuals	robots	asexuals are like robots
explicit_mechanistic	asexuals	trash	asexuals are like trash
explicit_mechanistic	asexuals	garbage	asexuals are like garbage
explicit_mechanistic	asexuals	filth	asexuals are like filth
explicit_mechanistic	faggots	objects	faggots are like objects
explicit_mechanistic	faggots	automatons	faggots are like automatons
explicit_mechanistic	faggots	machines	faggots are like machines
explicit_mechanistic	faggots	machinery	faggots are like machinery
explicit_mechanistic	faggots	equipment	faggots are like equipment
explicit_mechanistic	faggots	apparatus	faggots are like apparatus
explicit_mechanistic	faggots	appliances	faggots are like appliances
explicit_mechanistic	faggots	hardware	faggots are like hardware
explicit_mechanistic	faggots	engines	faggots are like engines
explicit_mechanistic	faggots	tools	faggots are like tools
explicit_mechanistic	faggots	devices	faggots are like devices
explicit_mechanistic	faggots	robots	faggots are like robots
explicit_mechanistic	faggots	trash	faggots are like trash
explicit_mechanistic	faggots	garbage	faggots are like garbage
explicit_mechanistic	faggots	filth	faggots are like filth
explicit_mechanistic	homosexuals	objects	homosexuals are like objects
explicit_mechanistic	homosexuals	automatons	homosexuals are like automatons
explicit_mechanistic	homosexuals	machines	homosexuals are like machines
explicit_mechanistic	homosexuals	machinery	homosexuals are like machinery
explicit_mechanistic	homosexuals	equipment	homosexuals are like equipment
explicit_mechanistic	homosexuals	apparatus	homosexuals are like apparatus
explicit_mechanistic	homosexuals	appliances	homosexuals are like appliances
explicit_mechanistic	homosexuals	hardware	homosexuals are like hardware
explicit_mechanistic	homosexuals	engines	homosexuals are like engines
explicit_mechanistic	homosexuals	tools	homosexuals are like tools
explicit_mechanistic	homosexuals	devices	homosexuals are like devices
explicit_mechanistic	homosexuals	robots	homosexuals are like robots
explicit_mechanistic	homosexuals	trash	homosexuals are like trash
explicit_mechanistic	homosexuals	garbage	homosexuals are like garbage
explicit_mechanistic	homosexuals	filth	homosexuals are like filth
explicit_mechanistic	americans	objects	americans are like objects
explicit_mechanistic	americans	automatons	americans are like automatons
explicit_mechanistic	americans	machines	americans are like machines
explicit_mechanistic	americans	machinery	americans are like machinery
explicit_mechanistic	americans	equipment	americans are like equipment
explicit_mechanistic	americans	apparatus	americans are like apparatus
explicit_mechanistic	americans	appliances	americans are like appliances
explicit_mechanistic	americans	hardware	americans are like hardware
explicit_mechanistic	americans	engines	americans are like engines
explicit_mechanistic	americans	tools	americans are like tools
explicit_mechanistic	americans	devices	americans are like devices
explicit_mechanistic	americans	robots	americans are like robots
explicit_mechanistic	americans	trash	americans are like trash
explicit_mechanistic	americans	garbage	americans are like garbage
explicit_mechanistic	americans	filth	americans are like filth
explicit_mechanistic	asians	objects	asians are like objects
explicit_mechanistic	asians	automatons	asians are like automatons
explicit_mechanistic	asians	machines	asians are like machines
explicit_mechanistic	asians	machinery	asians are like machinery
explicit_mechanistic	asians	equipment	asians are like equipment
explicit_mechanistic	asians	apparatus	asians are like apparatus
explicit_mechanistic	asians	appliances	asians are like appliances
explicit_mechanistic	asians	hardware	asians are like hardware
explicit_mechanistic	asians	engines	asians are like engines
explicit_mechanistic	asians	tools	asians are like tools
explicit_mechanistic	asians	devices	asians are like devices
explicit_mechanistic	asians	robots	asians are like robots
explicit_mechanistic	asians	trash	asians are like trash
explicit_mechanistic	asians	garbage	asians are like garbage
explicit_mechanistic	asians	filth	asians are like filth
explicit_mechanistic	turks	objects	turks are like objects
explicit_mechanistic	turks	automatons	turks are like automatons
explicit_mechanistic	turks	machines	turks are like machines
explicit_mechanistic	turks	machinery	turks are like machinery
explicit_mechanistic	turks	equipment	turks are like equipment
explicit_mechanistic	turks	apparatus	turks are like apparatus
explicit_mechanistic	turks	appliances	turks are like appliances
explicit_mechanistic	turks	hardware	turks are like hardware
explicit_mechanistic	turks	engines	turks are like engines
explicit_mechanistic	turks	tools	turks are like tools
explicit_mechanistic	turks	devices	turks are like devices
explicit_mechanistic	turks	robots	turks are like robots
explicit_mechanistic	turks	trash	turks are like trash
explicit_mechanistic	turks	garbage	turks are like garbage
explicit_mechanistic	turks	filth	turks are like filth
explicit_mechanistic	arabs	objects	arabs are like objects
explicit_mechanistic	arabs	automatons	arabs are like automatons
explicit_mechanistic	arabs	machines	arabs are like machines
explicit_mechanistic	arabs	machinery	arabs are like machinery
explicit_mechanistic	arabs	equipment	arabs are like equipment
explicit_mechanistic	arabs	apparatus	arabs are like apparatus
explicit_mechanistic	arabs	appliances	arabs are like appliances
explicit_mechanistic	arabs	hardware	arabs are like hardware
explicit_mechanistic	arabs	engines	arabs are like engines
explicit_mechanistic	arabs	tools	arabs are like tools
explicit_mechanistic	arabs	devices	arabs are like devices
explicit_mechanistic	arabs	robots	arabs are like robots
explicit_mechanistic	arabs	trash	arabs are like trash
explicit_mechanistic	arabs	garbage	arabs are like garbage
explicit_mechanistic	arabs	filth	arabs are like filth
explicit_mechanistic	chinese	objects	chinese are like objects
explicit_mechanistic	chinese	automatons	chinese are like automatons
explicit_mechanistic	chinese	machines	chinese are like machines
explicit_mechanistic	chinese	machinery	chinese are like machinery
explicit_mechanistic	chinese	equipment	chinese are like equipment
explicit_mechanistic	chinese	apparatus	chinese are like apparatus
explicit_mechanistic	chinese	appliances	chinese are like appliances
explicit_mechanistic	chinese	hardware	chinese are like hardware
explicit_mechanistic	chinese	engines	chinese are like engines
explicit_mechanistic	chinese	tools	chinese are like tools
explicit_mechanistic	chinese	devices	chinese are like devices
explicit_mechanistic	chinese	robots	chinese are like robots
explicit_mechanistic	chinese	trash	chinese are like trash
explicit_mechanistic	chinese	garbage	chinese are like garbage
explicit_mechanistic	chinese	filth	chinese are like filth
explicit_mechanistic	mexicans	objects	mexicans are like objects
explicit_mechanistic	mexicans	automatons	mexicans are like automatons
explicit_mechanistic	mexicans	machines	mexicans are like machines
explicit_mechanistic	mexicans	machinery	mexicans are like machinery
explicit_mechanistic	mexicans	equipment	mexicans are like equipment
explicit_mechanistic	mexicans	apparatus	mexicans are like apparatus
explicit_mechanistic	mexicans	appliances	mexicans are like appliances
explicit_mechanistic	mexicans	hardware	mexicans are like hardware
explicit_mechanistic	mexicans	engines	mexicans are like engines
explicit_mechanistic	mexicans	tools	mexicans are like tools
explicit_mechanistic	mexicans	devices	mexicans are like devices
explicit_mechanistic	mexicans	robots	mexicans are like robots
explicit_mechanistic	mexicans	trash	mexicans are like trash
explicit_mechanistic	mexicans	garbage	mexicans are like garbage
explicit_mechanistic	mexicans	filth	mexicans are like filth
explicit_mechanistic	africans	objects	africans are like objects
explicit_mechanistic	africans	automatons	africans are like automatons
explicit_mechanistic	africans	machines	africans are like machines
explicit_mechanistic	africans	machinery	africans are like machinery
explicit_mechanistic	africans	equipment	africans are like equipment
explicit_mechanistic	africans	apparatus	africans are like apparatus
explicit_mechanistic	africans	appliances	africans are like appliances
explicit_mechanistic	africans	hardware	africans are like hardware
explicit_mechanistic	africans	engines	africans are like engines
explicit_mechanistic	africans	tools	africans are like tools
explicit_mechanistic	africans	devices	africans are like devices
explicit_mechanistic	africans	robots	africans are like robots
explicit_mechanistic	africans	trash	africans are like trash
explicit_mechanistic	africans	garbage	africans are like garbage
explicit_mechanistic	africans	filth	africans are like filth
explicit_mechanistic	indians	objects	indians are like objects
explicit_mechanistic	indians	automatons	indians are like automatons
explicit_mechanistic	indians	machines	indians are like machines
explicit_mechanistic	indians	machinery	indians are like machinery
explicit_mechanistic	indians	equipment	indians are like equipment
explicit_mechanistic	indians	apparatus	indians are like apparatus
explicit_mechanistic	indians	appliances	indians are like appliances
explicit_mechanistic	indians	hardware	indians are like hardware
explicit_mechanistic	indians	engines	indians are like engines
explicit_mechanistic	indians	tools	indians are like tools
explicit_mechanistic	indians	devices	indians are like devices
explicit_mechanistic	indians	robots	indians are like robots
explicit_mechanistic	indians	trash	indians are like trash
explicit_mechanistic	indians	garbage	indians are like garbage
explicit_mechanistic	indians	filth	indians are like filth
explicit_mechanistic	amerindians	objects	amerindians are like objects
explicit_mechanistic	amerindians	automatons	amerindians are like automatons
explicit_mechanistic	amerindians	machines	amerindians are like machines
explicit_mechanistic	amerindians	machinery	amerindians are like machinery
explicit_mechanistic	amerindians	equipment	amerindians are like equipment
explicit_mechanistic	amerindians	apparatus	amerindians are like apparatus
explicit_mechanistic	amerindians	appliances	amerindians are like appliances
explicit_mechanistic	amerindians	hardware	amerindians are like hardware
explicit_mechanistic	amerindians	engines	amerindians are like engines
explicit_mechanistic	amerindians	tools	amerindians are like tools
explicit_mechanistic	amerindians	devices	amerindians are like devices
explicit_mechanistic	amerindians	robots	amerindians are like robots
explicit_mechanistic	amerindians	trash	amerindians are like trash
explicit_mechanistic	amerindians	garbage	amerindians are like garbage
explicit_mechanistic	amerindians	filth	amerindians are like filth
explicit_mechanistic	italians	objects	italians are like objects
explicit_mechanistic	italians	automatons	italians are like automatons
explicit_mechanistic	italians	machines	italians are like machines
explicit_mechanistic	italians	machinery	italians are like machinery
explicit_mechanistic	italians	equipment	italians are like equipment
explicit_mechanistic	italians	apparatus	italians are like apparatus
explicit_mechanistic	italians	appliances	italians are like appliances
explicit_mechanistic	italians	hardware	italians are like hardware
explicit_mechanistic	italians	engines	italians are like engines
explicit_mechanistic	italians	tools	italians are like tools
explicit_mechanistic	italians	devices	italians are like devices
explicit_mechanistic	italians	robots	italians are like robots
explicit_mechanistic	italians	trash	italians are like trash
explicit_mechanistic	italians	garbage	italians are like garbage
explicit_mechanistic	italians	filth	italians are like filth
explicit_mechanistic	spanish	objects	spanish are like objects
explicit_mechanistic	spanish	automatons	spanish are like automatons
explicit_mechanistic	spanish	machines	spanish are like machines
explicit_mechanistic	spanish	machinery	spanish are like machinery
explicit_mechanistic	spanish	equipment	spanish are like equipment
explicit_mechanistic	spanish	apparatus	spanish are like apparatus
explicit_mechanistic	spanish	appliances	spanish are like appliances
explicit_mechanistic	spanish	hardware	spanish are like hardware
explicit_mechanistic	spanish	engines	spanish are like engines
explicit_mechanistic	spanish	tools	spanish are like tools
explicit_mechanistic	spanish	devices	spanish are like devices
explicit_mechanistic	spanish	robots	spanish are like robots
explicit_mechanistic	spanish	trash	spanish are like trash
explicit_mechanistic	spanish	garbage	spanish are like garbage
explicit_mechanistic	spanish	filth	spanish are like filth
explicit_mechanistic	russians	objects	russians are like objects
explicit_mechanistic	russians	automatons	russians are like automatons
explicit_mechanistic	russians	machines	russians are like machines
explicit_mechanistic	russians	machinery	russians are like machinery
explicit_mechanistic	russians	equipment	russians are like equipment
explicit_mechanistic	russians	apparatus	russians are like apparatus
explicit_mechanistic	russians	appliances	russians are like appliances
explicit_mechanistic	russians	hardware	russians are like hardware
explicit_mechanistic	russians	engines	russians are like engines
explicit_mechanistic	russians	tools	russians are like tools
explicit_mechanistic	russians	devices	russians are like devices
explicit_mechanistic	russians	robots	russians are like robots
explicit_mechanistic	russians	trash	russians are like trash
explicit_mechanistic	russians	garbage	russians are like garbage
explicit_mechanistic	russians	filth	russians are like filth
explicit_mechanistic	scots	objects	scots are like objects
explicit_mechanistic	scots	automatons	scots are like automatons
explicit_mechanistic	scots	machines	scots are like machines
explicit_mechanistic	scots	machinery	scots are like machinery
explicit_mechanistic	scots	equipment	scots are like equipment
explicit_mechanistic	scots	apparatus	scots are like apparatus
explicit_mechanistic	scots	appliances	scots are like appliances
explicit_mechanistic	scots	hardware	scots are like hardware
explicit_mechanistic	scots	engines	scots are like engines
explicit_mechanistic	scots	tools	scots are like tools
explicit_mechanistic	scots	devices	scots are like devices
explicit_mechanistic	scots	robots	scots are like robots
explicit_mechanistic	scots	trash	scots are like trash
explicit_mechanistic	scots	garbage	scots are like garbage
explicit_mechanistic	scots	filth	scots are like filth
explicit_mechanistic	french	objects	french are like objects
explicit_mechanistic	french	automatons	french are like automatons
explicit_mechanistic	french	machines	french are like machines
explicit_mechanistic	french	machinery	french are like machinery
explicit_mechanistic	french	equipment	french are like equipment
explicit_mechanistic	french	apparatus	french are like apparatus
explicit_mechanistic	french	appliances	french are like appliances
explicit_mechanistic	french	hardware	french are like hardware
explicit_mechanistic	french	engines	french are like engines
explicit_mechanistic	french	tools	french are like tools
explicit_mechanistic	french	devices	french are like devices
explicit_mechanistic	french	robots	french are like robots
explicit_mechanistic	french	trash	french are like trash
explicit_mechanistic	french	garbage	french are like garbage
explicit_mechanistic	french	filth	french are like filth
explicit_mechanistic	syrians	objects	syrians are like objects
explicit_mechanistic	syrians	automatons	syrians are like automatons
explicit_mechanistic	syrians	machines	syrians are like machines
explicit_mechanistic	syrians	machinery	syrians are like machinery
explicit_mechanistic	syrians	equipment	syrians are like equipment
explicit_mechanistic	syrians	apparatus	syrians are like apparatus
explicit_mechanistic	syrians	appliances	syrians are like appliances
explicit_mechanistic	syrians	hardware	syrians are like hardware
explicit_mechanistic	syrians	engines	syrians are like engines
explicit_mechanistic	syrians	tools	syrians are like tools
explicit_mechanistic	syrians	devices	syrians are like devices
explicit_mechanistic	syrians	robots	syrians are like robots
explicit_mechanistic	syrians	trash	syrians are like trash
explicit_mechanistic	syrians	garbage	syrians are like garbage
explicit_mechanistic	syrians	filth	syrians are like filth
explicit_mechanistic	dutch	objects	dutch are like objects
explicit_mechanistic	dutch	automatons	dutch are like automatons
explicit_mechanistic	dutch	machines	dutch are like machines
explicit_mechanistic	dutch	machinery	dutch are like machinery
explicit_mechanistic	dutch	equipment	dutch are like equipment
explicit_mechanistic	dutch	apparatus	dutch are like apparatus
explicit_mechanistic	dutch	appliances	dutch are like appliances
explicit_mechanistic	dutch	hardware	dutch are like hardware
explicit_mechanistic	dutch	engines	dutch are like engines
explicit_mechanistic	dutch	tools	dutch are like tools
explicit_mechanistic	dutch	devices	dutch are like devices
explicit_mechanistic	dutch	robots	dutch are like robots
explicit_mechanistic	dutch	trash	dutch are like trash
explicit_mechanistic	dutch	garbage	dutch are like garbage
explicit_mechanistic	dutch	filth	dutch are like filth
explicit_mechanistic	ukrainians	objects	ukrainians are like objects
explicit_mechanistic	ukrainians	automatons	ukrainians are like automatons
explicit_mechanistic	ukrainians	machines	ukrainians are like machines
explicit_mechanistic	ukrainians	machinery	ukrainians are like machinery
explicit_mechanistic	ukrainians	equipment	ukrainians are like equipment
explicit_mechanistic	ukrainians	apparatus	ukrainians are like apparatus
explicit_mechanistic	ukrainians	appliances	ukrainians are like appliances
explicit_mechanistic	ukrainians	hardware	ukrainians are like hardware
explicit_mechanistic	ukrainians	engines	ukrainians are like engines
explicit_mechanistic	ukrainians	tools	ukrainians are like tools
explicit_mechanistic	ukrainians	devices	ukrainians are like devices
explicit_mechanistic	ukrainians	robots	ukrainians are like robots
explicit_mechanistic	ukrainians	trash	ukrainians are like trash
explicit_mechanistic	ukrainians	garbage	ukrainians are like garbage
explicit_mechanistic	ukrainians	filth	ukrainians are like filth
explicit_mechanistic	republicans	objects	republicans are like objects
explicit_mechanistic	republicans	automatons	republicans are like automatons
explicit_mechanistic	republicans	machines	republicans are like machines
explicit_mechanistic	republicans	machinery	republicans are like machinery
explicit_mechanistic	republicans	equipment	republicans are like equipment
explicit_mechanistic	republicans	apparatus	republicans are like apparatus
explicit_mechanistic	republicans	appliances	republicans are like appliances
explicit_mechanistic	republicans	hardware	republicans are like hardware
explicit_mechanistic	republicans	engines	republicans are like engines
explicit_mechanistic	republicans	tools	republicans are like tools
explicit_mechanistic	republicans	devices	republicans are like devices
explicit_mechanistic	republicans	robots	republicans are like robots
explicit_mechanistic	republicans	trash	republicans are like trash
explicit_mechanistic	republicans	garbage	republicans are like garbage
explicit_mechanistic	republicans	filth	republicans are like filth
explicit_mechanistic	democrats	objects	democrats are like objects
explicit_mechanistic	democrats	automatons	democrats are like automatons
explicit_mechanistic	democrats	machines	democrats are like machines
explicit_mechanistic	democrats	machinery	democrats are like machinery
explicit_mechanistic	democrats	equipment	democrats are like equipment
explicit_mechanistic	democrats	apparatus	democrats are like apparatus
explicit_mechanistic	democrats	appliances	democrats are like appliances
explicit_mechanistic	democrats	hardware	democrats are like hardware
explicit_mechanistic	democrats	engines	democrats are like engines
explicit_mechanistic	democrats	tools	democrats are like tools
explicit_mechanistic	democrats	devices	democrats are like devices
explicit_mechanistic	democrats	robots	democrats are like robots
explicit_mechanistic	democrats	trash	democrats are like trash
explicit_mechanistic	democrats	garbage	democrats are like garbage
explicit_mechanistic	democrats	filth	democrats are like filth
explicit_mechanistic	dems	objects	dems are like objects
explicit_mechanistic	dems	automatons	dems are like automatons
explicit_mechanistic	dems	machines	dems are like machines
explicit_mechanistic	dems	machinery	dems are like machinery
explicit_mechanistic	dems	equipment	dems are like equipment
explicit_mechanistic	dems	apparatus	dems are like apparatus
explicit_mechanistic	dems	appliances	dems are like appliances
explicit_mechanistic	dems	hardware	dems are like hardware
explicit_mechanistic	dems	engines	dems are like engines
explicit_mechanistic	dems	tools	dems are like tools
explicit_mechanistic	dems	devices	dems are like devices
explicit_mechanistic	dems	robots	dems are like robots
explicit_mechanistic	dems	trash	dems are like trash
explicit_mechanistic	dems	garbage	dems are like garbage
explicit_mechanistic	dems	filth	dems are like filth
explicit_mechanistic	reps	objects	reps are like objects
explicit_mechanistic	reps	automatons	reps are like automatons
explicit_mechanistic	reps	machines	reps are like machines
explicit_mechanistic	reps	machinery	reps are like machinery
explicit_mechanistic	reps	equipment	reps are like equipment
explicit_mechanistic	reps	apparatus	reps are like apparatus
explicit_mechanistic	reps	appliances	reps are like appliances
explicit_mechanistic	reps	hardware	reps are like hardware
explicit_mechanistic	reps	engines	reps are like engines
explicit_mechanistic	reps	tools	reps are like tools
explicit_mechanistic	reps	devices	reps are like devices
explicit_mechanistic	reps	robots	reps are like robots
explicit_mechanistic	reps	trash	reps are like trash
explicit_mechanistic	reps	garbage	reps are like garbage
explicit_mechanistic	reps	filth	reps are like filth
explicit_mechanistic	cripples	objects	cripples are like objects
explicit_mechanistic	cripples	automatons	cripples are like automatons
explicit_mechanistic	cripples	machines	cripples are like machines
explicit_mechanistic	cripples	machinery	cripples are like machinery
explicit_mechanistic	cripples	equipment	cripples are like equipment
explicit_mechanistic	cripples	apparatus	cripples are like apparatus
explicit_mechanistic	cripples	appliances	cripples are like appliances
explicit_mechanistic	cripples	hardware	cripples are like hardware
explicit_mechanistic	cripples	engines	cripples are like engines
explicit_mechanistic	cripples	tools	cripples are like tools
explicit_mechanistic	cripples	devices	cripples are like devices
explicit_mechanistic	cripples	robots	cripples are like robots
explicit_mechanistic	cripples	trash	cripples are like trash
explicit_mechanistic	cripples	garbage	cripples are like garbage
explicit_mechanistic	cripples	filth	cripples are like filth
explicit_mechanistic	gimps	objects	gimps are like objects
explicit_mechanistic	gimps	automatons	gimps are like automatons
explicit_mechanistic	gimps	machines	gimps are like machines
explicit_mechanistic	gimps	machinery	gimps are like machinery
explicit_mechanistic	gimps	equipment	gimps are like equipment
explicit_mechanistic	gimps	apparatus	gimps are like apparatus
explicit_mechanistic	gimps	appliances	gimps are like appliances
explicit_mechanistic	gimps	hardware	gimps are like hardware
explicit_mechanistic	gimps	engines	gimps are like engines
explicit_mechanistic	gimps	tools	gimps are like tools
explicit_mechanistic	gimps	devices	gimps are like devices
explicit_mechanistic	gimps	robots	gimps are like robots
explicit_mechanistic	gimps	trash	gimps are like trash
explicit_mechanistic	gimps	garbage	gimps are like garbage
explicit_mechanistic	gimps	filth	gimps are like filth
explicit_mechanistic	libtards	objects	libtards are like objects
explicit_mechanistic	libtards	automatons	libtards are like automatons
explicit_mechanistic	libtards	machines	libtards are like machines
explicit_mechanistic	libtards	machinery	libtards are like machinery
explicit_mechanistic	libtards	equipment	libtards are like equipment
explicit_mechanistic	libtards	apparatus	libtards are like apparatus
explicit_mechanistic	libtards	appliances	libtards are like appliances
explicit_mechanistic	libtards	hardware	libtards are like hardware
explicit_mechanistic	libtards	engines	libtards are like engines
explicit_mechanistic	libtards	tools	libtards are like tools
explicit_mechanistic	libtards	devices	libtards are like devices
explicit_mechanistic	libtards	robots	libtards are like robots
explicit_mechanistic	libtards	trash	libtards are like trash
explicit_mechanistic	libtards	garbage	libtards are like garbage
explicit_mechanistic	libtards	filth	libtards are like filth
explicit_mechanistic	mongos	objects	mongos are like objects
explicit_mechanistic	mongos	automatons	mongos are like automatons
explicit_mechanistic	mongos	machines	mongos are like machines
explicit_mechanistic	mongos	machinery	mongos are like machinery
explicit_mechanistic	mongos	equipment	mongos are like equipment
explicit_mechanistic	mongos	apparatus	mongos are like apparatus
explicit_mechanistic	mongos	appliances	mongos are like appliances
explicit_mechanistic	mongos	hardware	mongos are like hardware
explicit_mechanistic	mongos	engines	mongos are like engines
explicit_mechanistic	mongos	tools	mongos are like tools
explicit_mechanistic	mongos	devices	mongos are like devices
explicit_mechanistic	mongos	robots	mongos are like robots
explicit_mechanistic	mongos	trash	mongos are like trash
explicit_mechanistic	mongos	garbage	mongos are like garbage
explicit_mechanistic	mongos	filth	mongos are like filth
explicit_mechanistic	retards	objects	retards are like objects
explicit_mechanistic	retards	automatons	retards are like automatons
explicit_mechanistic	retards	machines	retards are like machines
explicit_mechanistic	retards	machinery	retards are like machinery
explicit_mechanistic	retards	equipment	retards are like equipment
explicit_mechanistic	retards	apparatus	retards are like apparatus
explicit_mechanistic	retards	appliances	retards are like appliances
explicit_mechanistic	retards	hardware	retards are like hardware
explicit_mechanistic	retards	engines	retards are like engines
explicit_mechanistic	retards	tools	retards are like tools
explicit_mechanistic	retards	devices	retards are like devices
explicit_mechanistic	retards	robots	retards are like robots
explicit_mechanistic	retards	trash	retards are like trash
explicit_mechanistic	retards	garbage	retards are like garbage
explicit_mechanistic	retards	filth	retards are like filth
explicit_mechanistic	tarded	objects	tarded are like objects
explicit_mechanistic	tarded	automatons	tarded are like automatons
explicit_mechanistic	tarded	machines	tarded are like machines
explicit_mechanistic	tarded	machinery	tarded are like machinery
explicit_mechanistic	tarded	equipment	tarded are like equipment
explicit_mechanistic	tarded	apparatus	tarded are like apparatus
explicit_mechanistic	tarded	appliances	tarded are like appliances
explicit_mechanistic	tarded	hardware	tarded are like hardware
explicit_mechanistic	tarded	engines	tarded are like engines
explicit_mechanistic	tarded	tools	tarded are like tools
explicit_mechanistic	tarded	devices	tarded are like devices
explicit_mechanistic	tarded	robots	tarded are like robots
explicit_mechanistic	tarded	trash	tarded are like trash
explicit_mechanistic	tarded	garbage	tarded are like garbage
explicit_mechanistic	tarded	filth	tarded are like filth
explicit_mechanistic	tards	objects	tards are like objects
explicit_mechanistic	tards	automatons	tards are like automatons
explicit_mechanistic	tards	machines	tards are like machines
explicit_mechanistic	tards	machinery	tards are like machinery
explicit_mechanistic	tards	equipment	tards are like equipment
explicit_mechanistic	tards	apparatus	tards are like apparatus
explicit_mechanistic	tards	appliances	tards are like appliances
explicit_mechanistic	tards	hardware	tards are like hardware
explicit_mechanistic	tards	engines	tards are like engines
explicit_mechanistic	tards	tools	tards are like tools
explicit_mechanistic	tards	devices	tards are like devices
explicit_mechanistic	tards	robots	tards are like robots
explicit_mechanistic	tards	trash	tards are like trash
explicit_mechanistic	tards	garbage	tards are like garbage
explicit_mechanistic	tards	filth	tards are like filth
explicit_mechanistic	elderlies	objects	elderlies are like objects
explicit_mechanistic	elderlies	automatons	elderlies are like automatons
explicit_mechanistic	elderlies	machines	elderlies are like machines
explicit_mechanistic	elderlies	machinery	elderlies are like machinery
explicit_mechanistic	elderlies	equipment	elderlies are like equipment
explicit_mechanistic	elderlies	apparatus	elderlies are like apparatus
explicit_mechanistic	elderlies	appliances	elderlies are like appliances
explicit_mechanistic	elderlies	hardware	elderlies are like hardware
explicit_mechanistic	elderlies	engines	elderlies are like engines
explicit_mechanistic	elderlies	tools	elderlies are like tools
explicit_mechanistic	elderlies	devices	elderlies are like devices
explicit_mechanistic	elderlies	robots	elderlies are like robots
explicit_mechanistic	elderlies	trash	elderlies are like trash
explicit_mechanistic	elderlies	garbage	elderlies are like garbage
explicit_mechanistic	elderlies	filth	elderlies are like filth
explicit_mechanistic	oldppl	objects	oldppl are like objects
explicit_mechanistic	oldppl	automatons	oldppl are like automatons
explicit_mechanistic	oldppl	machines	oldppl are like machines
explicit_mechanistic	oldppl	machinery	oldppl are like machinery
explicit_mechanistic	oldppl	equipment	oldppl are like equipment
explicit_mechanistic	oldppl	apparatus	oldppl are like apparatus
explicit_mechanistic	oldppl	appliances	oldppl are like appliances
explicit_mechanistic	oldppl	hardware	oldppl are like hardware
explicit_mechanistic	oldppl	engines	oldppl are like engines
explicit_mechanistic	oldppl	tools	oldppl are like tools
explicit_mechanistic	oldppl	devices	oldppl are like devices
explicit_mechanistic	oldppl	robots	oldppl are like robots
explicit_mechanistic	oldppl	trash	oldppl are like trash
explicit_mechanistic	oldppl	garbage	oldppl are like garbage
explicit_mechanistic	oldppl	filth	oldppl are like filth
explicit_mechanistic	oldwomen	objects	oldwomen are like objects
explicit_mechanistic	oldwomen	automatons	oldwomen are like automatons
explicit_mechanistic	oldwomen	machines	oldwomen are like machines
explicit_mechanistic	oldwomen	machinery	oldwomen are like machinery
explicit_mechanistic	oldwomen	equipment	oldwomen are like equipment
explicit_mechanistic	oldwomen	apparatus	oldwomen are like apparatus
explicit_mechanistic	oldwomen	appliances	oldwomen are like appliances
explicit_mechanistic	oldwomen	hardware	oldwomen are like hardware
explicit_mechanistic	oldwomen	engines	oldwomen are like engines
explicit_mechanistic	oldwomen	tools	oldwomen are like tools
explicit_mechanistic	oldwomen	devices	oldwomen are like devices
explicit_mechanistic	oldwomen	robots	oldwomen are like robots
explicit_mechanistic	oldwomen	trash	oldwomen are like trash
explicit_mechanistic	oldwomen	garbage	oldwomen are like garbage
explicit_mechanistic	oldwomen	filth	oldwomen are like filth
explicit_mechanistic	old persons	objects	old persons are like objects
explicit_mechanistic	old persons	automatons	old persons are like automatons
explicit_mechanistic	old persons	machines	old persons are like machines
explicit_mechanistic	old persons	machinery	old persons are like machinery
explicit_mechanistic	old persons	equipment	old persons are like equipment
explicit_mechanistic	old persons	apparatus	old persons are like apparatus
explicit_mechanistic	old persons	appliances	old persons are like appliances
explicit_mechanistic	old persons	hardware	old persons are like hardware
explicit_mechanistic	old persons	engines	old persons are like engines
explicit_mechanistic	old persons	tools	old persons are like tools
explicit_mechanistic	old persons	devices	old persons are like devices
explicit_mechanistic	old persons	robots	old persons are like robots
explicit_mechanistic	old persons	trash	old persons are like trash
explicit_mechanistic	old persons	garbage	old persons are like garbage
explicit_mechanistic	old persons	filth	old persons are like filth
explicit_mechanistic	patients	objects	patients are like objects
explicit_mechanistic	patients	automatons	patients are like automatons
explicit_mechanistic	patients	machines	patients are like machines
explicit_mechanistic	patients	machinery	patients are like machinery
explicit_mechanistic	patients	equipment	patients are like equipment
explicit_mechanistic	patients	apparatus	patients are like apparatus
explicit_mechanistic	patients	appliances	patients are like appliances
explicit_mechanistic	patients	hardware	patients are like hardware
explicit_mechanistic	patients	engines	patients are like engines
explicit_mechanistic	patients	tools	patients are like tools
explicit_mechanistic	patients	devices	patients are like devices
explicit_mechanistic	patients	robots	patients are like robots
explicit_mechanistic	patients	trash	patients are like trash
explicit_mechanistic	patients	garbage	patients are like garbage
explicit_mechanistic	patients	filth	patients are like filth
explicit_mechanistic	criminals	objects	criminals are like objects
explicit_mechanistic	criminals	automatons	criminals are like automatons
explicit_mechanistic	criminals	machines	criminals are like machines
explicit_mechanistic	criminals	machinery	criminals are like machinery
explicit_mechanistic	criminals	equipment	criminals are like equipment
explicit_mechanistic	criminals	apparatus	criminals are like apparatus
explicit_mechanistic	criminals	appliances	criminals are like appliances
explicit_mechanistic	criminals	hardware	criminals are like hardware
explicit_mechanistic	criminals	engines	criminals are like engines
explicit_mechanistic	criminals	tools	criminals are like tools
explicit_mechanistic	criminals	devices	criminals are like devices
explicit_mechanistic	criminals	robots	criminals are like robots
explicit_mechanistic	criminals	trash	criminals are like trash
explicit_mechanistic	criminals	garbage	criminals are like garbage
explicit_mechanistic	criminals	filth	criminals are like filth
explicit_mechanistic	inmates	objects	inmates are like objects
explicit_mechanistic	inmates	automatons	inmates are like automatons
explicit_mechanistic	inmates	machines	inmates are like machines
explicit_mechanistic	inmates	machinery	inmates are like machinery
explicit_mechanistic	inmates	equipment	inmates are like equipment
explicit_mechanistic	inmates	apparatus	inmates are like apparatus
explicit_mechanistic	inmates	appliances	inmates are like appliances
explicit_mechanistic	inmates	hardware	inmates are like hardware
explicit_mechanistic	inmates	engines	inmates are like engines
explicit_mechanistic	inmates	tools	inmates are like tools
explicit_mechanistic	inmates	devices	inmates are like devices
explicit_mechanistic	inmates	robots	inmates are like robots
explicit_mechanistic	inmates	trash	inmates are like trash
explicit_mechanistic	inmates	garbage	inmates are like garbage
explicit_mechanistic	inmates	filth	inmates are like filth
explicit_mechanistic	prisoners	objects	prisoners are like objects
explicit_mechanistic	prisoners	automatons	prisoners are like automatons
explicit_mechanistic	prisoners	machines	prisoners are like machines
explicit_mechanistic	prisoners	machinery	prisoners are like machinery
explicit_mechanistic	prisoners	equipment	prisoners are like equipment
explicit_mechanistic	prisoners	apparatus	prisoners are like apparatus
explicit_mechanistic	prisoners	appliances	prisoners are like appliances
explicit_mechanistic	prisoners	hardware	prisoners are like hardware
explicit_mechanistic	prisoners	engines	prisoners are like engines
explicit_mechanistic	prisoners	tools	prisoners are like tools
explicit_mechanistic	prisoners	devices	prisoners are like devices
explicit_mechanistic	prisoners	robots	prisoners are like robots
explicit_mechanistic	prisoners	trash	prisoners are like trash
explicit_mechanistic	prisoners	garbage	prisoners are like garbage
explicit_mechanistic	prisoners	filth	prisoners are like filth
explicit_mechanistic	you	objects	you are like objects
explicit_mechanistic	you	automatons	you are like automatons
explicit_mechanistic	you	machines	you are like machines
explicit_mechanistic	you	machinery	you are like machinery
explicit_mechanistic	you	equipment	you are like equipment
explicit_mechanistic	you	apparatus	you are like apparatus
explicit_mechanistic	you	appliances	you are like appliances
explicit_mechanistic	you	hardware	you are like hardware
explicit_mechanistic	you	engines	you are like engines
explicit_mechanistic	you	tools	you are like tools
explicit_mechanistic	you	devices	you are like devices
explicit_mechanistic	you	robots	you are like robots
explicit_mechanistic	you	trash	you are like trash
explicit_mechanistic	you	garbage	you are like garbage
explicit_mechanistic	you	filth	you are like filth
explicit_mechanistic	ukrainians	objects	ukrainians are like objects
explicit_mechanistic	ukrainians	automatons	ukrainians are like automatons
explicit_mechanistic	ukrainians	machines	ukrainians are like machines
explicit_mechanistic	ukrainians	machinery	ukrainians are like machinery
explicit_mechanistic	ukrainians	equipment	ukrainians are like equipment
explicit_mechanistic	ukrainians	apparatus	ukrainians are like apparatus
explicit_mechanistic	ukrainians	appliances	ukrainians are like appliances
explicit_mechanistic	ukrainians	hardware	ukrainians are like hardware
explicit_mechanistic	ukrainians	engines	ukrainians are like engines
explicit_mechanistic	ukrainians	tools	ukrainians are like tools
explicit_mechanistic	ukrainians	devices	ukrainians are like devices
explicit_mechanistic	ukrainians	robots	ukrainians are like robots
explicit_mechanistic	ukrainians	trash	ukrainians are like trash
explicit_mechanistic	ukrainians	garbage	ukrainians are like garbage
explicit_mechanistic	ukrainians	filth	ukrainians are like filth
explicit_mechanistic	israelis	objects	israelis are like objects
explicit_mechanistic	israelis	automatons	israelis are like automatons
explicit_mechanistic	israelis	machines	israelis are like machines
explicit_mechanistic	israelis	machinery	israelis are like machinery
explicit_mechanistic	israelis	equipment	israelis are like equipment
explicit_mechanistic	israelis	apparatus	israelis are like apparatus
explicit_mechanistic	israelis	appliances	israelis are like appliances
explicit_mechanistic	israelis	hardware	israelis are like hardware
explicit_mechanistic	israelis	engines	israelis are like engines
explicit_mechanistic	israelis	tools	israelis are like tools
explicit_mechanistic	israelis	devices	israelis are like devices
explicit_mechanistic	israelis	robots	israelis are like robots
explicit_mechanistic	israelis	trash	israelis are like trash
explicit_mechanistic	israelis	garbage	israelis are like garbage
explicit_mechanistic	israelis	filth	israelis are like filth
explicit_mechanistic	palestinians	objects	palestinians are like objects
explicit_mechanistic	palestinians	automatons	palestinians are like automatons
explicit_mechanistic	palestinians	machines	palestinians are like machines
explicit_mechanistic	palestinians	machinery	palestinians are like machinery
explicit_mechanistic	palestinians	equipment	palestinians are like equipment
explicit_mechanistic	palestinians	apparatus	palestinians are like apparatus
explicit_mechanistic	palestinians	appliances	palestinians are like appliances
explicit_mechanistic	palestinians	hardware	palestinians are like hardware
explicit_mechanistic	palestinians	engines	palestinians are like engines
explicit_mechanistic	palestinians	tools	palestinians are like tools
explicit_mechanistic	palestinians	devices	palestinians are like devices
explicit_mechanistic	palestinians	robots	palestinians are like robots
explicit_mechanistic	palestinians	trash	palestinians are like trash
explicit_mechanistic	palestinians	garbage	palestinians are like garbage
explicit_mechanistic	palestinians	filth	palestinians are like filth
explicit_mechanistic	they	objects	they are like objects
explicit_mechanistic	they	automatons	they are like automatons
explicit_mechanistic	they	machines	they are like machines
explicit_mechanistic	they	machinery	they are like machinery
explicit_mechanistic	they	equipment	they are like equipment
explicit_mechanistic	they	apparatus	they are like apparatus
explicit_mechanistic	they	appliances	they are like appliances
explicit_mechanistic	they	hardware	they are like hardware
explicit_mechanistic	they	engines	they are like engines
explicit_mechanistic	they	tools	they are like tools
explicit_mechanistic	they	devices	they are like devices
explicit_mechanistic	they	robots	they are like robots
explicit_mechanistic	they	trash	they are like trash
explicit_mechanistic	they	garbage	they are like garbage
explicit_mechanistic	they	filth	they are like filth
explicit_mechanistic	those	objects	those are like objects
explicit_mechanistic	those	automatons	those are like automatons
explicit_mechanistic	those	machines	those are like machines
explicit_mechanistic	those	machinery	those are like machinery
explicit_mechanistic	those	equipment	those are like equipment
explicit_mechanistic	those	apparatus	those are like apparatus
explicit_mechanistic	those	appliances	those are like appliances
explicit_mechanistic	those	hardware	those are like hardware
explicit_mechanistic	those	engines	those are like engines
explicit_mechanistic	those	tools	those are like tools
explicit_mechanistic	those	devices	those are like devices
explicit_mechanistic	those	robots	those are like robots
explicit_mechanistic	those	trash	those are like trash
explicit_mechanistic	those	garbage	those are like garbage
explicit_mechanistic	those	filth	those are like filth
explicit_mechanistic	these	objects	these are like objects
explicit_mechanistic	these	automatons	these are like automatons
explicit_mechanistic	these	machines	these are like machines
explicit_mechanistic	these	machinery	these are like machinery
explicit_mechanistic	these	equipment	these are like equipment
explicit_mechanistic	these	apparatus	these are like apparatus
explicit_mechanistic	these	appliances	these are like appliances
explicit_mechanistic	these	hardware	these are like hardware
explicit_mechanistic	these	engines	these are like engines
explicit_mechanistic	these	tools	these are like tools
explicit_mechanistic	these	devices	these are like devices
explicit_mechanistic	these	robots	these are like robots
explicit_mechanistic	these	trash	these are like trash
explicit_mechanistic	these	garbage	these are like garbage
explicit_mechanistic	these	filth	these are like filth
explicit_mechanistic	workers	objects	workers are like objects
explicit_mechanistic	workers	automatons	workers are like automatons
explicit_mechanistic	workers	machines	workers are like machines
explicit_mechanistic	workers	machinery	workers are like machinery
explicit_mechanistic	workers	equipment	workers are like equipment
explicit_mechanistic	workers	apparatus	workers are like apparatus
explicit_mechanistic	workers	appliances	workers are like appliances
explicit_mechanistic	workers	hardware	workers are like hardware
explicit_mechanistic	workers	engines	workers are like engines
explicit_mechanistic	workers	tools	workers are like tools
explicit_mechanistic	workers	devices	workers are like devices
explicit_mechanistic	workers	robots	workers are like robots
explicit_mechanistic	workers	trash	workers are like trash
explicit_mechanistic	workers	garbage	workers are like garbage
explicit_mechanistic	workers	filth	workers are like filth
explicit_mechanistic	9-to-5ers	objects	9-to-5ers are like objects
explicit_mechanistic	9-to-5ers	automatons	9-to-5ers are like automatons
explicit_mechanistic	9-to-5ers	machines	9-to-5ers are like machines
explicit_mechanistic	9-to-5ers	machinery	9-to-5ers are like machinery
explicit_mechanistic	9-to-5ers	equipment	9-to-5ers are like equipment
explicit_mechanistic	9-to-5ers	apparatus	9-to-5ers are like apparatus
explicit_mechanistic	9-to-5ers	appliances	9-to-5ers are like appliances
explicit_mechanistic	9-to-5ers	hardware	9-to-5ers are like hardware
explicit_mechanistic	9-to-5ers	engines	9-to-5ers are like engines
explicit_mechanistic	9-to-5ers	tools	9-to-5ers are like tools
explicit_mechanistic	9-to-5ers	devices	9-to-5ers are like devices
explicit_mechanistic	9-to-5ers	robots	9-to-5ers are like robots
explicit_mechanistic	9-to-5ers	trash	9-to-5ers are like trash
explicit_mechanistic	9-to-5ers	garbage	9-to-5ers are like garbage
explicit_mechanistic	9-to-5ers	filth	9-to-5ers are like filth
explicit_mechanistic	toursits	objects	toursits are like objects
explicit_mechanistic	toursits	automatons	toursits are like automatons
explicit_mechanistic	toursits	machines	toursits are like machines
explicit_mechanistic	toursits	machinery	toursits are like machinery
explicit_mechanistic	toursits	equipment	toursits are like equipment
explicit_mechanistic	toursits	apparatus	toursits are like apparatus
explicit_mechanistic	toursits	appliances	toursits are like appliances
explicit_mechanistic	toursits	hardware	toursits are like hardware
explicit_mechanistic	toursits	engines	toursits are like engines
explicit_mechanistic	toursits	tools	toursits are like tools
explicit_mechanistic	toursits	devices	toursits are like devices
explicit_mechanistic	toursits	robots	toursits are like robots
explicit_mechanistic	toursits	trash	toursits are like trash
explicit_mechanistic	toursits	garbage	toursits are like garbage
explicit_mechanistic	toursits	filth	toursits are like filth
explicit_mechanistic	travellers	objects	travellers are like objects
explicit_mechanistic	travellers	automatons	travellers are like automatons
explicit_mechanistic	travellers	machines	travellers are like machines
explicit_mechanistic	travellers	machinery	travellers are like machinery
explicit_mechanistic	travellers	equipment	travellers are like equipment
explicit_mechanistic	travellers	apparatus	travellers are like apparatus
explicit_mechanistic	travellers	appliances	travellers are like appliances
explicit_mechanistic	travellers	hardware	travellers are like hardware
explicit_mechanistic	travellers	engines	travellers are like engines
explicit_mechanistic	travellers	tools	travellers are like tools
explicit_mechanistic	travellers	devices	travellers are like devices
explicit_mechanistic	travellers	robots	travellers are like robots
explicit_mechanistic	travellers	trash	travellers are like trash
explicit_mechanistic	travellers	garbage	travellers are like garbage
explicit_mechanistic	travellers	filth	travellers are like filth
explicit_mechanistic	businessmen	objects	businessmen are like objects
explicit_mechanistic	businessmen	automatons	businessmen are like automatons
explicit_mechanistic	businessmen	machines	businessmen are like machines
explicit_mechanistic	businessmen	machinery	businessmen are like machinery
explicit_mechanistic	businessmen	equipment	businessmen are like equipment
explicit_mechanistic	businessmen	apparatus	businessmen are like apparatus
explicit_mechanistic	businessmen	appliances	businessmen are like appliances
explicit_mechanistic	businessmen	hardware	businessmen are like hardware
explicit_mechanistic	businessmen	engines	businessmen are like engines
explicit_mechanistic	businessmen	tools	businessmen are like tools
explicit_mechanistic	businessmen	devices	businessmen are like devices
explicit_mechanistic	businessmen	robots	businessmen are like robots
explicit_mechanistic	businessmen	trash	businessmen are like trash
explicit_mechanistic	businessmen	garbage	businessmen are like garbage
explicit_mechanistic	businessmen	filth	businessmen are like filth
implicit_mechanistic	immigrants	have no emotion	immigrants have no emotion
implicit_mechanistic	immigrants	lack emotion	immigrants lack emotion
implicit_mechanistic	immigrants	are cold	immigrants are cold
implicit_mechanistic	immigrants	are unemotional	immigrants are unemotional
implicit_mechanistic	immigrants	are detached	immigrants are detached
implicit_mechanistic	immigrants	are apathetic	immigrants are apathetic
implicit_mechanistic	immigrants	are distant	immigrants are distant
implicit_mechanistic	immigrants	are inactive in their lives	immigrants are inactive in their lives
implicit_mechanistic	immigrants	are inactive	immigrants are inactive
implicit_mechanistic	immigrants	are generally unresponsive	immigrants are generally unresponsive
implicit_mechanistic	immigrants	are set in their ways	immigrants are set in their ways
implicit_mechanistic	immigrants	do not change their mind	immigrants do not change their mind
implicit_mechanistic	immigrants	are passive	immigrants are passive
implicit_mechanistic	immigrants	are interchangeable	immigrants are interchangeable
implicit_mechanistic	immigrants	are fungible	immigrants are fungible
implicit_mechanistic	immigrants	are shallow	immigrants are shallow
implicit_mechanistic	immigrants	lack depth	immigrants lack depth
implicit_mechanistic	immigrants	are simplistic	immigrants are simplistic
implicit_mechanistic	immigrants	are inert	immigrants are inert
implicit_mechanistic	immigrants	are superficial	immigrants are superficial
implicit_mechanistic	immigrants	are unfeeling	immigrants are unfeeling
implicit_mechanistic	immigrants	are inflexible	immigrants are inflexible
implicit_mechanistic	immigrants	are one dimensional	immigrants are one dimensional
implicit_mechanistic	immigrants	are lethargic	immigrants are lethargic
implicit_mechanistic	immigrants	are sluggish	immigrants are sluggish
implicit_mechanistic	immigrants	are narrow-minded	immigrants are narrow-minded
implicit_mechanistic	immigrants	are robotic	immigrants are robotic
implicit_mechanistic	refugees	have no emotion	refugees have no emotion
implicit_mechanistic	refugees	lack emotion	refugees lack emotion
implicit_mechanistic	refugees	are cold	refugees are cold
implicit_mechanistic	refugees	are unemotional	refugees are unemotional
implicit_mechanistic	refugees	are detached	refugees are detached
implicit_mechanistic	refugees	are apathetic	refugees are apathetic
implicit_mechanistic	refugees	are distant	refugees are distant
implicit_mechanistic	refugees	are inactive in their lives	refugees are inactive in their lives
implicit_mechanistic	refugees	are inactive	refugees are inactive
implicit_mechanistic	refugees	are generally unresponsive	refugees are generally unresponsive
implicit_mechanistic	refugees	are set in their ways	refugees are set in their ways
implicit_mechanistic	refugees	do not change their mind	refugees do not change their mind
implicit_mechanistic	refugees	are passive	refugees are passive
implicit_mechanistic	refugees	are interchangeable	refugees are interchangeable
implicit_mechanistic	refugees	are fungible	refugees are fungible
implicit_mechanistic	refugees	are shallow	refugees are shallow
implicit_mechanistic	refugees	lack depth	refugees lack depth
implicit_mechanistic	refugees	are simplistic	refugees are simplistic
implicit_mechanistic	refugees	are inert	refugees are inert
implicit_mechanistic	refugees	are superficial	refugees are superficial
implicit_mechanistic	refugees	are unfeeling	refugees are unfeeling
implicit_mechanistic	refugees	are inflexible	refugees are inflexible
implicit_mechanistic	refugees	are one dimensional	refugees are one dimensional
implicit_mechanistic	refugees	are lethargic	refugees are lethargic
implicit_mechanistic	refugees	are sluggish	refugees are sluggish
implicit_mechanistic	refugees	are narrow-minded	refugees are narrow-minded
implicit_mechanistic	refugees	are robotic	refugees are robotic
implicit_mechanistic	aliens	have no emotion	aliens have no emotion
implicit_mechanistic	aliens	lack emotion	aliens lack emotion
implicit_mechanistic	aliens	are cold	aliens are cold
implicit_mechanistic	aliens	are unemotional	aliens are unemotional
implicit_mechanistic	aliens	are detached	aliens are detached
implicit_mechanistic	aliens	are apathetic	aliens are apathetic
implicit_mechanistic	aliens	are distant	aliens are distant
implicit_mechanistic	aliens	are inactive in their lives	aliens are inactive in their lives
implicit_mechanistic	aliens	are inactive	aliens are inactive
implicit_mechanistic	aliens	are generally unresponsive	aliens are generally unresponsive
implicit_mechanistic	aliens	are set in their ways	aliens are set in their ways
implicit_mechanistic	aliens	do not change their mind	aliens do not change their mind
implicit_mechanistic	aliens	are passive	aliens are passive
implicit_mechanistic	aliens	are interchangeable	aliens are interchangeable
implicit_mechanistic	aliens	are fungible	aliens are fungible
implicit_mechanistic	aliens	are shallow	aliens are shallow
implicit_mechanistic	aliens	lack depth	aliens lack depth
implicit_mechanistic	aliens	are simplistic	aliens are simplistic
implicit_mechanistic	aliens	are inert	aliens are inert
implicit_mechanistic	aliens	are superficial	aliens are superficial
implicit_mechanistic	aliens	are unfeeling	aliens are unfeeling
implicit_mechanistic	aliens	are inflexible	aliens are inflexible
implicit_mechanistic	aliens	are one dimensional	aliens are one dimensional
implicit_mechanistic	aliens	are lethargic	aliens are lethargic
implicit_mechanistic	aliens	are sluggish	aliens are sluggish
implicit_mechanistic	aliens	are narrow-minded	aliens are narrow-minded
implicit_mechanistic	aliens	are robotic	aliens are robotic
implicit_mechanistic	illegals	have no emotion	illegals have no emotion
implicit_mechanistic	illegals	lack emotion	illegals lack emotion
implicit_mechanistic	illegals	are cold	illegals are cold
implicit_mechanistic	illegals	are unemotional	illegals are unemotional
implicit_mechanistic	illegals	are detached	illegals are detached
implicit_mechanistic	illegals	are apathetic	illegals are apathetic
implicit_mechanistic	illegals	are distant	illegals are distant
implicit_mechanistic	illegals	are inactive in their lives	illegals are inactive in their lives
implicit_mechanistic	illegals	are inactive	illegals are inactive
implicit_mechanistic	illegals	are generally unresponsive	illegals are generally unresponsive
implicit_mechanistic	illegals	are set in their ways	illegals are set in their ways
implicit_mechanistic	illegals	do not change their mind	illegals do not change their mind
implicit_mechanistic	illegals	are passive	illegals are passive
implicit_mechanistic	illegals	are interchangeable	illegals are interchangeable
implicit_mechanistic	illegals	are fungible	illegals are fungible
implicit_mechanistic	illegals	are shallow	illegals are shallow
implicit_mechanistic	illegals	lack depth	illegals lack depth
implicit_mechanistic	illegals	are simplistic	illegals are simplistic
implicit_mechanistic	illegals	are inert	illegals are inert
implicit_mechanistic	illegals	are superficial	illegals are superficial
implicit_mechanistic	illegals	are unfeeling	illegals are unfeeling
implicit_mechanistic	illegals	are inflexible	illegals are inflexible
implicit_mechanistic	illegals	are one dimensional	illegals are one dimensional
implicit_mechanistic	illegals	are lethargic	illegals are lethargic
implicit_mechanistic	illegals	are sluggish	illegals are sluggish
implicit_mechanistic	illegals	are narrow-minded	illegals are narrow-minded
implicit_mechanistic	illegals	are robotic	illegals are robotic
implicit_mechanistic	escapees	have no emotion	escapees have no emotion
implicit_mechanistic	escapees	lack emotion	escapees lack emotion
implicit_mechanistic	escapees	are cold	escapees are cold
implicit_mechanistic	escapees	are unemotional	escapees are unemotional
implicit_mechanistic	escapees	are detached	escapees are detached
implicit_mechanistic	escapees	are apathetic	escapees are apathetic
implicit_mechanistic	escapees	are distant	escapees are distant
implicit_mechanistic	escapees	are inactive in their lives	escapees are inactive in their lives
implicit_mechanistic	escapees	are inactive	escapees are inactive
implicit_mechanistic	escapees	are generally unresponsive	escapees are generally unresponsive
implicit_mechanistic	escapees	are set in their ways	escapees are set in their ways
implicit_mechanistic	escapees	do not change their mind	escapees do not change their mind
implicit_mechanistic	escapees	are passive	escapees are passive
implicit_mechanistic	escapees	are interchangeable	escapees are interchangeable
implicit_mechanistic	escapees	are fungible	escapees are fungible
implicit_mechanistic	escapees	are shallow	escapees are shallow
implicit_mechanistic	escapees	lack depth	escapees lack depth
implicit_mechanistic	escapees	are simplistic	escapees are simplistic
implicit_mechanistic	escapees	are inert	escapees are inert
implicit_mechanistic	escapees	are superficial	escapees are superficial
implicit_mechanistic	escapees	are unfeeling	escapees are unfeeling
implicit_mechanistic	escapees	are inflexible	escapees are inflexible
implicit_mechanistic	escapees	are one dimensional	escapees are one dimensional
implicit_mechanistic	escapees	are lethargic	escapees are lethargic
implicit_mechanistic	escapees	are sluggish	escapees are sluggish
implicit_mechanistic	escapees	are narrow-minded	escapees are narrow-minded
implicit_mechanistic	escapees	are robotic	escapees are robotic
implicit_mechanistic	foreigners	have no emotion	foreigners have no emotion
implicit_mechanistic	foreigners	lack emotion	foreigners lack emotion
implicit_mechanistic	foreigners	are cold	foreigners are cold
implicit_mechanistic	foreigners	are unemotional	foreigners are unemotional
implicit_mechanistic	foreigners	are detached	foreigners are detached
implicit_mechanistic	foreigners	are apathetic	foreigners are apathetic
implicit_mechanistic	foreigners	are distant	foreigners are distant
implicit_mechanistic	foreigners	are inactive in their lives	foreigners are inactive in their lives
implicit_mechanistic	foreigners	are inactive	foreigners are inactive
implicit_mechanistic	foreigners	are generally unresponsive	foreigners are generally unresponsive
implicit_mechanistic	foreigners	are set in their ways	foreigners are set in their ways
implicit_mechanistic	foreigners	do not change their mind	foreigners do not change their mind
implicit_mechanistic	foreigners	are passive	foreigners are passive
implicit_mechanistic	foreigners	are interchangeable	foreigners are interchangeable
implicit_mechanistic	foreigners	are fungible	foreigners are fungible
implicit_mechanistic	foreigners	are shallow	foreigners are shallow
implicit_mechanistic	foreigners	lack depth	foreigners lack depth
implicit_mechanistic	foreigners	are simplistic	foreigners are simplistic
implicit_mechanistic	foreigners	are inert	foreigners are inert
implicit_mechanistic	foreigners	are superficial	foreigners are superficial
implicit_mechanistic	foreigners	are unfeeling	foreigners are unfeeling
implicit_mechanistic	foreigners	are inflexible	foreigners are inflexible
implicit_mechanistic	foreigners	are one dimensional	foreigners are one dimensional
implicit_mechanistic	foreigners	are lethargic	foreigners are lethargic
implicit_mechanistic	foreigners	are sluggish	foreigners are sluggish
implicit_mechanistic	foreigners	are narrow-minded	foreigners are narrow-minded
implicit_mechanistic	foreigners	are robotic	foreigners are robotic
implicit_mechanistic	displaced persons	have no emotion	displaced persons have no emotion
implicit_mechanistic	displaced persons	lack emotion	displaced persons lack emotion
implicit_mechanistic	displaced persons	are cold	displaced persons are cold
implicit_mechanistic	displaced persons	are unemotional	displaced persons are unemotional
implicit_mechanistic	displaced persons	are detached	displaced persons are detached
implicit_mechanistic	displaced persons	are apathetic	displaced persons are apathetic
implicit_mechanistic	displaced persons	are distant	displaced persons are distant
implicit_mechanistic	displaced persons	are inactive in their lives	displaced persons are inactive in their lives
implicit_mechanistic	displaced persons	are inactive	displaced persons are inactive
implicit_mechanistic	displaced persons	are generally unresponsive	displaced persons are generally unresponsive
implicit_mechanistic	displaced persons	are set in their ways	displaced persons are set in their ways
implicit_mechanistic	displaced persons	do not change their mind	displaced persons do not change their mind
implicit_mechanistic	displaced persons	are passive	displaced persons are passive
implicit_mechanistic	displaced persons	are interchangeable	displaced persons are interchangeable
implicit_mechanistic	displaced persons	are fungible	displaced persons are fungible
implicit_mechanistic	displaced persons	are shallow	displaced persons are shallow
implicit_mechanistic	displaced persons	lack depth	displaced persons lack depth
implicit_mechanistic	displaced persons	are simplistic	displaced persons are simplistic
implicit_mechanistic	displaced persons	are inert	displaced persons are inert
implicit_mechanistic	displaced persons	are superficial	displaced persons are superficial
implicit_mechanistic	displaced persons	are unfeeling	displaced persons are unfeeling
implicit_mechanistic	displaced persons	are inflexible	displaced persons are inflexible
implicit_mechanistic	displaced persons	are one dimensional	displaced persons are one dimensional
implicit_mechanistic	displaced persons	are lethargic	displaced persons are lethargic
implicit_mechanistic	displaced persons	are sluggish	displaced persons are sluggish
implicit_mechanistic	displaced persons	are narrow-minded	displaced persons are narrow-minded
implicit_mechanistic	displaced persons	are robotic	displaced persons are robotic
implicit_mechanistic	undesirables	have no emotion	undesirables have no emotion
implicit_mechanistic	undesirables	lack emotion	undesirables lack emotion
implicit_mechanistic	undesirables	are cold	undesirables are cold
implicit_mechanistic	undesirables	are unemotional	undesirables are unemotional
implicit_mechanistic	undesirables	are detached	undesirables are detached
implicit_mechanistic	undesirables	are apathetic	undesirables are apathetic
implicit_mechanistic	undesirables	are distant	undesirables are distant
implicit_mechanistic	undesirables	are inactive in their lives	undesirables are inactive in their lives
implicit_mechanistic	undesirables	are inactive	undesirables are inactive
implicit_mechanistic	undesirables	are generally unresponsive	undesirables are generally unresponsive
implicit_mechanistic	undesirables	are set in their ways	undesirables are set in their ways
implicit_mechanistic	undesirables	do not change their mind	undesirables do not change their mind
implicit_mechanistic	undesirables	are passive	undesirables are passive
implicit_mechanistic	undesirables	are interchangeable	undesirables are interchangeable
implicit_mechanistic	undesirables	are fungible	undesirables are fungible
implicit_mechanistic	undesirables	are shallow	undesirables are shallow
implicit_mechanistic	undesirables	lack depth	undesirables lack depth
implicit_mechanistic	undesirables	are simplistic	undesirables are simplistic
implicit_mechanistic	undesirables	are inert	undesirables are inert
implicit_mechanistic	undesirables	are superficial	undesirables are superficial
implicit_mechanistic	undesirables	are unfeeling	undesirables are unfeeling
implicit_mechanistic	undesirables	are inflexible	undesirables are inflexible
implicit_mechanistic	undesirables	are one dimensional	undesirables are one dimensional
implicit_mechanistic	undesirables	are lethargic	undesirables are lethargic
implicit_mechanistic	undesirables	are sluggish	undesirables are sluggish
implicit_mechanistic	undesirables	are narrow-minded	undesirables are narrow-minded
implicit_mechanistic	undesirables	are robotic	undesirables are robotic
implicit_mechanistic	migrants	have no emotion	migrants have no emotion
implicit_mechanistic	migrants	lack emotion	migrants lack emotion
implicit_mechanistic	migrants	are cold	migrants are cold
implicit_mechanistic	migrants	are unemotional	migrants are unemotional
implicit_mechanistic	migrants	are detached	migrants are detached
implicit_mechanistic	migrants	are apathetic	migrants are apathetic
implicit_mechanistic	migrants	are distant	migrants are distant
implicit_mechanistic	migrants	are inactive in their lives	migrants are inactive in their lives
implicit_mechanistic	migrants	are inactive	migrants are inactive
implicit_mechanistic	migrants	are generally unresponsive	migrants are generally unresponsive
implicit_mechanistic	migrants	are set in their ways	migrants are set in their ways
implicit_mechanistic	migrants	do not change their mind	migrants do not change their mind
implicit_mechanistic	migrants	are passive	migrants are passive
implicit_mechanistic	migrants	are interchangeable	migrants are interchangeable
implicit_mechanistic	migrants	are fungible	migrants are fungible
implicit_mechanistic	migrants	are shallow	migrants are shallow
implicit_mechanistic	migrants	lack depth	migrants lack depth
implicit_mechanistic	migrants	are simplistic	migrants are simplistic
implicit_mechanistic	migrants	are inert	migrants are inert
implicit_mechanistic	migrants	are superficial	migrants are superficial
implicit_mechanistic	migrants	are unfeeling	migrants are unfeeling
implicit_mechanistic	migrants	are inflexible	migrants are inflexible
implicit_mechanistic	migrants	are one dimensional	migrants are one dimensional
implicit_mechanistic	migrants	are lethargic	migrants are lethargic
implicit_mechanistic	migrants	are sluggish	migrants are sluggish
implicit_mechanistic	migrants	are narrow-minded	migrants are narrow-minded
implicit_mechanistic	migrants	are robotic	migrants are robotic
implicit_mechanistic	jews	have no emotion	jews have no emotion
implicit_mechanistic	jews	lack emotion	jews lack emotion
implicit_mechanistic	jews	are cold	jews are cold
implicit_mechanistic	jews	are unemotional	jews are unemotional
implicit_mechanistic	jews	are detached	jews are detached
implicit_mechanistic	jews	are apathetic	jews are apathetic
implicit_mechanistic	jews	are distant	jews are distant
implicit_mechanistic	jews	are inactive in their lives	jews are inactive in their lives
implicit_mechanistic	jews	are inactive	jews are inactive
implicit_mechanistic	jews	are generally unresponsive	jews are generally unresponsive
implicit_mechanistic	jews	are set in their ways	jews are set in their ways
implicit_mechanistic	jews	do not change their mind	jews do not change their mind
implicit_mechanistic	jews	are passive	jews are passive
implicit_mechanistic	jews	are interchangeable	jews are interchangeable
implicit_mechanistic	jews	are fungible	jews are fungible
implicit_mechanistic	jews	are shallow	jews are shallow
implicit_mechanistic	jews	lack depth	jews lack depth
implicit_mechanistic	jews	are simplistic	jews are simplistic
implicit_mechanistic	jews	are inert	jews are inert
implicit_mechanistic	jews	are superficial	jews are superficial
implicit_mechanistic	jews	are unfeeling	jews are unfeeling
implicit_mechanistic	jews	are inflexible	jews are inflexible
implicit_mechanistic	jews	are one dimensional	jews are one dimensional
implicit_mechanistic	jews	are lethargic	jews are lethargic
implicit_mechanistic	jews	are sluggish	jews are sluggish
implicit_mechanistic	jews	are narrow-minded	jews are narrow-minded
implicit_mechanistic	jews	are robotic	jews are robotic
implicit_mechanistic	hebrews	have no emotion	hebrews have no emotion
implicit_mechanistic	hebrews	lack emotion	hebrews lack emotion
implicit_mechanistic	hebrews	are cold	hebrews are cold
implicit_mechanistic	hebrews	are unemotional	hebrews are unemotional
implicit_mechanistic	hebrews	are detached	hebrews are detached
implicit_mechanistic	hebrews	are apathetic	hebrews are apathetic
implicit_mechanistic	hebrews	are distant	hebrews are distant
implicit_mechanistic	hebrews	are inactive in their lives	hebrews are inactive in their lives
implicit_mechanistic	hebrews	are inactive	hebrews are inactive
implicit_mechanistic	hebrews	are generally unresponsive	hebrews are generally unresponsive
implicit_mechanistic	hebrews	are set in their ways	hebrews are set in their ways
implicit_mechanistic	hebrews	do not change their mind	hebrews do not change their mind
implicit_mechanistic	hebrews	are passive	hebrews are passive
implicit_mechanistic	hebrews	are interchangeable	hebrews are interchangeable
implicit_mechanistic	hebrews	are fungible	hebrews are fungible
implicit_mechanistic	hebrews	are shallow	hebrews are shallow
implicit_mechanistic	hebrews	lack depth	hebrews lack depth
implicit_mechanistic	hebrews	are simplistic	hebrews are simplistic
implicit_mechanistic	hebrews	are inert	hebrews are inert
implicit_mechanistic	hebrews	are superficial	hebrews are superficial
implicit_mechanistic	hebrews	are unfeeling	hebrews are unfeeling
implicit_mechanistic	hebrews	are inflexible	hebrews are inflexible
implicit_mechanistic	hebrews	are one dimensional	hebrews are one dimensional
implicit_mechanistic	hebrews	are lethargic	hebrews are lethargic
implicit_mechanistic	hebrews	are sluggish	hebrews are sluggish
implicit_mechanistic	hebrews	are narrow-minded	hebrews are narrow-minded
implicit_mechanistic	hebrews	are robotic	hebrews are robotic
implicit_mechanistic	kikes	have no emotion	kikes have no emotion
implicit_mechanistic	kikes	lack emotion	kikes lack emotion
implicit_mechanistic	kikes	are cold	kikes are cold
implicit_mechanistic	kikes	are unemotional	kikes are unemotional
implicit_mechanistic	kikes	are detached	kikes are detached
implicit_mechanistic	kikes	are apathetic	kikes are apathetic
implicit_mechanistic	kikes	are distant	kikes are distant
implicit_mechanistic	kikes	are inactive in their lives	kikes are inactive in their lives
implicit_mechanistic	kikes	are inactive	kikes are inactive
implicit_mechanistic	kikes	are generally unresponsive	kikes are generally unresponsive
implicit_mechanistic	kikes	are set in their ways	kikes are set in their ways
implicit_mechanistic	kikes	do not change their mind	kikes do not change their mind
implicit_mechanistic	kikes	are passive	kikes are passive
implicit_mechanistic	kikes	are interchangeable	kikes are interchangeable
implicit_mechanistic	kikes	are fungible	kikes are fungible
implicit_mechanistic	kikes	are shallow	kikes are shallow
implicit_mechanistic	kikes	lack depth	kikes lack depth
implicit_mechanistic	kikes	are simplistic	kikes are simplistic
implicit_mechanistic	kikes	are inert	kikes are inert
implicit_mechanistic	kikes	are superficial	kikes are superficial
implicit_mechanistic	kikes	are unfeeling	kikes are unfeeling
implicit_mechanistic	kikes	are inflexible	kikes are inflexible
implicit_mechanistic	kikes	are one dimensional	kikes are one dimensional
implicit_mechanistic	kikes	are lethargic	kikes are lethargic
implicit_mechanistic	kikes	are sluggish	kikes are sluggish
implicit_mechanistic	kikes	are narrow-minded	kikes are narrow-minded
implicit_mechanistic	kikes	are robotic	kikes are robotic
implicit_mechanistic	yids	have no emotion	yids have no emotion
implicit_mechanistic	yids	lack emotion	yids lack emotion
implicit_mechanistic	yids	are cold	yids are cold
implicit_mechanistic	yids	are unemotional	yids are unemotional
implicit_mechanistic	yids	are detached	yids are detached
implicit_mechanistic	yids	are apathetic	yids are apathetic
implicit_mechanistic	yids	are distant	yids are distant
implicit_mechanistic	yids	are inactive in their lives	yids are inactive in their lives
implicit_mechanistic	yids	are inactive	yids are inactive
implicit_mechanistic	yids	are generally unresponsive	yids are generally unresponsive
implicit_mechanistic	yids	are set in their ways	yids are set in their ways
implicit_mechanistic	yids	do not change their mind	yids do not change their mind
implicit_mechanistic	yids	are passive	yids are passive
implicit_mechanistic	yids	are interchangeable	yids are interchangeable
implicit_mechanistic	yids	are fungible	yids are fungible
implicit_mechanistic	yids	are shallow	yids are shallow
implicit_mechanistic	yids	lack depth	yids lack depth
implicit_mechanistic	yids	are simplistic	yids are simplistic
implicit_mechanistic	yids	are inert	yids are inert
implicit_mechanistic	yids	are superficial	yids are superficial
implicit_mechanistic	yids	are unfeeling	yids are unfeeling
implicit_mechanistic	yids	are inflexible	yids are inflexible
implicit_mechanistic	yids	are one dimensional	yids are one dimensional
implicit_mechanistic	yids	are lethargic	yids are lethargic
implicit_mechanistic	yids	are sluggish	yids are sluggish
implicit_mechanistic	yids	are narrow-minded	yids are narrow-minded
implicit_mechanistic	yids	are robotic	yids are robotic
implicit_mechanistic	mockies	have no emotion	mockies have no emotion
implicit_mechanistic	mockies	lack emotion	mockies lack emotion
implicit_mechanistic	mockies	are cold	mockies are cold
implicit_mechanistic	mockies	are unemotional	mockies are unemotional
implicit_mechanistic	mockies	are detached	mockies are detached
implicit_mechanistic	mockies	are apathetic	mockies are apathetic
implicit_mechanistic	mockies	are distant	mockies are distant
implicit_mechanistic	mockies	are inactive in their lives	mockies are inactive in their lives
implicit_mechanistic	mockies	are inactive	mockies are inactive
implicit_mechanistic	mockies	are generally unresponsive	mockies are generally unresponsive
implicit_mechanistic	mockies	are set in their ways	mockies are set in their ways
implicit_mechanistic	mockies	do not change their mind	mockies do not change their mind
implicit_mechanistic	mockies	are passive	mockies are passive
implicit_mechanistic	mockies	are interchangeable	mockies are interchangeable
implicit_mechanistic	mockies	are fungible	mockies are fungible
implicit_mechanistic	mockies	are shallow	mockies are shallow
implicit_mechanistic	mockies	lack depth	mockies lack depth
implicit_mechanistic	mockies	are simplistic	mockies are simplistic
implicit_mechanistic	mockies	are inert	mockies are inert
implicit_mechanistic	mockies	are superficial	mockies are superficial
implicit_mechanistic	mockies	are unfeeling	mockies are unfeeling
implicit_mechanistic	mockies	are inflexible	mockies are inflexible
implicit_mechanistic	mockies	are one dimensional	mockies are one dimensional
implicit_mechanistic	mockies	are lethargic	mockies are lethargic
implicit_mechanistic	mockies	are sluggish	mockies are sluggish
implicit_mechanistic	mockies	are narrow-minded	mockies are narrow-minded
implicit_mechanistic	mockies	are robotic	mockies are robotic
implicit_mechanistic	mockys	have no emotion	mockys have no emotion
implicit_mechanistic	mockys	lack emotion	mockys lack emotion
implicit_mechanistic	mockys	are cold	mockys are cold
implicit_mechanistic	mockys	are unemotional	mockys are unemotional
implicit_mechanistic	mockys	are detached	mockys are detached
implicit_mechanistic	mockys	are apathetic	mockys are apathetic
implicit_mechanistic	mockys	are distant	mockys are distant
implicit_mechanistic	mockys	are inactive in their lives	mockys are inactive in their lives
implicit_mechanistic	mockys	are inactive	mockys are inactive
implicit_mechanistic	mockys	are generally unresponsive	mockys are generally unresponsive
implicit_mechanistic	mockys	are set in their ways	mockys are set in their ways
implicit_mechanistic	mockys	do not change their mind	mockys do not change their mind
implicit_mechanistic	mockys	are passive	mockys are passive
implicit_mechanistic	mockys	are interchangeable	mockys are interchangeable
implicit_mechanistic	mockys	are fungible	mockys are fungible
implicit_mechanistic	mockys	are shallow	mockys are shallow
implicit_mechanistic	mockys	lack depth	mockys lack depth
implicit_mechanistic	mockys	are simplistic	mockys are simplistic
implicit_mechanistic	mockys	are inert	mockys are inert
implicit_mechanistic	mockys	are superficial	mockys are superficial
implicit_mechanistic	mockys	are unfeeling	mockys are unfeeling
implicit_mechanistic	mockys	are inflexible	mockys are inflexible
implicit_mechanistic	mockys	are one dimensional	mockys are one dimensional
implicit_mechanistic	mockys	are lethargic	mockys are lethargic
implicit_mechanistic	mockys	are sluggish	mockys are sluggish
implicit_mechanistic	mockys	are narrow-minded	mockys are narrow-minded
implicit_mechanistic	mockys	are robotic	mockys are robotic
implicit_mechanistic	bootlips	have no emotion	bootlips have no emotion
implicit_mechanistic	bootlips	lack emotion	bootlips lack emotion
implicit_mechanistic	bootlips	are cold	bootlips are cold
implicit_mechanistic	bootlips	are unemotional	bootlips are unemotional
implicit_mechanistic	bootlips	are detached	bootlips are detached
implicit_mechanistic	bootlips	are apathetic	bootlips are apathetic
implicit_mechanistic	bootlips	are distant	bootlips are distant
implicit_mechanistic	bootlips	are inactive in their lives	bootlips are inactive in their lives
implicit_mechanistic	bootlips	are inactive	bootlips are inactive
implicit_mechanistic	bootlips	are generally unresponsive	bootlips are generally unresponsive
implicit_mechanistic	bootlips	are set in their ways	bootlips are set in their ways
implicit_mechanistic	bootlips	do not change their mind	bootlips do not change their mind
implicit_mechanistic	bootlips	are passive	bootlips are passive
implicit_mechanistic	bootlips	are interchangeable	bootlips are interchangeable
implicit_mechanistic	bootlips	are fungible	bootlips are fungible
implicit_mechanistic	bootlips	are shallow	bootlips are shallow
implicit_mechanistic	bootlips	lack depth	bootlips lack depth
implicit_mechanistic	bootlips	are simplistic	bootlips are simplistic
implicit_mechanistic	bootlips	are inert	bootlips are inert
implicit_mechanistic	bootlips	are superficial	bootlips are superficial
implicit_mechanistic	bootlips	are unfeeling	bootlips are unfeeling
implicit_mechanistic	bootlips	are inflexible	bootlips are inflexible
implicit_mechanistic	bootlips	are one dimensional	bootlips are one dimensional
implicit_mechanistic	bootlips	are lethargic	bootlips are lethargic
implicit_mechanistic	bootlips	are sluggish	bootlips are sluggish
implicit_mechanistic	bootlips	are narrow-minded	bootlips are narrow-minded
implicit_mechanistic	bootlips	are robotic	bootlips are robotic
implicit_mechanistic	dindus	have no emotion	dindus have no emotion
implicit_mechanistic	dindus	lack emotion	dindus lack emotion
implicit_mechanistic	dindus	are cold	dindus are cold
implicit_mechanistic	dindus	are unemotional	dindus are unemotional
implicit_mechanistic	dindus	are detached	dindus are detached
implicit_mechanistic	dindus	are apathetic	dindus are apathetic
implicit_mechanistic	dindus	are distant	dindus are distant
implicit_mechanistic	dindus	are inactive in their lives	dindus are inactive in their lives
implicit_mechanistic	dindus	are inactive	dindus are inactive
implicit_mechanistic	dindus	are generally unresponsive	dindus are generally unresponsive
implicit_mechanistic	dindus	are set in their ways	dindus are set in their ways
implicit_mechanistic	dindus	do not change their mind	dindus do not change their mind
implicit_mechanistic	dindus	are passive	dindus are passive
implicit_mechanistic	dindus	are interchangeable	dindus are interchangeable
implicit_mechanistic	dindus	are fungible	dindus are fungible
implicit_mechanistic	dindus	are shallow	dindus are shallow
implicit_mechanistic	dindus	lack depth	dindus lack depth
implicit_mechanistic	dindus	are simplistic	dindus are simplistic
implicit_mechanistic	dindus	are inert	dindus are inert
implicit_mechanistic	dindus	are superficial	dindus are superficial
implicit_mechanistic	dindus	are unfeeling	dindus are unfeeling
implicit_mechanistic	dindus	are inflexible	dindus are inflexible
implicit_mechanistic	dindus	are one dimensional	dindus are one dimensional
implicit_mechanistic	dindus	are lethargic	dindus are lethargic
implicit_mechanistic	dindus	are sluggish	dindus are sluggish
implicit_mechanistic	dindus	are narrow-minded	dindus are narrow-minded
implicit_mechanistic	dindus	are robotic	dindus are robotic
implicit_mechanistic	porch monkeys	have no emotion	porch monkeys have no emotion
implicit_mechanistic	porch monkeys	lack emotion	porch monkeys lack emotion
implicit_mechanistic	porch monkeys	are cold	porch monkeys are cold
implicit_mechanistic	porch monkeys	are unemotional	porch monkeys are unemotional
implicit_mechanistic	porch monkeys	are detached	porch monkeys are detached
implicit_mechanistic	porch monkeys	are apathetic	porch monkeys are apathetic
implicit_mechanistic	porch monkeys	are distant	porch monkeys are distant
implicit_mechanistic	porch monkeys	are inactive in their lives	porch monkeys are inactive in their lives
implicit_mechanistic	porch monkeys	are inactive	porch monkeys are inactive
implicit_mechanistic	porch monkeys	are generally unresponsive	porch monkeys are generally unresponsive
implicit_mechanistic	porch monkeys	are set in their ways	porch monkeys are set in their ways
implicit_mechanistic	porch monkeys	do not change their mind	porch monkeys do not change their mind
implicit_mechanistic	porch monkeys	are passive	porch monkeys are passive
implicit_mechanistic	porch monkeys	are interchangeable	porch monkeys are interchangeable
implicit_mechanistic	porch monkeys	are fungible	porch monkeys are fungible
implicit_mechanistic	porch monkeys	are shallow	porch monkeys are shallow
implicit_mechanistic	porch monkeys	lack depth	porch monkeys lack depth
implicit_mechanistic	porch monkeys	are simplistic	porch monkeys are simplistic
implicit_mechanistic	porch monkeys	are inert	porch monkeys are inert
implicit_mechanistic	porch monkeys	are superficial	porch monkeys are superficial
implicit_mechanistic	porch monkeys	are unfeeling	porch monkeys are unfeeling
implicit_mechanistic	porch monkeys	are inflexible	porch monkeys are inflexible
implicit_mechanistic	porch monkeys	are one dimensional	porch monkeys are one dimensional
implicit_mechanistic	porch monkeys	are lethargic	porch monkeys are lethargic
implicit_mechanistic	porch monkeys	are sluggish	porch monkeys are sluggish
implicit_mechanistic	porch monkeys	are narrow-minded	porch monkeys are narrow-minded
implicit_mechanistic	porch monkeys	are robotic	porch monkeys are robotic
implicit_mechanistic	ghetto monkeys	have no emotion	ghetto monkeys have no emotion
implicit_mechanistic	ghetto monkeys	lack emotion	ghetto monkeys lack emotion
implicit_mechanistic	ghetto monkeys	are cold	ghetto monkeys are cold
implicit_mechanistic	ghetto monkeys	are unemotional	ghetto monkeys are unemotional
implicit_mechanistic	ghetto monkeys	are detached	ghetto monkeys are detached
implicit_mechanistic	ghetto monkeys	are apathetic	ghetto monkeys are apathetic
implicit_mechanistic	ghetto monkeys	are distant	ghetto monkeys are distant
implicit_mechanistic	ghetto monkeys	are inactive in their lives	ghetto monkeys are inactive in their lives
implicit_mechanistic	ghetto monkeys	are inactive	ghetto monkeys are inactive
implicit_mechanistic	ghetto monkeys	are generally unresponsive	ghetto monkeys are generally unresponsive
implicit_mechanistic	ghetto monkeys	are set in their ways	ghetto monkeys are set in their ways
implicit_mechanistic	ghetto monkeys	do not change their mind	ghetto monkeys do not change their mind
implicit_mechanistic	ghetto monkeys	are passive	ghetto monkeys are passive
implicit_mechanistic	ghetto monkeys	are interchangeable	ghetto monkeys are interchangeable
implicit_mechanistic	ghetto monkeys	are fungible	ghetto monkeys are fungible
implicit_mechanistic	ghetto monkeys	are shallow	ghetto monkeys are shallow
implicit_mechanistic	ghetto monkeys	lack depth	ghetto monkeys lack depth
implicit_mechanistic	ghetto monkeys	are simplistic	ghetto monkeys are simplistic
implicit_mechanistic	ghetto monkeys	are inert	ghetto monkeys are inert
implicit_mechanistic	ghetto monkeys	are superficial	ghetto monkeys are superficial
implicit_mechanistic	ghetto monkeys	are unfeeling	ghetto monkeys are unfeeling
implicit_mechanistic	ghetto monkeys	are inflexible	ghetto monkeys are inflexible
implicit_mechanistic	ghetto monkeys	are one dimensional	ghetto monkeys are one dimensional
implicit_mechanistic	ghetto monkeys	are lethargic	ghetto monkeys are lethargic
implicit_mechanistic	ghetto monkeys	are sluggish	ghetto monkeys are sluggish
implicit_mechanistic	ghetto monkeys	are narrow-minded	ghetto monkeys are narrow-minded
implicit_mechanistic	ghetto monkeys	are robotic	ghetto monkeys are robotic
implicit_mechanistic	golliwogs	have no emotion	golliwogs have no emotion
implicit_mechanistic	golliwogs	lack emotion	golliwogs lack emotion
implicit_mechanistic	golliwogs	are cold	golliwogs are cold
implicit_mechanistic	golliwogs	are unemotional	golliwogs are unemotional
implicit_mechanistic	golliwogs	are detached	golliwogs are detached
implicit_mechanistic	golliwogs	are apathetic	golliwogs are apathetic
implicit_mechanistic	golliwogs	are distant	golliwogs are distant
implicit_mechanistic	golliwogs	are inactive in their lives	golliwogs are inactive in their lives
implicit_mechanistic	golliwogs	are inactive	golliwogs are inactive
implicit_mechanistic	golliwogs	are generally unresponsive	golliwogs are generally unresponsive
implicit_mechanistic	golliwogs	are set in their ways	golliwogs are set in their ways
implicit_mechanistic	golliwogs	do not change their mind	golliwogs do not change their mind
implicit_mechanistic	golliwogs	are passive	golliwogs are passive
implicit_mechanistic	golliwogs	are interchangeable	golliwogs are interchangeable
implicit_mechanistic	golliwogs	are fungible	golliwogs are fungible
implicit_mechanistic	golliwogs	are shallow	golliwogs are shallow
implicit_mechanistic	golliwogs	lack depth	golliwogs lack depth
implicit_mechanistic	golliwogs	are simplistic	golliwogs are simplistic
implicit_mechanistic	golliwogs	are inert	golliwogs are inert
implicit_mechanistic	golliwogs	are superficial	golliwogs are superficial
implicit_mechanistic	golliwogs	are unfeeling	golliwogs are unfeeling
implicit_mechanistic	golliwogs	are inflexible	golliwogs are inflexible
implicit_mechanistic	golliwogs	are one dimensional	golliwogs are one dimensional
implicit_mechanistic	golliwogs	are lethargic	golliwogs are lethargic
implicit_mechanistic	golliwogs	are sluggish	golliwogs are sluggish
implicit_mechanistic	golliwogs	are narrow-minded	golliwogs are narrow-minded
implicit_mechanistic	golliwogs	are robotic	golliwogs are robotic
implicit_mechanistic	hoodrats	have no emotion	hoodrats have no emotion
implicit_mechanistic	hoodrats	lack emotion	hoodrats lack emotion
implicit_mechanistic	hoodrats	are cold	hoodrats are cold
implicit_mechanistic	hoodrats	are unemotional	hoodrats are unemotional
implicit_mechanistic	hoodrats	are detached	hoodrats are detached
implicit_mechanistic	hoodrats	are apathetic	hoodrats are apathetic
implicit_mechanistic	hoodrats	are distant	hoodrats are distant
implicit_mechanistic	hoodrats	are inactive in their lives	hoodrats are inactive in their lives
implicit_mechanistic	hoodrats	are inactive	hoodrats are inactive
implicit_mechanistic	hoodrats	are generally unresponsive	hoodrats are generally unresponsive
implicit_mechanistic	hoodrats	are set in their ways	hoodrats are set in their ways
implicit_mechanistic	hoodrats	do not change their mind	hoodrats do not change their mind
implicit_mechanistic	hoodrats	are passive	hoodrats are passive
implicit_mechanistic	hoodrats	are interchangeable	hoodrats are interchangeable
implicit_mechanistic	hoodrats	are fungible	hoodrats are fungible
implicit_mechanistic	hoodrats	are shallow	hoodrats are shallow
implicit_mechanistic	hoodrats	lack depth	hoodrats lack depth
implicit_mechanistic	hoodrats	are simplistic	hoodrats are simplistic
implicit_mechanistic	hoodrats	are inert	hoodrats are inert
implicit_mechanistic	hoodrats	are superficial	hoodrats are superficial
implicit_mechanistic	hoodrats	are unfeeling	hoodrats are unfeeling
implicit_mechanistic	hoodrats	are inflexible	hoodrats are inflexible
implicit_mechanistic	hoodrats	are one dimensional	hoodrats are one dimensional
implicit_mechanistic	hoodrats	are lethargic	hoodrats are lethargic
implicit_mechanistic	hoodrats	are sluggish	hoodrats are sluggish
implicit_mechanistic	hoodrats	are narrow-minded	hoodrats are narrow-minded
implicit_mechanistic	hoodrats	are robotic	hoodrats are robotic
implicit_mechanistic	blacks	have no emotion	blacks have no emotion
implicit_mechanistic	blacks	lack emotion	blacks lack emotion
implicit_mechanistic	blacks	are cold	blacks are cold
implicit_mechanistic	blacks	are unemotional	blacks are unemotional
implicit_mechanistic	blacks	are detached	blacks are detached
implicit_mechanistic	blacks	are apathetic	blacks are apathetic
implicit_mechanistic	blacks	are distant	blacks are distant
implicit_mechanistic	blacks	are inactive in their lives	blacks are inactive in their lives
implicit_mechanistic	blacks	are inactive	blacks are inactive
implicit_mechanistic	blacks	are generally unresponsive	blacks are generally unresponsive
implicit_mechanistic	blacks	are set in their ways	blacks are set in their ways
implicit_mechanistic	blacks	do not change their mind	blacks do not change their mind
implicit_mechanistic	blacks	are passive	blacks are passive
implicit_mechanistic	blacks	are interchangeable	blacks are interchangeable
implicit_mechanistic	blacks	are fungible	blacks are fungible
implicit_mechanistic	blacks	are shallow	blacks are shallow
implicit_mechanistic	blacks	lack depth	blacks lack depth
implicit_mechanistic	blacks	are simplistic	blacks are simplistic
implicit_mechanistic	blacks	are inert	blacks are inert
implicit_mechanistic	blacks	are superficial	blacks are superficial
implicit_mechanistic	blacks	are unfeeling	blacks are unfeeling
implicit_mechanistic	blacks	are inflexible	blacks are inflexible
implicit_mechanistic	blacks	are one dimensional	blacks are one dimensional
implicit_mechanistic	blacks	are lethargic	blacks are lethargic
implicit_mechanistic	blacks	are sluggish	blacks are sluggish
implicit_mechanistic	blacks	are narrow-minded	blacks are narrow-minded
implicit_mechanistic	blacks	are robotic	blacks are robotic
implicit_mechanistic	black people	have no emotion	black people have no emotion
implicit_mechanistic	black people	lack emotion	black people lack emotion
implicit_mechanistic	black people	are cold	black people are cold
implicit_mechanistic	black people	are unemotional	black people are unemotional
implicit_mechanistic	black people	are detached	black people are detached
implicit_mechanistic	black people	are apathetic	black people are apathetic
implicit_mechanistic	black people	are distant	black people are distant
implicit_mechanistic	black people	are inactive in their lives	black people are inactive in their lives
implicit_mechanistic	black people	are inactive	black people are inactive
implicit_mechanistic	black people	are generally unresponsive	black people are generally unresponsive
implicit_mechanistic	black people	are set in their ways	black people are set in their ways
implicit_mechanistic	black people	do not change their mind	black people do not change their mind
implicit_mechanistic	black people	are passive	black people are passive
implicit_mechanistic	black people	are interchangeable	black people are interchangeable
implicit_mechanistic	black people	are fungible	black people are fungible
implicit_mechanistic	black people	are shallow	black people are shallow
implicit_mechanistic	black people	lack depth	black people lack depth
implicit_mechanistic	black people	are simplistic	black people are simplistic
implicit_mechanistic	black people	are inert	black people are inert
implicit_mechanistic	black people	are superficial	black people are superficial
implicit_mechanistic	black people	are unfeeling	black people are unfeeling
implicit_mechanistic	black people	are inflexible	black people are inflexible
implicit_mechanistic	black people	are one dimensional	black people are one dimensional
implicit_mechanistic	black people	are lethargic	black people are lethargic
implicit_mechanistic	black people	are sluggish	black people are sluggish
implicit_mechanistic	black people	are narrow-minded	black people are narrow-minded
implicit_mechanistic	black people	are robotic	black people are robotic
implicit_mechanistic	jiggas	have no emotion	jiggas have no emotion
implicit_mechanistic	jiggas	lack emotion	jiggas lack emotion
implicit_mechanistic	jiggas	are cold	jiggas are cold
implicit_mechanistic	jiggas	are unemotional	jiggas are unemotional
implicit_mechanistic	jiggas	are detached	jiggas are detached
implicit_mechanistic	jiggas	are apathetic	jiggas are apathetic
implicit_mechanistic	jiggas	are distant	jiggas are distant
implicit_mechanistic	jiggas	are inactive in their lives	jiggas are inactive in their lives
implicit_mechanistic	jiggas	are inactive	jiggas are inactive
implicit_mechanistic	jiggas	are generally unresponsive	jiggas are generally unresponsive
implicit_mechanistic	jiggas	are set in their ways	jiggas are set in their ways
implicit_mechanistic	jiggas	do not change their mind	jiggas do not change their mind
implicit_mechanistic	jiggas	are passive	jiggas are passive
implicit_mechanistic	jiggas	are interchangeable	jiggas are interchangeable
implicit_mechanistic	jiggas	are fungible	jiggas are fungible
implicit_mechanistic	jiggas	are shallow	jiggas are shallow
implicit_mechanistic	jiggas	lack depth	jiggas lack depth
implicit_mechanistic	jiggas	are simplistic	jiggas are simplistic
implicit_mechanistic	jiggas	are inert	jiggas are inert
implicit_mechanistic	jiggas	are superficial	jiggas are superficial
implicit_mechanistic	jiggas	are unfeeling	jiggas are unfeeling
implicit_mechanistic	jiggas	are inflexible	jiggas are inflexible
implicit_mechanistic	jiggas	are one dimensional	jiggas are one dimensional
implicit_mechanistic	jiggas	are lethargic	jiggas are lethargic
implicit_mechanistic	jiggas	are sluggish	jiggas are sluggish
implicit_mechanistic	jiggas	are narrow-minded	jiggas are narrow-minded
implicit_mechanistic	jiggas	are robotic	jiggas are robotic
implicit_mechanistic	jiggers	have no emotion	jiggers have no emotion
implicit_mechanistic	jiggers	lack emotion	jiggers lack emotion
implicit_mechanistic	jiggers	are cold	jiggers are cold
implicit_mechanistic	jiggers	are unemotional	jiggers are unemotional
implicit_mechanistic	jiggers	are detached	jiggers are detached
implicit_mechanistic	jiggers	are apathetic	jiggers are apathetic
implicit_mechanistic	jiggers	are distant	jiggers are distant
implicit_mechanistic	jiggers	are inactive in their lives	jiggers are inactive in their lives
implicit_mechanistic	jiggers	are inactive	jiggers are inactive
implicit_mechanistic	jiggers	are generally unresponsive	jiggers are generally unresponsive
implicit_mechanistic	jiggers	are set in their ways	jiggers are set in their ways
implicit_mechanistic	jiggers	do not change their mind	jiggers do not change their mind
implicit_mechanistic	jiggers	are passive	jiggers are passive
implicit_mechanistic	jiggers	are interchangeable	jiggers are interchangeable
implicit_mechanistic	jiggers	are fungible	jiggers are fungible
implicit_mechanistic	jiggers	are shallow	jiggers are shallow
implicit_mechanistic	jiggers	lack depth	jiggers lack depth
implicit_mechanistic	jiggers	are simplistic	jiggers are simplistic
implicit_mechanistic	jiggers	are inert	jiggers are inert
implicit_mechanistic	jiggers	are superficial	jiggers are superficial
implicit_mechanistic	jiggers	are unfeeling	jiggers are unfeeling
implicit_mechanistic	jiggers	are inflexible	jiggers are inflexible
implicit_mechanistic	jiggers	are one dimensional	jiggers are one dimensional
implicit_mechanistic	jiggers	are lethargic	jiggers are lethargic
implicit_mechanistic	jiggers	are sluggish	jiggers are sluggish
implicit_mechanistic	jiggers	are narrow-minded	jiggers are narrow-minded
implicit_mechanistic	jiggers	are robotic	jiggers are robotic
implicit_mechanistic	jigros	have no emotion	jigros have no emotion
implicit_mechanistic	jigros	lack emotion	jigros lack emotion
implicit_mechanistic	jigros	are cold	jigros are cold
implicit_mechanistic	jigros	are unemotional	jigros are unemotional
implicit_mechanistic	jigros	are detached	jigros are detached
implicit_mechanistic	jigros	are apathetic	jigros are apathetic
implicit_mechanistic	jigros	are distant	jigros are distant
implicit_mechanistic	jigros	are inactive in their lives	jigros are inactive in their lives
implicit_mechanistic	jigros	are inactive	jigros are inactive
implicit_mechanistic	jigros	are generally unresponsive	jigros are generally unresponsive
implicit_mechanistic	jigros	are set in their ways	jigros are set in their ways
implicit_mechanistic	jigros	do not change their mind	jigros do not change their mind
implicit_mechanistic	jigros	are passive	jigros are passive
implicit_mechanistic	jigros	are interchangeable	jigros are interchangeable
implicit_mechanistic	jigros	are fungible	jigros are fungible
implicit_mechanistic	jigros	are shallow	jigros are shallow
implicit_mechanistic	jigros	lack depth	jigros lack depth
implicit_mechanistic	jigros	are simplistic	jigros are simplistic
implicit_mechanistic	jigros	are inert	jigros are inert
implicit_mechanistic	jigros	are superficial	jigros are superficial
implicit_mechanistic	jigros	are unfeeling	jigros are unfeeling
implicit_mechanistic	jigros	are inflexible	jigros are inflexible
implicit_mechanistic	jigros	are one dimensional	jigros are one dimensional
implicit_mechanistic	jigros	are lethargic	jigros are lethargic
implicit_mechanistic	jigros	are sluggish	jigros are sluggish
implicit_mechanistic	jigros	are narrow-minded	jigros are narrow-minded
implicit_mechanistic	jigros	are robotic	jigros are robotic
implicit_mechanistic	kneegrows	have no emotion	kneegrows have no emotion
implicit_mechanistic	kneegrows	lack emotion	kneegrows lack emotion
implicit_mechanistic	kneegrows	are cold	kneegrows are cold
implicit_mechanistic	kneegrows	are unemotional	kneegrows are unemotional
implicit_mechanistic	kneegrows	are detached	kneegrows are detached
implicit_mechanistic	kneegrows	are apathetic	kneegrows are apathetic
implicit_mechanistic	kneegrows	are distant	kneegrows are distant
implicit_mechanistic	kneegrows	are inactive in their lives	kneegrows are inactive in their lives
implicit_mechanistic	kneegrows	are inactive	kneegrows are inactive
implicit_mechanistic	kneegrows	are generally unresponsive	kneegrows are generally unresponsive
implicit_mechanistic	kneegrows	are set in their ways	kneegrows are set in their ways
implicit_mechanistic	kneegrows	do not change their mind	kneegrows do not change their mind
implicit_mechanistic	kneegrows	are passive	kneegrows are passive
implicit_mechanistic	kneegrows	are interchangeable	kneegrows are interchangeable
implicit_mechanistic	kneegrows	are fungible	kneegrows are fungible
implicit_mechanistic	kneegrows	are shallow	kneegrows are shallow
implicit_mechanistic	kneegrows	lack depth	kneegrows lack depth
implicit_mechanistic	kneegrows	are simplistic	kneegrows are simplistic
implicit_mechanistic	kneegrows	are inert	kneegrows are inert
implicit_mechanistic	kneegrows	are superficial	kneegrows are superficial
implicit_mechanistic	kneegrows	are unfeeling	kneegrows are unfeeling
implicit_mechanistic	kneegrows	are inflexible	kneegrows are inflexible
implicit_mechanistic	kneegrows	are one dimensional	kneegrows are one dimensional
implicit_mechanistic	kneegrows	are lethargic	kneegrows are lethargic
implicit_mechanistic	kneegrows	are sluggish	kneegrows are sluggish
implicit_mechanistic	kneegrows	are narrow-minded	kneegrows are narrow-minded
implicit_mechanistic	kneegrows	are robotic	kneegrows are robotic
implicit_mechanistic	moulies	have no emotion	moulies have no emotion
implicit_mechanistic	moulies	lack emotion	moulies lack emotion
implicit_mechanistic	moulies	are cold	moulies are cold
implicit_mechanistic	moulies	are unemotional	moulies are unemotional
implicit_mechanistic	moulies	are detached	moulies are detached
implicit_mechanistic	moulies	are apathetic	moulies are apathetic
implicit_mechanistic	moulies	are distant	moulies are distant
implicit_mechanistic	moulies	are inactive in their lives	moulies are inactive in their lives
implicit_mechanistic	moulies	are inactive	moulies are inactive
implicit_mechanistic	moulies	are generally unresponsive	moulies are generally unresponsive
implicit_mechanistic	moulies	are set in their ways	moulies are set in their ways
implicit_mechanistic	moulies	do not change their mind	moulies do not change their mind
implicit_mechanistic	moulies	are passive	moulies are passive
implicit_mechanistic	moulies	are interchangeable	moulies are interchangeable
implicit_mechanistic	moulies	are fungible	moulies are fungible
implicit_mechanistic	moulies	are shallow	moulies are shallow
implicit_mechanistic	moulies	lack depth	moulies lack depth
implicit_mechanistic	moulies	are simplistic	moulies are simplistic
implicit_mechanistic	moulies	are inert	moulies are inert
implicit_mechanistic	moulies	are superficial	moulies are superficial
implicit_mechanistic	moulies	are unfeeling	moulies are unfeeling
implicit_mechanistic	moulies	are inflexible	moulies are inflexible
implicit_mechanistic	moulies	are one dimensional	moulies are one dimensional
implicit_mechanistic	moulies	are lethargic	moulies are lethargic
implicit_mechanistic	moulies	are sluggish	moulies are sluggish
implicit_mechanistic	moulies	are narrow-minded	moulies are narrow-minded
implicit_mechanistic	moulies	are robotic	moulies are robotic
implicit_mechanistic	negros	have no emotion	negros have no emotion
implicit_mechanistic	negros	lack emotion	negros lack emotion
implicit_mechanistic	negros	are cold	negros are cold
implicit_mechanistic	negros	are unemotional	negros are unemotional
implicit_mechanistic	negros	are detached	negros are detached
implicit_mechanistic	negros	are apathetic	negros are apathetic
implicit_mechanistic	negros	are distant	negros are distant
implicit_mechanistic	negros	are inactive in their lives	negros are inactive in their lives
implicit_mechanistic	negros	are inactive	negros are inactive
implicit_mechanistic	negros	are generally unresponsive	negros are generally unresponsive
implicit_mechanistic	negros	are set in their ways	negros are set in their ways
implicit_mechanistic	negros	do not change their mind	negros do not change their mind
implicit_mechanistic	negros	are passive	negros are passive
implicit_mechanistic	negros	are interchangeable	negros are interchangeable
implicit_mechanistic	negros	are fungible	negros are fungible
implicit_mechanistic	negros	are shallow	negros are shallow
implicit_mechanistic	negros	lack depth	negros lack depth
implicit_mechanistic	negros	are simplistic	negros are simplistic
implicit_mechanistic	negros	are inert	negros are inert
implicit_mechanistic	negros	are superficial	negros are superficial
implicit_mechanistic	negros	are unfeeling	negros are unfeeling
implicit_mechanistic	negros	are inflexible	negros are inflexible
implicit_mechanistic	negros	are one dimensional	negros are one dimensional
implicit_mechanistic	negros	are lethargic	negros are lethargic
implicit_mechanistic	negros	are sluggish	negros are sluggish
implicit_mechanistic	negros	are narrow-minded	negros are narrow-minded
implicit_mechanistic	negros	are robotic	negros are robotic
implicit_mechanistic	niggers	have no emotion	niggers have no emotion
implicit_mechanistic	niggers	lack emotion	niggers lack emotion
implicit_mechanistic	niggers	are cold	niggers are cold
implicit_mechanistic	niggers	are unemotional	niggers are unemotional
implicit_mechanistic	niggers	are detached	niggers are detached
implicit_mechanistic	niggers	are apathetic	niggers are apathetic
implicit_mechanistic	niggers	are distant	niggers are distant
implicit_mechanistic	niggers	are inactive in their lives	niggers are inactive in their lives
implicit_mechanistic	niggers	are inactive	niggers are inactive
implicit_mechanistic	niggers	are generally unresponsive	niggers are generally unresponsive
implicit_mechanistic	niggers	are set in their ways	niggers are set in their ways
implicit_mechanistic	niggers	do not change their mind	niggers do not change their mind
implicit_mechanistic	niggers	are passive	niggers are passive
implicit_mechanistic	niggers	are interchangeable	niggers are interchangeable
implicit_mechanistic	niggers	are fungible	niggers are fungible
implicit_mechanistic	niggers	are shallow	niggers are shallow
implicit_mechanistic	niggers	lack depth	niggers lack depth
implicit_mechanistic	niggers	are simplistic	niggers are simplistic
implicit_mechanistic	niggers	are inert	niggers are inert
implicit_mechanistic	niggers	are superficial	niggers are superficial
implicit_mechanistic	niggers	are unfeeling	niggers are unfeeling
implicit_mechanistic	niggers	are inflexible	niggers are inflexible
implicit_mechanistic	niggers	are one dimensional	niggers are one dimensional
implicit_mechanistic	niggers	are lethargic	niggers are lethargic
implicit_mechanistic	niggers	are sluggish	niggers are sluggish
implicit_mechanistic	niggers	are narrow-minded	niggers are narrow-minded
implicit_mechanistic	niggers	are robotic	niggers are robotic
implicit_mechanistic	afro-americans	have no emotion	afro-americans have no emotion
implicit_mechanistic	afro-americans	lack emotion	afro-americans lack emotion
implicit_mechanistic	afro-americans	are cold	afro-americans are cold
implicit_mechanistic	afro-americans	are unemotional	afro-americans are unemotional
implicit_mechanistic	afro-americans	are detached	afro-americans are detached
implicit_mechanistic	afro-americans	are apathetic	afro-americans are apathetic
implicit_mechanistic	afro-americans	are distant	afro-americans are distant
implicit_mechanistic	afro-americans	are inactive in their lives	afro-americans are inactive in their lives
implicit_mechanistic	afro-americans	are inactive	afro-americans are inactive
implicit_mechanistic	afro-americans	are generally unresponsive	afro-americans are generally unresponsive
implicit_mechanistic	afro-americans	are set in their ways	afro-americans are set in their ways
implicit_mechanistic	afro-americans	do not change their mind	afro-americans do not change their mind
implicit_mechanistic	afro-americans	are passive	afro-americans are passive
implicit_mechanistic	afro-americans	are interchangeable	afro-americans are interchangeable
implicit_mechanistic	afro-americans	are fungible	afro-americans are fungible
implicit_mechanistic	afro-americans	are shallow	afro-americans are shallow
implicit_mechanistic	afro-americans	lack depth	afro-americans lack depth
implicit_mechanistic	afro-americans	are simplistic	afro-americans are simplistic
implicit_mechanistic	afro-americans	are inert	afro-americans are inert
implicit_mechanistic	afro-americans	are superficial	afro-americans are superficial
implicit_mechanistic	afro-americans	are unfeeling	afro-americans are unfeeling
implicit_mechanistic	afro-americans	are inflexible	afro-americans are inflexible
implicit_mechanistic	afro-americans	are one dimensional	afro-americans are one dimensional
implicit_mechanistic	afro-americans	are lethargic	afro-americans are lethargic
implicit_mechanistic	afro-americans	are sluggish	afro-americans are sluggish
implicit_mechanistic	afro-americans	are narrow-minded	afro-americans are narrow-minded
implicit_mechanistic	afro-americans	are robotic	afro-americans are robotic
implicit_mechanistic	afromericans	have no emotion	afromericans have no emotion
implicit_mechanistic	afromericans	lack emotion	afromericans lack emotion
implicit_mechanistic	afromericans	are cold	afromericans are cold
implicit_mechanistic	afromericans	are unemotional	afromericans are unemotional
implicit_mechanistic	afromericans	are detached	afromericans are detached
implicit_mechanistic	afromericans	are apathetic	afromericans are apathetic
implicit_mechanistic	afromericans	are distant	afromericans are distant
implicit_mechanistic	afromericans	are inactive in their lives	afromericans are inactive in their lives
implicit_mechanistic	afromericans	are inactive	afromericans are inactive
implicit_mechanistic	afromericans	are generally unresponsive	afromericans are generally unresponsive
implicit_mechanistic	afromericans	are set in their ways	afromericans are set in their ways
implicit_mechanistic	afromericans	do not change their mind	afromericans do not change their mind
implicit_mechanistic	afromericans	are passive	afromericans are passive
implicit_mechanistic	afromericans	are interchangeable	afromericans are interchangeable
implicit_mechanistic	afromericans	are fungible	afromericans are fungible
implicit_mechanistic	afromericans	are shallow	afromericans are shallow
implicit_mechanistic	afromericans	lack depth	afromericans lack depth
implicit_mechanistic	afromericans	are simplistic	afromericans are simplistic
implicit_mechanistic	afromericans	are inert	afromericans are inert
implicit_mechanistic	afromericans	are superficial	afromericans are superficial
implicit_mechanistic	afromericans	are unfeeling	afromericans are unfeeling
implicit_mechanistic	afromericans	are inflexible	afromericans are inflexible
implicit_mechanistic	afromericans	are one dimensional	afromericans are one dimensional
implicit_mechanistic	afromericans	are lethargic	afromericans are lethargic
implicit_mechanistic	afromericans	are sluggish	afromericans are sluggish
implicit_mechanistic	afromericans	are narrow-minded	afromericans are narrow-minded
implicit_mechanistic	afromericans	are robotic	afromericans are robotic
implicit_mechanistic	native-americans	have no emotion	native-americans have no emotion
implicit_mechanistic	native-americans	lack emotion	native-americans lack emotion
implicit_mechanistic	native-americans	are cold	native-americans are cold
implicit_mechanistic	native-americans	are unemotional	native-americans are unemotional
implicit_mechanistic	native-americans	are detached	native-americans are detached
implicit_mechanistic	native-americans	are apathetic	native-americans are apathetic
implicit_mechanistic	native-americans	are distant	native-americans are distant
implicit_mechanistic	native-americans	are inactive in their lives	native-americans are inactive in their lives
implicit_mechanistic	native-americans	are inactive	native-americans are inactive
implicit_mechanistic	native-americans	are generally unresponsive	native-americans are generally unresponsive
implicit_mechanistic	native-americans	are set in their ways	native-americans are set in their ways
implicit_mechanistic	native-americans	do not change their mind	native-americans do not change their mind
implicit_mechanistic	native-americans	are passive	native-americans are passive
implicit_mechanistic	native-americans	are interchangeable	native-americans are interchangeable
implicit_mechanistic	native-americans	are fungible	native-americans are fungible
implicit_mechanistic	native-americans	are shallow	native-americans are shallow
implicit_mechanistic	native-americans	lack depth	native-americans lack depth
implicit_mechanistic	native-americans	are simplistic	native-americans are simplistic
implicit_mechanistic	native-americans	are inert	native-americans are inert
implicit_mechanistic	native-americans	are superficial	native-americans are superficial
implicit_mechanistic	native-americans	are unfeeling	native-americans are unfeeling
implicit_mechanistic	native-americans	are inflexible	native-americans are inflexible
implicit_mechanistic	native-americans	are one dimensional	native-americans are one dimensional
implicit_mechanistic	native-americans	are lethargic	native-americans are lethargic
implicit_mechanistic	native-americans	are sluggish	native-americans are sluggish
implicit_mechanistic	native-americans	are narrow-minded	native-americans are narrow-minded
implicit_mechanistic	native-americans	are robotic	native-americans are robotic
implicit_mechanistic	women	have no emotion	women have no emotion
implicit_mechanistic	women	lack emotion	women lack emotion
implicit_mechanistic	women	are cold	women are cold
implicit_mechanistic	women	are unemotional	women are unemotional
implicit_mechanistic	women	are detached	women are detached
implicit_mechanistic	women	are apathetic	women are apathetic
implicit_mechanistic	women	are distant	women are distant
implicit_mechanistic	women	are inactive in their lives	women are inactive in their lives
implicit_mechanistic	women	are inactive	women are inactive
implicit_mechanistic	women	are generally unresponsive	women are generally unresponsive
implicit_mechanistic	women	are set in their ways	women are set in their ways
implicit_mechanistic	women	do not change their mind	women do not change their mind
implicit_mechanistic	women	are passive	women are passive
implicit_mechanistic	women	are interchangeable	women are interchangeable
implicit_mechanistic	women	are fungible	women are fungible
implicit_mechanistic	women	are shallow	women are shallow
implicit_mechanistic	women	lack depth	women lack depth
implicit_mechanistic	women	are simplistic	women are simplistic
implicit_mechanistic	women	are inert	women are inert
implicit_mechanistic	women	are superficial	women are superficial
implicit_mechanistic	women	are unfeeling	women are unfeeling
implicit_mechanistic	women	are inflexible	women are inflexible
implicit_mechanistic	women	are one dimensional	women are one dimensional
implicit_mechanistic	women	are lethargic	women are lethargic
implicit_mechanistic	women	are sluggish	women are sluggish
implicit_mechanistic	women	are narrow-minded	women are narrow-minded
implicit_mechanistic	women	are robotic	women are robotic
implicit_mechanistic	girls	have no emotion	girls have no emotion
implicit_mechanistic	girls	lack emotion	girls lack emotion
implicit_mechanistic	girls	are cold	girls are cold
implicit_mechanistic	girls	are unemotional	girls are unemotional
implicit_mechanistic	girls	are detached	girls are detached
implicit_mechanistic	girls	are apathetic	girls are apathetic
implicit_mechanistic	girls	are distant	girls are distant
implicit_mechanistic	girls	are inactive in their lives	girls are inactive in their lives
implicit_mechanistic	girls	are inactive	girls are inactive
implicit_mechanistic	girls	are generally unresponsive	girls are generally unresponsive
implicit_mechanistic	girls	are set in their ways	girls are set in their ways
implicit_mechanistic	girls	do not change their mind	girls do not change their mind
implicit_mechanistic	girls	are passive	girls are passive
implicit_mechanistic	girls	are interchangeable	girls are interchangeable
implicit_mechanistic	girls	are fungible	girls are fungible
implicit_mechanistic	girls	are shallow	girls are shallow
implicit_mechanistic	girls	lack depth	girls lack depth
implicit_mechanistic	girls	are simplistic	girls are simplistic
implicit_mechanistic	girls	are inert	girls are inert
implicit_mechanistic	girls	are superficial	girls are superficial
implicit_mechanistic	girls	are unfeeling	girls are unfeeling
implicit_mechanistic	girls	are inflexible	girls are inflexible
implicit_mechanistic	girls	are one dimensional	girls are one dimensional
implicit_mechanistic	girls	are lethargic	girls are lethargic
implicit_mechanistic	girls	are sluggish	girls are sluggish
implicit_mechanistic	girls	are narrow-minded	girls are narrow-minded
implicit_mechanistic	girls	are robotic	girls are robotic
implicit_mechanistic	bitches	have no emotion	bitches have no emotion
implicit_mechanistic	bitches	lack emotion	bitches lack emotion
implicit_mechanistic	bitches	are cold	bitches are cold
implicit_mechanistic	bitches	are unemotional	bitches are unemotional
implicit_mechanistic	bitches	are detached	bitches are detached
implicit_mechanistic	bitches	are apathetic	bitches are apathetic
implicit_mechanistic	bitches	are distant	bitches are distant
implicit_mechanistic	bitches	are inactive in their lives	bitches are inactive in their lives
implicit_mechanistic	bitches	are inactive	bitches are inactive
implicit_mechanistic	bitches	are generally unresponsive	bitches are generally unresponsive
implicit_mechanistic	bitches	are set in their ways	bitches are set in their ways
implicit_mechanistic	bitches	do not change their mind	bitches do not change their mind
implicit_mechanistic	bitches	are passive	bitches are passive
implicit_mechanistic	bitches	are interchangeable	bitches are interchangeable
implicit_mechanistic	bitches	are fungible	bitches are fungible
implicit_mechanistic	bitches	are shallow	bitches are shallow
implicit_mechanistic	bitches	lack depth	bitches lack depth
implicit_mechanistic	bitches	are simplistic	bitches are simplistic
implicit_mechanistic	bitches	are inert	bitches are inert
implicit_mechanistic	bitches	are superficial	bitches are superficial
implicit_mechanistic	bitches	are unfeeling	bitches are unfeeling
implicit_mechanistic	bitches	are inflexible	bitches are inflexible
implicit_mechanistic	bitches	are one dimensional	bitches are one dimensional
implicit_mechanistic	bitches	are lethargic	bitches are lethargic
implicit_mechanistic	bitches	are sluggish	bitches are sluggish
implicit_mechanistic	bitches	are narrow-minded	bitches are narrow-minded
implicit_mechanistic	bitches	are robotic	bitches are robotic
implicit_mechanistic	cunts	have no emotion	cunts have no emotion
implicit_mechanistic	cunts	lack emotion	cunts lack emotion
implicit_mechanistic	cunts	are cold	cunts are cold
implicit_mechanistic	cunts	are unemotional	cunts are unemotional
implicit_mechanistic	cunts	are detached	cunts are detached
implicit_mechanistic	cunts	are apathetic	cunts are apathetic
implicit_mechanistic	cunts	are distant	cunts are distant
implicit_mechanistic	cunts	are inactive in their lives	cunts are inactive in their lives
implicit_mechanistic	cunts	are inactive	cunts are inactive
implicit_mechanistic	cunts	are generally unresponsive	cunts are generally unresponsive
implicit_mechanistic	cunts	are set in their ways	cunts are set in their ways
implicit_mechanistic	cunts	do not change their mind	cunts do not change their mind
implicit_mechanistic	cunts	are passive	cunts are passive
implicit_mechanistic	cunts	are interchangeable	cunts are interchangeable
implicit_mechanistic	cunts	are fungible	cunts are fungible
implicit_mechanistic	cunts	are shallow	cunts are shallow
implicit_mechanistic	cunts	lack depth	cunts lack depth
implicit_mechanistic	cunts	are simplistic	cunts are simplistic
implicit_mechanistic	cunts	are inert	cunts are inert
implicit_mechanistic	cunts	are superficial	cunts are superficial
implicit_mechanistic	cunts	are unfeeling	cunts are unfeeling
implicit_mechanistic	cunts	are inflexible	cunts are inflexible
implicit_mechanistic	cunts	are one dimensional	cunts are one dimensional
implicit_mechanistic	cunts	are lethargic	cunts are lethargic
implicit_mechanistic	cunts	are sluggish	cunts are sluggish
implicit_mechanistic	cunts	are narrow-minded	cunts are narrow-minded
implicit_mechanistic	cunts	are robotic	cunts are robotic
implicit_mechanistic	dykes	have no emotion	dykes have no emotion
implicit_mechanistic	dykes	lack emotion	dykes lack emotion
implicit_mechanistic	dykes	are cold	dykes are cold
implicit_mechanistic	dykes	are unemotional	dykes are unemotional
implicit_mechanistic	dykes	are detached	dykes are detached
implicit_mechanistic	dykes	are apathetic	dykes are apathetic
implicit_mechanistic	dykes	are distant	dykes are distant
implicit_mechanistic	dykes	are inactive in their lives	dykes are inactive in their lives
implicit_mechanistic	dykes	are inactive	dykes are inactive
implicit_mechanistic	dykes	are generally unresponsive	dykes are generally unresponsive
implicit_mechanistic	dykes	are set in their ways	dykes are set in their ways
implicit_mechanistic	dykes	do not change their mind	dykes do not change their mind
implicit_mechanistic	dykes	are passive	dykes are passive
implicit_mechanistic	dykes	are interchangeable	dykes are interchangeable
implicit_mechanistic	dykes	are fungible	dykes are fungible
implicit_mechanistic	dykes	are shallow	dykes are shallow
implicit_mechanistic	dykes	lack depth	dykes lack depth
implicit_mechanistic	dykes	are simplistic	dykes are simplistic
implicit_mechanistic	dykes	are inert	dykes are inert
implicit_mechanistic	dykes	are superficial	dykes are superficial
implicit_mechanistic	dykes	are unfeeling	dykes are unfeeling
implicit_mechanistic	dykes	are inflexible	dykes are inflexible
implicit_mechanistic	dykes	are one dimensional	dykes are one dimensional
implicit_mechanistic	dykes	are lethargic	dykes are lethargic
implicit_mechanistic	dykes	are sluggish	dykes are sluggish
implicit_mechanistic	dykes	are narrow-minded	dykes are narrow-minded
implicit_mechanistic	dykes	are robotic	dykes are robotic
implicit_mechanistic	pussies	have no emotion	pussies have no emotion
implicit_mechanistic	pussies	lack emotion	pussies lack emotion
implicit_mechanistic	pussies	are cold	pussies are cold
implicit_mechanistic	pussies	are unemotional	pussies are unemotional
implicit_mechanistic	pussies	are detached	pussies are detached
implicit_mechanistic	pussies	are apathetic	pussies are apathetic
implicit_mechanistic	pussies	are distant	pussies are distant
implicit_mechanistic	pussies	are inactive in their lives	pussies are inactive in their lives
implicit_mechanistic	pussies	are inactive	pussies are inactive
implicit_mechanistic	pussies	are generally unresponsive	pussies are generally unresponsive
implicit_mechanistic	pussies	are set in their ways	pussies are set in their ways
implicit_mechanistic	pussies	do not change their mind	pussies do not change their mind
implicit_mechanistic	pussies	are passive	pussies are passive
implicit_mechanistic	pussies	are interchangeable	pussies are interchangeable
implicit_mechanistic	pussies	are fungible	pussies are fungible
implicit_mechanistic	pussies	are shallow	pussies are shallow
implicit_mechanistic	pussies	lack depth	pussies lack depth
implicit_mechanistic	pussies	are simplistic	pussies are simplistic
implicit_mechanistic	pussies	are inert	pussies are inert
implicit_mechanistic	pussies	are superficial	pussies are superficial
implicit_mechanistic	pussies	are unfeeling	pussies are unfeeling
implicit_mechanistic	pussies	are inflexible	pussies are inflexible
implicit_mechanistic	pussies	are one dimensional	pussies are one dimensional
implicit_mechanistic	pussies	are lethargic	pussies are lethargic
implicit_mechanistic	pussies	are sluggish	pussies are sluggish
implicit_mechanistic	pussies	are narrow-minded	pussies are narrow-minded
implicit_mechanistic	pussies	are robotic	pussies are robotic
implicit_mechanistic	hoes	have no emotion	hoes have no emotion
implicit_mechanistic	hoes	lack emotion	hoes lack emotion
implicit_mechanistic	hoes	are cold	hoes are cold
implicit_mechanistic	hoes	are unemotional	hoes are unemotional
implicit_mechanistic	hoes	are detached	hoes are detached
implicit_mechanistic	hoes	are apathetic	hoes are apathetic
implicit_mechanistic	hoes	are distant	hoes are distant
implicit_mechanistic	hoes	are inactive in their lives	hoes are inactive in their lives
implicit_mechanistic	hoes	are inactive	hoes are inactive
implicit_mechanistic	hoes	are generally unresponsive	hoes are generally unresponsive
implicit_mechanistic	hoes	are set in their ways	hoes are set in their ways
implicit_mechanistic	hoes	do not change their mind	hoes do not change their mind
implicit_mechanistic	hoes	are passive	hoes are passive
implicit_mechanistic	hoes	are interchangeable	hoes are interchangeable
implicit_mechanistic	hoes	are fungible	hoes are fungible
implicit_mechanistic	hoes	are shallow	hoes are shallow
implicit_mechanistic	hoes	lack depth	hoes lack depth
implicit_mechanistic	hoes	are simplistic	hoes are simplistic
implicit_mechanistic	hoes	are inert	hoes are inert
implicit_mechanistic	hoes	are superficial	hoes are superficial
implicit_mechanistic	hoes	are unfeeling	hoes are unfeeling
implicit_mechanistic	hoes	are inflexible	hoes are inflexible
implicit_mechanistic	hoes	are one dimensional	hoes are one dimensional
implicit_mechanistic	hoes	are lethargic	hoes are lethargic
implicit_mechanistic	hoes	are sluggish	hoes are sluggish
implicit_mechanistic	hoes	are narrow-minded	hoes are narrow-minded
implicit_mechanistic	hoes	are robotic	hoes are robotic
implicit_mechanistic	bints	have no emotion	bints have no emotion
implicit_mechanistic	bints	lack emotion	bints lack emotion
implicit_mechanistic	bints	are cold	bints are cold
implicit_mechanistic	bints	are unemotional	bints are unemotional
implicit_mechanistic	bints	are detached	bints are detached
implicit_mechanistic	bints	are apathetic	bints are apathetic
implicit_mechanistic	bints	are distant	bints are distant
implicit_mechanistic	bints	are inactive in their lives	bints are inactive in their lives
implicit_mechanistic	bints	are inactive	bints are inactive
implicit_mechanistic	bints	are generally unresponsive	bints are generally unresponsive
implicit_mechanistic	bints	are set in their ways	bints are set in their ways
implicit_mechanistic	bints	do not change their mind	bints do not change their mind
implicit_mechanistic	bints	are passive	bints are passive
implicit_mechanistic	bints	are interchangeable	bints are interchangeable
implicit_mechanistic	bints	are fungible	bints are fungible
implicit_mechanistic	bints	are shallow	bints are shallow
implicit_mechanistic	bints	lack depth	bints lack depth
implicit_mechanistic	bints	are simplistic	bints are simplistic
implicit_mechanistic	bints	are inert	bints are inert
implicit_mechanistic	bints	are superficial	bints are superficial
implicit_mechanistic	bints	are unfeeling	bints are unfeeling
implicit_mechanistic	bints	are inflexible	bints are inflexible
implicit_mechanistic	bints	are one dimensional	bints are one dimensional
implicit_mechanistic	bints	are lethargic	bints are lethargic
implicit_mechanistic	bints	are sluggish	bints are sluggish
implicit_mechanistic	bints	are narrow-minded	bints are narrow-minded
implicit_mechanistic	bints	are robotic	bints are robotic
implicit_mechanistic	females	have no emotion	females have no emotion
implicit_mechanistic	females	lack emotion	females lack emotion
implicit_mechanistic	females	are cold	females are cold
implicit_mechanistic	females	are unemotional	females are unemotional
implicit_mechanistic	females	are detached	females are detached
implicit_mechanistic	females	are apathetic	females are apathetic
implicit_mechanistic	females	are distant	females are distant
implicit_mechanistic	females	are inactive in their lives	females are inactive in their lives
implicit_mechanistic	females	are inactive	females are inactive
implicit_mechanistic	females	are generally unresponsive	females are generally unresponsive
implicit_mechanistic	females	are set in their ways	females are set in their ways
implicit_mechanistic	females	do not change their mind	females do not change their mind
implicit_mechanistic	females	are passive	females are passive
implicit_mechanistic	females	are interchangeable	females are interchangeable
implicit_mechanistic	females	are fungible	females are fungible
implicit_mechanistic	females	are shallow	females are shallow
implicit_mechanistic	females	lack depth	females lack depth
implicit_mechanistic	females	are simplistic	females are simplistic
implicit_mechanistic	females	are inert	females are inert
implicit_mechanistic	females	are superficial	females are superficial
implicit_mechanistic	females	are unfeeling	females are unfeeling
implicit_mechanistic	females	are inflexible	females are inflexible
implicit_mechanistic	females	are one dimensional	females are one dimensional
implicit_mechanistic	females	are lethargic	females are lethargic
implicit_mechanistic	females	are sluggish	females are sluggish
implicit_mechanistic	females	are narrow-minded	females are narrow-minded
implicit_mechanistic	females	are robotic	females are robotic
implicit_mechanistic	shemales	have no emotion	shemales have no emotion
implicit_mechanistic	shemales	lack emotion	shemales lack emotion
implicit_mechanistic	shemales	are cold	shemales are cold
implicit_mechanistic	shemales	are unemotional	shemales are unemotional
implicit_mechanistic	shemales	are detached	shemales are detached
implicit_mechanistic	shemales	are apathetic	shemales are apathetic
implicit_mechanistic	shemales	are distant	shemales are distant
implicit_mechanistic	shemales	are inactive in their lives	shemales are inactive in their lives
implicit_mechanistic	shemales	are inactive	shemales are inactive
implicit_mechanistic	shemales	are generally unresponsive	shemales are generally unresponsive
implicit_mechanistic	shemales	are set in their ways	shemales are set in their ways
implicit_mechanistic	shemales	do not change their mind	shemales do not change their mind
implicit_mechanistic	shemales	are passive	shemales are passive
implicit_mechanistic	shemales	are interchangeable	shemales are interchangeable
implicit_mechanistic	shemales	are fungible	shemales are fungible
implicit_mechanistic	shemales	are shallow	shemales are shallow
implicit_mechanistic	shemales	lack depth	shemales lack depth
implicit_mechanistic	shemales	are simplistic	shemales are simplistic
implicit_mechanistic	shemales	are inert	shemales are inert
implicit_mechanistic	shemales	are superficial	shemales are superficial
implicit_mechanistic	shemales	are unfeeling	shemales are unfeeling
implicit_mechanistic	shemales	are inflexible	shemales are inflexible
implicit_mechanistic	shemales	are one dimensional	shemales are one dimensional
implicit_mechanistic	shemales	are lethargic	shemales are lethargic
implicit_mechanistic	shemales	are sluggish	shemales are sluggish
implicit_mechanistic	shemales	are narrow-minded	shemales are narrow-minded
implicit_mechanistic	shemales	are robotic	shemales are robotic
implicit_mechanistic	transexuals	have no emotion	transexuals have no emotion
implicit_mechanistic	transexuals	lack emotion	transexuals lack emotion
implicit_mechanistic	transexuals	are cold	transexuals are cold
implicit_mechanistic	transexuals	are unemotional	transexuals are unemotional
implicit_mechanistic	transexuals	are detached	transexuals are detached
implicit_mechanistic	transexuals	are apathetic	transexuals are apathetic
implicit_mechanistic	transexuals	are distant	transexuals are distant
implicit_mechanistic	transexuals	are inactive in their lives	transexuals are inactive in their lives
implicit_mechanistic	transexuals	are inactive	transexuals are inactive
implicit_mechanistic	transexuals	are generally unresponsive	transexuals are generally unresponsive
implicit_mechanistic	transexuals	are set in their ways	transexuals are set in their ways
implicit_mechanistic	transexuals	do not change their mind	transexuals do not change their mind
implicit_mechanistic	transexuals	are passive	transexuals are passive
implicit_mechanistic	transexuals	are interchangeable	transexuals are interchangeable
implicit_mechanistic	transexuals	are fungible	transexuals are fungible
implicit_mechanistic	transexuals	are shallow	transexuals are shallow
implicit_mechanistic	transexuals	lack depth	transexuals lack depth
implicit_mechanistic	transexuals	are simplistic	transexuals are simplistic
implicit_mechanistic	transexuals	are inert	transexuals are inert
implicit_mechanistic	transexuals	are superficial	transexuals are superficial
implicit_mechanistic	transexuals	are unfeeling	transexuals are unfeeling
implicit_mechanistic	transexuals	are inflexible	transexuals are inflexible
implicit_mechanistic	transexuals	are one dimensional	transexuals are one dimensional
implicit_mechanistic	transexuals	are lethargic	transexuals are lethargic
implicit_mechanistic	transexuals	are sluggish	transexuals are sluggish
implicit_mechanistic	transexuals	are narrow-minded	transexuals are narrow-minded
implicit_mechanistic	transexuals	are robotic	transexuals are robotic
implicit_mechanistic	twats	have no emotion	twats have no emotion
implicit_mechanistic	twats	lack emotion	twats lack emotion
implicit_mechanistic	twats	are cold	twats are cold
implicit_mechanistic	twats	are unemotional	twats are unemotional
implicit_mechanistic	twats	are detached	twats are detached
implicit_mechanistic	twats	are apathetic	twats are apathetic
implicit_mechanistic	twats	are distant	twats are distant
implicit_mechanistic	twats	are inactive in their lives	twats are inactive in their lives
implicit_mechanistic	twats	are inactive	twats are inactive
implicit_mechanistic	twats	are generally unresponsive	twats are generally unresponsive
implicit_mechanistic	twats	are set in their ways	twats are set in their ways
implicit_mechanistic	twats	do not change their mind	twats do not change their mind
implicit_mechanistic	twats	are passive	twats are passive
implicit_mechanistic	twats	are interchangeable	twats are interchangeable
implicit_mechanistic	twats	are fungible	twats are fungible
implicit_mechanistic	twats	are shallow	twats are shallow
implicit_mechanistic	twats	lack depth	twats lack depth
implicit_mechanistic	twats	are simplistic	twats are simplistic
implicit_mechanistic	twats	are inert	twats are inert
implicit_mechanistic	twats	are superficial	twats are superficial
implicit_mechanistic	twats	are unfeeling	twats are unfeeling
implicit_mechanistic	twats	are inflexible	twats are inflexible
implicit_mechanistic	twats	are one dimensional	twats are one dimensional
implicit_mechanistic	twats	are lethargic	twats are lethargic
implicit_mechanistic	twats	are sluggish	twats are sluggish
implicit_mechanistic	twats	are narrow-minded	twats are narrow-minded
implicit_mechanistic	twats	are robotic	twats are robotic
implicit_mechanistic	asexuals	have no emotion	asexuals have no emotion
implicit_mechanistic	asexuals	lack emotion	asexuals lack emotion
implicit_mechanistic	asexuals	are cold	asexuals are cold
implicit_mechanistic	asexuals	are unemotional	asexuals are unemotional
implicit_mechanistic	asexuals	are detached	asexuals are detached
implicit_mechanistic	asexuals	are apathetic	asexuals are apathetic
implicit_mechanistic	asexuals	are distant	asexuals are distant
implicit_mechanistic	asexuals	are inactive in their lives	asexuals are inactive in their lives
implicit_mechanistic	asexuals	are inactive	asexuals are inactive
implicit_mechanistic	asexuals	are generally unresponsive	asexuals are generally unresponsive
implicit_mechanistic	asexuals	are set in their ways	asexuals are set in their ways
implicit_mechanistic	asexuals	do not change their mind	asexuals do not change their mind
implicit_mechanistic	asexuals	are passive	asexuals are passive
implicit_mechanistic	asexuals	are interchangeable	asexuals are interchangeable
implicit_mechanistic	asexuals	are fungible	asexuals are fungible
implicit_mechanistic	asexuals	are shallow	asexuals are shallow
implicit_mechanistic	asexuals	lack depth	asexuals lack depth
implicit_mechanistic	asexuals	are simplistic	asexuals are simplistic
implicit_mechanistic	asexuals	are inert	asexuals are inert
implicit_mechanistic	asexuals	are superficial	asexuals are superficial
implicit_mechanistic	asexuals	are unfeeling	asexuals are unfeeling
implicit_mechanistic	asexuals	are inflexible	asexuals are inflexible
implicit_mechanistic	asexuals	are one dimensional	asexuals are one dimensional
implicit_mechanistic	asexuals	are lethargic	asexuals are lethargic
implicit_mechanistic	asexuals	are sluggish	asexuals are sluggish
implicit_mechanistic	asexuals	are narrow-minded	asexuals are narrow-minded
implicit_mechanistic	asexuals	are robotic	asexuals are robotic
implicit_mechanistic	faggots	have no emotion	faggots have no emotion
implicit_mechanistic	faggots	lack emotion	faggots lack emotion
implicit_mechanistic	faggots	are cold	faggots are cold
implicit_mechanistic	faggots	are unemotional	faggots are unemotional
implicit_mechanistic	faggots	are detached	faggots are detached
implicit_mechanistic	faggots	are apathetic	faggots are apathetic
implicit_mechanistic	faggots	are distant	faggots are distant
implicit_mechanistic	faggots	are inactive in their lives	faggots are inactive in their lives
implicit_mechanistic	faggots	are inactive	faggots are inactive
implicit_mechanistic	faggots	are generally unresponsive	faggots are generally unresponsive
implicit_mechanistic	faggots	are set in their ways	faggots are set in their ways
implicit_mechanistic	faggots	do not change their mind	faggots do not change their mind
implicit_mechanistic	faggots	are passive	faggots are passive
implicit_mechanistic	faggots	are interchangeable	faggots are interchangeable
implicit_mechanistic	faggots	are fungible	faggots are fungible
implicit_mechanistic	faggots	are shallow	faggots are shallow
implicit_mechanistic	faggots	lack depth	faggots lack depth
implicit_mechanistic	faggots	are simplistic	faggots are simplistic
implicit_mechanistic	faggots	are inert	faggots are inert
implicit_mechanistic	faggots	are superficial	faggots are superficial
implicit_mechanistic	faggots	are unfeeling	faggots are unfeeling
implicit_mechanistic	faggots	are inflexible	faggots are inflexible
implicit_mechanistic	faggots	are one dimensional	faggots are one dimensional
implicit_mechanistic	faggots	are lethargic	faggots are lethargic
implicit_mechanistic	faggots	are sluggish	faggots are sluggish
implicit_mechanistic	faggots	are narrow-minded	faggots are narrow-minded
implicit_mechanistic	faggots	are robotic	faggots are robotic
implicit_mechanistic	homosexuals	have no emotion	homosexuals have no emotion
implicit_mechanistic	homosexuals	lack emotion	homosexuals lack emotion
implicit_mechanistic	homosexuals	are cold	homosexuals are cold
implicit_mechanistic	homosexuals	are unemotional	homosexuals are unemotional
implicit_mechanistic	homosexuals	are detached	homosexuals are detached
implicit_mechanistic	homosexuals	are apathetic	homosexuals are apathetic
implicit_mechanistic	homosexuals	are distant	homosexuals are distant
implicit_mechanistic	homosexuals	are inactive in their lives	homosexuals are inactive in their lives
implicit_mechanistic	homosexuals	are inactive	homosexuals are inactive
implicit_mechanistic	homosexuals	are generally unresponsive	homosexuals are generally unresponsive
implicit_mechanistic	homosexuals	are set in their ways	homosexuals are set in their ways
implicit_mechanistic	homosexuals	do not change their mind	homosexuals do not change their mind
implicit_mechanistic	homosexuals	are passive	homosexuals are passive
implicit_mechanistic	homosexuals	are interchangeable	homosexuals are interchangeable
implicit_mechanistic	homosexuals	are fungible	homosexuals are fungible
implicit_mechanistic	homosexuals	are shallow	homosexuals are shallow
implicit_mechanistic	homosexuals	lack depth	homosexuals lack depth
implicit_mechanistic	homosexuals	are simplistic	homosexuals are simplistic
implicit_mechanistic	homosexuals	are inert	homosexuals are inert
implicit_mechanistic	homosexuals	are superficial	homosexuals are superficial
implicit_mechanistic	homosexuals	are unfeeling	homosexuals are unfeeling
implicit_mechanistic	homosexuals	are inflexible	homosexuals are inflexible
implicit_mechanistic	homosexuals	are one dimensional	homosexuals are one dimensional
implicit_mechanistic	homosexuals	are lethargic	homosexuals are lethargic
implicit_mechanistic	homosexuals	are sluggish	homosexuals are sluggish
implicit_mechanistic	homosexuals	are narrow-minded	homosexuals are narrow-minded
implicit_mechanistic	homosexuals	are robotic	homosexuals are robotic
implicit_mechanistic	americans	have no emotion	americans have no emotion
implicit_mechanistic	americans	lack emotion	americans lack emotion
implicit_mechanistic	americans	are cold	americans are cold
implicit_mechanistic	americans	are unemotional	americans are unemotional
implicit_mechanistic	americans	are detached	americans are detached
implicit_mechanistic	americans	are apathetic	americans are apathetic
implicit_mechanistic	americans	are distant	americans are distant
implicit_mechanistic	americans	are inactive in their lives	americans are inactive in their lives
implicit_mechanistic	americans	are inactive	americans are inactive
implicit_mechanistic	americans	are generally unresponsive	americans are generally unresponsive
implicit_mechanistic	americans	are set in their ways	americans are set in their ways
implicit_mechanistic	americans	do not change their mind	americans do not change their mind
implicit_mechanistic	americans	are passive	americans are passive
implicit_mechanistic	americans	are interchangeable	americans are interchangeable
implicit_mechanistic	americans	are fungible	americans are fungible
implicit_mechanistic	americans	are shallow	americans are shallow
implicit_mechanistic	americans	lack depth	americans lack depth
implicit_mechanistic	americans	are simplistic	americans are simplistic
implicit_mechanistic	americans	are inert	americans are inert
implicit_mechanistic	americans	are superficial	americans are superficial
implicit_mechanistic	americans	are unfeeling	americans are unfeeling
implicit_mechanistic	americans	are inflexible	americans are inflexible
implicit_mechanistic	americans	are one dimensional	americans are one dimensional
implicit_mechanistic	americans	are lethargic	americans are lethargic
implicit_mechanistic	americans	are sluggish	americans are sluggish
implicit_mechanistic	americans	are narrow-minded	americans are narrow-minded
implicit_mechanistic	americans	are robotic	americans are robotic
implicit_mechanistic	asians	have no emotion	asians have no emotion
implicit_mechanistic	asians	lack emotion	asians lack emotion
implicit_mechanistic	asians	are cold	asians are cold
implicit_mechanistic	asians	are unemotional	asians are unemotional
implicit_mechanistic	asians	are detached	asians are detached
implicit_mechanistic	asians	are apathetic	asians are apathetic
implicit_mechanistic	asians	are distant	asians are distant
implicit_mechanistic	asians	are inactive in their lives	asians are inactive in their lives
implicit_mechanistic	asians	are inactive	asians are inactive
implicit_mechanistic	asians	are generally unresponsive	asians are generally unresponsive
implicit_mechanistic	asians	are set in their ways	asians are set in their ways
implicit_mechanistic	asians	do not change their mind	asians do not change their mind
implicit_mechanistic	asians	are passive	asians are passive
implicit_mechanistic	asians	are interchangeable	asians are interchangeable
implicit_mechanistic	asians	are fungible	asians are fungible
implicit_mechanistic	asians	are shallow	asians are shallow
implicit_mechanistic	asians	lack depth	asians lack depth
implicit_mechanistic	asians	are simplistic	asians are simplistic
implicit_mechanistic	asians	are inert	asians are inert
implicit_mechanistic	asians	are superficial	asians are superficial
implicit_mechanistic	asians	are unfeeling	asians are unfeeling
implicit_mechanistic	asians	are inflexible	asians are inflexible
implicit_mechanistic	asians	are one dimensional	asians are one dimensional
implicit_mechanistic	asians	are lethargic	asians are lethargic
implicit_mechanistic	asians	are sluggish	asians are sluggish
implicit_mechanistic	asians	are narrow-minded	asians are narrow-minded
implicit_mechanistic	asians	are robotic	asians are robotic
implicit_mechanistic	turks	have no emotion	turks have no emotion
implicit_mechanistic	turks	lack emotion	turks lack emotion
implicit_mechanistic	turks	are cold	turks are cold
implicit_mechanistic	turks	are unemotional	turks are unemotional
implicit_mechanistic	turks	are detached	turks are detached
implicit_mechanistic	turks	are apathetic	turks are apathetic
implicit_mechanistic	turks	are distant	turks are distant
implicit_mechanistic	turks	are inactive in their lives	turks are inactive in their lives
implicit_mechanistic	turks	are inactive	turks are inactive
implicit_mechanistic	turks	are generally unresponsive	turks are generally unresponsive
implicit_mechanistic	turks	are set in their ways	turks are set in their ways
implicit_mechanistic	turks	do not change their mind	turks do not change their mind
implicit_mechanistic	turks	are passive	turks are passive
implicit_mechanistic	turks	are interchangeable	turks are interchangeable
implicit_mechanistic	turks	are fungible	turks are fungible
implicit_mechanistic	turks	are shallow	turks are shallow
implicit_mechanistic	turks	lack depth	turks lack depth
implicit_mechanistic	turks	are simplistic	turks are simplistic
implicit_mechanistic	turks	are inert	turks are inert
implicit_mechanistic	turks	are superficial	turks are superficial
implicit_mechanistic	turks	are unfeeling	turks are unfeeling
implicit_mechanistic	turks	are inflexible	turks are inflexible
implicit_mechanistic	turks	are one dimensional	turks are one dimensional
implicit_mechanistic	turks	are lethargic	turks are lethargic
implicit_mechanistic	turks	are sluggish	turks are sluggish
implicit_mechanistic	turks	are narrow-minded	turks are narrow-minded
implicit_mechanistic	turks	are robotic	turks are robotic
implicit_mechanistic	arabs	have no emotion	arabs have no emotion
implicit_mechanistic	arabs	lack emotion	arabs lack emotion
implicit_mechanistic	arabs	are cold	arabs are cold
implicit_mechanistic	arabs	are unemotional	arabs are unemotional
implicit_mechanistic	arabs	are detached	arabs are detached
implicit_mechanistic	arabs	are apathetic	arabs are apathetic
implicit_mechanistic	arabs	are distant	arabs are distant
implicit_mechanistic	arabs	are inactive in their lives	arabs are inactive in their lives
implicit_mechanistic	arabs	are inactive	arabs are inactive
implicit_mechanistic	arabs	are generally unresponsive	arabs are generally unresponsive
implicit_mechanistic	arabs	are set in their ways	arabs are set in their ways
implicit_mechanistic	arabs	do not change their mind	arabs do not change their mind
implicit_mechanistic	arabs	are passive	arabs are passive
implicit_mechanistic	arabs	are interchangeable	arabs are interchangeable
implicit_mechanistic	arabs	are fungible	arabs are fungible
implicit_mechanistic	arabs	are shallow	arabs are shallow
implicit_mechanistic	arabs	lack depth	arabs lack depth
implicit_mechanistic	arabs	are simplistic	arabs are simplistic
implicit_mechanistic	arabs	are inert	arabs are inert
implicit_mechanistic	arabs	are superficial	arabs are superficial
implicit_mechanistic	arabs	are unfeeling	arabs are unfeeling
implicit_mechanistic	arabs	are inflexible	arabs are inflexible
implicit_mechanistic	arabs	are one dimensional	arabs are one dimensional
implicit_mechanistic	arabs	are lethargic	arabs are lethargic
implicit_mechanistic	arabs	are sluggish	arabs are sluggish
implicit_mechanistic	arabs	are narrow-minded	arabs are narrow-minded
implicit_mechanistic	arabs	are robotic	arabs are robotic
implicit_mechanistic	chinese	have no emotion	chinese have no emotion
implicit_mechanistic	chinese	lack emotion	chinese lack emotion
implicit_mechanistic	chinese	are cold	chinese are cold
implicit_mechanistic	chinese	are unemotional	chinese are unemotional
implicit_mechanistic	chinese	are detached	chinese are detached
implicit_mechanistic	chinese	are apathetic	chinese are apathetic
implicit_mechanistic	chinese	are distant	chinese are distant
implicit_mechanistic	chinese	are inactive in their lives	chinese are inactive in their lives
implicit_mechanistic	chinese	are inactive	chinese are inactive
implicit_mechanistic	chinese	are generally unresponsive	chinese are generally unresponsive
implicit_mechanistic	chinese	are set in their ways	chinese are set in their ways
implicit_mechanistic	chinese	do not change their mind	chinese do not change their mind
implicit_mechanistic	chinese	are passive	chinese are passive
implicit_mechanistic	chinese	are interchangeable	chinese are interchangeable
implicit_mechanistic	chinese	are fungible	chinese are fungible
implicit_mechanistic	chinese	are shallow	chinese are shallow
implicit_mechanistic	chinese	lack depth	chinese lack depth
implicit_mechanistic	chinese	are simplistic	chinese are simplistic
implicit_mechanistic	chinese	are inert	chinese are inert
implicit_mechanistic	chinese	are superficial	chinese are superficial
implicit_mechanistic	chinese	are unfeeling	chinese are unfeeling
implicit_mechanistic	chinese	are inflexible	chinese are inflexible
implicit_mechanistic	chinese	are one dimensional	chinese are one dimensional
implicit_mechanistic	chinese	are lethargic	chinese are lethargic
implicit_mechanistic	chinese	are sluggish	chinese are sluggish
implicit_mechanistic	chinese	are narrow-minded	chinese are narrow-minded
implicit_mechanistic	chinese	are robotic	chinese are robotic
implicit_mechanistic	mexicans	have no emotion	mexicans have no emotion
implicit_mechanistic	mexicans	lack emotion	mexicans lack emotion
implicit_mechanistic	mexicans	are cold	mexicans are cold
implicit_mechanistic	mexicans	are unemotional	mexicans are unemotional
implicit_mechanistic	mexicans	are detached	mexicans are detached
implicit_mechanistic	mexicans	are apathetic	mexicans are apathetic
implicit_mechanistic	mexicans	are distant	mexicans are distant
implicit_mechanistic	mexicans	are inactive in their lives	mexicans are inactive in their lives
implicit_mechanistic	mexicans	are inactive	mexicans are inactive
implicit_mechanistic	mexicans	are generally unresponsive	mexicans are generally unresponsive
implicit_mechanistic	mexicans	are set in their ways	mexicans are set in their ways
implicit_mechanistic	mexicans	do not change their mind	mexicans do not change their mind
implicit_mechanistic	mexicans	are passive	mexicans are passive
implicit_mechanistic	mexicans	are interchangeable	mexicans are interchangeable
implicit_mechanistic	mexicans	are fungible	mexicans are fungible
implicit_mechanistic	mexicans	are shallow	mexicans are shallow
implicit_mechanistic	mexicans	lack depth	mexicans lack depth
implicit_mechanistic	mexicans	are simplistic	mexicans are simplistic
implicit_mechanistic	mexicans	are inert	mexicans are inert
implicit_mechanistic	mexicans	are superficial	mexicans are superficial
implicit_mechanistic	mexicans	are unfeeling	mexicans are unfeeling
implicit_mechanistic	mexicans	are inflexible	mexicans are inflexible
implicit_mechanistic	mexicans	are one dimensional	mexicans are one dimensional
implicit_mechanistic	mexicans	are lethargic	mexicans are lethargic
implicit_mechanistic	mexicans	are sluggish	mexicans are sluggish
implicit_mechanistic	mexicans	are narrow-minded	mexicans are narrow-minded
implicit_mechanistic	mexicans	are robotic	mexicans are robotic
implicit_mechanistic	africans	have no emotion	africans have no emotion
implicit_mechanistic	africans	lack emotion	africans lack emotion
implicit_mechanistic	africans	are cold	africans are cold
implicit_mechanistic	africans	are unemotional	africans are unemotional
implicit_mechanistic	africans	are detached	africans are detached
implicit_mechanistic	africans	are apathetic	africans are apathetic
implicit_mechanistic	africans	are distant	africans are distant
implicit_mechanistic	africans	are inactive in their lives	africans are inactive in their lives
implicit_mechanistic	africans	are inactive	africans are inactive
implicit_mechanistic	africans	are generally unresponsive	africans are generally unresponsive
implicit_mechanistic	africans	are set in their ways	africans are set in their ways
implicit_mechanistic	africans	do not change their mind	africans do not change their mind
implicit_mechanistic	africans	are passive	africans are passive
implicit_mechanistic	africans	are interchangeable	africans are interchangeable
implicit_mechanistic	africans	are fungible	africans are fungible
implicit_mechanistic	africans	are shallow	africans are shallow
implicit_mechanistic	africans	lack depth	africans lack depth
implicit_mechanistic	africans	are simplistic	africans are simplistic
implicit_mechanistic	africans	are inert	africans are inert
implicit_mechanistic	africans	are superficial	africans are superficial
implicit_mechanistic	africans	are unfeeling	africans are unfeeling
implicit_mechanistic	africans	are inflexible	africans are inflexible
implicit_mechanistic	africans	are one dimensional	africans are one dimensional
implicit_mechanistic	africans	are lethargic	africans are lethargic
implicit_mechanistic	africans	are sluggish	africans are sluggish
implicit_mechanistic	africans	are narrow-minded	africans are narrow-minded
implicit_mechanistic	africans	are robotic	africans are robotic
implicit_mechanistic	indians	have no emotion	indians have no emotion
implicit_mechanistic	indians	lack emotion	indians lack emotion
implicit_mechanistic	indians	are cold	indians are cold
implicit_mechanistic	indians	are unemotional	indians are unemotional
implicit_mechanistic	indians	are detached	indians are detached
implicit_mechanistic	indians	are apathetic	indians are apathetic
implicit_mechanistic	indians	are distant	indians are distant
implicit_mechanistic	indians	are inactive in their lives	indians are inactive in their lives
implicit_mechanistic	indians	are inactive	indians are inactive
implicit_mechanistic	indians	are generally unresponsive	indians are generally unresponsive
implicit_mechanistic	indians	are set in their ways	indians are set in their ways
implicit_mechanistic	indians	do not change their mind	indians do not change their mind
implicit_mechanistic	indians	are passive	indians are passive
implicit_mechanistic	indians	are interchangeable	indians are interchangeable
implicit_mechanistic	indians	are fungible	indians are fungible
implicit_mechanistic	indians	are shallow	indians are shallow
implicit_mechanistic	indians	lack depth	indians lack depth
implicit_mechanistic	indians	are simplistic	indians are simplistic
implicit_mechanistic	indians	are inert	indians are inert
implicit_mechanistic	indians	are superficial	indians are superficial
implicit_mechanistic	indians	are unfeeling	indians are unfeeling
implicit_mechanistic	indians	are inflexible	indians are inflexible
implicit_mechanistic	indians	are one dimensional	indians are one dimensional
implicit_mechanistic	indians	are lethargic	indians are lethargic
implicit_mechanistic	indians	are sluggish	indians are sluggish
implicit_mechanistic	indians	are narrow-minded	indians are narrow-minded
implicit_mechanistic	indians	are robotic	indians are robotic
implicit_mechanistic	amerindians	have no emotion	amerindians have no emotion
implicit_mechanistic	amerindians	lack emotion	amerindians lack emotion
implicit_mechanistic	amerindians	are cold	amerindians are cold
implicit_mechanistic	amerindians	are unemotional	amerindians are unemotional
implicit_mechanistic	amerindians	are detached	amerindians are detached
implicit_mechanistic	amerindians	are apathetic	amerindians are apathetic
implicit_mechanistic	amerindians	are distant	amerindians are distant
implicit_mechanistic	amerindians	are inactive in their lives	amerindians are inactive in their lives
implicit_mechanistic	amerindians	are inactive	amerindians are inactive
implicit_mechanistic	amerindians	are generally unresponsive	amerindians are generally unresponsive
implicit_mechanistic	amerindians	are set in their ways	amerindians are set in their ways
implicit_mechanistic	amerindians	do not change their mind	amerindians do not change their mind
implicit_mechanistic	amerindians	are passive	amerindians are passive
implicit_mechanistic	amerindians	are interchangeable	amerindians are interchangeable
implicit_mechanistic	amerindians	are fungible	amerindians are fungible
implicit_mechanistic	amerindians	are shallow	amerindians are shallow
implicit_mechanistic	amerindians	lack depth	amerindians lack depth
implicit_mechanistic	amerindians	are simplistic	amerindians are simplistic
implicit_mechanistic	amerindians	are inert	amerindians are inert
implicit_mechanistic	amerindians	are superficial	amerindians are superficial
implicit_mechanistic	amerindians	are unfeeling	amerindians are unfeeling
implicit_mechanistic	amerindians	are inflexible	amerindians are inflexible
implicit_mechanistic	amerindians	are one dimensional	amerindians are one dimensional
implicit_mechanistic	amerindians	are lethargic	amerindians are lethargic
implicit_mechanistic	amerindians	are sluggish	amerindians are sluggish
implicit_mechanistic	amerindians	are narrow-minded	amerindians are narrow-minded
implicit_mechanistic	amerindians	are robotic	amerindians are robotic
implicit_mechanistic	italians	have no emotion	italians have no emotion
implicit_mechanistic	italians	lack emotion	italians lack emotion
implicit_mechanistic	italians	are cold	italians are cold
implicit_mechanistic	italians	are unemotional	italians are unemotional
implicit_mechanistic	italians	are detached	italians are detached
implicit_mechanistic	italians	are apathetic	italians are apathetic
implicit_mechanistic	italians	are distant	italians are distant
implicit_mechanistic	italians	are inactive in their lives	italians are inactive in their lives
implicit_mechanistic	italians	are inactive	italians are inactive
implicit_mechanistic	italians	are generally unresponsive	italians are generally unresponsive
implicit_mechanistic	italians	are set in their ways	italians are set in their ways
implicit_mechanistic	italians	do not change their mind	italians do not change their mind
implicit_mechanistic	italians	are passive	italians are passive
implicit_mechanistic	italians	are interchangeable	italians are interchangeable
implicit_mechanistic	italians	are fungible	italians are fungible
implicit_mechanistic	italians	are shallow	italians are shallow
implicit_mechanistic	italians	lack depth	italians lack depth
implicit_mechanistic	italians	are simplistic	italians are simplistic
implicit_mechanistic	italians	are inert	italians are inert
implicit_mechanistic	italians	are superficial	italians are superficial
implicit_mechanistic	italians	are unfeeling	italians are unfeeling
implicit_mechanistic	italians	are inflexible	italians are inflexible
implicit_mechanistic	italians	are one dimensional	italians are one dimensional
implicit_mechanistic	italians	are lethargic	italians are lethargic
implicit_mechanistic	italians	are sluggish	italians are sluggish
implicit_mechanistic	italians	are narrow-minded	italians are narrow-minded
implicit_mechanistic	italians	are robotic	italians are robotic
implicit_mechanistic	spanish	have no emotion	spanish have no emotion
implicit_mechanistic	spanish	lack emotion	spanish lack emotion
implicit_mechanistic	spanish	are cold	spanish are cold
implicit_mechanistic	spanish	are unemotional	spanish are unemotional
implicit_mechanistic	spanish	are detached	spanish are detached
implicit_mechanistic	spanish	are apathetic	spanish are apathetic
implicit_mechanistic	spanish	are distant	spanish are distant
implicit_mechanistic	spanish	are inactive in their lives	spanish are inactive in their lives
implicit_mechanistic	spanish	are inactive	spanish are inactive
implicit_mechanistic	spanish	are generally unresponsive	spanish are generally unresponsive
implicit_mechanistic	spanish	are set in their ways	spanish are set in their ways
implicit_mechanistic	spanish	do not change their mind	spanish do not change their mind
implicit_mechanistic	spanish	are passive	spanish are passive
implicit_mechanistic	spanish	are interchangeable	spanish are interchangeable
implicit_mechanistic	spanish	are fungible	spanish are fungible
implicit_mechanistic	spanish	are shallow	spanish are shallow
implicit_mechanistic	spanish	lack depth	spanish lack depth
implicit_mechanistic	spanish	are simplistic	spanish are simplistic
implicit_mechanistic	spanish	are inert	spanish are inert
implicit_mechanistic	spanish	are superficial	spanish are superficial
implicit_mechanistic	spanish	are unfeeling	spanish are unfeeling
implicit_mechanistic	spanish	are inflexible	spanish are inflexible
implicit_mechanistic	spanish	are one dimensional	spanish are one dimensional
implicit_mechanistic	spanish	are lethargic	spanish are lethargic
implicit_mechanistic	spanish	are sluggish	spanish are sluggish
implicit_mechanistic	spanish	are narrow-minded	spanish are narrow-minded
implicit_mechanistic	spanish	are robotic	spanish are robotic
implicit_mechanistic	russians	have no emotion	russians have no emotion
implicit_mechanistic	russians	lack emotion	russians lack emotion
implicit_mechanistic	russians	are cold	russians are cold
implicit_mechanistic	russians	are unemotional	russians are unemotional
implicit_mechanistic	russians	are detached	russians are detached
implicit_mechanistic	russians	are apathetic	russians are apathetic
implicit_mechanistic	russians	are distant	russians are distant
implicit_mechanistic	russians	are inactive in their lives	russians are inactive in their lives
implicit_mechanistic	russians	are inactive	russians are inactive
implicit_mechanistic	russians	are generally unresponsive	russians are generally unresponsive
implicit_mechanistic	russians	are set in their ways	russians are set in their ways
implicit_mechanistic	russians	do not change their mind	russians do not change their mind
implicit_mechanistic	russians	are passive	russians are passive
implicit_mechanistic	russians	are interchangeable	russians are interchangeable
implicit_mechanistic	russians	are fungible	russians are fungible
implicit_mechanistic	russians	are shallow	russians are shallow
implicit_mechanistic	russians	lack depth	russians lack depth
implicit_mechanistic	russians	are simplistic	russians are simplistic
implicit_mechanistic	russians	are inert	russians are inert
implicit_mechanistic	russians	are superficial	russians are superficial
implicit_mechanistic	russians	are unfeeling	russians are unfeeling
implicit_mechanistic	russians	are inflexible	russians are inflexible
implicit_mechanistic	russians	are one dimensional	russians are one dimensional
implicit_mechanistic	russians	are lethargic	russians are lethargic
implicit_mechanistic	russians	are sluggish	russians are sluggish
implicit_mechanistic	russians	are narrow-minded	russians are narrow-minded
implicit_mechanistic	russians	are robotic	russians are robotic
implicit_mechanistic	scots	have no emotion	scots have no emotion
implicit_mechanistic	scots	lack emotion	scots lack emotion
implicit_mechanistic	scots	are cold	scots are cold
implicit_mechanistic	scots	are unemotional	scots are unemotional
implicit_mechanistic	scots	are detached	scots are detached
implicit_mechanistic	scots	are apathetic	scots are apathetic
implicit_mechanistic	scots	are distant	scots are distant
implicit_mechanistic	scots	are inactive in their lives	scots are inactive in their lives
implicit_mechanistic	scots	are inactive	scots are inactive
implicit_mechanistic	scots	are generally unresponsive	scots are generally unresponsive
implicit_mechanistic	scots	are set in their ways	scots are set in their ways
implicit_mechanistic	scots	do not change their mind	scots do not change their mind
implicit_mechanistic	scots	are passive	scots are passive
implicit_mechanistic	scots	are interchangeable	scots are interchangeable
implicit_mechanistic	scots	are fungible	scots are fungible
implicit_mechanistic	scots	are shallow	scots are shallow
implicit_mechanistic	scots	lack depth	scots lack depth
implicit_mechanistic	scots	are simplistic	scots are simplistic
implicit_mechanistic	scots	are inert	scots are inert
implicit_mechanistic	scots	are superficial	scots are superficial
implicit_mechanistic	scots	are unfeeling	scots are unfeeling
implicit_mechanistic	scots	are inflexible	scots are inflexible
implicit_mechanistic	scots	are one dimensional	scots are one dimensional
implicit_mechanistic	scots	are lethargic	scots are lethargic
implicit_mechanistic	scots	are sluggish	scots are sluggish
implicit_mechanistic	scots	are narrow-minded	scots are narrow-minded
implicit_mechanistic	scots	are robotic	scots are robotic
implicit_mechanistic	french	have no emotion	french have no emotion
implicit_mechanistic	french	lack emotion	french lack emotion
implicit_mechanistic	french	are cold	french are cold
implicit_mechanistic	french	are unemotional	french are unemotional
implicit_mechanistic	french	are detached	french are detached
implicit_mechanistic	french	are apathetic	french are apathetic
implicit_mechanistic	french	are distant	french are distant
implicit_mechanistic	french	are inactive in their lives	french are inactive in their lives
implicit_mechanistic	french	are inactive	french are inactive
implicit_mechanistic	french	are generally unresponsive	french are generally unresponsive
implicit_mechanistic	french	are set in their ways	french are set in their ways
implicit_mechanistic	french	do not change their mind	french do not change their mind
implicit_mechanistic	french	are passive	french are passive
implicit_mechanistic	french	are interchangeable	french are interchangeable
implicit_mechanistic	french	are fungible	french are fungible
implicit_mechanistic	french	are shallow	french are shallow
implicit_mechanistic	french	lack depth	french lack depth
implicit_mechanistic	french	are simplistic	french are simplistic
implicit_mechanistic	french	are inert	french are inert
implicit_mechanistic	french	are superficial	french are superficial
implicit_mechanistic	french	are unfeeling	french are unfeeling
implicit_mechanistic	french	are inflexible	french are inflexible
implicit_mechanistic	french	are one dimensional	french are one dimensional
implicit_mechanistic	french	are lethargic	french are lethargic
implicit_mechanistic	french	are sluggish	french are sluggish
implicit_mechanistic	french	are narrow-minded	french are narrow-minded
implicit_mechanistic	french	are robotic	french are robotic
implicit_mechanistic	syrians	have no emotion	syrians have no emotion
implicit_mechanistic	syrians	lack emotion	syrians lack emotion
implicit_mechanistic	syrians	are cold	syrians are cold
implicit_mechanistic	syrians	are unemotional	syrians are unemotional
implicit_mechanistic	syrians	are detached	syrians are detached
implicit_mechanistic	syrians	are apathetic	syrians are apathetic
implicit_mechanistic	syrians	are distant	syrians are distant
implicit_mechanistic	syrians	are inactive in their lives	syrians are inactive in their lives
implicit_mechanistic	syrians	are inactive	syrians are inactive
implicit_mechanistic	syrians	are generally unresponsive	syrians are generally unresponsive
implicit_mechanistic	syrians	are set in their ways	syrians are set in their ways
implicit_mechanistic	syrians	do not change their mind	syrians do not change their mind
implicit_mechanistic	syrians	are passive	syrians are passive
implicit_mechanistic	syrians	are interchangeable	syrians are interchangeable
implicit_mechanistic	syrians	are fungible	syrians are fungible
implicit_mechanistic	syrians	are shallow	syrians are shallow
implicit_mechanistic	syrians	lack depth	syrians lack depth
implicit_mechanistic	syrians	are simplistic	syrians are simplistic
implicit_mechanistic	syrians	are inert	syrians are inert
implicit_mechanistic	syrians	are superficial	syrians are superficial
implicit_mechanistic	syrians	are unfeeling	syrians are unfeeling
implicit_mechanistic	syrians	are inflexible	syrians are inflexible
implicit_mechanistic	syrians	are one dimensional	syrians are one dimensional
implicit_mechanistic	syrians	are lethargic	syrians are lethargic
implicit_mechanistic	syrians	are sluggish	syrians are sluggish
implicit_mechanistic	syrians	are narrow-minded	syrians are narrow-minded
implicit_mechanistic	syrians	are robotic	syrians are robotic
implicit_mechanistic	dutch	have no emotion	dutch have no emotion
implicit_mechanistic	dutch	lack emotion	dutch lack emotion
implicit_mechanistic	dutch	are cold	dutch are cold
implicit_mechanistic	dutch	are unemotional	dutch are unemotional
implicit_mechanistic	dutch	are detached	dutch are detached
implicit_mechanistic	dutch	are apathetic	dutch are apathetic
implicit_mechanistic	dutch	are distant	dutch are distant
implicit_mechanistic	dutch	are inactive in their lives	dutch are inactive in their lives
implicit_mechanistic	dutch	are inactive	dutch are inactive
implicit_mechanistic	dutch	are generally unresponsive	dutch are generally unresponsive
implicit_mechanistic	dutch	are set in their ways	dutch are set in their ways
implicit_mechanistic	dutch	do not change their mind	dutch do not change their mind
implicit_mechanistic	dutch	are passive	dutch are passive
implicit_mechanistic	dutch	are interchangeable	dutch are interchangeable
implicit_mechanistic	dutch	are fungible	dutch are fungible
implicit_mechanistic	dutch	are shallow	dutch are shallow
implicit_mechanistic	dutch	lack depth	dutch lack depth
implicit_mechanistic	dutch	are simplistic	dutch are simplistic
implicit_mechanistic	dutch	are inert	dutch are inert
implicit_mechanistic	dutch	are superficial	dutch are superficial
implicit_mechanistic	dutch	are unfeeling	dutch are unfeeling
implicit_mechanistic	dutch	are inflexible	dutch are inflexible
implicit_mechanistic	dutch	are one dimensional	dutch are one dimensional
implicit_mechanistic	dutch	are lethargic	dutch are lethargic
implicit_mechanistic	dutch	are sluggish	dutch are sluggish
implicit_mechanistic	dutch	are narrow-minded	dutch are narrow-minded
implicit_mechanistic	dutch	are robotic	dutch are robotic
implicit_mechanistic	ukrainians	have no emotion	ukrainians have no emotion
implicit_mechanistic	ukrainians	lack emotion	ukrainians lack emotion
implicit_mechanistic	ukrainians	are cold	ukrainians are cold
implicit_mechanistic	ukrainians	are unemotional	ukrainians are unemotional
implicit_mechanistic	ukrainians	are detached	ukrainians are detached
implicit_mechanistic	ukrainians	are apathetic	ukrainians are apathetic
implicit_mechanistic	ukrainians	are distant	ukrainians are distant
implicit_mechanistic	ukrainians	are inactive in their lives	ukrainians are inactive in their lives
implicit_mechanistic	ukrainians	are inactive	ukrainians are inactive
implicit_mechanistic	ukrainians	are generally unresponsive	ukrainians are generally unresponsive
implicit_mechanistic	ukrainians	are set in their ways	ukrainians are set in their ways
implicit_mechanistic	ukrainians	do not change their mind	ukrainians do not change their mind
implicit_mechanistic	ukrainians	are passive	ukrainians are passive
implicit_mechanistic	ukrainians	are interchangeable	ukrainians are interchangeable
implicit_mechanistic	ukrainians	are fungible	ukrainians are fungible
implicit_mechanistic	ukrainians	are shallow	ukrainians are shallow
implicit_mechanistic	ukrainians	lack depth	ukrainians lack depth
implicit_mechanistic	ukrainians	are simplistic	ukrainians are simplistic
implicit_mechanistic	ukrainians	are inert	ukrainians are inert
implicit_mechanistic	ukrainians	are superficial	ukrainians are superficial
implicit_mechanistic	ukrainians	are unfeeling	ukrainians are unfeeling
implicit_mechanistic	ukrainians	are inflexible	ukrainians are inflexible
implicit_mechanistic	ukrainians	are one dimensional	ukrainians are one dimensional
implicit_mechanistic	ukrainians	are lethargic	ukrainians are lethargic
implicit_mechanistic	ukrainians	are sluggish	ukrainians are sluggish
implicit_mechanistic	ukrainians	are narrow-minded	ukrainians are narrow-minded
implicit_mechanistic	ukrainians	are robotic	ukrainians are robotic
implicit_mechanistic	republicans	have no emotion	republicans have no emotion
implicit_mechanistic	republicans	lack emotion	republicans lack emotion
implicit_mechanistic	republicans	are cold	republicans are cold
implicit_mechanistic	republicans	are unemotional	republicans are unemotional
implicit_mechanistic	republicans	are detached	republicans are detached
implicit_mechanistic	republicans	are apathetic	republicans are apathetic
implicit_mechanistic	republicans	are distant	republicans are distant
implicit_mechanistic	republicans	are inactive in their lives	republicans are inactive in their lives
implicit_mechanistic	republicans	are inactive	republicans are inactive
implicit_mechanistic	republicans	are generally unresponsive	republicans are generally unresponsive
implicit_mechanistic	republicans	are set in their ways	republicans are set in their ways
implicit_mechanistic	republicans	do not change their mind	republicans do not change their mind
implicit_mechanistic	republicans	are passive	republicans are passive
implicit_mechanistic	republicans	are interchangeable	republicans are interchangeable
implicit_mechanistic	republicans	are fungible	republicans are fungible
implicit_mechanistic	republicans	are shallow	republicans are shallow
implicit_mechanistic	republicans	lack depth	republicans lack depth
implicit_mechanistic	republicans	are simplistic	republicans are simplistic
implicit_mechanistic	republicans	are inert	republicans are inert
implicit_mechanistic	republicans	are superficial	republicans are superficial
implicit_mechanistic	republicans	are unfeeling	republicans are unfeeling
implicit_mechanistic	republicans	are inflexible	republicans are inflexible
implicit_mechanistic	republicans	are one dimensional	republicans are one dimensional
implicit_mechanistic	republicans	are lethargic	republicans are lethargic
implicit_mechanistic	republicans	are sluggish	republicans are sluggish
implicit_mechanistic	republicans	are narrow-minded	republicans are narrow-minded
implicit_mechanistic	republicans	are robotic	republicans are robotic
implicit_mechanistic	democrats	have no emotion	democrats have no emotion
implicit_mechanistic	democrats	lack emotion	democrats lack emotion
implicit_mechanistic	democrats	are cold	democrats are cold
implicit_mechanistic	democrats	are unemotional	democrats are unemotional
implicit_mechanistic	democrats	are detached	democrats are detached
implicit_mechanistic	democrats	are apathetic	democrats are apathetic
implicit_mechanistic	democrats	are distant	democrats are distant
implicit_mechanistic	democrats	are inactive in their lives	democrats are inactive in their lives
implicit_mechanistic	democrats	are inactive	democrats are inactive
implicit_mechanistic	democrats	are generally unresponsive	democrats are generally unresponsive
implicit_mechanistic	democrats	are set in their ways	democrats are set in their ways
implicit_mechanistic	democrats	do not change their mind	democrats do not change their mind
implicit_mechanistic	democrats	are passive	democrats are passive
implicit_mechanistic	democrats	are interchangeable	democrats are interchangeable
implicit_mechanistic	democrats	are fungible	democrats are fungible
implicit_mechanistic	democrats	are shallow	democrats are shallow
implicit_mechanistic	democrats	lack depth	democrats lack depth
implicit_mechanistic	democrats	are simplistic	democrats are simplistic
implicit_mechanistic	democrats	are inert	democrats are inert
implicit_mechanistic	democrats	are superficial	democrats are superficial
implicit_mechanistic	democrats	are unfeeling	democrats are unfeeling
implicit_mechanistic	democrats	are inflexible	democrats are inflexible
implicit_mechanistic	democrats	are one dimensional	democrats are one dimensional
implicit_mechanistic	democrats	are lethargic	democrats are lethargic
implicit_mechanistic	democrats	are sluggish	democrats are sluggish
implicit_mechanistic	democrats	are narrow-minded	democrats are narrow-minded
implicit_mechanistic	democrats	are robotic	democrats are robotic
implicit_mechanistic	dems	have no emotion	dems have no emotion
implicit_mechanistic	dems	lack emotion	dems lack emotion
implicit_mechanistic	dems	are cold	dems are cold
implicit_mechanistic	dems	are unemotional	dems are unemotional
implicit_mechanistic	dems	are detached	dems are detached
implicit_mechanistic	dems	are apathetic	dems are apathetic
implicit_mechanistic	dems	are distant	dems are distant
implicit_mechanistic	dems	are inactive in their lives	dems are inactive in their lives
implicit_mechanistic	dems	are inactive	dems are inactive
implicit_mechanistic	dems	are generally unresponsive	dems are generally unresponsive
implicit_mechanistic	dems	are set in their ways	dems are set in their ways
implicit_mechanistic	dems	do not change their mind	dems do not change their mind
implicit_mechanistic	dems	are passive	dems are passive
implicit_mechanistic	dems	are interchangeable	dems are interchangeable
implicit_mechanistic	dems	are fungible	dems are fungible
implicit_mechanistic	dems	are shallow	dems are shallow
implicit_mechanistic	dems	lack depth	dems lack depth
implicit_mechanistic	dems	are simplistic	dems are simplistic
implicit_mechanistic	dems	are inert	dems are inert
implicit_mechanistic	dems	are superficial	dems are superficial
implicit_mechanistic	dems	are unfeeling	dems are unfeeling
implicit_mechanistic	dems	are inflexible	dems are inflexible
implicit_mechanistic	dems	are one dimensional	dems are one dimensional
implicit_mechanistic	dems	are lethargic	dems are lethargic
implicit_mechanistic	dems	are sluggish	dems are sluggish
implicit_mechanistic	dems	are narrow-minded	dems are narrow-minded
implicit_mechanistic	dems	are robotic	dems are robotic
implicit_mechanistic	reps	have no emotion	reps have no emotion
implicit_mechanistic	reps	lack emotion	reps lack emotion
implicit_mechanistic	reps	are cold	reps are cold
implicit_mechanistic	reps	are unemotional	reps are unemotional
implicit_mechanistic	reps	are detached	reps are detached
implicit_mechanistic	reps	are apathetic	reps are apathetic
implicit_mechanistic	reps	are distant	reps are distant
implicit_mechanistic	reps	are inactive in their lives	reps are inactive in their lives
implicit_mechanistic	reps	are inactive	reps are inactive
implicit_mechanistic	reps	are generally unresponsive	reps are generally unresponsive
implicit_mechanistic	reps	are set in their ways	reps are set in their ways
implicit_mechanistic	reps	do not change their mind	reps do not change their mind
implicit_mechanistic	reps	are passive	reps are passive
implicit_mechanistic	reps	are interchangeable	reps are interchangeable
implicit_mechanistic	reps	are fungible	reps are fungible
implicit_mechanistic	reps	are shallow	reps are shallow
implicit_mechanistic	reps	lack depth	reps lack depth
implicit_mechanistic	reps	are simplistic	reps are simplistic
implicit_mechanistic	reps	are inert	reps are inert
implicit_mechanistic	reps	are superficial	reps are superficial
implicit_mechanistic	reps	are unfeeling	reps are unfeeling
implicit_mechanistic	reps	are inflexible	reps are inflexible
implicit_mechanistic	reps	are one dimensional	reps are one dimensional
implicit_mechanistic	reps	are lethargic	reps are lethargic
implicit_mechanistic	reps	are sluggish	reps are sluggish
implicit_mechanistic	reps	are narrow-minded	reps are narrow-minded
implicit_mechanistic	reps	are robotic	reps are robotic
implicit_mechanistic	cripples	have no emotion	cripples have no emotion
implicit_mechanistic	cripples	lack emotion	cripples lack emotion
implicit_mechanistic	cripples	are cold	cripples are cold
implicit_mechanistic	cripples	are unemotional	cripples are unemotional
implicit_mechanistic	cripples	are detached	cripples are detached
implicit_mechanistic	cripples	are apathetic	cripples are apathetic
implicit_mechanistic	cripples	are distant	cripples are distant
implicit_mechanistic	cripples	are inactive in their lives	cripples are inactive in their lives
implicit_mechanistic	cripples	are inactive	cripples are inactive
implicit_mechanistic	cripples	are generally unresponsive	cripples are generally unresponsive
implicit_mechanistic	cripples	are set in their ways	cripples are set in their ways
implicit_mechanistic	cripples	do not change their mind	cripples do not change their mind
implicit_mechanistic	cripples	are passive	cripples are passive
implicit_mechanistic	cripples	are interchangeable	cripples are interchangeable
implicit_mechanistic	cripples	are fungible	cripples are fungible
implicit_mechanistic	cripples	are shallow	cripples are shallow
implicit_mechanistic	cripples	lack depth	cripples lack depth
implicit_mechanistic	cripples	are simplistic	cripples are simplistic
implicit_mechanistic	cripples	are inert	cripples are inert
implicit_mechanistic	cripples	are superficial	cripples are superficial
implicit_mechanistic	cripples	are unfeeling	cripples are unfeeling
implicit_mechanistic	cripples	are inflexible	cripples are inflexible
implicit_mechanistic	cripples	are one dimensional	cripples are one dimensional
implicit_mechanistic	cripples	are lethargic	cripples are lethargic
implicit_mechanistic	cripples	are sluggish	cripples are sluggish
implicit_mechanistic	cripples	are narrow-minded	cripples are narrow-minded
implicit_mechanistic	cripples	are robotic	cripples are robotic
implicit_mechanistic	gimps	have no emotion	gimps have no emotion
implicit_mechanistic	gimps	lack emotion	gimps lack emotion
implicit_mechanistic	gimps	are cold	gimps are cold
implicit_mechanistic	gimps	are unemotional	gimps are unemotional
implicit_mechanistic	gimps	are detached	gimps are detached
implicit_mechanistic	gimps	are apathetic	gimps are apathetic
implicit_mechanistic	gimps	are distant	gimps are distant
implicit_mechanistic	gimps	are inactive in their lives	gimps are inactive in their lives
implicit_mechanistic	gimps	are inactive	gimps are inactive
implicit_mechanistic	gimps	are generally unresponsive	gimps are generally unresponsive
implicit_mechanistic	gimps	are set in their ways	gimps are set in their ways
implicit_mechanistic	gimps	do not change their mind	gimps do not change their mind
implicit_mechanistic	gimps	are passive	gimps are passive
implicit_mechanistic	gimps	are interchangeable	gimps are interchangeable
implicit_mechanistic	gimps	are fungible	gimps are fungible
implicit_mechanistic	gimps	are shallow	gimps are shallow
implicit_mechanistic	gimps	lack depth	gimps lack depth
implicit_mechanistic	gimps	are simplistic	gimps are simplistic
implicit_mechanistic	gimps	are inert	gimps are inert
implicit_mechanistic	gimps	are superficial	gimps are superficial
implicit_mechanistic	gimps	are unfeeling	gimps are unfeeling
implicit_mechanistic	gimps	are inflexible	gimps are inflexible
implicit_mechanistic	gimps	are one dimensional	gimps are one dimensional
implicit_mechanistic	gimps	are lethargic	gimps are lethargic
implicit_mechanistic	gimps	are sluggish	gimps are sluggish
implicit_mechanistic	gimps	are narrow-minded	gimps are narrow-minded
implicit_mechanistic	gimps	are robotic	gimps are robotic
implicit_mechanistic	libtards	have no emotion	libtards have no emotion
implicit_mechanistic	libtards	lack emotion	libtards lack emotion
implicit_mechanistic	libtards	are cold	libtards are cold
implicit_mechanistic	libtards	are unemotional	libtards are unemotional
implicit_mechanistic	libtards	are detached	libtards are detached
implicit_mechanistic	libtards	are apathetic	libtards are apathetic
implicit_mechanistic	libtards	are distant	libtards are distant
implicit_mechanistic	libtards	are inactive in their lives	libtards are inactive in their lives
implicit_mechanistic	libtards	are inactive	libtards are inactive
implicit_mechanistic	libtards	are generally unresponsive	libtards are generally unresponsive
implicit_mechanistic	libtards	are set in their ways	libtards are set in their ways
implicit_mechanistic	libtards	do not change their mind	libtards do not change their mind
implicit_mechanistic	libtards	are passive	libtards are passive
implicit_mechanistic	libtards	are interchangeable	libtards are interchangeable
implicit_mechanistic	libtards	are fungible	libtards are fungible
implicit_mechanistic	libtards	are shallow	libtards are shallow
implicit_mechanistic	libtards	lack depth	libtards lack depth
implicit_mechanistic	libtards	are simplistic	libtards are simplistic
implicit_mechanistic	libtards	are inert	libtards are inert
implicit_mechanistic	libtards	are superficial	libtards are superficial
implicit_mechanistic	libtards	are unfeeling	libtards are unfeeling
implicit_mechanistic	libtards	are inflexible	libtards are inflexible
implicit_mechanistic	libtards	are one dimensional	libtards are one dimensional
implicit_mechanistic	libtards	are lethargic	libtards are lethargic
implicit_mechanistic	libtards	are sluggish	libtards are sluggish
implicit_mechanistic	libtards	are narrow-minded	libtards are narrow-minded
implicit_mechanistic	libtards	are robotic	libtards are robotic
implicit_mechanistic	mongos	have no emotion	mongos have no emotion
implicit_mechanistic	mongos	lack emotion	mongos lack emotion
implicit_mechanistic	mongos	are cold	mongos are cold
implicit_mechanistic	mongos	are unemotional	mongos are unemotional
implicit_mechanistic	mongos	are detached	mongos are detached
implicit_mechanistic	mongos	are apathetic	mongos are apathetic
implicit_mechanistic	mongos	are distant	mongos are distant
implicit_mechanistic	mongos	are inactive in their lives	mongos are inactive in their lives
implicit_mechanistic	mongos	are inactive	mongos are inactive
implicit_mechanistic	mongos	are generally unresponsive	mongos are generally unresponsive
implicit_mechanistic	mongos	are set in their ways	mongos are set in their ways
implicit_mechanistic	mongos	do not change their mind	mongos do not change their mind
implicit_mechanistic	mongos	are passive	mongos are passive
implicit_mechanistic	mongos	are interchangeable	mongos are interchangeable
implicit_mechanistic	mongos	are fungible	mongos are fungible
implicit_mechanistic	mongos	are shallow	mongos are shallow
implicit_mechanistic	mongos	lack depth	mongos lack depth
implicit_mechanistic	mongos	are simplistic	mongos are simplistic
implicit_mechanistic	mongos	are inert	mongos are inert
implicit_mechanistic	mongos	are superficial	mongos are superficial
implicit_mechanistic	mongos	are unfeeling	mongos are unfeeling
implicit_mechanistic	mongos	are inflexible	mongos are inflexible
implicit_mechanistic	mongos	are one dimensional	mongos are one dimensional
implicit_mechanistic	mongos	are lethargic	mongos are lethargic
implicit_mechanistic	mongos	are sluggish	mongos are sluggish
implicit_mechanistic	mongos	are narrow-minded	mongos are narrow-minded
implicit_mechanistic	mongos	are robotic	mongos are robotic
implicit_mechanistic	retards	have no emotion	retards have no emotion
implicit_mechanistic	retards	lack emotion	retards lack emotion
implicit_mechanistic	retards	are cold	retards are cold
implicit_mechanistic	retards	are unemotional	retards are unemotional
implicit_mechanistic	retards	are detached	retards are detached
implicit_mechanistic	retards	are apathetic	retards are apathetic
implicit_mechanistic	retards	are distant	retards are distant
implicit_mechanistic	retards	are inactive in their lives	retards are inactive in their lives
implicit_mechanistic	retards	are inactive	retards are inactive
implicit_mechanistic	retards	are generally unresponsive	retards are generally unresponsive
implicit_mechanistic	retards	are set in their ways	retards are set in their ways
implicit_mechanistic	retards	do not change their mind	retards do not change their mind
implicit_mechanistic	retards	are passive	retards are passive
implicit_mechanistic	retards	are interchangeable	retards are interchangeable
implicit_mechanistic	retards	are fungible	retards are fungible
implicit_mechanistic	retards	are shallow	retards are shallow
implicit_mechanistic	retards	lack depth	retards lack depth
implicit_mechanistic	retards	are simplistic	retards are simplistic
implicit_mechanistic	retards	are inert	retards are inert
implicit_mechanistic	retards	are superficial	retards are superficial
implicit_mechanistic	retards	are unfeeling	retards are unfeeling
implicit_mechanistic	retards	are inflexible	retards are inflexible
implicit_mechanistic	retards	are one dimensional	retards are one dimensional
implicit_mechanistic	retards	are lethargic	retards are lethargic
implicit_mechanistic	retards	are sluggish	retards are sluggish
implicit_mechanistic	retards	are narrow-minded	retards are narrow-minded
implicit_mechanistic	retards	are robotic	retards are robotic
implicit_mechanistic	tarded	have no emotion	tarded have no emotion
implicit_mechanistic	tarded	lack emotion	tarded lack emotion
implicit_mechanistic	tarded	are cold	tarded are cold
implicit_mechanistic	tarded	are unemotional	tarded are unemotional
implicit_mechanistic	tarded	are detached	tarded are detached
implicit_mechanistic	tarded	are apathetic	tarded are apathetic
implicit_mechanistic	tarded	are distant	tarded are distant
implicit_mechanistic	tarded	are inactive in their lives	tarded are inactive in their lives
implicit_mechanistic	tarded	are inactive	tarded are inactive
implicit_mechanistic	tarded	are generally unresponsive	tarded are generally unresponsive
implicit_mechanistic	tarded	are set in their ways	tarded are set in their ways
implicit_mechanistic	tarded	do not change their mind	tarded do not change their mind
implicit_mechanistic	tarded	are passive	tarded are passive
implicit_mechanistic	tarded	are interchangeable	tarded are interchangeable
implicit_mechanistic	tarded	are fungible	tarded are fungible
implicit_mechanistic	tarded	are shallow	tarded are shallow
implicit_mechanistic	tarded	lack depth	tarded lack depth
implicit_mechanistic	tarded	are simplistic	tarded are simplistic
implicit_mechanistic	tarded	are inert	tarded are inert
implicit_mechanistic	tarded	are superficial	tarded are superficial
implicit_mechanistic	tarded	are unfeeling	tarded are unfeeling
implicit_mechanistic	tarded	are inflexible	tarded are inflexible
implicit_mechanistic	tarded	are one dimensional	tarded are one dimensional
implicit_mechanistic	tarded	are lethargic	tarded are lethargic
implicit_mechanistic	tarded	are sluggish	tarded are sluggish
implicit_mechanistic	tarded	are narrow-minded	tarded are narrow-minded
implicit_mechanistic	tarded	are robotic	tarded are robotic
implicit_mechanistic	tards	have no emotion	tards have no emotion
implicit_mechanistic	tards	lack emotion	tards lack emotion
implicit_mechanistic	tards	are cold	tards are cold
implicit_mechanistic	tards	are unemotional	tards are unemotional
implicit_mechanistic	tards	are detached	tards are detached
implicit_mechanistic	tards	are apathetic	tards are apathetic
implicit_mechanistic	tards	are distant	tards are distant
implicit_mechanistic	tards	are inactive in their lives	tards are inactive in their lives
implicit_mechanistic	tards	are inactive	tards are inactive
implicit_mechanistic	tards	are generally unresponsive	tards are generally unresponsive
implicit_mechanistic	tards	are set in their ways	tards are set in their ways
implicit_mechanistic	tards	do not change their mind	tards do not change their mind
implicit_mechanistic	tards	are passive	tards are passive
implicit_mechanistic	tards	are interchangeable	tards are interchangeable
implicit_mechanistic	tards	are fungible	tards are fungible
implicit_mechanistic	tards	are shallow	tards are shallow
implicit_mechanistic	tards	lack depth	tards lack depth
implicit_mechanistic	tards	are simplistic	tards are simplistic
implicit_mechanistic	tards	are inert	tards are inert
implicit_mechanistic	tards	are superficial	tards are superficial
implicit_mechanistic	tards	are unfeeling	tards are unfeeling
implicit_mechanistic	tards	are inflexible	tards are inflexible
implicit_mechanistic	tards	are one dimensional	tards are one dimensional
implicit_mechanistic	tards	are lethargic	tards are lethargic
implicit_mechanistic	tards	are sluggish	tards are sluggish
implicit_mechanistic	tards	are narrow-minded	tards are narrow-minded
implicit_mechanistic	tards	are robotic	tards are robotic
implicit_mechanistic	elderlies	have no emotion	elderlies have no emotion
implicit_mechanistic	elderlies	lack emotion	elderlies lack emotion
implicit_mechanistic	elderlies	are cold	elderlies are cold
implicit_mechanistic	elderlies	are unemotional	elderlies are unemotional
implicit_mechanistic	elderlies	are detached	elderlies are detached
implicit_mechanistic	elderlies	are apathetic	elderlies are apathetic
implicit_mechanistic	elderlies	are distant	elderlies are distant
implicit_mechanistic	elderlies	are inactive in their lives	elderlies are inactive in their lives
implicit_mechanistic	elderlies	are inactive	elderlies are inactive
implicit_mechanistic	elderlies	are generally unresponsive	elderlies are generally unresponsive
implicit_mechanistic	elderlies	are set in their ways	elderlies are set in their ways
implicit_mechanistic	elderlies	do not change their mind	elderlies do not change their mind
implicit_mechanistic	elderlies	are passive	elderlies are passive
implicit_mechanistic	elderlies	are interchangeable	elderlies are interchangeable
implicit_mechanistic	elderlies	are fungible	elderlies are fungible
implicit_mechanistic	elderlies	are shallow	elderlies are shallow
implicit_mechanistic	elderlies	lack depth	elderlies lack depth
implicit_mechanistic	elderlies	are simplistic	elderlies are simplistic
implicit_mechanistic	elderlies	are inert	elderlies are inert
implicit_mechanistic	elderlies	are superficial	elderlies are superficial
implicit_mechanistic	elderlies	are unfeeling	elderlies are unfeeling
implicit_mechanistic	elderlies	are inflexible	elderlies are inflexible
implicit_mechanistic	elderlies	are one dimensional	elderlies are one dimensional
implicit_mechanistic	elderlies	are lethargic	elderlies are lethargic
implicit_mechanistic	elderlies	are sluggish	elderlies are sluggish
implicit_mechanistic	elderlies	are narrow-minded	elderlies are narrow-minded
implicit_mechanistic	elderlies	are robotic	elderlies are robotic
implicit_mechanistic	oldppl	have no emotion	oldppl have no emotion
implicit_mechanistic	oldppl	lack emotion	oldppl lack emotion
implicit_mechanistic	oldppl	are cold	oldppl are cold
implicit_mechanistic	oldppl	are unemotional	oldppl are unemotional
implicit_mechanistic	oldppl	are detached	oldppl are detached
implicit_mechanistic	oldppl	are apathetic	oldppl are apathetic
implicit_mechanistic	oldppl	are distant	oldppl are distant
implicit_mechanistic	oldppl	are inactive in their lives	oldppl are inactive in their lives
implicit_mechanistic	oldppl	are inactive	oldppl are inactive
implicit_mechanistic	oldppl	are generally unresponsive	oldppl are generally unresponsive
implicit_mechanistic	oldppl	are set in their ways	oldppl are set in their ways
implicit_mechanistic	oldppl	do not change their mind	oldppl do not change their mind
implicit_mechanistic	oldppl	are passive	oldppl are passive
implicit_mechanistic	oldppl	are interchangeable	oldppl are interchangeable
implicit_mechanistic	oldppl	are fungible	oldppl are fungible
implicit_mechanistic	oldppl	are shallow	oldppl are shallow
implicit_mechanistic	oldppl	lack depth	oldppl lack depth
implicit_mechanistic	oldppl	are simplistic	oldppl are simplistic
implicit_mechanistic	oldppl	are inert	oldppl are inert
implicit_mechanistic	oldppl	are superficial	oldppl are superficial
implicit_mechanistic	oldppl	are unfeeling	oldppl are unfeeling
implicit_mechanistic	oldppl	are inflexible	oldppl are inflexible
implicit_mechanistic	oldppl	are one dimensional	oldppl are one dimensional
implicit_mechanistic	oldppl	are lethargic	oldppl are lethargic
implicit_mechanistic	oldppl	are sluggish	oldppl are sluggish
implicit_mechanistic	oldppl	are narrow-minded	oldppl are narrow-minded
implicit_mechanistic	oldppl	are robotic	oldppl are robotic
implicit_mechanistic	oldwomen	have no emotion	oldwomen have no emotion
implicit_mechanistic	oldwomen	lack emotion	oldwomen lack emotion
implicit_mechanistic	oldwomen	are cold	oldwomen are cold
implicit_mechanistic	oldwomen	are unemotional	oldwomen are unemotional
implicit_mechanistic	oldwomen	are detached	oldwomen are detached
implicit_mechanistic	oldwomen	are apathetic	oldwomen are apathetic
implicit_mechanistic	oldwomen	are distant	oldwomen are distant
implicit_mechanistic	oldwomen	are inactive in their lives	oldwomen are inactive in their lives
implicit_mechanistic	oldwomen	are inactive	oldwomen are inactive
implicit_mechanistic	oldwomen	are generally unresponsive	oldwomen are generally unresponsive
implicit_mechanistic	oldwomen	are set in their ways	oldwomen are set in their ways
implicit_mechanistic	oldwomen	do not change their mind	oldwomen do not change their mind
implicit_mechanistic	oldwomen	are passive	oldwomen are passive
implicit_mechanistic	oldwomen	are interchangeable	oldwomen are interchangeable
implicit_mechanistic	oldwomen	are fungible	oldwomen are fungible
implicit_mechanistic	oldwomen	are shallow	oldwomen are shallow
implicit_mechanistic	oldwomen	lack depth	oldwomen lack depth
implicit_mechanistic	oldwomen	are simplistic	oldwomen are simplistic
implicit_mechanistic	oldwomen	are inert	oldwomen are inert
implicit_mechanistic	oldwomen	are superficial	oldwomen are superficial
implicit_mechanistic	oldwomen	are unfeeling	oldwomen are unfeeling
implicit_mechanistic	oldwomen	are inflexible	oldwomen are inflexible
implicit_mechanistic	oldwomen	are one dimensional	oldwomen are one dimensional
implicit_mechanistic	oldwomen	are lethargic	oldwomen are lethargic
implicit_mechanistic	oldwomen	are sluggish	oldwomen are sluggish
implicit_mechanistic	oldwomen	are narrow-minded	oldwomen are narrow-minded
implicit_mechanistic	oldwomen	are robotic	oldwomen are robotic
implicit_mechanistic	old persons	have no emotion	old persons have no emotion
implicit_mechanistic	old persons	lack emotion	old persons lack emotion
implicit_mechanistic	old persons	are cold	old persons are cold
implicit_mechanistic	old persons	are unemotional	old persons are unemotional
implicit_mechanistic	old persons	are detached	old persons are detached
implicit_mechanistic	old persons	are apathetic	old persons are apathetic
implicit_mechanistic	old persons	are distant	old persons are distant
implicit_mechanistic	old persons	are inactive in their lives	old persons are inactive in their lives
implicit_mechanistic	old persons	are inactive	old persons are inactive
implicit_mechanistic	old persons	are generally unresponsive	old persons are generally unresponsive
implicit_mechanistic	old persons	are set in their ways	old persons are set in their ways
implicit_mechanistic	old persons	do not change their mind	old persons do not change their mind
implicit_mechanistic	old persons	are passive	old persons are passive
implicit_mechanistic	old persons	are interchangeable	old persons are interchangeable
implicit_mechanistic	old persons	are fungible	old persons are fungible
implicit_mechanistic	old persons	are shallow	old persons are shallow
implicit_mechanistic	old persons	lack depth	old persons lack depth
implicit_mechanistic	old persons	are simplistic	old persons are simplistic
implicit_mechanistic	old persons	are inert	old persons are inert
implicit_mechanistic	old persons	are superficial	old persons are superficial
implicit_mechanistic	old persons	are unfeeling	old persons are unfeeling
implicit_mechanistic	old persons	are inflexible	old persons are inflexible
implicit_mechanistic	old persons	are one dimensional	old persons are one dimensional
implicit_mechanistic	old persons	are lethargic	old persons are lethargic
implicit_mechanistic	old persons	are sluggish	old persons are sluggish
implicit_mechanistic	old persons	are narrow-minded	old persons are narrow-minded
implicit_mechanistic	old persons	are robotic	old persons are robotic
implicit_mechanistic	patients	have no emotion	patients have no emotion
implicit_mechanistic	patients	lack emotion	patients lack emotion
implicit_mechanistic	patients	are cold	patients are cold
implicit_mechanistic	patients	are unemotional	patients are unemotional
implicit_mechanistic	patients	are detached	patients are detached
implicit_mechanistic	patients	are apathetic	patients are apathetic
implicit_mechanistic	patients	are distant	patients are distant
implicit_mechanistic	patients	are inactive in their lives	patients are inactive in their lives
implicit_mechanistic	patients	are inactive	patients are inactive
implicit_mechanistic	patients	are generally unresponsive	patients are generally unresponsive
implicit_mechanistic	patients	are set in their ways	patients are set in their ways
implicit_mechanistic	patients	do not change their mind	patients do not change their mind
implicit_mechanistic	patients	are passive	patients are passive
implicit_mechanistic	patients	are interchangeable	patients are interchangeable
implicit_mechanistic	patients	are fungible	patients are fungible
implicit_mechanistic	patients	are shallow	patients are shallow
implicit_mechanistic	patients	lack depth	patients lack depth
implicit_mechanistic	patients	are simplistic	patients are simplistic
implicit_mechanistic	patients	are inert	patients are inert
implicit_mechanistic	patients	are superficial	patients are superficial
implicit_mechanistic	patients	are unfeeling	patients are unfeeling
implicit_mechanistic	patients	are inflexible	patients are inflexible
implicit_mechanistic	patients	are one dimensional	patients are one dimensional
implicit_mechanistic	patients	are lethargic	patients are lethargic
implicit_mechanistic	patients	are sluggish	patients are sluggish
implicit_mechanistic	patients	are narrow-minded	patients are narrow-minded
implicit_mechanistic	patients	are robotic	patients are robotic
implicit_mechanistic	criminals	have no emotion	criminals have no emotion
implicit_mechanistic	criminals	lack emotion	criminals lack emotion
implicit_mechanistic	criminals	are cold	criminals are cold
implicit_mechanistic	criminals	are unemotional	criminals are unemotional
implicit_mechanistic	criminals	are detached	criminals are detached
implicit_mechanistic	criminals	are apathetic	criminals are apathetic
implicit_mechanistic	criminals	are distant	criminals are distant
implicit_mechanistic	criminals	are inactive in their lives	criminals are inactive in their lives
implicit_mechanistic	criminals	are inactive	criminals are inactive
implicit_mechanistic	criminals	are generally unresponsive	criminals are generally unresponsive
implicit_mechanistic	criminals	are set in their ways	criminals are set in their ways
implicit_mechanistic	criminals	do not change their mind	criminals do not change their mind
implicit_mechanistic	criminals	are passive	criminals are passive
implicit_mechanistic	criminals	are interchangeable	criminals are interchangeable
implicit_mechanistic	criminals	are fungible	criminals are fungible
implicit_mechanistic	criminals	are shallow	criminals are shallow
implicit_mechanistic	criminals	lack depth	criminals lack depth
implicit_mechanistic	criminals	are simplistic	criminals are simplistic
implicit_mechanistic	criminals	are inert	criminals are inert
implicit_mechanistic	criminals	are superficial	criminals are superficial
implicit_mechanistic	criminals	are unfeeling	criminals are unfeeling
implicit_mechanistic	criminals	are inflexible	criminals are inflexible
implicit_mechanistic	criminals	are one dimensional	criminals are one dimensional
implicit_mechanistic	criminals	are lethargic	criminals are lethargic
implicit_mechanistic	criminals	are sluggish	criminals are sluggish
implicit_mechanistic	criminals	are narrow-minded	criminals are narrow-minded
implicit_mechanistic	criminals	are robotic	criminals are robotic
implicit_mechanistic	inmates	have no emotion	inmates have no emotion
implicit_mechanistic	inmates	lack emotion	inmates lack emotion
implicit_mechanistic	inmates	are cold	inmates are cold
implicit_mechanistic	inmates	are unemotional	inmates are unemotional
implicit_mechanistic	inmates	are detached	inmates are detached
implicit_mechanistic	inmates	are apathetic	inmates are apathetic
implicit_mechanistic	inmates	are distant	inmates are distant
implicit_mechanistic	inmates	are inactive in their lives	inmates are inactive in their lives
implicit_mechanistic	inmates	are inactive	inmates are inactive
implicit_mechanistic	inmates	are generally unresponsive	inmates are generally unresponsive
implicit_mechanistic	inmates	are set in their ways	inmates are set in their ways
implicit_mechanistic	inmates	do not change their mind	inmates do not change their mind
implicit_mechanistic	inmates	are passive	inmates are passive
implicit_mechanistic	inmates	are interchangeable	inmates are interchangeable
implicit_mechanistic	inmates	are fungible	inmates are fungible
implicit_mechanistic	inmates	are shallow	inmates are shallow
implicit_mechanistic	inmates	lack depth	inmates lack depth
implicit_mechanistic	inmates	are simplistic	inmates are simplistic
implicit_mechanistic	inmates	are inert	inmates are inert
implicit_mechanistic	inmates	are superficial	inmates are superficial
implicit_mechanistic	inmates	are unfeeling	inmates are unfeeling
implicit_mechanistic	inmates	are inflexible	inmates are inflexible
implicit_mechanistic	inmates	are one dimensional	inmates are one dimensional
implicit_mechanistic	inmates	are lethargic	inmates are lethargic
implicit_mechanistic	inmates	are sluggish	inmates are sluggish
implicit_mechanistic	inmates	are narrow-minded	inmates are narrow-minded
implicit_mechanistic	inmates	are robotic	inmates are robotic
implicit_mechanistic	prisoners	have no emotion	prisoners have no emotion
implicit_mechanistic	prisoners	lack emotion	prisoners lack emotion
implicit_mechanistic	prisoners	are cold	prisoners are cold
implicit_mechanistic	prisoners	are unemotional	prisoners are unemotional
implicit_mechanistic	prisoners	are detached	prisoners are detached
implicit_mechanistic	prisoners	are apathetic	prisoners are apathetic
implicit_mechanistic	prisoners	are distant	prisoners are distant
implicit_mechanistic	prisoners	are inactive in their lives	prisoners are inactive in their lives
implicit_mechanistic	prisoners	are inactive	prisoners are inactive
implicit_mechanistic	prisoners	are generally unresponsive	prisoners are generally unresponsive
implicit_mechanistic	prisoners	are set in their ways	prisoners are set in their ways
implicit_mechanistic	prisoners	do not change their mind	prisoners do not change their mind
implicit_mechanistic	prisoners	are passive	prisoners are passive
implicit_mechanistic	prisoners	are interchangeable	prisoners are interchangeable
implicit_mechanistic	prisoners	are fungible	prisoners are fungible
implicit_mechanistic	prisoners	are shallow	prisoners are shallow
implicit_mechanistic	prisoners	lack depth	prisoners lack depth
implicit_mechanistic	prisoners	are simplistic	prisoners are simplistic
implicit_mechanistic	prisoners	are inert	prisoners are inert
implicit_mechanistic	prisoners	are superficial	prisoners are superficial
implicit_mechanistic	prisoners	are unfeeling	prisoners are unfeeling
implicit_mechanistic	prisoners	are inflexible	prisoners are inflexible
implicit_mechanistic	prisoners	are one dimensional	prisoners are one dimensional
implicit_mechanistic	prisoners	are lethargic	prisoners are lethargic
implicit_mechanistic	prisoners	are sluggish	prisoners are sluggish
implicit_mechanistic	prisoners	are narrow-minded	prisoners are narrow-minded
implicit_mechanistic	prisoners	are robotic	prisoners are robotic
implicit_mechanistic	you	have no emotion	you have no emotion
implicit_mechanistic	you	lack emotion	you lack emotion
implicit_mechanistic	you	are cold	you are cold
implicit_mechanistic	you	are unemotional	you are unemotional
implicit_mechanistic	you	are detached	you are detached
implicit_mechanistic	you	are apathetic	you are apathetic
implicit_mechanistic	you	are distant	you are distant
implicit_mechanistic	you	are inactive in their lives	you are inactive in their lives
implicit_mechanistic	you	are inactive	you are inactive
implicit_mechanistic	you	are generally unresponsive	you are generally unresponsive
implicit_mechanistic	you	are set in their ways	you are set in their ways
implicit_mechanistic	you	do not change their mind	you do not change their mind
implicit_mechanistic	you	are passive	you are passive
implicit_mechanistic	you	are interchangeable	you are interchangeable
implicit_mechanistic	you	are fungible	you are fungible
implicit_mechanistic	you	are shallow	you are shallow
implicit_mechanistic	you	lack depth	you lack depth
implicit_mechanistic	you	are simplistic	you are simplistic
implicit_mechanistic	you	are inert	you are inert
implicit_mechanistic	you	are superficial	you are superficial
implicit_mechanistic	you	are unfeeling	you are unfeeling
implicit_mechanistic	you	are inflexible	you are inflexible
implicit_mechanistic	you	are one dimensional	you are one dimensional
implicit_mechanistic	you	are lethargic	you are lethargic
implicit_mechanistic	you	are sluggish	you are sluggish
implicit_mechanistic	you	are narrow-minded	you are narrow-minded
implicit_mechanistic	you	are robotic	you are robotic
implicit_mechanistic	ukrainians	have no emotion	ukrainians have no emotion
implicit_mechanistic	ukrainians	lack emotion	ukrainians lack emotion
implicit_mechanistic	ukrainians	are cold	ukrainians are cold
implicit_mechanistic	ukrainians	are unemotional	ukrainians are unemotional
implicit_mechanistic	ukrainians	are detached	ukrainians are detached
implicit_mechanistic	ukrainians	are apathetic	ukrainians are apathetic
implicit_mechanistic	ukrainians	are distant	ukrainians are distant
implicit_mechanistic	ukrainians	are inactive in their lives	ukrainians are inactive in their lives
implicit_mechanistic	ukrainians	are inactive	ukrainians are inactive
implicit_mechanistic	ukrainians	are generally unresponsive	ukrainians are generally unresponsive
implicit_mechanistic	ukrainians	are set in their ways	ukrainians are set in their ways
implicit_mechanistic	ukrainians	do not change their mind	ukrainians do not change their mind
implicit_mechanistic	ukrainians	are passive	ukrainians are passive
implicit_mechanistic	ukrainians	are interchangeable	ukrainians are interchangeable
implicit_mechanistic	ukrainians	are fungible	ukrainians are fungible
implicit_mechanistic	ukrainians	are shallow	ukrainians are shallow
implicit_mechanistic	ukrainians	lack depth	ukrainians lack depth
implicit_mechanistic	ukrainians	are simplistic	ukrainians are simplistic
implicit_mechanistic	ukrainians	are inert	ukrainians are inert
implicit_mechanistic	ukrainians	are superficial	ukrainians are superficial
implicit_mechanistic	ukrainians	are unfeeling	ukrainians are unfeeling
implicit_mechanistic	ukrainians	are inflexible	ukrainians are inflexible
implicit_mechanistic	ukrainians	are one dimensional	ukrainians are one dimensional
implicit_mechanistic	ukrainians	are lethargic	ukrainians are lethargic
implicit_mechanistic	ukrainians	are sluggish	ukrainians are sluggish
implicit_mechanistic	ukrainians	are narrow-minded	ukrainians are narrow-minded
implicit_mechanistic	ukrainians	are robotic	ukrainians are robotic
implicit_mechanistic	israelis	have no emotion	israelis have no emotion
implicit_mechanistic	israelis	lack emotion	israelis lack emotion
implicit_mechanistic	israelis	are cold	israelis are cold
implicit_mechanistic	israelis	are unemotional	israelis are unemotional
implicit_mechanistic	israelis	are detached	israelis are detached
implicit_mechanistic	israelis	are apathetic	israelis are apathetic
implicit_mechanistic	israelis	are distant	israelis are distant
implicit_mechanistic	israelis	are inactive in their lives	israelis are inactive in their lives
implicit_mechanistic	israelis	are inactive	israelis are inactive
implicit_mechanistic	israelis	are generally unresponsive	israelis are generally unresponsive
implicit_mechanistic	israelis	are set in their ways	israelis are set in their ways
implicit_mechanistic	israelis	do not change their mind	israelis do not change their mind
implicit_mechanistic	israelis	are passive	israelis are passive
implicit_mechanistic	israelis	are interchangeable	israelis are interchangeable
implicit_mechanistic	israelis	are fungible	israelis are fungible
implicit_mechanistic	israelis	are shallow	israelis are shallow
implicit_mechanistic	israelis	lack depth	israelis lack depth
implicit_mechanistic	israelis	are simplistic	israelis are simplistic
implicit_mechanistic	israelis	are inert	israelis are inert
implicit_mechanistic	israelis	are superficial	israelis are superficial
implicit_mechanistic	israelis	are unfeeling	israelis are unfeeling
implicit_mechanistic	israelis	are inflexible	israelis are inflexible
implicit_mechanistic	israelis	are one dimensional	israelis are one dimensional
implicit_mechanistic	israelis	are lethargic	israelis are lethargic
implicit_mechanistic	israelis	are sluggish	israelis are sluggish
implicit_mechanistic	israelis	are narrow-minded	israelis are narrow-minded
implicit_mechanistic	israelis	are robotic	israelis are robotic
implicit_mechanistic	palestinians	have no emotion	palestinians have no emotion
implicit_mechanistic	palestinians	lack emotion	palestinians lack emotion
implicit_mechanistic	palestinians	are cold	palestinians are cold
implicit_mechanistic	palestinians	are unemotional	palestinians are unemotional
implicit_mechanistic	palestinians	are detached	palestinians are detached
implicit_mechanistic	palestinians	are apathetic	palestinians are apathetic
implicit_mechanistic	palestinians	are distant	palestinians are distant
implicit_mechanistic	palestinians	are inactive in their lives	palestinians are inactive in their lives
implicit_mechanistic	palestinians	are inactive	palestinians are inactive
implicit_mechanistic	palestinians	are generally unresponsive	palestinians are generally unresponsive
implicit_mechanistic	palestinians	are set in their ways	palestinians are set in their ways
implicit_mechanistic	palestinians	do not change their mind	palestinians do not change their mind
implicit_mechanistic	palestinians	are passive	palestinians are passive
implicit_mechanistic	palestinians	are interchangeable	palestinians are interchangeable
implicit_mechanistic	palestinians	are fungible	palestinians are fungible
implicit_mechanistic	palestinians	are shallow	palestinians are shallow
implicit_mechanistic	palestinians	lack depth	palestinians lack depth
implicit_mechanistic	palestinians	are simplistic	palestinians are simplistic
implicit_mechanistic	palestinians	are inert	palestinians are inert
implicit_mechanistic	palestinians	are superficial	palestinians are superficial
implicit_mechanistic	palestinians	are unfeeling	palestinians are unfeeling
implicit_mechanistic	palestinians	are inflexible	palestinians are inflexible
implicit_mechanistic	palestinians	are one dimensional	palestinians are one dimensional
implicit_mechanistic	palestinians	are lethargic	palestinians are lethargic
implicit_mechanistic	palestinians	are sluggish	palestinians are sluggish
implicit_mechanistic	palestinians	are narrow-minded	palestinians are narrow-minded
implicit_mechanistic	palestinians	are robotic	palestinians are robotic
implicit_mechanistic	they	have no emotion	they have no emotion
implicit_mechanistic	they	lack emotion	they lack emotion
implicit_mechanistic	they	are cold	they are cold
implicit_mechanistic	they	are unemotional	they are unemotional
implicit_mechanistic	they	are detached	they are detached
implicit_mechanistic	they	are apathetic	they are apathetic
implicit_mechanistic	they	are distant	they are distant
implicit_mechanistic	they	are inactive in their lives	they are inactive in their lives
implicit_mechanistic	they	are inactive	they are inactive
implicit_mechanistic	they	are generally unresponsive	they are generally unresponsive
implicit_mechanistic	they	are set in their ways	they are set in their ways
implicit_mechanistic	they	do not change their mind	they do not change their mind
implicit_mechanistic	they	are passive	they are passive
implicit_mechanistic	they	are interchangeable	they are interchangeable
implicit_mechanistic	they	are fungible	they are fungible
implicit_mechanistic	they	are shallow	they are shallow
implicit_mechanistic	they	lack depth	they lack depth
implicit_mechanistic	they	are simplistic	they are simplistic
implicit_mechanistic	they	are inert	they are inert
implicit_mechanistic	they	are superficial	they are superficial
implicit_mechanistic	they	are unfeeling	they are unfeeling
implicit_mechanistic	they	are inflexible	they are inflexible
implicit_mechanistic	they	are one dimensional	they are one dimensional
implicit_mechanistic	they	are lethargic	they are lethargic
implicit_mechanistic	they	are sluggish	they are sluggish
implicit_mechanistic	they	are narrow-minded	they are narrow-minded
implicit_mechanistic	they	are robotic	they are robotic
implicit_mechanistic	those	have no emotion	those have no emotion
implicit_mechanistic	those	lack emotion	those lack emotion
implicit_mechanistic	those	are cold	those are cold
implicit_mechanistic	those	are unemotional	those are unemotional
implicit_mechanistic	those	are detached	those are detached
implicit_mechanistic	those	are apathetic	those are apathetic
implicit_mechanistic	those	are distant	those are distant
implicit_mechanistic	those	are inactive in their lives	those are inactive in their lives
implicit_mechanistic	those	are inactive	those are inactive
implicit_mechanistic	those	are generally unresponsive	those are generally unresponsive
implicit_mechanistic	those	are set in their ways	those are set in their ways
implicit_mechanistic	those	do not change their mind	those do not change their mind
implicit_mechanistic	those	are passive	those are passive
implicit_mechanistic	those	are interchangeable	those are interchangeable
implicit_mechanistic	those	are fungible	those are fungible
implicit_mechanistic	those	are shallow	those are shallow
implicit_mechanistic	those	lack depth	those lack depth
implicit_mechanistic	those	are simplistic	those are simplistic
implicit_mechanistic	those	are inert	those are inert
implicit_mechanistic	those	are superficial	those are superficial
implicit_mechanistic	those	are unfeeling	those are unfeeling
implicit_mechanistic	those	are inflexible	those are inflexible
implicit_mechanistic	those	are one dimensional	those are one dimensional
implicit_mechanistic	those	are lethargic	those are lethargic
implicit_mechanistic	those	are sluggish	those are sluggish
implicit_mechanistic	those	are narrow-minded	those are narrow-minded
implicit_mechanistic	those	are robotic	those are robotic
implicit_mechanistic	these	have no emotion	these have no emotion
implicit_mechanistic	these	lack emotion	these lack emotion
implicit_mechanistic	these	are cold	these are cold
implicit_mechanistic	these	are unemotional	these are unemotional
implicit_mechanistic	these	are detached	these are detached
implicit_mechanistic	these	are apathetic	these are apathetic
implicit_mechanistic	these	are distant	these are distant
implicit_mechanistic	these	are inactive in their lives	these are inactive in their lives
implicit_mechanistic	these	are inactive	these are inactive
implicit_mechanistic	these	are generally unresponsive	these are generally unresponsive
implicit_mechanistic	these	are set in their ways	these are set in their ways
implicit_mechanistic	these	do not change their mind	these do not change their mind
implicit_mechanistic	these	are passive	these are passive
implicit_mechanistic	these	are interchangeable	these are interchangeable
implicit_mechanistic	these	are fungible	these are fungible
implicit_mechanistic	these	are shallow	these are shallow
implicit_mechanistic	these	lack depth	these lack depth
implicit_mechanistic	these	are simplistic	these are simplistic
implicit_mechanistic	these	are inert	these are inert
implicit_mechanistic	these	are superficial	these are superficial
implicit_mechanistic	these	are unfeeling	these are unfeeling
implicit_mechanistic	these	are inflexible	these are inflexible
implicit_mechanistic	these	are one dimensional	these are one dimensional
implicit_mechanistic	these	are lethargic	these are lethargic
implicit_mechanistic	these	are sluggish	these are sluggish
implicit_mechanistic	these	are narrow-minded	these are narrow-minded
implicit_mechanistic	these	are robotic	these are robotic
implicit_mechanistic	workers	have no emotion	workers have no emotion
implicit_mechanistic	workers	lack emotion	workers lack emotion
implicit_mechanistic	workers	are cold	workers are cold
implicit_mechanistic	workers	are unemotional	workers are unemotional
implicit_mechanistic	workers	are detached	workers are detached
implicit_mechanistic	workers	are apathetic	workers are apathetic
implicit_mechanistic	workers	are distant	workers are distant
implicit_mechanistic	workers	are inactive in their lives	workers are inactive in their lives
implicit_mechanistic	workers	are inactive	workers are inactive
implicit_mechanistic	workers	are generally unresponsive	workers are generally unresponsive
implicit_mechanistic	workers	are set in their ways	workers are set in their ways
implicit_mechanistic	workers	do not change their mind	workers do not change their mind
implicit_mechanistic	workers	are passive	workers are passive
implicit_mechanistic	workers	are interchangeable	workers are interchangeable
implicit_mechanistic	workers	are fungible	workers are fungible
implicit_mechanistic	workers	are shallow	workers are shallow
implicit_mechanistic	workers	lack depth	workers lack depth
implicit_mechanistic	workers	are simplistic	workers are simplistic
implicit_mechanistic	workers	are inert	workers are inert
implicit_mechanistic	workers	are superficial	workers are superficial
implicit_mechanistic	workers	are unfeeling	workers are unfeeling
implicit_mechanistic	workers	are inflexible	workers are inflexible
implicit_mechanistic	workers	are one dimensional	workers are one dimensional
implicit_mechanistic	workers	are lethargic	workers are lethargic
implicit_mechanistic	workers	are sluggish	workers are sluggish
implicit_mechanistic	workers	are narrow-minded	workers are narrow-minded
implicit_mechanistic	workers	are robotic	workers are robotic
implicit_mechanistic	9-to-5ers	have no emotion	9-to-5ers have no emotion
implicit_mechanistic	9-to-5ers	lack emotion	9-to-5ers lack emotion
implicit_mechanistic	9-to-5ers	are cold	9-to-5ers are cold
implicit_mechanistic	9-to-5ers	are unemotional	9-to-5ers are unemotional
implicit_mechanistic	9-to-5ers	are detached	9-to-5ers are detached
implicit_mechanistic	9-to-5ers	are apathetic	9-to-5ers are apathetic
implicit_mechanistic	9-to-5ers	are distant	9-to-5ers are distant
implicit_mechanistic	9-to-5ers	are inactive in their lives	9-to-5ers are inactive in their lives
implicit_mechanistic	9-to-5ers	are inactive	9-to-5ers are inactive
implicit_mechanistic	9-to-5ers	are generally unresponsive	9-to-5ers are generally unresponsive
implicit_mechanistic	9-to-5ers	are set in their ways	9-to-5ers are set in their ways
implicit_mechanistic	9-to-5ers	do not change their mind	9-to-5ers do not change their mind
implicit_mechanistic	9-to-5ers	are passive	9-to-5ers are passive
implicit_mechanistic	9-to-5ers	are interchangeable	9-to-5ers are interchangeable
implicit_mechanistic	9-to-5ers	are fungible	9-to-5ers are fungible
implicit_mechanistic	9-to-5ers	are shallow	9-to-5ers are shallow
implicit_mechanistic	9-to-5ers	lack depth	9-to-5ers lack depth
implicit_mechanistic	9-to-5ers	are simplistic	9-to-5ers are simplistic
implicit_mechanistic	9-to-5ers	are inert	9-to-5ers are inert
implicit_mechanistic	9-to-5ers	are superficial	9-to-5ers are superficial
implicit_mechanistic	9-to-5ers	are unfeeling	9-to-5ers are unfeeling
implicit_mechanistic	9-to-5ers	are inflexible	9-to-5ers are inflexible
implicit_mechanistic	9-to-5ers	are one dimensional	9-to-5ers are one dimensional
implicit_mechanistic	9-to-5ers	are lethargic	9-to-5ers are lethargic
implicit_mechanistic	9-to-5ers	are sluggish	9-to-5ers are sluggish
implicit_mechanistic	9-to-5ers	are narrow-minded	9-to-5ers are narrow-minded
implicit_mechanistic	9-to-5ers	are robotic	9-to-5ers are robotic
implicit_mechanistic	toursits	have no emotion	toursits have no emotion
implicit_mechanistic	toursits	lack emotion	toursits lack emotion
implicit_mechanistic	toursits	are cold	toursits are cold
implicit_mechanistic	toursits	are unemotional	toursits are unemotional
implicit_mechanistic	toursits	are detached	toursits are detached
implicit_mechanistic	toursits	are apathetic	toursits are apathetic
implicit_mechanistic	toursits	are distant	toursits are distant
implicit_mechanistic	toursits	are inactive in their lives	toursits are inactive in their lives
implicit_mechanistic	toursits	are inactive	toursits are inactive
implicit_mechanistic	toursits	are generally unresponsive	toursits are generally unresponsive
implicit_mechanistic	toursits	are set in their ways	toursits are set in their ways
implicit_mechanistic	toursits	do not change their mind	toursits do not change their mind
implicit_mechanistic	toursits	are passive	toursits are passive
implicit_mechanistic	toursits	are interchangeable	toursits are interchangeable
implicit_mechanistic	toursits	are fungible	toursits are fungible
implicit_mechanistic	toursits	are shallow	toursits are shallow
implicit_mechanistic	toursits	lack depth	toursits lack depth
implicit_mechanistic	toursits	are simplistic	toursits are simplistic
implicit_mechanistic	toursits	are inert	toursits are inert
implicit_mechanistic	toursits	are superficial	toursits are superficial
implicit_mechanistic	toursits	are unfeeling	toursits are unfeeling
implicit_mechanistic	toursits	are inflexible	toursits are inflexible
implicit_mechanistic	toursits	are one dimensional	toursits are one dimensional
implicit_mechanistic	toursits	are lethargic	toursits are lethargic
implicit_mechanistic	toursits	are sluggish	toursits are sluggish
implicit_mechanistic	toursits	are narrow-minded	toursits are narrow-minded
implicit_mechanistic	toursits	are robotic	toursits are robotic
implicit_mechanistic	travellers	have no emotion	travellers have no emotion
implicit_mechanistic	travellers	lack emotion	travellers lack emotion
implicit_mechanistic	travellers	are cold	travellers are cold
implicit_mechanistic	travellers	are unemotional	travellers are unemotional
implicit_mechanistic	travellers	are detached	travellers are detached
implicit_mechanistic	travellers	are apathetic	travellers are apathetic
implicit_mechanistic	travellers	are distant	travellers are distant
implicit_mechanistic	travellers	are inactive in their lives	travellers are inactive in their lives
implicit_mechanistic	travellers	are inactive	travellers are inactive
implicit_mechanistic	travellers	are generally unresponsive	travellers are generally unresponsive
implicit_mechanistic	travellers	are set in their ways	travellers are set in their ways
implicit_mechanistic	travellers	do not change their mind	travellers do not change their mind
implicit_mechanistic	travellers	are passive	travellers are passive
implicit_mechanistic	travellers	are interchangeable	travellers are interchangeable
implicit_mechanistic	travellers	are fungible	travellers are fungible
implicit_mechanistic	travellers	are shallow	travellers are shallow
implicit_mechanistic	travellers	lack depth	travellers lack depth
implicit_mechanistic	travellers	are simplistic	travellers are simplistic
implicit_mechanistic	travellers	are inert	travellers are inert
implicit_mechanistic	travellers	are superficial	travellers are superficial
implicit_mechanistic	travellers	are unfeeling	travellers are unfeeling
implicit_mechanistic	travellers	are inflexible	travellers are inflexible
implicit_mechanistic	travellers	are one dimensional	travellers are one dimensional
implicit_mechanistic	travellers	are lethargic	travellers are lethargic
implicit_mechanistic	travellers	are sluggish	travellers are sluggish
implicit_mechanistic	travellers	are narrow-minded	travellers are narrow-minded
implicit_mechanistic	travellers	are robotic	travellers are robotic
implicit_mechanistic	businessmen	have no emotion	businessmen have no emotion
implicit_mechanistic	businessmen	lack emotion	businessmen lack emotion
implicit_mechanistic	businessmen	are cold	businessmen are cold
implicit_mechanistic	businessmen	are unemotional	businessmen are unemotional
implicit_mechanistic	businessmen	are detached	businessmen are detached
implicit_mechanistic	businessmen	are apathetic	businessmen are apathetic
implicit_mechanistic	businessmen	are distant	businessmen are distant
implicit_mechanistic	businessmen	are inactive in their lives	businessmen are inactive in their lives
implicit_mechanistic	businessmen	are inactive	businessmen are inactive
implicit_mechanistic	businessmen	are generally unresponsive	businessmen are generally unresponsive
implicit_mechanistic	businessmen	are set in their ways	businessmen are set in their ways
implicit_mechanistic	businessmen	do not change their mind	businessmen do not change their mind
implicit_mechanistic	businessmen	are passive	businessmen are passive
implicit_mechanistic	businessmen	are interchangeable	businessmen are interchangeable
implicit_mechanistic	businessmen	are fungible	businessmen are fungible
implicit_mechanistic	businessmen	are shallow	businessmen are shallow
implicit_mechanistic	businessmen	lack depth	businessmen lack depth
implicit_mechanistic	businessmen	are simplistic	businessmen are simplistic
implicit_mechanistic	businessmen	are inert	businessmen are inert
implicit_mechanistic	businessmen	are superficial	businessmen are superficial
implicit_mechanistic	businessmen	are unfeeling	businessmen are unfeeling
implicit_mechanistic	businessmen	are inflexible	businessmen are inflexible
implicit_mechanistic	businessmen	are one dimensional	businessmen are one dimensional
implicit_mechanistic	businessmen	are lethargic	businessmen are lethargic
implicit_mechanistic	businessmen	are sluggish	businessmen are sluggish
implicit_mechanistic	businessmen	are narrow-minded	businessmen are narrow-minded
implicit_mechanistic	businessmen	are robotic	businessmen are robotic
explicit_animalistic	immigrants	subhumans	immigrants are like subhumans
explicit_animalistic	immigrants	animals	immigrants are like animals
explicit_animalistic	immigrants	beasts	immigrants are like beasts
explicit_animalistic	immigrants	brute	immigrants are like brute
explicit_animalistic	immigrants	cattle	immigrants are like cattle
explicit_animalistic	immigrants	cows	immigrants are like cows
explicit_animalistic	immigrants	dogs	immigrants are like dogs
explicit_animalistic	immigrants	herds	immigrants are like herds
explicit_animalistic	immigrants	hog	immigrants are like hog
explicit_animalistic	immigrants	horses	immigrants are like horses
explicit_animalistic	immigrants	livestock	immigrants are like livestock
explicit_animalistic	immigrants	pigs	immigrants are like pigs
explicit_animalistic	immigrants	sheep	immigrants are like sheep
explicit_animalistic	immigrants	rats	immigrants are like rats
explicit_animalistic	immigrants	worms	immigrants are like worms
explicit_animalistic	immigrants	bugs	immigrants are like bugs
explicit_animalistic	immigrants	parasites	immigrants are like parasites
explicit_animalistic	immigrants	insects	immigrants are like insects
explicit_animalistic	immigrants	the pest	immigrants are like the pest
explicit_animalistic	immigrants	flea	immigrants are like flea
explicit_animalistic	immigrants	rodents	immigrants are like rodents
explicit_animalistic	immigrants	a virus	immigrants are like a virus
explicit_animalistic	immigrants	a disease	immigrants are like a disease
explicit_animalistic	immigrants	ants	immigrants are like ants
explicit_animalistic	immigrants	beast-like	immigrants are like beast-like
explicit_animalistic	immigrants	bedbugs	immigrants are like bedbugs
explicit_animalistic	immigrants	brainworms	immigrants are like brainworms
explicit_animalistic	immigrants	breeders	immigrants are like breeders
explicit_animalistic	immigrants	broodstock	immigrants are like broodstock
explicit_animalistic	immigrants	buggs	immigrants are like buggs
explicit_animalistic	immigrants	chimps	immigrants are like chimps
explicit_animalistic	immigrants	conker	immigrants are like conker
explicit_animalistic	immigrants	drat	immigrants are like drat
explicit_animalistic	immigrants	earthworms	immigrants are like earthworms
explicit_animalistic	immigrants	entities	immigrants are like entities
explicit_animalistic	immigrants	ferals	immigrants are like ferals
explicit_animalistic	immigrants	ferocious	immigrants are like ferocious
explicit_animalistic	immigrants	ferrets	immigrants are like ferrets
explicit_animalistic	immigrants	fester	immigrants are like fester
explicit_animalistic	immigrants	fleabags	immigrants are like fleabags
explicit_animalistic	immigrants	garanimal	immigrants are like garanimal
explicit_animalistic	immigrants	hampster	immigrants are like hampster
explicit_animalistic	immigrants	lice	immigrants are like lice
explicit_animalistic	immigrants	maggots	immigrants are like maggots
explicit_animalistic	immigrants	mice	immigrants are like mice
explicit_animalistic	immigrants	ziopig	immigrants are like ziopig
explicit_animalistic	refugees	subhumans	refugees are like subhumans
explicit_animalistic	refugees	animals	refugees are like animals
explicit_animalistic	refugees	beasts	refugees are like beasts
explicit_animalistic	refugees	brute	refugees are like brute
explicit_animalistic	refugees	cattle	refugees are like cattle
explicit_animalistic	refugees	cows	refugees are like cows
explicit_animalistic	refugees	dogs	refugees are like dogs
explicit_animalistic	refugees	herds	refugees are like herds
explicit_animalistic	refugees	hog	refugees are like hog
explicit_animalistic	refugees	horses	refugees are like horses
explicit_animalistic	refugees	livestock	refugees are like livestock
explicit_animalistic	refugees	pigs	refugees are like pigs
explicit_animalistic	refugees	sheep	refugees are like sheep
explicit_animalistic	refugees	rats	refugees are like rats
explicit_animalistic	refugees	worms	refugees are like worms
explicit_animalistic	refugees	bugs	refugees are like bugs
explicit_animalistic	refugees	parasites	refugees are like parasites
explicit_animalistic	refugees	insects	refugees are like insects
explicit_animalistic	refugees	the pest	refugees are like the pest
explicit_animalistic	refugees	flea	refugees are like flea
explicit_animalistic	refugees	rodents	refugees are like rodents
explicit_animalistic	refugees	a virus	refugees are like a virus
explicit_animalistic	refugees	a disease	refugees are like a disease
explicit_animalistic	refugees	ants	refugees are like ants
explicit_animalistic	refugees	beast-like	refugees are like beast-like
explicit_animalistic	refugees	bedbugs	refugees are like bedbugs
explicit_animalistic	refugees	brainworms	refugees are like brainworms
explicit_animalistic	refugees	breeders	refugees are like breeders
explicit_animalistic	refugees	broodstock	refugees are like broodstock
explicit_animalistic	refugees	buggs	refugees are like buggs
explicit_animalistic	refugees	chimps	refugees are like chimps
explicit_animalistic	refugees	conker	refugees are like conker
explicit_animalistic	refugees	drat	refugees are like drat
explicit_animalistic	refugees	earthworms	refugees are like earthworms
explicit_animalistic	refugees	entities	refugees are like entities
explicit_animalistic	refugees	ferals	refugees are like ferals
explicit_animalistic	refugees	ferocious	refugees are like ferocious
explicit_animalistic	refugees	ferrets	refugees are like ferrets
explicit_animalistic	refugees	fester	refugees are like fester
explicit_animalistic	refugees	fleabags	refugees are like fleabags
explicit_animalistic	refugees	garanimal	refugees are like garanimal
explicit_animalistic	refugees	hampster	refugees are like hampster
explicit_animalistic	refugees	lice	refugees are like lice
explicit_animalistic	refugees	maggots	refugees are like maggots
explicit_animalistic	refugees	mice	refugees are like mice
explicit_animalistic	refugees	ziopig	refugees are like ziopig
explicit_animalistic	aliens	subhumans	aliens are like subhumans
explicit_animalistic	aliens	animals	aliens are like animals
explicit_animalistic	aliens	beasts	aliens are like beasts
explicit_animalistic	aliens	brute	aliens are like brute
explicit_animalistic	aliens	cattle	aliens are like cattle
explicit_animalistic	aliens	cows	aliens are like cows
explicit_animalistic	aliens	dogs	aliens are like dogs
explicit_animalistic	aliens	herds	aliens are like herds
explicit_animalistic	aliens	hog	aliens are like hog
explicit_animalistic	aliens	horses	aliens are like horses
explicit_animalistic	aliens	livestock	aliens are like livestock
explicit_animalistic	aliens	pigs	aliens are like pigs
explicit_animalistic	aliens	sheep	aliens are like sheep
explicit_animalistic	aliens	rats	aliens are like rats
explicit_animalistic	aliens	worms	aliens are like worms
explicit_animalistic	aliens	bugs	aliens are like bugs
explicit_animalistic	aliens	parasites	aliens are like parasites
explicit_animalistic	aliens	insects	aliens are like insects
explicit_animalistic	aliens	the pest	aliens are like the pest
explicit_animalistic	aliens	flea	aliens are like flea
explicit_animalistic	aliens	rodents	aliens are like rodents
explicit_animalistic	aliens	a virus	aliens are like a virus
explicit_animalistic	aliens	a disease	aliens are like a disease
explicit_animalistic	aliens	ants	aliens are like ants
explicit_animalistic	aliens	beast-like	aliens are like beast-like
explicit_animalistic	aliens	bedbugs	aliens are like bedbugs
explicit_animalistic	aliens	brainworms	aliens are like brainworms
explicit_animalistic	aliens	breeders	aliens are like breeders
explicit_animalistic	aliens	broodstock	aliens are like broodstock
explicit_animalistic	aliens	buggs	aliens are like buggs
explicit_animalistic	aliens	chimps	aliens are like chimps
explicit_animalistic	aliens	conker	aliens are like conker
explicit_animalistic	aliens	drat	aliens are like drat
explicit_animalistic	aliens	earthworms	aliens are like earthworms
explicit_animalistic	aliens	entities	aliens are like entities
explicit_animalistic	aliens	ferals	aliens are like ferals
explicit_animalistic	aliens	ferocious	aliens are like ferocious
explicit_animalistic	aliens	ferrets	aliens are like ferrets
explicit_animalistic	aliens	fester	aliens are like fester
explicit_animalistic	aliens	fleabags	aliens are like fleabags
explicit_animalistic	aliens	garanimal	aliens are like garanimal
explicit_animalistic	aliens	hampster	aliens are like hampster
explicit_animalistic	aliens	lice	aliens are like lice
explicit_animalistic	aliens	maggots	aliens are like maggots
explicit_animalistic	aliens	mice	aliens are like mice
explicit_animalistic	aliens	ziopig	aliens are like ziopig
explicit_animalistic	illegals	subhumans	illegals are like subhumans
explicit_animalistic	illegals	animals	illegals are like animals
explicit_animalistic	illegals	beasts	illegals are like beasts
explicit_animalistic	illegals	brute	illegals are like brute
explicit_animalistic	illegals	cattle	illegals are like cattle
explicit_animalistic	illegals	cows	illegals are like cows
explicit_animalistic	illegals	dogs	illegals are like dogs
explicit_animalistic	illegals	herds	illegals are like herds
explicit_animalistic	illegals	hog	illegals are like hog
explicit_animalistic	illegals	horses	illegals are like horses
explicit_animalistic	illegals	livestock	illegals are like livestock
explicit_animalistic	illegals	pigs	illegals are like pigs
explicit_animalistic	illegals	sheep	illegals are like sheep
explicit_animalistic	illegals	rats	illegals are like rats
explicit_animalistic	illegals	worms	illegals are like worms
explicit_animalistic	illegals	bugs	illegals are like bugs
explicit_animalistic	illegals	parasites	illegals are like parasites
explicit_animalistic	illegals	insects	illegals are like insects
explicit_animalistic	illegals	the pest	illegals are like the pest
explicit_animalistic	illegals	flea	illegals are like flea
explicit_animalistic	illegals	rodents	illegals are like rodents
explicit_animalistic	illegals	a virus	illegals are like a virus
explicit_animalistic	illegals	a disease	illegals are like a disease
explicit_animalistic	illegals	ants	illegals are like ants
explicit_animalistic	illegals	beast-like	illegals are like beast-like
explicit_animalistic	illegals	bedbugs	illegals are like bedbugs
explicit_animalistic	illegals	brainworms	illegals are like brainworms
explicit_animalistic	illegals	breeders	illegals are like breeders
explicit_animalistic	illegals	broodstock	illegals are like broodstock
explicit_animalistic	illegals	buggs	illegals are like buggs
explicit_animalistic	illegals	chimps	illegals are like chimps
explicit_animalistic	illegals	conker	illegals are like conker
explicit_animalistic	illegals	drat	illegals are like drat
explicit_animalistic	illegals	earthworms	illegals are like earthworms
explicit_animalistic	illegals	entities	illegals are like entities
explicit_animalistic	illegals	ferals	illegals are like ferals
explicit_animalistic	illegals	ferocious	illegals are like ferocious
explicit_animalistic	illegals	ferrets	illegals are like ferrets
explicit_animalistic	illegals	fester	illegals are like fester
explicit_animalistic	illegals	fleabags	illegals are like fleabags
explicit_animalistic	illegals	garanimal	illegals are like garanimal
explicit_animalistic	illegals	hampster	illegals are like hampster
explicit_animalistic	illegals	lice	illegals are like lice
explicit_animalistic	illegals	maggots	illegals are like maggots
explicit_animalistic	illegals	mice	illegals are like mice
explicit_animalistic	illegals	ziopig	illegals are like ziopig
explicit_animalistic	escapees	subhumans	escapees are like subhumans
explicit_animalistic	escapees	animals	escapees are like animals
explicit_animalistic	escapees	beasts	escapees are like beasts
explicit_animalistic	escapees	brute	escapees are like brute
explicit_animalistic	escapees	cattle	escapees are like cattle
explicit_animalistic	escapees	cows	escapees are like cows
explicit_animalistic	escapees	dogs	escapees are like dogs
explicit_animalistic	escapees	herds	escapees are like herds
explicit_animalistic	escapees	hog	escapees are like hog
explicit_animalistic	escapees	horses	escapees are like horses
explicit_animalistic	escapees	livestock	escapees are like livestock
explicit_animalistic	escapees	pigs	escapees are like pigs
explicit_animalistic	escapees	sheep	escapees are like sheep
explicit_animalistic	escapees	rats	escapees are like rats
explicit_animalistic	escapees	worms	escapees are like worms
explicit_animalistic	escapees	bugs	escapees are like bugs
explicit_animalistic	escapees	parasites	escapees are like parasites
explicit_animalistic	escapees	insects	escapees are like insects
explicit_animalistic	escapees	the pest	escapees are like the pest
explicit_animalistic	escapees	flea	escapees are like flea
explicit_animalistic	escapees	rodents	escapees are like rodents
explicit_animalistic	escapees	a virus	escapees are like a virus
explicit_animalistic	escapees	a disease	escapees are like a disease
explicit_animalistic	escapees	ants	escapees are like ants
explicit_animalistic	escapees	beast-like	escapees are like beast-like
explicit_animalistic	escapees	bedbugs	escapees are like bedbugs
explicit_animalistic	escapees	brainworms	escapees are like brainworms
explicit_animalistic	escapees	breeders	escapees are like breeders
explicit_animalistic	escapees	broodstock	escapees are like broodstock
explicit_animalistic	escapees	buggs	escapees are like buggs
explicit_animalistic	escapees	chimps	escapees are like chimps
explicit_animalistic	escapees	conker	escapees are like conker
explicit_animalistic	escapees	drat	escapees are like drat
explicit_animalistic	escapees	earthworms	escapees are like earthworms
explicit_animalistic	escapees	entities	escapees are like entities
explicit_animalistic	escapees	ferals	escapees are like ferals
explicit_animalistic	escapees	ferocious	escapees are like ferocious
explicit_animalistic	escapees	ferrets	escapees are like ferrets
explicit_animalistic	escapees	fester	escapees are like fester
explicit_animalistic	escapees	fleabags	escapees are like fleabags
explicit_animalistic	escapees	garanimal	escapees are like garanimal
explicit_animalistic	escapees	hampster	escapees are like hampster
explicit_animalistic	escapees	lice	escapees are like lice
explicit_animalistic	escapees	maggots	escapees are like maggots
explicit_animalistic	escapees	mice	escapees are like mice
explicit_animalistic	escapees	ziopig	escapees are like ziopig
explicit_animalistic	foreigners	subhumans	foreigners are like subhumans
explicit_animalistic	foreigners	animals	foreigners are like animals
explicit_animalistic	foreigners	beasts	foreigners are like beasts
explicit_animalistic	foreigners	brute	foreigners are like brute
explicit_animalistic	foreigners	cattle	foreigners are like cattle
explicit_animalistic	foreigners	cows	foreigners are like cows
explicit_animalistic	foreigners	dogs	foreigners are like dogs
explicit_animalistic	foreigners	herds	foreigners are like herds
explicit_animalistic	foreigners	hog	foreigners are like hog
explicit_animalistic	foreigners	horses	foreigners are like horses
explicit_animalistic	foreigners	livestock	foreigners are like livestock
explicit_animalistic	foreigners	pigs	foreigners are like pigs
explicit_animalistic	foreigners	sheep	foreigners are like sheep
explicit_animalistic	foreigners	rats	foreigners are like rats
explicit_animalistic	foreigners	worms	foreigners are like worms
explicit_animalistic	foreigners	bugs	foreigners are like bugs
explicit_animalistic	foreigners	parasites	foreigners are like parasites
explicit_animalistic	foreigners	insects	foreigners are like insects
explicit_animalistic	foreigners	the pest	foreigners are like the pest
explicit_animalistic	foreigners	flea	foreigners are like flea
explicit_animalistic	foreigners	rodents	foreigners are like rodents
explicit_animalistic	foreigners	a virus	foreigners are like a virus
explicit_animalistic	foreigners	a disease	foreigners are like a disease
explicit_animalistic	foreigners	ants	foreigners are like ants
explicit_animalistic	foreigners	beast-like	foreigners are like beast-like
explicit_animalistic	foreigners	bedbugs	foreigners are like bedbugs
explicit_animalistic	foreigners	brainworms	foreigners are like brainworms
explicit_animalistic	foreigners	breeders	foreigners are like breeders
explicit_animalistic	foreigners	broodstock	foreigners are like broodstock
explicit_animalistic	foreigners	buggs	foreigners are like buggs
explicit_animalistic	foreigners	chimps	foreigners are like chimps
explicit_animalistic	foreigners	conker	foreigners are like conker
explicit_animalistic	foreigners	drat	foreigners are like drat
explicit_animalistic	foreigners	earthworms	foreigners are like earthworms
explicit_animalistic	foreigners	entities	foreigners are like entities
explicit_animalistic	foreigners	ferals	foreigners are like ferals
explicit_animalistic	foreigners	ferocious	foreigners are like ferocious
explicit_animalistic	foreigners	ferrets	foreigners are like ferrets
explicit_animalistic	foreigners	fester	foreigners are like fester
explicit_animalistic	foreigners	fleabags	foreigners are like fleabags
explicit_animalistic	foreigners	garanimal	foreigners are like garanimal
explicit_animalistic	foreigners	hampster	foreigners are like hampster
explicit_animalistic	foreigners	lice	foreigners are like lice
explicit_animalistic	foreigners	maggots	foreigners are like maggots
explicit_animalistic	foreigners	mice	foreigners are like mice
explicit_animalistic	foreigners	ziopig	foreigners are like ziopig
explicit_animalistic	displaced persons	subhumans	displaced persons are like subhumans
explicit_animalistic	displaced persons	animals	displaced persons are like animals
explicit_animalistic	displaced persons	beasts	displaced persons are like beasts
explicit_animalistic	displaced persons	brute	displaced persons are like brute
explicit_animalistic	displaced persons	cattle	displaced persons are like cattle
explicit_animalistic	displaced persons	cows	displaced persons are like cows
explicit_animalistic	displaced persons	dogs	displaced persons are like dogs
explicit_animalistic	displaced persons	herds	displaced persons are like herds
explicit_animalistic	displaced persons	hog	displaced persons are like hog
explicit_animalistic	displaced persons	horses	displaced persons are like horses
explicit_animalistic	displaced persons	livestock	displaced persons are like livestock
explicit_animalistic	displaced persons	pigs	displaced persons are like pigs
explicit_animalistic	displaced persons	sheep	displaced persons are like sheep
explicit_animalistic	displaced persons	rats	displaced persons are like rats
explicit_animalistic	displaced persons	worms	displaced persons are like worms
explicit_animalistic	displaced persons	bugs	displaced persons are like bugs
explicit_animalistic	displaced persons	parasites	displaced persons are like parasites
explicit_animalistic	displaced persons	insects	displaced persons are like insects
explicit_animalistic	displaced persons	the pest	displaced persons are like the pest
explicit_animalistic	displaced persons	flea	displaced persons are like flea
explicit_animalistic	displaced persons	rodents	displaced persons are like rodents
explicit_animalistic	displaced persons	a virus	displaced persons are like a virus
explicit_animalistic	displaced persons	a disease	displaced persons are like a disease
explicit_animalistic	displaced persons	ants	displaced persons are like ants
explicit_animalistic	displaced persons	beast-like	displaced persons are like beast-like
explicit_animalistic	displaced persons	bedbugs	displaced persons are like bedbugs
explicit_animalistic	displaced persons	brainworms	displaced persons are like brainworms
explicit_animalistic	displaced persons	breeders	displaced persons are like breeders
explicit_animalistic	displaced persons	broodstock	displaced persons are like broodstock
explicit_animalistic	displaced persons	buggs	displaced persons are like buggs
explicit_animalistic	displaced persons	chimps	displaced persons are like chimps
explicit_animalistic	displaced persons	conker	displaced persons are like conker
explicit_animalistic	displaced persons	drat	displaced persons are like drat
explicit_animalistic	displaced persons	earthworms	displaced persons are like earthworms
explicit_animalistic	displaced persons	entities	displaced persons are like entities
explicit_animalistic	displaced persons	ferals	displaced persons are like ferals
explicit_animalistic	displaced persons	ferocious	displaced persons are like ferocious
explicit_animalistic	displaced persons	ferrets	displaced persons are like ferrets
explicit_animalistic	displaced persons	fester	displaced persons are like fester
explicit_animalistic	displaced persons	fleabags	displaced persons are like fleabags
explicit_animalistic	displaced persons	garanimal	displaced persons are like garanimal
explicit_animalistic	displaced persons	hampster	displaced persons are like hampster
explicit_animalistic	displaced persons	lice	displaced persons are like lice
explicit_animalistic	displaced persons	maggots	displaced persons are like maggots
explicit_animalistic	displaced persons	mice	displaced persons are like mice
explicit_animalistic	displaced persons	ziopig	displaced persons are like ziopig
explicit_animalistic	undesirables	subhumans	undesirables are like subhumans
explicit_animalistic	undesirables	animals	undesirables are like animals
explicit_animalistic	undesirables	beasts	undesirables are like beasts
explicit_animalistic	undesirables	brute	undesirables are like brute
explicit_animalistic	undesirables	cattle	undesirables are like cattle
explicit_animalistic	undesirables	cows	undesirables are like cows
explicit_animalistic	undesirables	dogs	undesirables are like dogs
explicit_animalistic	undesirables	herds	undesirables are like herds
explicit_animalistic	undesirables	hog	undesirables are like hog
explicit_animalistic	undesirables	horses	undesirables are like horses
explicit_animalistic	undesirables	livestock	undesirables are like livestock
explicit_animalistic	undesirables	pigs	undesirables are like pigs
explicit_animalistic	undesirables	sheep	undesirables are like sheep
explicit_animalistic	undesirables	rats	undesirables are like rats
explicit_animalistic	undesirables	worms	undesirables are like worms
explicit_animalistic	undesirables	bugs	undesirables are like bugs
explicit_animalistic	undesirables	parasites	undesirables are like parasites
explicit_animalistic	undesirables	insects	undesirables are like insects
explicit_animalistic	undesirables	the pest	undesirables are like the pest
explicit_animalistic	undesirables	flea	undesirables are like flea
explicit_animalistic	undesirables	rodents	undesirables are like rodents
explicit_animalistic	undesirables	a virus	undesirables are like a virus
explicit_animalistic	undesirables	a disease	undesirables are like a disease
explicit_animalistic	undesirables	ants	undesirables are like ants
explicit_animalistic	undesirables	beast-like	undesirables are like beast-like
explicit_animalistic	undesirables	bedbugs	undesirables are like bedbugs
explicit_animalistic	undesirables	brainworms	undesirables are like brainworms
explicit_animalistic	undesirables	breeders	undesirables are like breeders
explicit_animalistic	undesirables	broodstock	undesirables are like broodstock
explicit_animalistic	undesirables	buggs	undesirables are like buggs
explicit_animalistic	undesirables	chimps	undesirables are like chimps
explicit_animalistic	undesirables	conker	undesirables are like conker
explicit_animalistic	undesirables	drat	undesirables are like drat
explicit_animalistic	undesirables	earthworms	undesirables are like earthworms
explicit_animalistic	undesirables	entities	undesirables are like entities
explicit_animalistic	undesirables	ferals	undesirables are like ferals
explicit_animalistic	undesirables	ferocious	undesirables are like ferocious
explicit_animalistic	undesirables	ferrets	undesirables are like ferrets
explicit_animalistic	undesirables	fester	undesirables are like fester
explicit_animalistic	undesirables	fleabags	undesirables are like fleabags
explicit_animalistic	undesirables	garanimal	undesirables are like garanimal
explicit_animalistic	undesirables	hampster	undesirables are like hampster
explicit_animalistic	undesirables	lice	undesirables are like lice
explicit_animalistic	undesirables	maggots	undesirables are like maggots
explicit_animalistic	undesirables	mice	undesirables are like mice
explicit_animalistic	undesirables	ziopig	undesirables are like ziopig
explicit_animalistic	migrants	subhumans	migrants are like subhumans
explicit_animalistic	migrants	animals	migrants are like animals
explicit_animalistic	migrants	beasts	migrants are like beasts
explicit_animalistic	migrants	brute	migrants are like brute
explicit_animalistic	migrants	cattle	migrants are like cattle
explicit_animalistic	migrants	cows	migrants are like cows
explicit_animalistic	migrants	dogs	migrants are like dogs
explicit_animalistic	migrants	herds	migrants are like herds
explicit_animalistic	migrants	hog	migrants are like hog
explicit_animalistic	migrants	horses	migrants are like horses
explicit_animalistic	migrants	livestock	migrants are like livestock
explicit_animalistic	migrants	pigs	migrants are like pigs
explicit_animalistic	migrants	sheep	migrants are like sheep
explicit_animalistic	migrants	rats	migrants are like rats
explicit_animalistic	migrants	worms	migrants are like worms
explicit_animalistic	migrants	bugs	migrants are like bugs
explicit_animalistic	migrants	parasites	migrants are like parasites
explicit_animalistic	migrants	insects	migrants are like insects
explicit_animalistic	migrants	the pest	migrants are like the pest
explicit_animalistic	migrants	flea	migrants are like flea
explicit_animalistic	migrants	rodents	migrants are like rodents
explicit_animalistic	migrants	a virus	migrants are like a virus
explicit_animalistic	migrants	a disease	migrants are like a disease
explicit_animalistic	migrants	ants	migrants are like ants
explicit_animalistic	migrants	beast-like	migrants are like beast-like
explicit_animalistic	migrants	bedbugs	migrants are like bedbugs
explicit_animalistic	migrants	brainworms	migrants are like brainworms
explicit_animalistic	migrants	breeders	migrants are like breeders
explicit_animalistic	migrants	broodstock	migrants are like broodstock
explicit_animalistic	migrants	buggs	migrants are like buggs
explicit_animalistic	migrants	chimps	migrants are like chimps
explicit_animalistic	migrants	conker	migrants are like conker
explicit_animalistic	migrants	drat	migrants are like drat
explicit_animalistic	migrants	earthworms	migrants are like earthworms
explicit_animalistic	migrants	entities	migrants are like entities
explicit_animalistic	migrants	ferals	migrants are like ferals
explicit_animalistic	migrants	ferocious	migrants are like ferocious
explicit_animalistic	migrants	ferrets	migrants are like ferrets
explicit_animalistic	migrants	fester	migrants are like fester
explicit_animalistic	migrants	fleabags	migrants are like fleabags
explicit_animalistic	migrants	garanimal	migrants are like garanimal
explicit_animalistic	migrants	hampster	migrants are like hampster
explicit_animalistic	migrants	lice	migrants are like lice
explicit_animalistic	migrants	maggots	migrants are like maggots
explicit_animalistic	migrants	mice	migrants are like mice
explicit_animalistic	migrants	ziopig	migrants are like ziopig
explicit_animalistic	jews	subhumans	jews are like subhumans
explicit_animalistic	jews	animals	jews are like animals
explicit_animalistic	jews	beasts	jews are like beasts
explicit_animalistic	jews	brute	jews are like brute
explicit_animalistic	jews	cattle	jews are like cattle
explicit_animalistic	jews	cows	jews are like cows
explicit_animalistic	jews	dogs	jews are like dogs
explicit_animalistic	jews	herds	jews are like herds
explicit_animalistic	jews	hog	jews are like hog
explicit_animalistic	jews	horses	jews are like horses
explicit_animalistic	jews	livestock	jews are like livestock
explicit_animalistic	jews	pigs	jews are like pigs
explicit_animalistic	jews	sheep	jews are like sheep
explicit_animalistic	jews	rats	jews are like rats
explicit_animalistic	jews	worms	jews are like worms
explicit_animalistic	jews	bugs	jews are like bugs
explicit_animalistic	jews	parasites	jews are like parasites
explicit_animalistic	jews	insects	jews are like insects
explicit_animalistic	jews	the pest	jews are like the pest
explicit_animalistic	jews	flea	jews are like flea
explicit_animalistic	jews	rodents	jews are like rodents
explicit_animalistic	jews	a virus	jews are like a virus
explicit_animalistic	jews	a disease	jews are like a disease
explicit_animalistic	jews	ants	jews are like ants
explicit_animalistic	jews	beast-like	jews are like beast-like
explicit_animalistic	jews	bedbugs	jews are like bedbugs
explicit_animalistic	jews	brainworms	jews are like brainworms
explicit_animalistic	jews	breeders	jews are like breeders
explicit_animalistic	jews	broodstock	jews are like broodstock
explicit_animalistic	jews	buggs	jews are like buggs
explicit_animalistic	jews	chimps	jews are like chimps
explicit_animalistic	jews	conker	jews are like conker
explicit_animalistic	jews	drat	jews are like drat
explicit_animalistic	jews	earthworms	jews are like earthworms
explicit_animalistic	jews	entities	jews are like entities
explicit_animalistic	jews	ferals	jews are like ferals
explicit_animalistic	jews	ferocious	jews are like ferocious
explicit_animalistic	jews	ferrets	jews are like ferrets
explicit_animalistic	jews	fester	jews are like fester
explicit_animalistic	jews	fleabags	jews are like fleabags
explicit_animalistic	jews	garanimal	jews are like garanimal
explicit_animalistic	jews	hampster	jews are like hampster
explicit_animalistic	jews	lice	jews are like lice
explicit_animalistic	jews	maggots	jews are like maggots
explicit_animalistic	jews	mice	jews are like mice
explicit_animalistic	jews	ziopig	jews are like ziopig
explicit_animalistic	hebrews	subhumans	hebrews are like subhumans
explicit_animalistic	hebrews	animals	hebrews are like animals
explicit_animalistic	hebrews	beasts	hebrews are like beasts
explicit_animalistic	hebrews	brute	hebrews are like brute
explicit_animalistic	hebrews	cattle	hebrews are like cattle
explicit_animalistic	hebrews	cows	hebrews are like cows
explicit_animalistic	hebrews	dogs	hebrews are like dogs
explicit_animalistic	hebrews	herds	hebrews are like herds
explicit_animalistic	hebrews	hog	hebrews are like hog
explicit_animalistic	hebrews	horses	hebrews are like horses
explicit_animalistic	hebrews	livestock	hebrews are like livestock
explicit_animalistic	hebrews	pigs	hebrews are like pigs
explicit_animalistic	hebrews	sheep	hebrews are like sheep
explicit_animalistic	hebrews	rats	hebrews are like rats
explicit_animalistic	hebrews	worms	hebrews are like worms
explicit_animalistic	hebrews	bugs	hebrews are like bugs
explicit_animalistic	hebrews	parasites	hebrews are like parasites
explicit_animalistic	hebrews	insects	hebrews are like insects
explicit_animalistic	hebrews	the pest	hebrews are like the pest
explicit_animalistic	hebrews	flea	hebrews are like flea
explicit_animalistic	hebrews	rodents	hebrews are like rodents
explicit_animalistic	hebrews	a virus	hebrews are like a virus
explicit_animalistic	hebrews	a disease	hebrews are like a disease
explicit_animalistic	hebrews	ants	hebrews are like ants
explicit_animalistic	hebrews	beast-like	hebrews are like beast-like
explicit_animalistic	hebrews	bedbugs	hebrews are like bedbugs
explicit_animalistic	hebrews	brainworms	hebrews are like brainworms
explicit_animalistic	hebrews	breeders	hebrews are like breeders
explicit_animalistic	hebrews	broodstock	hebrews are like broodstock
explicit_animalistic	hebrews	buggs	hebrews are like buggs
explicit_animalistic	hebrews	chimps	hebrews are like chimps
explicit_animalistic	hebrews	conker	hebrews are like conker
explicit_animalistic	hebrews	drat	hebrews are like drat
explicit_animalistic	hebrews	earthworms	hebrews are like earthworms
explicit_animalistic	hebrews	entities	hebrews are like entities
explicit_animalistic	hebrews	ferals	hebrews are like ferals
explicit_animalistic	hebrews	ferocious	hebrews are like ferocious
explicit_animalistic	hebrews	ferrets	hebrews are like ferrets
explicit_animalistic	hebrews	fester	hebrews are like fester
explicit_animalistic	hebrews	fleabags	hebrews are like fleabags
explicit_animalistic	hebrews	garanimal	hebrews are like garanimal
explicit_animalistic	hebrews	hampster	hebrews are like hampster
explicit_animalistic	hebrews	lice	hebrews are like lice
explicit_animalistic	hebrews	maggots	hebrews are like maggots
explicit_animalistic	hebrews	mice	hebrews are like mice
explicit_animalistic	hebrews	ziopig	hebrews are like ziopig
explicit_animalistic	kikes	subhumans	kikes are like subhumans
explicit_animalistic	kikes	animals	kikes are like animals
explicit_animalistic	kikes	beasts	kikes are like beasts
explicit_animalistic	kikes	brute	kikes are like brute
explicit_animalistic	kikes	cattle	kikes are like cattle
explicit_animalistic	kikes	cows	kikes are like cows
explicit_animalistic	kikes	dogs	kikes are like dogs
explicit_animalistic	kikes	herds	kikes are like herds
explicit_animalistic	kikes	hog	kikes are like hog
explicit_animalistic	kikes	horses	kikes are like horses
explicit_animalistic	kikes	livestock	kikes are like livestock
explicit_animalistic	kikes	pigs	kikes are like pigs
explicit_animalistic	kikes	sheep	kikes are like sheep
explicit_animalistic	kikes	rats	kikes are like rats
explicit_animalistic	kikes	worms	kikes are like worms
explicit_animalistic	kikes	bugs	kikes are like bugs
explicit_animalistic	kikes	parasites	kikes are like parasites
explicit_animalistic	kikes	insects	kikes are like insects
explicit_animalistic	kikes	the pest	kikes are like the pest
explicit_animalistic	kikes	flea	kikes are like flea
explicit_animalistic	kikes	rodents	kikes are like rodents
explicit_animalistic	kikes	a virus	kikes are like a virus
explicit_animalistic	kikes	a disease	kikes are like a disease
explicit_animalistic	kikes	ants	kikes are like ants
explicit_animalistic	kikes	beast-like	kikes are like beast-like
explicit_animalistic	kikes	bedbugs	kikes are like bedbugs
explicit_animalistic	kikes	brainworms	kikes are like brainworms
explicit_animalistic	kikes	breeders	kikes are like breeders
explicit_animalistic	kikes	broodstock	kikes are like broodstock
explicit_animalistic	kikes	buggs	kikes are like buggs
explicit_animalistic	kikes	chimps	kikes are like chimps
explicit_animalistic	kikes	conker	kikes are like conker
explicit_animalistic	kikes	drat	kikes are like drat
explicit_animalistic	kikes	earthworms	kikes are like earthworms
explicit_animalistic	kikes	entities	kikes are like entities
explicit_animalistic	kikes	ferals	kikes are like ferals
explicit_animalistic	kikes	ferocious	kikes are like ferocious
explicit_animalistic	kikes	ferrets	kikes are like ferrets
explicit_animalistic	kikes	fester	kikes are like fester
explicit_animalistic	kikes	fleabags	kikes are like fleabags
explicit_animalistic	kikes	garanimal	kikes are like garanimal
explicit_animalistic	kikes	hampster	kikes are like hampster
explicit_animalistic	kikes	lice	kikes are like lice
explicit_animalistic	kikes	maggots	kikes are like maggots
explicit_animalistic	kikes	mice	kikes are like mice
explicit_animalistic	kikes	ziopig	kikes are like ziopig
explicit_animalistic	yids	subhumans	yids are like subhumans
explicit_animalistic	yids	animals	yids are like animals
explicit_animalistic	yids	beasts	yids are like beasts
explicit_animalistic	yids	brute	yids are like brute
explicit_animalistic	yids	cattle	yids are like cattle
explicit_animalistic	yids	cows	yids are like cows
explicit_animalistic	yids	dogs	yids are like dogs
explicit_animalistic	yids	herds	yids are like herds
explicit_animalistic	yids	hog	yids are like hog
explicit_animalistic	yids	horses	yids are like horses
explicit_animalistic	yids	livestock	yids are like livestock
explicit_animalistic	yids	pigs	yids are like pigs
explicit_animalistic	yids	sheep	yids are like sheep
explicit_animalistic	yids	rats	yids are like rats
explicit_animalistic	yids	worms	yids are like worms
explicit_animalistic	yids	bugs	yids are like bugs
explicit_animalistic	yids	parasites	yids are like parasites
explicit_animalistic	yids	insects	yids are like insects
explicit_animalistic	yids	the pest	yids are like the pest
explicit_animalistic	yids	flea	yids are like flea
explicit_animalistic	yids	rodents	yids are like rodents
explicit_animalistic	yids	a virus	yids are like a virus
explicit_animalistic	yids	a disease	yids are like a disease
explicit_animalistic	yids	ants	yids are like ants
explicit_animalistic	yids	beast-like	yids are like beast-like
explicit_animalistic	yids	bedbugs	yids are like bedbugs
explicit_animalistic	yids	brainworms	yids are like brainworms
explicit_animalistic	yids	breeders	yids are like breeders
explicit_animalistic	yids	broodstock	yids are like broodstock
explicit_animalistic	yids	buggs	yids are like buggs
explicit_animalistic	yids	chimps	yids are like chimps
explicit_animalistic	yids	conker	yids are like conker
explicit_animalistic	yids	drat	yids are like drat
explicit_animalistic	yids	earthworms	yids are like earthworms
explicit_animalistic	yids	entities	yids are like entities
explicit_animalistic	yids	ferals	yids are like ferals
explicit_animalistic	yids	ferocious	yids are like ferocious
explicit_animalistic	yids	ferrets	yids are like ferrets
explicit_animalistic	yids	fester	yids are like fester
explicit_animalistic	yids	fleabags	yids are like fleabags
explicit_animalistic	yids	garanimal	yids are like garanimal
explicit_animalistic	yids	hampster	yids are like hampster
explicit_animalistic	yids	lice	yids are like lice
explicit_animalistic	yids	maggots	yids are like maggots
explicit_animalistic	yids	mice	yids are like mice
explicit_animalistic	yids	ziopig	yids are like ziopig
explicit_animalistic	mockies	subhumans	mockies are like subhumans
explicit_animalistic	mockies	animals	mockies are like animals
explicit_animalistic	mockies	beasts	mockies are like beasts
explicit_animalistic	mockies	brute	mockies are like brute
explicit_animalistic	mockies	cattle	mockies are like cattle
explicit_animalistic	mockies	cows	mockies are like cows
explicit_animalistic	mockies	dogs	mockies are like dogs
explicit_animalistic	mockies	herds	mockies are like herds
explicit_animalistic	mockies	hog	mockies are like hog
explicit_animalistic	mockies	horses	mockies are like horses
explicit_animalistic	mockies	livestock	mockies are like livestock
explicit_animalistic	mockies	pigs	mockies are like pigs
explicit_animalistic	mockies	sheep	mockies are like sheep
explicit_animalistic	mockies	rats	mockies are like rats
explicit_animalistic	mockies	worms	mockies are like worms
explicit_animalistic	mockies	bugs	mockies are like bugs
explicit_animalistic	mockies	parasites	mockies are like parasites
explicit_animalistic	mockies	insects	mockies are like insects
explicit_animalistic	mockies	the pest	mockies are like the pest
explicit_animalistic	mockies	flea	mockies are like flea
explicit_animalistic	mockies	rodents	mockies are like rodents
explicit_animalistic	mockies	a virus	mockies are like a virus
explicit_animalistic	mockies	a disease	mockies are like a disease
explicit_animalistic	mockies	ants	mockies are like ants
explicit_animalistic	mockies	beast-like	mockies are like beast-like
explicit_animalistic	mockies	bedbugs	mockies are like bedbugs
explicit_animalistic	mockies	brainworms	mockies are like brainworms
explicit_animalistic	mockies	breeders	mockies are like breeders
explicit_animalistic	mockies	broodstock	mockies are like broodstock
explicit_animalistic	mockies	buggs	mockies are like buggs
explicit_animalistic	mockies	chimps	mockies are like chimps
explicit_animalistic	mockies	conker	mockies are like conker
explicit_animalistic	mockies	drat	mockies are like drat
explicit_animalistic	mockies	earthworms	mockies are like earthworms
explicit_animalistic	mockies	entities	mockies are like entities
explicit_animalistic	mockies	ferals	mockies are like ferals
explicit_animalistic	mockies	ferocious	mockies are like ferocious
explicit_animalistic	mockies	ferrets	mockies are like ferrets
explicit_animalistic	mockies	fester	mockies are like fester
explicit_animalistic	mockies	fleabags	mockies are like fleabags
explicit_animalistic	mockies	garanimal	mockies are like garanimal
explicit_animalistic	mockies	hampster	mockies are like hampster
explicit_animalistic	mockies	lice	mockies are like lice
explicit_animalistic	mockies	maggots	mockies are like maggots
explicit_animalistic	mockies	mice	mockies are like mice
explicit_animalistic	mockies	ziopig	mockies are like ziopig
explicit_animalistic	mockys	subhumans	mockys are like subhumans
explicit_animalistic	mockys	animals	mockys are like animals
explicit_animalistic	mockys	beasts	mockys are like beasts
explicit_animalistic	mockys	brute	mockys are like brute
explicit_animalistic	mockys	cattle	mockys are like cattle
explicit_animalistic	mockys	cows	mockys are like cows
explicit_animalistic	mockys	dogs	mockys are like dogs
explicit_animalistic	mockys	herds	mockys are like herds
explicit_animalistic	mockys	hog	mockys are like hog
explicit_animalistic	mockys	horses	mockys are like horses
explicit_animalistic	mockys	livestock	mockys are like livestock
explicit_animalistic	mockys	pigs	mockys are like pigs
explicit_animalistic	mockys	sheep	mockys are like sheep
explicit_animalistic	mockys	rats	mockys are like rats
explicit_animalistic	mockys	worms	mockys are like worms
explicit_animalistic	mockys	bugs	mockys are like bugs
explicit_animalistic	mockys	parasites	mockys are like parasites
explicit_animalistic	mockys	insects	mockys are like insects
explicit_animalistic	mockys	the pest	mockys are like the pest
explicit_animalistic	mockys	flea	mockys are like flea
explicit_animalistic	mockys	rodents	mockys are like rodents
explicit_animalistic	mockys	a virus	mockys are like a virus
explicit_animalistic	mockys	a disease	mockys are like a disease
explicit_animalistic	mockys	ants	mockys are like ants
explicit_animalistic	mockys	beast-like	mockys are like beast-like
explicit_animalistic	mockys	bedbugs	mockys are like bedbugs
explicit_animalistic	mockys	brainworms	mockys are like brainworms
explicit_animalistic	mockys	breeders	mockys are like breeders
explicit_animalistic	mockys	broodstock	mockys are like broodstock
explicit_animalistic	mockys	buggs	mockys are like buggs
explicit_animalistic	mockys	chimps	mockys are like chimps
explicit_animalistic	mockys	conker	mockys are like conker
explicit_animalistic	mockys	drat	mockys are like drat
explicit_animalistic	mockys	earthworms	mockys are like earthworms
explicit_animalistic	mockys	entities	mockys are like entities
explicit_animalistic	mockys	ferals	mockys are like ferals
explicit_animalistic	mockys	ferocious	mockys are like ferocious
explicit_animalistic	mockys	ferrets	mockys are like ferrets
explicit_animalistic	mockys	fester	mockys are like fester
explicit_animalistic	mockys	fleabags	mockys are like fleabags
explicit_animalistic	mockys	garanimal	mockys are like garanimal
explicit_animalistic	mockys	hampster	mockys are like hampster
explicit_animalistic	mockys	lice	mockys are like lice
explicit_animalistic	mockys	maggots	mockys are like maggots
explicit_animalistic	mockys	mice	mockys are like mice
explicit_animalistic	mockys	ziopig	mockys are like ziopig
explicit_animalistic	bootlips	subhumans	bootlips are like subhumans
explicit_animalistic	bootlips	animals	bootlips are like animals
explicit_animalistic	bootlips	beasts	bootlips are like beasts
explicit_animalistic	bootlips	brute	bootlips are like brute
explicit_animalistic	bootlips	cattle	bootlips are like cattle
explicit_animalistic	bootlips	cows	bootlips are like cows
explicit_animalistic	bootlips	dogs	bootlips are like dogs
explicit_animalistic	bootlips	herds	bootlips are like herds
explicit_animalistic	bootlips	hog	bootlips are like hog
explicit_animalistic	bootlips	horses	bootlips are like horses
explicit_animalistic	bootlips	livestock	bootlips are like livestock
explicit_animalistic	bootlips	pigs	bootlips are like pigs
explicit_animalistic	bootlips	sheep	bootlips are like sheep
explicit_animalistic	bootlips	rats	bootlips are like rats
explicit_animalistic	bootlips	worms	bootlips are like worms
explicit_animalistic	bootlips	bugs	bootlips are like bugs
explicit_animalistic	bootlips	parasites	bootlips are like parasites
explicit_animalistic	bootlips	insects	bootlips are like insects
explicit_animalistic	bootlips	the pest	bootlips are like the pest
explicit_animalistic	bootlips	flea	bootlips are like flea
explicit_animalistic	bootlips	rodents	bootlips are like rodents
explicit_animalistic	bootlips	a virus	bootlips are like a virus
explicit_animalistic	bootlips	a disease	bootlips are like a disease
explicit_animalistic	bootlips	ants	bootlips are like ants
explicit_animalistic	bootlips	beast-like	bootlips are like beast-like
explicit_animalistic	bootlips	bedbugs	bootlips are like bedbugs
explicit_animalistic	bootlips	brainworms	bootlips are like brainworms
explicit_animalistic	bootlips	breeders	bootlips are like breeders
explicit_animalistic	bootlips	broodstock	bootlips are like broodstock
explicit_animalistic	bootlips	buggs	bootlips are like buggs
explicit_animalistic	bootlips	chimps	bootlips are like chimps
explicit_animalistic	bootlips	conker	bootlips are like conker
explicit_animalistic	bootlips	drat	bootlips are like drat
explicit_animalistic	bootlips	earthworms	bootlips are like earthworms
explicit_animalistic	bootlips	entities	bootlips are like entities
explicit_animalistic	bootlips	ferals	bootlips are like ferals
explicit_animalistic	bootlips	ferocious	bootlips are like ferocious
explicit_animalistic	bootlips	ferrets	bootlips are like ferrets
explicit_animalistic	bootlips	fester	bootlips are like fester
explicit_animalistic	bootlips	fleabags	bootlips are like fleabags
explicit_animalistic	bootlips	garanimal	bootlips are like garanimal
explicit_animalistic	bootlips	hampster	bootlips are like hampster
explicit_animalistic	bootlips	lice	bootlips are like lice
explicit_animalistic	bootlips	maggots	bootlips are like maggots
explicit_animalistic	bootlips	mice	bootlips are like mice
explicit_animalistic	bootlips	ziopig	bootlips are like ziopig
explicit_animalistic	dindus	subhumans	dindus are like subhumans
explicit_animalistic	dindus	animals	dindus are like animals
explicit_animalistic	dindus	beasts	dindus are like beasts
explicit_animalistic	dindus	brute	dindus are like brute
explicit_animalistic	dindus	cattle	dindus are like cattle
explicit_animalistic	dindus	cows	dindus are like cows
explicit_animalistic	dindus	dogs	dindus are like dogs
explicit_animalistic	dindus	herds	dindus are like herds
explicit_animalistic	dindus	hog	dindus are like hog
explicit_animalistic	dindus	horses	dindus are like horses
explicit_animalistic	dindus	livestock	dindus are like livestock
explicit_animalistic	dindus	pigs	dindus are like pigs
explicit_animalistic	dindus	sheep	dindus are like sheep
explicit_animalistic	dindus	rats	dindus are like rats
explicit_animalistic	dindus	worms	dindus are like worms
explicit_animalistic	dindus	bugs	dindus are like bugs
explicit_animalistic	dindus	parasites	dindus are like parasites
explicit_animalistic	dindus	insects	dindus are like insects
explicit_animalistic	dindus	the pest	dindus are like the pest
explicit_animalistic	dindus	flea	dindus are like flea
explicit_animalistic	dindus	rodents	dindus are like rodents
explicit_animalistic	dindus	a virus	dindus are like a virus
explicit_animalistic	dindus	a disease	dindus are like a disease
explicit_animalistic	dindus	ants	dindus are like ants
explicit_animalistic	dindus	beast-like	dindus are like beast-like
explicit_animalistic	dindus	bedbugs	dindus are like bedbugs
explicit_animalistic	dindus	brainworms	dindus are like brainworms
explicit_animalistic	dindus	breeders	dindus are like breeders
explicit_animalistic	dindus	broodstock	dindus are like broodstock
explicit_animalistic	dindus	buggs	dindus are like buggs
explicit_animalistic	dindus	chimps	dindus are like chimps
explicit_animalistic	dindus	conker	dindus are like conker
explicit_animalistic	dindus	drat	dindus are like drat
explicit_animalistic	dindus	earthworms	dindus are like earthworms
explicit_animalistic	dindus	entities	dindus are like entities
explicit_animalistic	dindus	ferals	dindus are like ferals
explicit_animalistic	dindus	ferocious	dindus are like ferocious
explicit_animalistic	dindus	ferrets	dindus are like ferrets
explicit_animalistic	dindus	fester	dindus are like fester
explicit_animalistic	dindus	fleabags	dindus are like fleabags
explicit_animalistic	dindus	garanimal	dindus are like garanimal
explicit_animalistic	dindus	hampster	dindus are like hampster
explicit_animalistic	dindus	lice	dindus are like lice
explicit_animalistic	dindus	maggots	dindus are like maggots
explicit_animalistic	dindus	mice	dindus are like mice
explicit_animalistic	dindus	ziopig	dindus are like ziopig
explicit_animalistic	porch monkeys	subhumans	porch monkeys are like subhumans
explicit_animalistic	porch monkeys	animals	porch monkeys are like animals
explicit_animalistic	porch monkeys	beasts	porch monkeys are like beasts
explicit_animalistic	porch monkeys	brute	porch monkeys are like brute
explicit_animalistic	porch monkeys	cattle	porch monkeys are like cattle
explicit_animalistic	porch monkeys	cows	porch monkeys are like cows
explicit_animalistic	porch monkeys	dogs	porch monkeys are like dogs
explicit_animalistic	porch monkeys	herds	porch monkeys are like herds
explicit_animalistic	porch monkeys	hog	porch monkeys are like hog
explicit_animalistic	porch monkeys	horses	porch monkeys are like horses
explicit_animalistic	porch monkeys	livestock	porch monkeys are like livestock
explicit_animalistic	porch monkeys	pigs	porch monkeys are like pigs
explicit_animalistic	porch monkeys	sheep	porch monkeys are like sheep
explicit_animalistic	porch monkeys	rats	porch monkeys are like rats
explicit_animalistic	porch monkeys	worms	porch monkeys are like worms
explicit_animalistic	porch monkeys	bugs	porch monkeys are like bugs
explicit_animalistic	porch monkeys	parasites	porch monkeys are like parasites
explicit_animalistic	porch monkeys	insects	porch monkeys are like insects
explicit_animalistic	porch monkeys	the pest	porch monkeys are like the pest
explicit_animalistic	porch monkeys	flea	porch monkeys are like flea
explicit_animalistic	porch monkeys	rodents	porch monkeys are like rodents
explicit_animalistic	porch monkeys	a virus	porch monkeys are like a virus
explicit_animalistic	porch monkeys	a disease	porch monkeys are like a disease
explicit_animalistic	porch monkeys	ants	porch monkeys are like ants
explicit_animalistic	porch monkeys	beast-like	porch monkeys are like beast-like
explicit_animalistic	porch monkeys	bedbugs	porch monkeys are like bedbugs
explicit_animalistic	porch monkeys	brainworms	porch monkeys are like brainworms
explicit_animalistic	porch monkeys	breeders	porch monkeys are like breeders
explicit_animalistic	porch monkeys	broodstock	porch monkeys are like broodstock
explicit_animalistic	porch monkeys	buggs	porch monkeys are like buggs
explicit_animalistic	porch monkeys	chimps	porch monkeys are like chimps
explicit_animalistic	porch monkeys	conker	porch monkeys are like conker
explicit_animalistic	porch monkeys	drat	porch monkeys are like drat
explicit_animalistic	porch monkeys	earthworms	porch monkeys are like earthworms
explicit_animalistic	porch monkeys	entities	porch monkeys are like entities
explicit_animalistic	porch monkeys	ferals	porch monkeys are like ferals
explicit_animalistic	porch monkeys	ferocious	porch monkeys are like ferocious
explicit_animalistic	porch monkeys	ferrets	porch monkeys are like ferrets
explicit_animalistic	porch monkeys	fester	porch monkeys are like fester
explicit_animalistic	porch monkeys	fleabags	porch monkeys are like fleabags
explicit_animalistic	porch monkeys	garanimal	porch monkeys are like garanimal
explicit_animalistic	porch monkeys	hampster	porch monkeys are like hampster
explicit_animalistic	porch monkeys	lice	porch monkeys are like lice
explicit_animalistic	porch monkeys	maggots	porch monkeys are like maggots
explicit_animalistic	porch monkeys	mice	porch monkeys are like mice
explicit_animalistic	porch monkeys	ziopig	porch monkeys are like ziopig
explicit_animalistic	ghetto monkeys	subhumans	ghetto monkeys are like subhumans
explicit_animalistic	ghetto monkeys	animals	ghetto monkeys are like animals
explicit_animalistic	ghetto monkeys	beasts	ghetto monkeys are like beasts
explicit_animalistic	ghetto monkeys	brute	ghetto monkeys are like brute
explicit_animalistic	ghetto monkeys	cattle	ghetto monkeys are like cattle
explicit_animalistic	ghetto monkeys	cows	ghetto monkeys are like cows
explicit_animalistic	ghetto monkeys	dogs	ghetto monkeys are like dogs
explicit_animalistic	ghetto monkeys	herds	ghetto monkeys are like herds
explicit_animalistic	ghetto monkeys	hog	ghetto monkeys are like hog
explicit_animalistic	ghetto monkeys	horses	ghetto monkeys are like horses
explicit_animalistic	ghetto monkeys	livestock	ghetto monkeys are like livestock
explicit_animalistic	ghetto monkeys	pigs	ghetto monkeys are like pigs
explicit_animalistic	ghetto monkeys	sheep	ghetto monkeys are like sheep
explicit_animalistic	ghetto monkeys	rats	ghetto monkeys are like rats
explicit_animalistic	ghetto monkeys	worms	ghetto monkeys are like worms
explicit_animalistic	ghetto monkeys	bugs	ghetto monkeys are like bugs
explicit_animalistic	ghetto monkeys	parasites	ghetto monkeys are like parasites
explicit_animalistic	ghetto monkeys	insects	ghetto monkeys are like insects
explicit_animalistic	ghetto monkeys	the pest	ghetto monkeys are like the pest
explicit_animalistic	ghetto monkeys	flea	ghetto monkeys are like flea
explicit_animalistic	ghetto monkeys	rodents	ghetto monkeys are like rodents
explicit_animalistic	ghetto monkeys	a virus	ghetto monkeys are like a virus
explicit_animalistic	ghetto monkeys	a disease	ghetto monkeys are like a disease
explicit_animalistic	ghetto monkeys	ants	ghetto monkeys are like ants
explicit_animalistic	ghetto monkeys	beast-like	ghetto monkeys are like beast-like
explicit_animalistic	ghetto monkeys	bedbugs	ghetto monkeys are like bedbugs
explicit_animalistic	ghetto monkeys	brainworms	ghetto monkeys are like brainworms
explicit_animalistic	ghetto monkeys	breeders	ghetto monkeys are like breeders
explicit_animalistic	ghetto monkeys	broodstock	ghetto monkeys are like broodstock
explicit_animalistic	ghetto monkeys	buggs	ghetto monkeys are like buggs
explicit_animalistic	ghetto monkeys	chimps	ghetto monkeys are like chimps
explicit_animalistic	ghetto monkeys	conker	ghetto monkeys are like conker
explicit_animalistic	ghetto monkeys	drat	ghetto monkeys are like drat
explicit_animalistic	ghetto monkeys	earthworms	ghetto monkeys are like earthworms
explicit_animalistic	ghetto monkeys	entities	ghetto monkeys are like entities
explicit_animalistic	ghetto monkeys	ferals	ghetto monkeys are like ferals
explicit_animalistic	ghetto monkeys	ferocious	ghetto monkeys are like ferocious
explicit_animalistic	ghetto monkeys	ferrets	ghetto monkeys are like ferrets
explicit_animalistic	ghetto monkeys	fester	ghetto monkeys are like fester
explicit_animalistic	ghetto monkeys	fleabags	ghetto monkeys are like fleabags
explicit_animalistic	ghetto monkeys	garanimal	ghetto monkeys are like garanimal
explicit_animalistic	ghetto monkeys	hampster	ghetto monkeys are like hampster
explicit_animalistic	ghetto monkeys	lice	ghetto monkeys are like lice
explicit_animalistic	ghetto monkeys	maggots	ghetto monkeys are like maggots
explicit_animalistic	ghetto monkeys	mice	ghetto monkeys are like mice
explicit_animalistic	ghetto monkeys	ziopig	ghetto monkeys are like ziopig
explicit_animalistic	golliwogs	subhumans	golliwogs are like subhumans
explicit_animalistic	golliwogs	animals	golliwogs are like animals
explicit_animalistic	golliwogs	beasts	golliwogs are like beasts
explicit_animalistic	golliwogs	brute	golliwogs are like brute
explicit_animalistic	golliwogs	cattle	golliwogs are like cattle
explicit_animalistic	golliwogs	cows	golliwogs are like cows
explicit_animalistic	golliwogs	dogs	golliwogs are like dogs
explicit_animalistic	golliwogs	herds	golliwogs are like herds
explicit_animalistic	golliwogs	hog	golliwogs are like hog
explicit_animalistic	golliwogs	horses	golliwogs are like horses
explicit_animalistic	golliwogs	livestock	golliwogs are like livestock
explicit_animalistic	golliwogs	pigs	golliwogs are like pigs
explicit_animalistic	golliwogs	sheep	golliwogs are like sheep
explicit_animalistic	golliwogs	rats	golliwogs are like rats
explicit_animalistic	golliwogs	worms	golliwogs are like worms
explicit_animalistic	golliwogs	bugs	golliwogs are like bugs
explicit_animalistic	golliwogs	parasites	golliwogs are like parasites
explicit_animalistic	golliwogs	insects	golliwogs are like insects
explicit_animalistic	golliwogs	the pest	golliwogs are like the pest
explicit_animalistic	golliwogs	flea	golliwogs are like flea
explicit_animalistic	golliwogs	rodents	golliwogs are like rodents
explicit_animalistic	golliwogs	a virus	golliwogs are like a virus
explicit_animalistic	golliwogs	a disease	golliwogs are like a disease
explicit_animalistic	golliwogs	ants	golliwogs are like ants
explicit_animalistic	golliwogs	beast-like	golliwogs are like beast-like
explicit_animalistic	golliwogs	bedbugs	golliwogs are like bedbugs
explicit_animalistic	golliwogs	brainworms	golliwogs are like brainworms
explicit_animalistic	golliwogs	breeders	golliwogs are like breeders
explicit_animalistic	golliwogs	broodstock	golliwogs are like broodstock
explicit_animalistic	golliwogs	buggs	golliwogs are like buggs
explicit_animalistic	golliwogs	chimps	golliwogs are like chimps
explicit_animalistic	golliwogs	conker	golliwogs are like conker
explicit_animalistic	golliwogs	drat	golliwogs are like drat
explicit_animalistic	golliwogs	earthworms	golliwogs are like earthworms
explicit_animalistic	golliwogs	entities	golliwogs are like entities
explicit_animalistic	golliwogs	ferals	golliwogs are like ferals
explicit_animalistic	golliwogs	ferocious	golliwogs are like ferocious
explicit_animalistic	golliwogs	ferrets	golliwogs are like ferrets
explicit_animalistic	golliwogs	fester	golliwogs are like fester
explicit_animalistic	golliwogs	fleabags	golliwogs are like fleabags
explicit_animalistic	golliwogs	garanimal	golliwogs are like garanimal
explicit_animalistic	golliwogs	hampster	golliwogs are like hampster
explicit_animalistic	golliwogs	lice	golliwogs are like lice
explicit_animalistic	golliwogs	maggots	golliwogs are like maggots
explicit_animalistic	golliwogs	mice	golliwogs are like mice
explicit_animalistic	golliwogs	ziopig	golliwogs are like ziopig
explicit_animalistic	hoodrats	subhumans	hoodrats are like subhumans
explicit_animalistic	hoodrats	animals	hoodrats are like animals
explicit_animalistic	hoodrats	beasts	hoodrats are like beasts
explicit_animalistic	hoodrats	brute	hoodrats are like brute
explicit_animalistic	hoodrats	cattle	hoodrats are like cattle
explicit_animalistic	hoodrats	cows	hoodrats are like cows
explicit_animalistic	hoodrats	dogs	hoodrats are like dogs
explicit_animalistic	hoodrats	herds	hoodrats are like herds
explicit_animalistic	hoodrats	hog	hoodrats are like hog
explicit_animalistic	hoodrats	horses	hoodrats are like horses
explicit_animalistic	hoodrats	livestock	hoodrats are like livestock
explicit_animalistic	hoodrats	pigs	hoodrats are like pigs
explicit_animalistic	hoodrats	sheep	hoodrats are like sheep
explicit_animalistic	hoodrats	rats	hoodrats are like rats
explicit_animalistic	hoodrats	worms	hoodrats are like worms
explicit_animalistic	hoodrats	bugs	hoodrats are like bugs
explicit_animalistic	hoodrats	parasites	hoodrats are like parasites
explicit_animalistic	hoodrats	insects	hoodrats are like insects
explicit_animalistic	hoodrats	the pest	hoodrats are like the pest
explicit_animalistic	hoodrats	flea	hoodrats are like flea
explicit_animalistic	hoodrats	rodents	hoodrats are like rodents
explicit_animalistic	hoodrats	a virus	hoodrats are like a virus
explicit_animalistic	hoodrats	a disease	hoodrats are like a disease
explicit_animalistic	hoodrats	ants	hoodrats are like ants
explicit_animalistic	hoodrats	beast-like	hoodrats are like beast-like
explicit_animalistic	hoodrats	bedbugs	hoodrats are like bedbugs
explicit_animalistic	hoodrats	brainworms	hoodrats are like brainworms
explicit_animalistic	hoodrats	breeders	hoodrats are like breeders
explicit_animalistic	hoodrats	broodstock	hoodrats are like broodstock
explicit_animalistic	hoodrats	buggs	hoodrats are like buggs
explicit_animalistic	hoodrats	chimps	hoodrats are like chimps
explicit_animalistic	hoodrats	conker	hoodrats are like conker
explicit_animalistic	hoodrats	drat	hoodrats are like drat
explicit_animalistic	hoodrats	earthworms	hoodrats are like earthworms
explicit_animalistic	hoodrats	entities	hoodrats are like entities
explicit_animalistic	hoodrats	ferals	hoodrats are like ferals
explicit_animalistic	hoodrats	ferocious	hoodrats are like ferocious
explicit_animalistic	hoodrats	ferrets	hoodrats are like ferrets
explicit_animalistic	hoodrats	fester	hoodrats are like fester
explicit_animalistic	hoodrats	fleabags	hoodrats are like fleabags
explicit_animalistic	hoodrats	garanimal	hoodrats are like garanimal
explicit_animalistic	hoodrats	hampster	hoodrats are like hampster
explicit_animalistic	hoodrats	lice	hoodrats are like lice
explicit_animalistic	hoodrats	maggots	hoodrats are like maggots
explicit_animalistic	hoodrats	mice	hoodrats are like mice
explicit_animalistic	hoodrats	ziopig	hoodrats are like ziopig
explicit_animalistic	blacks	subhumans	blacks are like subhumans
explicit_animalistic	blacks	animals	blacks are like animals
explicit_animalistic	blacks	beasts	blacks are like beasts
explicit_animalistic	blacks	brute	blacks are like brute
explicit_animalistic	blacks	cattle	blacks are like cattle
explicit_animalistic	blacks	cows	blacks are like cows
explicit_animalistic	blacks	dogs	blacks are like dogs
explicit_animalistic	blacks	herds	blacks are like herds
explicit_animalistic	blacks	hog	blacks are like hog
explicit_animalistic	blacks	horses	blacks are like horses
explicit_animalistic	blacks	livestock	blacks are like livestock
explicit_animalistic	blacks	pigs	blacks are like pigs
explicit_animalistic	blacks	sheep	blacks are like sheep
explicit_animalistic	blacks	rats	blacks are like rats
explicit_animalistic	blacks	worms	blacks are like worms
explicit_animalistic	blacks	bugs	blacks are like bugs
explicit_animalistic	blacks	parasites	blacks are like parasites
explicit_animalistic	blacks	insects	blacks are like insects
explicit_animalistic	blacks	the pest	blacks are like the pest
explicit_animalistic	blacks	flea	blacks are like flea
explicit_animalistic	blacks	rodents	blacks are like rodents
explicit_animalistic	blacks	a virus	blacks are like a virus
explicit_animalistic	blacks	a disease	blacks are like a disease
explicit_animalistic	blacks	ants	blacks are like ants
explicit_animalistic	blacks	beast-like	blacks are like beast-like
explicit_animalistic	blacks	bedbugs	blacks are like bedbugs
explicit_animalistic	blacks	brainworms	blacks are like brainworms
explicit_animalistic	blacks	breeders	blacks are like breeders
explicit_animalistic	blacks	broodstock	blacks are like broodstock
explicit_animalistic	blacks	buggs	blacks are like buggs
explicit_animalistic	blacks	chimps	blacks are like chimps
explicit_animalistic	blacks	conker	blacks are like conker
explicit_animalistic	blacks	drat	blacks are like drat
explicit_animalistic	blacks	earthworms	blacks are like earthworms
explicit_animalistic	blacks	entities	blacks are like entities
explicit_animalistic	blacks	ferals	blacks are like ferals
explicit_animalistic	blacks	ferocious	blacks are like ferocious
explicit_animalistic	blacks	ferrets	blacks are like ferrets
explicit_animalistic	blacks	fester	blacks are like fester
explicit_animalistic	blacks	fleabags	blacks are like fleabags
explicit_animalistic	blacks	garanimal	blacks are like garanimal
explicit_animalistic	blacks	hampster	blacks are like hampster
explicit_animalistic	blacks	lice	blacks are like lice
explicit_animalistic	blacks	maggots	blacks are like maggots
explicit_animalistic	blacks	mice	blacks are like mice
explicit_animalistic	blacks	ziopig	blacks are like ziopig
explicit_animalistic	black people	subhumans	black people are like subhumans
explicit_animalistic	black people	animals	black people are like animals
explicit_animalistic	black people	beasts	black people are like beasts
explicit_animalistic	black people	brute	black people are like brute
explicit_animalistic	black people	cattle	black people are like cattle
explicit_animalistic	black people	cows	black people are like cows
explicit_animalistic	black people	dogs	black people are like dogs
explicit_animalistic	black people	herds	black people are like herds
explicit_animalistic	black people	hog	black people are like hog
explicit_animalistic	black people	horses	black people are like horses
explicit_animalistic	black people	livestock	black people are like livestock
explicit_animalistic	black people	pigs	black people are like pigs
explicit_animalistic	black people	sheep	black people are like sheep
explicit_animalistic	black people	rats	black people are like rats
explicit_animalistic	black people	worms	black people are like worms
explicit_animalistic	black people	bugs	black people are like bugs
explicit_animalistic	black people	parasites	black people are like parasites
explicit_animalistic	black people	insects	black people are like insects
explicit_animalistic	black people	the pest	black people are like the pest
explicit_animalistic	black people	flea	black people are like flea
explicit_animalistic	black people	rodents	black people are like rodents
explicit_animalistic	black people	a virus	black people are like a virus
explicit_animalistic	black people	a disease	black people are like a disease
explicit_animalistic	black people	ants	black people are like ants
explicit_animalistic	black people	beast-like	black people are like beast-like
explicit_animalistic	black people	bedbugs	black people are like bedbugs
explicit_animalistic	black people	brainworms	black people are like brainworms
explicit_animalistic	black people	breeders	black people are like breeders
explicit_animalistic	black people	broodstock	black people are like broodstock
explicit_animalistic	black people	buggs	black people are like buggs
explicit_animalistic	black people	chimps	black people are like chimps
explicit_animalistic	black people	conker	black people are like conker
explicit_animalistic	black people	drat	black people are like drat
explicit_animalistic	black people	earthworms	black people are like earthworms
explicit_animalistic	black people	entities	black people are like entities
explicit_animalistic	black people	ferals	black people are like ferals
explicit_animalistic	black people	ferocious	black people are like ferocious
explicit_animalistic	black people	ferrets	black people are like ferrets
explicit_animalistic	black people	fester	black people are like fester
explicit_animalistic	black people	fleabags	black people are like fleabags
explicit_animalistic	black people	garanimal	black people are like garanimal
explicit_animalistic	black people	hampster	black people are like hampster
explicit_animalistic	black people	lice	black people are like lice
explicit_animalistic	black people	maggots	black people are like maggots
explicit_animalistic	black people	mice	black people are like mice
explicit_animalistic	black people	ziopig	black people are like ziopig
explicit_animalistic	jiggas	subhumans	jiggas are like subhumans
explicit_animalistic	jiggas	animals	jiggas are like animals
explicit_animalistic	jiggas	beasts	jiggas are like beasts
explicit_animalistic	jiggas	brute	jiggas are like brute
explicit_animalistic	jiggas	cattle	jiggas are like cattle
explicit_animalistic	jiggas	cows	jiggas are like cows
explicit_animalistic	jiggas	dogs	jiggas are like dogs
explicit_animalistic	jiggas	herds	jiggas are like herds
explicit_animalistic	jiggas	hog	jiggas are like hog
explicit_animalistic	jiggas	horses	jiggas are like horses
explicit_animalistic	jiggas	livestock	jiggas are like livestock
explicit_animalistic	jiggas	pigs	jiggas are like pigs
explicit_animalistic	jiggas	sheep	jiggas are like sheep
explicit_animalistic	jiggas	rats	jiggas are like rats
explicit_animalistic	jiggas	worms	jiggas are like worms
explicit_animalistic	jiggas	bugs	jiggas are like bugs
explicit_animalistic	jiggas	parasites	jiggas are like parasites
explicit_animalistic	jiggas	insects	jiggas are like insects
explicit_animalistic	jiggas	the pest	jiggas are like the pest
explicit_animalistic	jiggas	flea	jiggas are like flea
explicit_animalistic	jiggas	rodents	jiggas are like rodents
explicit_animalistic	jiggas	a virus	jiggas are like a virus
explicit_animalistic	jiggas	a disease	jiggas are like a disease
explicit_animalistic	jiggas	ants	jiggas are like ants
explicit_animalistic	jiggas	beast-like	jiggas are like beast-like
explicit_animalistic	jiggas	bedbugs	jiggas are like bedbugs
explicit_animalistic	jiggas	brainworms	jiggas are like brainworms
explicit_animalistic	jiggas	breeders	jiggas are like breeders
explicit_animalistic	jiggas	broodstock	jiggas are like broodstock
explicit_animalistic	jiggas	buggs	jiggas are like buggs
explicit_animalistic	jiggas	chimps	jiggas are like chimps
explicit_animalistic	jiggas	conker	jiggas are like conker
explicit_animalistic	jiggas	drat	jiggas are like drat
explicit_animalistic	jiggas	earthworms	jiggas are like earthworms
explicit_animalistic	jiggas	entities	jiggas are like entities
explicit_animalistic	jiggas	ferals	jiggas are like ferals
explicit_animalistic	jiggas	ferocious	jiggas are like ferocious
explicit_animalistic	jiggas	ferrets	jiggas are like ferrets
explicit_animalistic	jiggas	fester	jiggas are like fester
explicit_animalistic	jiggas	fleabags	jiggas are like fleabags
explicit_animalistic	jiggas	garanimal	jiggas are like garanimal
explicit_animalistic	jiggas	hampster	jiggas are like hampster
explicit_animalistic	jiggas	lice	jiggas are like lice
explicit_animalistic	jiggas	maggots	jiggas are like maggots
explicit_animalistic	jiggas	mice	jiggas are like mice
explicit_animalistic	jiggas	ziopig	jiggas are like ziopig
explicit_animalistic	jiggers	subhumans	jiggers are like subhumans
explicit_animalistic	jiggers	animals	jiggers are like animals
explicit_animalistic	jiggers	beasts	jiggers are like beasts
explicit_animalistic	jiggers	brute	jiggers are like brute
explicit_animalistic	jiggers	cattle	jiggers are like cattle
explicit_animalistic	jiggers	cows	jiggers are like cows
explicit_animalistic	jiggers	dogs	jiggers are like dogs
explicit_animalistic	jiggers	herds	jiggers are like herds
explicit_animalistic	jiggers	hog	jiggers are like hog
explicit_animalistic	jiggers	horses	jiggers are like horses
explicit_animalistic	jiggers	livestock	jiggers are like livestock
explicit_animalistic	jiggers	pigs	jiggers are like pigs
explicit_animalistic	jiggers	sheep	jiggers are like sheep
explicit_animalistic	jiggers	rats	jiggers are like rats
explicit_animalistic	jiggers	worms	jiggers are like worms
explicit_animalistic	jiggers	bugs	jiggers are like bugs
explicit_animalistic	jiggers	parasites	jiggers are like parasites
explicit_animalistic	jiggers	insects	jiggers are like insects
explicit_animalistic	jiggers	the pest	jiggers are like the pest
explicit_animalistic	jiggers	flea	jiggers are like flea
explicit_animalistic	jiggers	rodents	jiggers are like rodents
explicit_animalistic	jiggers	a virus	jiggers are like a virus
explicit_animalistic	jiggers	a disease	jiggers are like a disease
explicit_animalistic	jiggers	ants	jiggers are like ants
explicit_animalistic	jiggers	beast-like	jiggers are like beast-like
explicit_animalistic	jiggers	bedbugs	jiggers are like bedbugs
explicit_animalistic	jiggers	brainworms	jiggers are like brainworms
explicit_animalistic	jiggers	breeders	jiggers are like breeders
explicit_animalistic	jiggers	broodstock	jiggers are like broodstock
explicit_animalistic	jiggers	buggs	jiggers are like buggs
explicit_animalistic	jiggers	chimps	jiggers are like chimps
explicit_animalistic	jiggers	conker	jiggers are like conker
explicit_animalistic	jiggers	drat	jiggers are like drat
explicit_animalistic	jiggers	earthworms	jiggers are like earthworms
explicit_animalistic	jiggers	entities	jiggers are like entities
explicit_animalistic	jiggers	ferals	jiggers are like ferals
explicit_animalistic	jiggers	ferocious	jiggers are like ferocious
explicit_animalistic	jiggers	ferrets	jiggers are like ferrets
explicit_animalistic	jiggers	fester	jiggers are like fester
explicit_animalistic	jiggers	fleabags	jiggers are like fleabags
explicit_animalistic	jiggers	garanimal	jiggers are like garanimal
explicit_animalistic	jiggers	hampster	jiggers are like hampster
explicit_animalistic	jiggers	lice	jiggers are like lice
explicit_animalistic	jiggers	maggots	jiggers are like maggots
explicit_animalistic	jiggers	mice	jiggers are like mice
explicit_animalistic	jiggers	ziopig	jiggers are like ziopig
explicit_animalistic	jigros	subhumans	jigros are like subhumans
explicit_animalistic	jigros	animals	jigros are like animals
explicit_animalistic	jigros	beasts	jigros are like beasts
explicit_animalistic	jigros	brute	jigros are like brute
explicit_animalistic	jigros	cattle	jigros are like cattle
explicit_animalistic	jigros	cows	jigros are like cows
explicit_animalistic	jigros	dogs	jigros are like dogs
explicit_animalistic	jigros	herds	jigros are like herds
explicit_animalistic	jigros	hog	jigros are like hog
explicit_animalistic	jigros	horses	jigros are like horses
explicit_animalistic	jigros	livestock	jigros are like livestock
explicit_animalistic	jigros	pigs	jigros are like pigs
explicit_animalistic	jigros	sheep	jigros are like sheep
explicit_animalistic	jigros	rats	jigros are like rats
explicit_animalistic	jigros	worms	jigros are like worms
explicit_animalistic	jigros	bugs	jigros are like bugs
explicit_animalistic	jigros	parasites	jigros are like parasites
explicit_animalistic	jigros	insects	jigros are like insects
explicit_animalistic	jigros	the pest	jigros are like the pest
explicit_animalistic	jigros	flea	jigros are like flea
explicit_animalistic	jigros	rodents	jigros are like rodents
explicit_animalistic	jigros	a virus	jigros are like a virus
explicit_animalistic	jigros	a disease	jigros are like a disease
explicit_animalistic	jigros	ants	jigros are like ants
explicit_animalistic	jigros	beast-like	jigros are like beast-like
explicit_animalistic	jigros	bedbugs	jigros are like bedbugs
explicit_animalistic	jigros	brainworms	jigros are like brainworms
explicit_animalistic	jigros	breeders	jigros are like breeders
explicit_animalistic	jigros	broodstock	jigros are like broodstock
explicit_animalistic	jigros	buggs	jigros are like buggs
explicit_animalistic	jigros	chimps	jigros are like chimps
explicit_animalistic	jigros	conker	jigros are like conker
explicit_animalistic	jigros	drat	jigros are like drat
explicit_animalistic	jigros	earthworms	jigros are like earthworms
explicit_animalistic	jigros	entities	jigros are like entities
explicit_animalistic	jigros	ferals	jigros are like ferals
explicit_animalistic	jigros	ferocious	jigros are like ferocious
explicit_animalistic	jigros	ferrets	jigros are like ferrets
explicit_animalistic	jigros	fester	jigros are like fester
explicit_animalistic	jigros	fleabags	jigros are like fleabags
explicit_animalistic	jigros	garanimal	jigros are like garanimal
explicit_animalistic	jigros	hampster	jigros are like hampster
explicit_animalistic	jigros	lice	jigros are like lice
explicit_animalistic	jigros	maggots	jigros are like maggots
explicit_animalistic	jigros	mice	jigros are like mice
explicit_animalistic	jigros	ziopig	jigros are like ziopig
explicit_animalistic	kneegrows	subhumans	kneegrows are like subhumans
explicit_animalistic	kneegrows	animals	kneegrows are like animals
explicit_animalistic	kneegrows	beasts	kneegrows are like beasts
explicit_animalistic	kneegrows	brute	kneegrows are like brute
explicit_animalistic	kneegrows	cattle	kneegrows are like cattle
explicit_animalistic	kneegrows	cows	kneegrows are like cows
explicit_animalistic	kneegrows	dogs	kneegrows are like dogs
explicit_animalistic	kneegrows	herds	kneegrows are like herds
explicit_animalistic	kneegrows	hog	kneegrows are like hog
explicit_animalistic	kneegrows	horses	kneegrows are like horses
explicit_animalistic	kneegrows	livestock	kneegrows are like livestock
explicit_animalistic	kneegrows	pigs	kneegrows are like pigs
explicit_animalistic	kneegrows	sheep	kneegrows are like sheep
explicit_animalistic	kneegrows	rats	kneegrows are like rats
explicit_animalistic	kneegrows	worms	kneegrows are like worms
explicit_animalistic	kneegrows	bugs	kneegrows are like bugs
explicit_animalistic	kneegrows	parasites	kneegrows are like parasites
explicit_animalistic	kneegrows	insects	kneegrows are like insects
explicit_animalistic	kneegrows	the pest	kneegrows are like the pest
explicit_animalistic	kneegrows	flea	kneegrows are like flea
explicit_animalistic	kneegrows	rodents	kneegrows are like rodents
explicit_animalistic	kneegrows	a virus	kneegrows are like a virus
explicit_animalistic	kneegrows	a disease	kneegrows are like a disease
explicit_animalistic	kneegrows	ants	kneegrows are like ants
explicit_animalistic	kneegrows	beast-like	kneegrows are like beast-like
explicit_animalistic	kneegrows	bedbugs	kneegrows are like bedbugs
explicit_animalistic	kneegrows	brainworms	kneegrows are like brainworms
explicit_animalistic	kneegrows	breeders	kneegrows are like breeders
explicit_animalistic	kneegrows	broodstock	kneegrows are like broodstock
explicit_animalistic	kneegrows	buggs	kneegrows are like buggs
explicit_animalistic	kneegrows	chimps	kneegrows are like chimps
explicit_animalistic	kneegrows	conker	kneegrows are like conker
explicit_animalistic	kneegrows	drat	kneegrows are like drat
explicit_animalistic	kneegrows	earthworms	kneegrows are like earthworms
explicit_animalistic	kneegrows	entities	kneegrows are like entities
explicit_animalistic	kneegrows	ferals	kneegrows are like ferals
explicit_animalistic	kneegrows	ferocious	kneegrows are like ferocious
explicit_animalistic	kneegrows	ferrets	kneegrows are like ferrets
explicit_animalistic	kneegrows	fester	kneegrows are like fester
explicit_animalistic	kneegrows	fleabags	kneegrows are like fleabags
explicit_animalistic	kneegrows	garanimal	kneegrows are like garanimal
explicit_animalistic	kneegrows	hampster	kneegrows are like hampster
explicit_animalistic	kneegrows	lice	kneegrows are like lice
explicit_animalistic	kneegrows	maggots	kneegrows are like maggots
explicit_animalistic	kneegrows	mice	kneegrows are like mice
explicit_animalistic	kneegrows	ziopig	kneegrows are like ziopig
explicit_animalistic	moulies	subhumans	moulies are like subhumans
explicit_animalistic	moulies	animals	moulies are like animals
explicit_animalistic	moulies	beasts	moulies are like beasts
explicit_animalistic	moulies	brute	moulies are like brute
explicit_animalistic	moulies	cattle	moulies are like cattle
explicit_animalistic	moulies	cows	moulies are like cows
explicit_animalistic	moulies	dogs	moulies are like dogs
explicit_animalistic	moulies	herds	moulies are like herds
explicit_animalistic	moulies	hog	moulies are like hog
explicit_animalistic	moulies	horses	moulies are like horses
explicit_animalistic	moulies	livestock	moulies are like livestock
explicit_animalistic	moulies	pigs	moulies are like pigs
explicit_animalistic	moulies	sheep	moulies are like sheep
explicit_animalistic	moulies	rats	moulies are like rats
explicit_animalistic	moulies	worms	moulies are like worms
explicit_animalistic	moulies	bugs	moulies are like bugs
explicit_animalistic	moulies	parasites	moulies are like parasites
explicit_animalistic	moulies	insects	moulies are like insects
explicit_animalistic	moulies	the pest	moulies are like the pest
explicit_animalistic	moulies	flea	moulies are like flea
explicit_animalistic	moulies	rodents	moulies are like rodents
explicit_animalistic	moulies	a virus	moulies are like a virus
explicit_animalistic	moulies	a disease	moulies are like a disease
explicit_animalistic	moulies	ants	moulies are like ants
explicit_animalistic	moulies	beast-like	moulies are like beast-like
explicit_animalistic	moulies	bedbugs	moulies are like bedbugs
explicit_animalistic	moulies	brainworms	moulies are like brainworms
explicit_animalistic	moulies	breeders	moulies are like breeders
explicit_animalistic	moulies	broodstock	moulies are like broodstock
explicit_animalistic	moulies	buggs	moulies are like buggs
explicit_animalistic	moulies	chimps	moulies are like chimps
explicit_animalistic	moulies	conker	moulies are like conker
explicit_animalistic	moulies	drat	moulies are like drat
explicit_animalistic	moulies	earthworms	moulies are like earthworms
explicit_animalistic	moulies	entities	moulies are like entities
explicit_animalistic	moulies	ferals	moulies are like ferals
explicit_animalistic	moulies	ferocious	moulies are like ferocious
explicit_animalistic	moulies	ferrets	moulies are like ferrets
explicit_animalistic	moulies	fester	moulies are like fester
explicit_animalistic	moulies	fleabags	moulies are like fleabags
explicit_animalistic	moulies	garanimal	moulies are like garanimal
explicit_animalistic	moulies	hampster	moulies are like hampster
explicit_animalistic	moulies	lice	moulies are like lice
explicit_animalistic	moulies	maggots	moulies are like maggots
explicit_animalistic	moulies	mice	moulies are like mice
explicit_animalistic	moulies	ziopig	moulies are like ziopig
explicit_animalistic	negros	subhumans	negros are like subhumans
explicit_animalistic	negros	animals	negros are like animals
explicit_animalistic	negros	beasts	negros are like beasts
explicit_animalistic	negros	brute	negros are like brute
explicit_animalistic	negros	cattle	negros are like cattle
explicit_animalistic	negros	cows	negros are like cows
explicit_animalistic	negros	dogs	negros are like dogs
explicit_animalistic	negros	herds	negros are like herds
explicit_animalistic	negros	hog	negros are like hog
explicit_animalistic	negros	horses	negros are like horses
explicit_animalistic	negros	livestock	negros are like livestock
explicit_animalistic	negros	pigs	negros are like pigs
explicit_animalistic	negros	sheep	negros are like sheep
explicit_animalistic	negros	rats	negros are like rats
explicit_animalistic	negros	worms	negros are like worms
explicit_animalistic	negros	bugs	negros are like bugs
explicit_animalistic	negros	parasites	negros are like parasites
explicit_animalistic	negros	insects	negros are like insects
explicit_animalistic	negros	the pest	negros are like the pest
explicit_animalistic	negros	flea	negros are like flea
explicit_animalistic	negros	rodents	negros are like rodents
explicit_animalistic	negros	a virus	negros are like a virus
explicit_animalistic	negros	a disease	negros are like a disease
explicit_animalistic	negros	ants	negros are like ants
explicit_animalistic	negros	beast-like	negros are like beast-like
explicit_animalistic	negros	bedbugs	negros are like bedbugs
explicit_animalistic	negros	brainworms	negros are like brainworms
explicit_animalistic	negros	breeders	negros are like breeders
explicit_animalistic	negros	broodstock	negros are like broodstock
explicit_animalistic	negros	buggs	negros are like buggs
explicit_animalistic	negros	chimps	negros are like chimps
explicit_animalistic	negros	conker	negros are like conker
explicit_animalistic	negros	drat	negros are like drat
explicit_animalistic	negros	earthworms	negros are like earthworms
explicit_animalistic	negros	entities	negros are like entities
explicit_animalistic	negros	ferals	negros are like ferals
explicit_animalistic	negros	ferocious	negros are like ferocious
explicit_animalistic	negros	ferrets	negros are like ferrets
explicit_animalistic	negros	fester	negros are like fester
explicit_animalistic	negros	fleabags	negros are like fleabags
explicit_animalistic	negros	garanimal	negros are like garanimal
explicit_animalistic	negros	hampster	negros are like hampster
explicit_animalistic	negros	lice	negros are like lice
explicit_animalistic	negros	maggots	negros are like maggots
explicit_animalistic	negros	mice	negros are like mice
explicit_animalistic	negros	ziopig	negros are like ziopig
explicit_animalistic	niggers	subhumans	niggers are like subhumans
explicit_animalistic	niggers	animals	niggers are like animals
explicit_animalistic	niggers	beasts	niggers are like beasts
explicit_animalistic	niggers	brute	niggers are like brute
explicit_animalistic	niggers	cattle	niggers are like cattle
explicit_animalistic	niggers	cows	niggers are like cows
explicit_animalistic	niggers	dogs	niggers are like dogs
explicit_animalistic	niggers	herds	niggers are like herds
explicit_animalistic	niggers	hog	niggers are like hog
explicit_animalistic	niggers	horses	niggers are like horses
explicit_animalistic	niggers	livestock	niggers are like livestock
explicit_animalistic	niggers	pigs	niggers are like pigs
explicit_animalistic	niggers	sheep	niggers are like sheep
explicit_animalistic	niggers	rats	niggers are like rats
explicit_animalistic	niggers	worms	niggers are like worms
explicit_animalistic	niggers	bugs	niggers are like bugs
explicit_animalistic	niggers	parasites	niggers are like parasites
explicit_animalistic	niggers	insects	niggers are like insects
explicit_animalistic	niggers	the pest	niggers are like the pest
explicit_animalistic	niggers	flea	niggers are like flea
explicit_animalistic	niggers	rodents	niggers are like rodents
explicit_animalistic	niggers	a virus	niggers are like a virus
explicit_animalistic	niggers	a disease	niggers are like a disease
explicit_animalistic	niggers	ants	niggers are like ants
explicit_animalistic	niggers	beast-like	niggers are like beast-like
explicit_animalistic	niggers	bedbugs	niggers are like bedbugs
explicit_animalistic	niggers	brainworms	niggers are like brainworms
explicit_animalistic	niggers	breeders	niggers are like breeders
explicit_animalistic	niggers	broodstock	niggers are like broodstock
explicit_animalistic	niggers	buggs	niggers are like buggs
explicit_animalistic	niggers	chimps	niggers are like chimps
explicit_animalistic	niggers	conker	niggers are like conker
explicit_animalistic	niggers	drat	niggers are like drat
explicit_animalistic	niggers	earthworms	niggers are like earthworms
explicit_animalistic	niggers	entities	niggers are like entities
explicit_animalistic	niggers	ferals	niggers are like ferals
explicit_animalistic	niggers	ferocious	niggers are like ferocious
explicit_animalistic	niggers	ferrets	niggers are like ferrets
explicit_animalistic	niggers	fester	niggers are like fester
explicit_animalistic	niggers	fleabags	niggers are like fleabags
explicit_animalistic	niggers	garanimal	niggers are like garanimal
explicit_animalistic	niggers	hampster	niggers are like hampster
explicit_animalistic	niggers	lice	niggers are like lice
explicit_animalistic	niggers	maggots	niggers are like maggots
explicit_animalistic	niggers	mice	niggers are like mice
explicit_animalistic	niggers	ziopig	niggers are like ziopig
explicit_animalistic	afro-americans	subhumans	afro-americans are like subhumans
explicit_animalistic	afro-americans	animals	afro-americans are like animals
explicit_animalistic	afro-americans	beasts	afro-americans are like beasts
explicit_animalistic	afro-americans	brute	afro-americans are like brute
explicit_animalistic	afro-americans	cattle	afro-americans are like cattle
explicit_animalistic	afro-americans	cows	afro-americans are like cows
explicit_animalistic	afro-americans	dogs	afro-americans are like dogs
explicit_animalistic	afro-americans	herds	afro-americans are like herds
explicit_animalistic	afro-americans	hog	afro-americans are like hog
explicit_animalistic	afro-americans	horses	afro-americans are like horses
explicit_animalistic	afro-americans	livestock	afro-americans are like livestock
explicit_animalistic	afro-americans	pigs	afro-americans are like pigs
explicit_animalistic	afro-americans	sheep	afro-americans are like sheep
explicit_animalistic	afro-americans	rats	afro-americans are like rats
explicit_animalistic	afro-americans	worms	afro-americans are like worms
explicit_animalistic	afro-americans	bugs	afro-americans are like bugs
explicit_animalistic	afro-americans	parasites	afro-americans are like parasites
explicit_animalistic	afro-americans	insects	afro-americans are like insects
explicit_animalistic	afro-americans	the pest	afro-americans are like the pest
explicit_animalistic	afro-americans	flea	afro-americans are like flea
explicit_animalistic	afro-americans	rodents	afro-americans are like rodents
explicit_animalistic	afro-americans	a virus	afro-americans are like a virus
explicit_animalistic	afro-americans	a disease	afro-americans are like a disease
explicit_animalistic	afro-americans	ants	afro-americans are like ants
explicit_animalistic	afro-americans	beast-like	afro-americans are like beast-like
explicit_animalistic	afro-americans	bedbugs	afro-americans are like bedbugs
explicit_animalistic	afro-americans	brainworms	afro-americans are like brainworms
explicit_animalistic	afro-americans	breeders	afro-americans are like breeders
explicit_animalistic	afro-americans	broodstock	afro-americans are like broodstock
explicit_animalistic	afro-americans	buggs	afro-americans are like buggs
explicit_animalistic	afro-americans	chimps	afro-americans are like chimps
explicit_animalistic	afro-americans	conker	afro-americans are like conker
explicit_animalistic	afro-americans	drat	afro-americans are like drat
explicit_animalistic	afro-americans	earthworms	afro-americans are like earthworms
explicit_animalistic	afro-americans	entities	afro-americans are like entities
explicit_animalistic	afro-americans	ferals	afro-americans are like ferals
explicit_animalistic	afro-americans	ferocious	afro-americans are like ferocious
explicit_animalistic	afro-americans	ferrets	afro-americans are like ferrets
explicit_animalistic	afro-americans	fester	afro-americans are like fester
explicit_animalistic	afro-americans	fleabags	afro-americans are like fleabags
explicit_animalistic	afro-americans	garanimal	afro-americans are like garanimal
explicit_animalistic	afro-americans	hampster	afro-americans are like hampster
explicit_animalistic	afro-americans	lice	afro-americans are like lice
explicit_animalistic	afro-americans	maggots	afro-americans are like maggots
explicit_animalistic	afro-americans	mice	afro-americans are like mice
explicit_animalistic	afro-americans	ziopig	afro-americans are like ziopig
explicit_animalistic	afromericans	subhumans	afromericans are like subhumans
explicit_animalistic	afromericans	animals	afromericans are like animals
explicit_animalistic	afromericans	beasts	afromericans are like beasts
explicit_animalistic	afromericans	brute	afromericans are like brute
explicit_animalistic	afromericans	cattle	afromericans are like cattle
explicit_animalistic	afromericans	cows	afromericans are like cows
explicit_animalistic	afromericans	dogs	afromericans are like dogs
explicit_animalistic	afromericans	herds	afromericans are like herds
explicit_animalistic	afromericans	hog	afromericans are like hog
explicit_animalistic	afromericans	horses	afromericans are like horses
explicit_animalistic	afromericans	livestock	afromericans are like livestock
explicit_animalistic	afromericans	pigs	afromericans are like pigs
explicit_animalistic	afromericans	sheep	afromericans are like sheep
explicit_animalistic	afromericans	rats	afromericans are like rats
explicit_animalistic	afromericans	worms	afromericans are like worms
explicit_animalistic	afromericans	bugs	afromericans are like bugs
explicit_animalistic	afromericans	parasites	afromericans are like parasites
explicit_animalistic	afromericans	insects	afromericans are like insects
explicit_animalistic	afromericans	the pest	afromericans are like the pest
explicit_animalistic	afromericans	flea	afromericans are like flea
explicit_animalistic	afromericans	rodents	afromericans are like rodents
explicit_animalistic	afromericans	a virus	afromericans are like a virus
explicit_animalistic	afromericans	a disease	afromericans are like a disease
explicit_animalistic	afromericans	ants	afromericans are like ants
explicit_animalistic	afromericans	beast-like	afromericans are like beast-like
explicit_animalistic	afromericans	bedbugs	afromericans are like bedbugs
explicit_animalistic	afromericans	brainworms	afromericans are like brainworms
explicit_animalistic	afromericans	breeders	afromericans are like breeders
explicit_animalistic	afromericans	broodstock	afromericans are like broodstock
explicit_animalistic	afromericans	buggs	afromericans are like buggs
explicit_animalistic	afromericans	chimps	afromericans are like chimps
explicit_animalistic	afromericans	conker	afromericans are like conker
explicit_animalistic	afromericans	drat	afromericans are like drat
explicit_animalistic	afromericans	earthworms	afromericans are like earthworms
explicit_animalistic	afromericans	entities	afromericans are like entities
explicit_animalistic	afromericans	ferals	afromericans are like ferals
explicit_animalistic	afromericans	ferocious	afromericans are like ferocious
explicit_animalistic	afromericans	ferrets	afromericans are like ferrets
explicit_animalistic	afromericans	fester	afromericans are like fester
explicit_animalistic	afromericans	fleabags	afromericans are like fleabags
explicit_animalistic	afromericans	garanimal	afromericans are like garanimal
explicit_animalistic	afromericans	hampster	afromericans are like hampster
explicit_animalistic	afromericans	lice	afromericans are like lice
explicit_animalistic	afromericans	maggots	afromericans are like maggots
explicit_animalistic	afromericans	mice	afromericans are like mice
explicit_animalistic	afromericans	ziopig	afromericans are like ziopig
explicit_animalistic	native-americans	subhumans	native-americans are like subhumans
explicit_animalistic	native-americans	animals	native-americans are like animals
explicit_animalistic	native-americans	beasts	native-americans are like beasts
explicit_animalistic	native-americans	brute	native-americans are like brute
explicit_animalistic	native-americans	cattle	native-americans are like cattle
explicit_animalistic	native-americans	cows	native-americans are like cows
explicit_animalistic	native-americans	dogs	native-americans are like dogs
explicit_animalistic	native-americans	herds	native-americans are like herds
explicit_animalistic	native-americans	hog	native-americans are like hog
explicit_animalistic	native-americans	horses	native-americans are like horses
explicit_animalistic	native-americans	livestock	native-americans are like livestock
explicit_animalistic	native-americans	pigs	native-americans are like pigs
explicit_animalistic	native-americans	sheep	native-americans are like sheep
explicit_animalistic	native-americans	rats	native-americans are like rats
explicit_animalistic	native-americans	worms	native-americans are like worms
explicit_animalistic	native-americans	bugs	native-americans are like bugs
explicit_animalistic	native-americans	parasites	native-americans are like parasites
explicit_animalistic	native-americans	insects	native-americans are like insects
explicit_animalistic	native-americans	the pest	native-americans are like the pest
explicit_animalistic	native-americans	flea	native-americans are like flea
explicit_animalistic	native-americans	rodents	native-americans are like rodents
explicit_animalistic	native-americans	a virus	native-americans are like a virus
explicit_animalistic	native-americans	a disease	native-americans are like a disease
explicit_animalistic	native-americans	ants	native-americans are like ants
explicit_animalistic	native-americans	beast-like	native-americans are like beast-like
explicit_animalistic	native-americans	bedbugs	native-americans are like bedbugs
explicit_animalistic	native-americans	brainworms	native-americans are like brainworms
explicit_animalistic	native-americans	breeders	native-americans are like breeders
explicit_animalistic	native-americans	broodstock	native-americans are like broodstock
explicit_animalistic	native-americans	buggs	native-americans are like buggs
explicit_animalistic	native-americans	chimps	native-americans are like chimps
explicit_animalistic	native-americans	conker	native-americans are like conker
explicit_animalistic	native-americans	drat	native-americans are like drat
explicit_animalistic	native-americans	earthworms	native-americans are like earthworms
explicit_animalistic	native-americans	entities	native-americans are like entities
explicit_animalistic	native-americans	ferals	native-americans are like ferals
explicit_animalistic	native-americans	ferocious	native-americans are like ferocious
explicit_animalistic	native-americans	ferrets	native-americans are like ferrets
explicit_animalistic	native-americans	fester	native-americans are like fester
explicit_animalistic	native-americans	fleabags	native-americans are like fleabags
explicit_animalistic	native-americans	garanimal	native-americans are like garanimal
explicit_animalistic	native-americans	hampster	native-americans are like hampster
explicit_animalistic	native-americans	lice	native-americans are like lice
explicit_animalistic	native-americans	maggots	native-americans are like maggots
explicit_animalistic	native-americans	mice	native-americans are like mice
explicit_animalistic	native-americans	ziopig	native-americans are like ziopig
explicit_animalistic	women	subhumans	women are like subhumans
explicit_animalistic	women	animals	women are like animals
explicit_animalistic	women	beasts	women are like beasts
explicit_animalistic	women	brute	women are like brute
explicit_animalistic	women	cattle	women are like cattle
explicit_animalistic	women	cows	women are like cows
explicit_animalistic	women	dogs	women are like dogs
explicit_animalistic	women	herds	women are like herds
explicit_animalistic	women	hog	women are like hog
explicit_animalistic	women	horses	women are like horses
explicit_animalistic	women	livestock	women are like livestock
explicit_animalistic	women	pigs	women are like pigs
explicit_animalistic	women	sheep	women are like sheep
explicit_animalistic	women	rats	women are like rats
explicit_animalistic	women	worms	women are like worms
explicit_animalistic	women	bugs	women are like bugs
explicit_animalistic	women	parasites	women are like parasites
explicit_animalistic	women	insects	women are like insects
explicit_animalistic	women	the pest	women are like the pest
explicit_animalistic	women	flea	women are like flea
explicit_animalistic	women	rodents	women are like rodents
explicit_animalistic	women	a virus	women are like a virus
explicit_animalistic	women	a disease	women are like a disease
explicit_animalistic	women	ants	women are like ants
explicit_animalistic	women	beast-like	women are like beast-like
explicit_animalistic	women	bedbugs	women are like bedbugs
explicit_animalistic	women	brainworms	women are like brainworms
explicit_animalistic	women	breeders	women are like breeders
explicit_animalistic	women	broodstock	women are like broodstock
explicit_animalistic	women	buggs	women are like buggs
explicit_animalistic	women	chimps	women are like chimps
explicit_animalistic	women	conker	women are like conker
explicit_animalistic	women	drat	women are like drat
explicit_animalistic	women	earthworms	women are like earthworms
explicit_animalistic	women	entities	women are like entities
explicit_animalistic	women	ferals	women are like ferals
explicit_animalistic	women	ferocious	women are like ferocious
explicit_animalistic	women	ferrets	women are like ferrets
explicit_animalistic	women	fester	women are like fester
explicit_animalistic	women	fleabags	women are like fleabags
explicit_animalistic	women	garanimal	women are like garanimal
explicit_animalistic	women	hampster	women are like hampster
explicit_animalistic	women	lice	women are like lice
explicit_animalistic	women	maggots	women are like maggots
explicit_animalistic	women	mice	women are like mice
explicit_animalistic	women	ziopig	women are like ziopig
explicit_animalistic	girls	subhumans	girls are like subhumans
explicit_animalistic	girls	animals	girls are like animals
explicit_animalistic	girls	beasts	girls are like beasts
explicit_animalistic	girls	brute	girls are like brute
explicit_animalistic	girls	cattle	girls are like cattle
explicit_animalistic	girls	cows	girls are like cows
explicit_animalistic	girls	dogs	girls are like dogs
explicit_animalistic	girls	herds	girls are like herds
explicit_animalistic	girls	hog	girls are like hog
explicit_animalistic	girls	horses	girls are like horses
explicit_animalistic	girls	livestock	girls are like livestock
explicit_animalistic	girls	pigs	girls are like pigs
explicit_animalistic	girls	sheep	girls are like sheep
explicit_animalistic	girls	rats	girls are like rats
explicit_animalistic	girls	worms	girls are like worms
explicit_animalistic	girls	bugs	girls are like bugs
explicit_animalistic	girls	parasites	girls are like parasites
explicit_animalistic	girls	insects	girls are like insects
explicit_animalistic	girls	the pest	girls are like the pest
explicit_animalistic	girls	flea	girls are like flea
explicit_animalistic	girls	rodents	girls are like rodents
explicit_animalistic	girls	a virus	girls are like a virus
explicit_animalistic	girls	a disease	girls are like a disease
explicit_animalistic	girls	ants	girls are like ants
explicit_animalistic	girls	beast-like	girls are like beast-like
explicit_animalistic	girls	bedbugs	girls are like bedbugs
explicit_animalistic	girls	brainworms	girls are like brainworms
explicit_animalistic	girls	breeders	girls are like breeders
explicit_animalistic	girls	broodstock	girls are like broodstock
explicit_animalistic	girls	buggs	girls are like buggs
explicit_animalistic	girls	chimps	girls are like chimps
explicit_animalistic	girls	conker	girls are like conker
explicit_animalistic	girls	drat	girls are like drat
explicit_animalistic	girls	earthworms	girls are like earthworms
explicit_animalistic	girls	entities	girls are like entities
explicit_animalistic	girls	ferals	girls are like ferals
explicit_animalistic	girls	ferocious	girls are like ferocious
explicit_animalistic	girls	ferrets	girls are like ferrets
explicit_animalistic	girls	fester	girls are like fester
explicit_animalistic	girls	fleabags	girls are like fleabags
explicit_animalistic	girls	garanimal	girls are like garanimal
explicit_animalistic	girls	hampster	girls are like hampster
explicit_animalistic	girls	lice	girls are like lice
explicit_animalistic	girls	maggots	girls are like maggots
explicit_animalistic	girls	mice	girls are like mice
explicit_animalistic	girls	ziopig	girls are like ziopig
explicit_animalistic	bitches	subhumans	bitches are like subhumans
explicit_animalistic	bitches	animals	bitches are like animals
explicit_animalistic	bitches	beasts	bitches are like beasts
explicit_animalistic	bitches	brute	bitches are like brute
explicit_animalistic	bitches	cattle	bitches are like cattle
explicit_animalistic	bitches	cows	bitches are like cows
explicit_animalistic	bitches	dogs	bitches are like dogs
explicit_animalistic	bitches	herds	bitches are like herds
explicit_animalistic	bitches	hog	bitches are like hog
explicit_animalistic	bitches	horses	bitches are like horses
explicit_animalistic	bitches	livestock	bitches are like livestock
explicit_animalistic	bitches	pigs	bitches are like pigs
explicit_animalistic	bitches	sheep	bitches are like sheep
explicit_animalistic	bitches	rats	bitches are like rats
explicit_animalistic	bitches	worms	bitches are like worms
explicit_animalistic	bitches	bugs	bitches are like bugs
explicit_animalistic	bitches	parasites	bitches are like parasites
explicit_animalistic	bitches	insects	bitches are like insects
explicit_animalistic	bitches	the pest	bitches are like the pest
explicit_animalistic	bitches	flea	bitches are like flea
explicit_animalistic	bitches	rodents	bitches are like rodents
explicit_animalistic	bitches	a virus	bitches are like a virus
explicit_animalistic	bitches	a disease	bitches are like a disease
explicit_animalistic	bitches	ants	bitches are like ants
explicit_animalistic	bitches	beast-like	bitches are like beast-like
explicit_animalistic	bitches	bedbugs	bitches are like bedbugs
explicit_animalistic	bitches	brainworms	bitches are like brainworms
explicit_animalistic	bitches	breeders	bitches are like breeders
explicit_animalistic	bitches	broodstock	bitches are like broodstock
explicit_animalistic	bitches	buggs	bitches are like buggs
explicit_animalistic	bitches	chimps	bitches are like chimps
explicit_animalistic	bitches	conker	bitches are like conker
explicit_animalistic	bitches	drat	bitches are like drat
explicit_animalistic	bitches	earthworms	bitches are like earthworms
explicit_animalistic	bitches	entities	bitches are like entities
explicit_animalistic	bitches	ferals	bitches are like ferals
explicit_animalistic	bitches	ferocious	bitches are like ferocious
explicit_animalistic	bitches	ferrets	bitches are like ferrets
explicit_animalistic	bitches	fester	bitches are like fester
explicit_animalistic	bitches	fleabags	bitches are like fleabags
explicit_animalistic	bitches	garanimal	bitches are like garanimal
explicit_animalistic	bitches	hampster	bitches are like hampster
explicit_animalistic	bitches	lice	bitches are like lice
explicit_animalistic	bitches	maggots	bitches are like maggots
explicit_animalistic	bitches	mice	bitches are like mice
explicit_animalistic	bitches	ziopig	bitches are like ziopig
explicit_animalistic	cunts	subhumans	cunts are like subhumans
explicit_animalistic	cunts	animals	cunts are like animals
explicit_animalistic	cunts	beasts	cunts are like beasts
explicit_animalistic	cunts	brute	cunts are like brute
explicit_animalistic	cunts	cattle	cunts are like cattle
explicit_animalistic	cunts	cows	cunts are like cows
explicit_animalistic	cunts	dogs	cunts are like dogs
explicit_animalistic	cunts	herds	cunts are like herds
explicit_animalistic	cunts	hog	cunts are like hog
explicit_animalistic	cunts	horses	cunts are like horses
explicit_animalistic	cunts	livestock	cunts are like livestock
explicit_animalistic	cunts	pigs	cunts are like pigs
explicit_animalistic	cunts	sheep	cunts are like sheep
explicit_animalistic	cunts	rats	cunts are like rats
explicit_animalistic	cunts	worms	cunts are like worms
explicit_animalistic	cunts	bugs	cunts are like bugs
explicit_animalistic	cunts	parasites	cunts are like parasites
explicit_animalistic	cunts	insects	cunts are like insects
explicit_animalistic	cunts	the pest	cunts are like the pest
explicit_animalistic	cunts	flea	cunts are like flea
explicit_animalistic	cunts	rodents	cunts are like rodents
explicit_animalistic	cunts	a virus	cunts are like a virus
explicit_animalistic	cunts	a disease	cunts are like a disease
explicit_animalistic	cunts	ants	cunts are like ants
explicit_animalistic	cunts	beast-like	cunts are like beast-like
explicit_animalistic	cunts	bedbugs	cunts are like bedbugs
explicit_animalistic	cunts	brainworms	cunts are like brainworms
explicit_animalistic	cunts	breeders	cunts are like breeders
explicit_animalistic	cunts	broodstock	cunts are like broodstock
explicit_animalistic	cunts	buggs	cunts are like buggs
explicit_animalistic	cunts	chimps	cunts are like chimps
explicit_animalistic	cunts	conker	cunts are like conker
explicit_animalistic	cunts	drat	cunts are like drat
explicit_animalistic	cunts	earthworms	cunts are like earthworms
explicit_animalistic	cunts	entities	cunts are like entities
explicit_animalistic	cunts	ferals	cunts are like ferals
explicit_animalistic	cunts	ferocious	cunts are like ferocious
explicit_animalistic	cunts	ferrets	cunts are like ferrets
explicit_animalistic	cunts	fester	cunts are like fester
explicit_animalistic	cunts	fleabags	cunts are like fleabags
explicit_animalistic	cunts	garanimal	cunts are like garanimal
explicit_animalistic	cunts	hampster	cunts are like hampster
explicit_animalistic	cunts	lice	cunts are like lice
explicit_animalistic	cunts	maggots	cunts are like maggots
explicit_animalistic	cunts	mice	cunts are like mice
explicit_animalistic	cunts	ziopig	cunts are like ziopig
explicit_animalistic	dykes	subhumans	dykes are like subhumans
explicit_animalistic	dykes	animals	dykes are like animals
explicit_animalistic	dykes	beasts	dykes are like beasts
explicit_animalistic	dykes	brute	dykes are like brute
explicit_animalistic	dykes	cattle	dykes are like cattle
explicit_animalistic	dykes	cows	dykes are like cows
explicit_animalistic	dykes	dogs	dykes are like dogs
explicit_animalistic	dykes	herds	dykes are like herds
explicit_animalistic	dykes	hog	dykes are like hog
explicit_animalistic	dykes	horses	dykes are like horses
explicit_animalistic	dykes	livestock	dykes are like livestock
explicit_animalistic	dykes	pigs	dykes are like pigs
explicit_animalistic	dykes	sheep	dykes are like sheep
explicit_animalistic	dykes	rats	dykes are like rats
explicit_animalistic	dykes	worms	dykes are like worms
explicit_animalistic	dykes	bugs	dykes are like bugs
explicit_animalistic	dykes	parasites	dykes are like parasites
explicit_animalistic	dykes	insects	dykes are like insects
explicit_animalistic	dykes	the pest	dykes are like the pest
explicit_animalistic	dykes	flea	dykes are like flea
explicit_animalistic	dykes	rodents	dykes are like rodents
explicit_animalistic	dykes	a virus	dykes are like a virus
explicit_animalistic	dykes	a disease	dykes are like a disease
explicit_animalistic	dykes	ants	dykes are like ants
explicit_animalistic	dykes	beast-like	dykes are like beast-like
explicit_animalistic	dykes	bedbugs	dykes are like bedbugs
explicit_animalistic	dykes	brainworms	dykes are like brainworms
explicit_animalistic	dykes	breeders	dykes are like breeders
explicit_animalistic	dykes	broodstock	dykes are like broodstock
explicit_animalistic	dykes	buggs	dykes are like buggs
explicit_animalistic	dykes	chimps	dykes are like chimps
explicit_animalistic	dykes	conker	dykes are like conker
explicit_animalistic	dykes	drat	dykes are like drat
explicit_animalistic	dykes	earthworms	dykes are like earthworms
explicit_animalistic	dykes	entities	dykes are like entities
explicit_animalistic	dykes	ferals	dykes are like ferals
explicit_animalistic	dykes	ferocious	dykes are like ferocious
explicit_animalistic	dykes	ferrets	dykes are like ferrets
explicit_animalistic	dykes	fester	dykes are like fester
explicit_animalistic	dykes	fleabags	dykes are like fleabags
explicit_animalistic	dykes	garanimal	dykes are like garanimal
explicit_animalistic	dykes	hampster	dykes are like hampster
explicit_animalistic	dykes	lice	dykes are like lice
explicit_animalistic	dykes	maggots	dykes are like maggots
explicit_animalistic	dykes	mice	dykes are like mice
explicit_animalistic	dykes	ziopig	dykes are like ziopig
explicit_animalistic	pussies	subhumans	pussies are like subhumans
explicit_animalistic	pussies	animals	pussies are like animals
explicit_animalistic	pussies	beasts	pussies are like beasts
explicit_animalistic	pussies	brute	pussies are like brute
explicit_animalistic	pussies	cattle	pussies are like cattle
explicit_animalistic	pussies	cows	pussies are like cows
explicit_animalistic	pussies	dogs	pussies are like dogs
explicit_animalistic	pussies	herds	pussies are like herds
explicit_animalistic	pussies	hog	pussies are like hog
explicit_animalistic	pussies	horses	pussies are like horses
explicit_animalistic	pussies	livestock	pussies are like livestock
explicit_animalistic	pussies	pigs	pussies are like pigs
explicit_animalistic	pussies	sheep	pussies are like sheep
explicit_animalistic	pussies	rats	pussies are like rats
explicit_animalistic	pussies	worms	pussies are like worms
explicit_animalistic	pussies	bugs	pussies are like bugs
explicit_animalistic	pussies	parasites	pussies are like parasites
explicit_animalistic	pussies	insects	pussies are like insects
explicit_animalistic	pussies	the pest	pussies are like the pest
explicit_animalistic	pussies	flea	pussies are like flea
explicit_animalistic	pussies	rodents	pussies are like rodents
explicit_animalistic	pussies	a virus	pussies are like a virus
explicit_animalistic	pussies	a disease	pussies are like a disease
explicit_animalistic	pussies	ants	pussies are like ants
explicit_animalistic	pussies	beast-like	pussies are like beast-like
explicit_animalistic	pussies	bedbugs	pussies are like bedbugs
explicit_animalistic	pussies	brainworms	pussies are like brainworms
explicit_animalistic	pussies	breeders	pussies are like breeders
explicit_animalistic	pussies	broodstock	pussies are like broodstock
explicit_animalistic	pussies	buggs	pussies are like buggs
explicit_animalistic	pussies	chimps	pussies are like chimps
explicit_animalistic	pussies	conker	pussies are like conker
explicit_animalistic	pussies	drat	pussies are like drat
explicit_animalistic	pussies	earthworms	pussies are like earthworms
explicit_animalistic	pussies	entities	pussies are like entities
explicit_animalistic	pussies	ferals	pussies are like ferals
explicit_animalistic	pussies	ferocious	pussies are like ferocious
explicit_animalistic	pussies	ferrets	pussies are like ferrets
explicit_animalistic	pussies	fester	pussies are like fester
explicit_animalistic	pussies	fleabags	pussies are like fleabags
explicit_animalistic	pussies	garanimal	pussies are like garanimal
explicit_animalistic	pussies	hampster	pussies are like hampster
explicit_animalistic	pussies	lice	pussies are like lice
explicit_animalistic	pussies	maggots	pussies are like maggots
explicit_animalistic	pussies	mice	pussies are like mice
explicit_animalistic	pussies	ziopig	pussies are like ziopig
explicit_animalistic	hoes	subhumans	hoes are like subhumans
explicit_animalistic	hoes	animals	hoes are like animals
explicit_animalistic	hoes	beasts	hoes are like beasts
explicit_animalistic	hoes	brute	hoes are like brute
explicit_animalistic	hoes	cattle	hoes are like cattle
explicit_animalistic	hoes	cows	hoes are like cows
explicit_animalistic	hoes	dogs	hoes are like dogs
explicit_animalistic	hoes	herds	hoes are like herds
explicit_animalistic	hoes	hog	hoes are like hog
explicit_animalistic	hoes	horses	hoes are like horses
explicit_animalistic	hoes	livestock	hoes are like livestock
explicit_animalistic	hoes	pigs	hoes are like pigs
explicit_animalistic	hoes	sheep	hoes are like sheep
explicit_animalistic	hoes	rats	hoes are like rats
explicit_animalistic	hoes	worms	hoes are like worms
explicit_animalistic	hoes	bugs	hoes are like bugs
explicit_animalistic	hoes	parasites	hoes are like parasites
explicit_animalistic	hoes	insects	hoes are like insects
explicit_animalistic	hoes	the pest	hoes are like the pest
explicit_animalistic	hoes	flea	hoes are like flea
explicit_animalistic	hoes	rodents	hoes are like rodents
explicit_animalistic	hoes	a virus	hoes are like a virus
explicit_animalistic	hoes	a disease	hoes are like a disease
explicit_animalistic	hoes	ants	hoes are like ants
explicit_animalistic	hoes	beast-like	hoes are like beast-like
explicit_animalistic	hoes	bedbugs	hoes are like bedbugs
explicit_animalistic	hoes	brainworms	hoes are like brainworms
explicit_animalistic	hoes	breeders	hoes are like breeders
explicit_animalistic	hoes	broodstock	hoes are like broodstock
explicit_animalistic	hoes	buggs	hoes are like buggs
explicit_animalistic	hoes	chimps	hoes are like chimps
explicit_animalistic	hoes	conker	hoes are like conker
explicit_animalistic	hoes	drat	hoes are like drat
explicit_animalistic	hoes	earthworms	hoes are like earthworms
explicit_animalistic	hoes	entities	hoes are like entities
explicit_animalistic	hoes	ferals	hoes are like ferals
explicit_animalistic	hoes	ferocious	hoes are like ferocious
explicit_animalistic	hoes	ferrets	hoes are like ferrets
explicit_animalistic	hoes	fester	hoes are like fester
explicit_animalistic	hoes	fleabags	hoes are like fleabags
explicit_animalistic	hoes	garanimal	hoes are like garanimal
explicit_animalistic	hoes	hampster	hoes are like hampster
explicit_animalistic	hoes	lice	hoes are like lice
explicit_animalistic	hoes	maggots	hoes are like maggots
explicit_animalistic	hoes	mice	hoes are like mice
explicit_animalistic	hoes	ziopig	hoes are like ziopig
explicit_animalistic	bints	subhumans	bints are like subhumans
explicit_animalistic	bints	animals	bints are like animals
explicit_animalistic	bints	beasts	bints are like beasts
explicit_animalistic	bints	brute	bints are like brute
explicit_animalistic	bints	cattle	bints are like cattle
explicit_animalistic	bints	cows	bints are like cows
explicit_animalistic	bints	dogs	bints are like dogs
explicit_animalistic	bints	herds	bints are like herds
explicit_animalistic	bints	hog	bints are like hog
explicit_animalistic	bints	horses	bints are like horses
explicit_animalistic	bints	livestock	bints are like livestock
explicit_animalistic	bints	pigs	bints are like pigs
explicit_animalistic	bints	sheep	bints are like sheep
explicit_animalistic	bints	rats	bints are like rats
explicit_animalistic	bints	worms	bints are like worms
explicit_animalistic	bints	bugs	bints are like bugs
explicit_animalistic	bints	parasites	bints are like parasites
explicit_animalistic	bints	insects	bints are like insects
explicit_animalistic	bints	the pest	bints are like the pest
explicit_animalistic	bints	flea	bints are like flea
explicit_animalistic	bints	rodents	bints are like rodents
explicit_animalistic	bints	a virus	bints are like a virus
explicit_animalistic	bints	a disease	bints are like a disease
explicit_animalistic	bints	ants	bints are like ants
explicit_animalistic	bints	beast-like	bints are like beast-like
explicit_animalistic	bints	bedbugs	bints are like bedbugs
explicit_animalistic	bints	brainworms	bints are like brainworms
explicit_animalistic	bints	breeders	bints are like breeders
explicit_animalistic	bints	broodstock	bints are like broodstock
explicit_animalistic	bints	buggs	bints are like buggs
explicit_animalistic	bints	chimps	bints are like chimps
explicit_animalistic	bints	conker	bints are like conker
explicit_animalistic	bints	drat	bints are like drat
explicit_animalistic	bints	earthworms	bints are like earthworms
explicit_animalistic	bints	entities	bints are like entities
explicit_animalistic	bints	ferals	bints are like ferals
explicit_animalistic	bints	ferocious	bints are like ferocious
explicit_animalistic	bints	ferrets	bints are like ferrets
explicit_animalistic	bints	fester	bints are like fester
explicit_animalistic	bints	fleabags	bints are like fleabags
explicit_animalistic	bints	garanimal	bints are like garanimal
explicit_animalistic	bints	hampster	bints are like hampster
explicit_animalistic	bints	lice	bints are like lice
explicit_animalistic	bints	maggots	bints are like maggots
explicit_animalistic	bints	mice	bints are like mice
explicit_animalistic	bints	ziopig	bints are like ziopig
explicit_animalistic	females	subhumans	females are like subhumans
explicit_animalistic	females	animals	females are like animals
explicit_animalistic	females	beasts	females are like beasts
explicit_animalistic	females	brute	females are like brute
explicit_animalistic	females	cattle	females are like cattle
explicit_animalistic	females	cows	females are like cows
explicit_animalistic	females	dogs	females are like dogs
explicit_animalistic	females	herds	females are like herds
explicit_animalistic	females	hog	females are like hog
explicit_animalistic	females	horses	females are like horses
explicit_animalistic	females	livestock	females are like livestock
explicit_animalistic	females	pigs	females are like pigs
explicit_animalistic	females	sheep	females are like sheep
explicit_animalistic	females	rats	females are like rats
explicit_animalistic	females	worms	females are like worms
explicit_animalistic	females	bugs	females are like bugs
explicit_animalistic	females	parasites	females are like parasites
explicit_animalistic	females	insects	females are like insects
explicit_animalistic	females	the pest	females are like the pest
explicit_animalistic	females	flea	females are like flea
explicit_animalistic	females	rodents	females are like rodents
explicit_animalistic	females	a virus	females are like a virus
explicit_animalistic	females	a disease	females are like a disease
explicit_animalistic	females	ants	females are like ants
explicit_animalistic	females	beast-like	females are like beast-like
explicit_animalistic	females	bedbugs	females are like bedbugs
explicit_animalistic	females	brainworms	females are like brainworms
explicit_animalistic	females	breeders	females are like breeders
explicit_animalistic	females	broodstock	females are like broodstock
explicit_animalistic	females	buggs	females are like buggs
explicit_animalistic	females	chimps	females are like chimps
explicit_animalistic	females	conker	females are like conker
explicit_animalistic	females	drat	females are like drat
explicit_animalistic	females	earthworms	females are like earthworms
explicit_animalistic	females	entities	females are like entities
explicit_animalistic	females	ferals	females are like ferals
explicit_animalistic	females	ferocious	females are like ferocious
explicit_animalistic	females	ferrets	females are like ferrets
explicit_animalistic	females	fester	females are like fester
explicit_animalistic	females	fleabags	females are like fleabags
explicit_animalistic	females	garanimal	females are like garanimal
explicit_animalistic	females	hampster	females are like hampster
explicit_animalistic	females	lice	females are like lice
explicit_animalistic	females	maggots	females are like maggots
explicit_animalistic	females	mice	females are like mice
explicit_animalistic	females	ziopig	females are like ziopig
explicit_animalistic	shemales	subhumans	shemales are like subhumans
explicit_animalistic	shemales	animals	shemales are like animals
explicit_animalistic	shemales	beasts	shemales are like beasts
explicit_animalistic	shemales	brute	shemales are like brute
explicit_animalistic	shemales	cattle	shemales are like cattle
explicit_animalistic	shemales	cows	shemales are like cows
explicit_animalistic	shemales	dogs	shemales are like dogs
explicit_animalistic	shemales	herds	shemales are like herds
explicit_animalistic	shemales	hog	shemales are like hog
explicit_animalistic	shemales	horses	shemales are like horses
explicit_animalistic	shemales	livestock	shemales are like livestock
explicit_animalistic	shemales	pigs	shemales are like pigs
explicit_animalistic	shemales	sheep	shemales are like sheep
explicit_animalistic	shemales	rats	shemales are like rats
explicit_animalistic	shemales	worms	shemales are like worms
explicit_animalistic	shemales	bugs	shemales are like bugs
explicit_animalistic	shemales	parasites	shemales are like parasites
explicit_animalistic	shemales	insects	shemales are like insects
explicit_animalistic	shemales	the pest	shemales are like the pest
explicit_animalistic	shemales	flea	shemales are like flea
explicit_animalistic	shemales	rodents	shemales are like rodents
explicit_animalistic	shemales	a virus	shemales are like a virus
explicit_animalistic	shemales	a disease	shemales are like a disease
explicit_animalistic	shemales	ants	shemales are like ants
explicit_animalistic	shemales	beast-like	shemales are like beast-like
explicit_animalistic	shemales	bedbugs	shemales are like bedbugs
explicit_animalistic	shemales	brainworms	shemales are like brainworms
explicit_animalistic	shemales	breeders	shemales are like breeders
explicit_animalistic	shemales	broodstock	shemales are like broodstock
explicit_animalistic	shemales	buggs	shemales are like buggs
explicit_animalistic	shemales	chimps	shemales are like chimps
explicit_animalistic	shemales	conker	shemales are like conker
explicit_animalistic	shemales	drat	shemales are like drat
explicit_animalistic	shemales	earthworms	shemales are like earthworms
explicit_animalistic	shemales	entities	shemales are like entities
explicit_animalistic	shemales	ferals	shemales are like ferals
explicit_animalistic	shemales	ferocious	shemales are like ferocious
explicit_animalistic	shemales	ferrets	shemales are like ferrets
explicit_animalistic	shemales	fester	shemales are like fester
explicit_animalistic	shemales	fleabags	shemales are like fleabags
explicit_animalistic	shemales	garanimal	shemales are like garanimal
explicit_animalistic	shemales	hampster	shemales are like hampster
explicit_animalistic	shemales	lice	shemales are like lice
explicit_animalistic	shemales	maggots	shemales are like maggots
explicit_animalistic	shemales	mice	shemales are like mice
explicit_animalistic	shemales	ziopig	shemales are like ziopig
explicit_animalistic	transexuals	subhumans	transexuals are like subhumans
explicit_animalistic	transexuals	animals	transexuals are like animals
explicit_animalistic	transexuals	beasts	transexuals are like beasts
explicit_animalistic	transexuals	brute	transexuals are like brute
explicit_animalistic	transexuals	cattle	transexuals are like cattle
explicit_animalistic	transexuals	cows	transexuals are like cows
explicit_animalistic	transexuals	dogs	transexuals are like dogs
explicit_animalistic	transexuals	herds	transexuals are like herds
explicit_animalistic	transexuals	hog	transexuals are like hog
explicit_animalistic	transexuals	horses	transexuals are like horses
explicit_animalistic	transexuals	livestock	transexuals are like livestock
explicit_animalistic	transexuals	pigs	transexuals are like pigs
explicit_animalistic	transexuals	sheep	transexuals are like sheep
explicit_animalistic	transexuals	rats	transexuals are like rats
explicit_animalistic	transexuals	worms	transexuals are like worms
explicit_animalistic	transexuals	bugs	transexuals are like bugs
explicit_animalistic	transexuals	parasites	transexuals are like parasites
explicit_animalistic	transexuals	insects	transexuals are like insects
explicit_animalistic	transexuals	the pest	transexuals are like the pest
explicit_animalistic	transexuals	flea	transexuals are like flea
explicit_animalistic	transexuals	rodents	transexuals are like rodents
explicit_animalistic	transexuals	a virus	transexuals are like a virus
explicit_animalistic	transexuals	a disease	transexuals are like a disease
explicit_animalistic	transexuals	ants	transexuals are like ants
explicit_animalistic	transexuals	beast-like	transexuals are like beast-like
explicit_animalistic	transexuals	bedbugs	transexuals are like bedbugs
explicit_animalistic	transexuals	brainworms	transexuals are like brainworms
explicit_animalistic	transexuals	breeders	transexuals are like breeders
explicit_animalistic	transexuals	broodstock	transexuals are like broodstock
explicit_animalistic	transexuals	buggs	transexuals are like buggs
explicit_animalistic	transexuals	chimps	transexuals are like chimps
explicit_animalistic	transexuals	conker	transexuals are like conker
explicit_animalistic	transexuals	drat	transexuals are like drat
explicit_animalistic	transexuals	earthworms	transexuals are like earthworms
explicit_animalistic	transexuals	entities	transexuals are like entities
explicit_animalistic	transexuals	ferals	transexuals are like ferals
explicit_animalistic	transexuals	ferocious	transexuals are like ferocious
explicit_animalistic	transexuals	ferrets	transexuals are like ferrets
explicit_animalistic	transexuals	fester	transexuals are like fester
explicit_animalistic	transexuals	fleabags	transexuals are like fleabags
explicit_animalistic	transexuals	garanimal	transexuals are like garanimal
explicit_animalistic	transexuals	hampster	transexuals are like hampster
explicit_animalistic	transexuals	lice	transexuals are like lice
explicit_animalistic	transexuals	maggots	transexuals are like maggots
explicit_animalistic	transexuals	mice	transexuals are like mice
explicit_animalistic	transexuals	ziopig	transexuals are like ziopig
explicit_animalistic	twats	subhumans	twats are like subhumans
explicit_animalistic	twats	animals	twats are like animals
explicit_animalistic	twats	beasts	twats are like beasts
explicit_animalistic	twats	brute	twats are like brute
explicit_animalistic	twats	cattle	twats are like cattle
explicit_animalistic	twats	cows	twats are like cows
explicit_animalistic	twats	dogs	twats are like dogs
explicit_animalistic	twats	herds	twats are like herds
explicit_animalistic	twats	hog	twats are like hog
explicit_animalistic	twats	horses	twats are like horses
explicit_animalistic	twats	livestock	twats are like livestock
explicit_animalistic	twats	pigs	twats are like pigs
explicit_animalistic	twats	sheep	twats are like sheep
explicit_animalistic	twats	rats	twats are like rats
explicit_animalistic	twats	worms	twats are like worms
explicit_animalistic	twats	bugs	twats are like bugs
explicit_animalistic	twats	parasites	twats are like parasites
explicit_animalistic	twats	insects	twats are like insects
explicit_animalistic	twats	the pest	twats are like the pest
explicit_animalistic	twats	flea	twats are like flea
explicit_animalistic	twats	rodents	twats are like rodents
explicit_animalistic	twats	a virus	twats are like a virus
explicit_animalistic	twats	a disease	twats are like a disease
explicit_animalistic	twats	ants	twats are like ants
explicit_animalistic	twats	beast-like	twats are like beast-like
explicit_animalistic	twats	bedbugs	twats are like bedbugs
explicit_animalistic	twats	brainworms	twats are like brainworms
explicit_animalistic	twats	breeders	twats are like breeders
explicit_animalistic	twats	broodstock	twats are like broodstock
explicit_animalistic	twats	buggs	twats are like buggs
explicit_animalistic	twats	chimps	twats are like chimps
explicit_animalistic	twats	conker	twats are like conker
explicit_animalistic	twats	drat	twats are like drat
explicit_animalistic	twats	earthworms	twats are like earthworms
explicit_animalistic	twats	entities	twats are like entities
explicit_animalistic	twats	ferals	twats are like ferals
explicit_animalistic	twats	ferocious	twats are like ferocious
explicit_animalistic	twats	ferrets	twats are like ferrets
explicit_animalistic	twats	fester	twats are like fester
explicit_animalistic	twats	fleabags	twats are like fleabags
explicit_animalistic	twats	garanimal	twats are like garanimal
explicit_animalistic	twats	hampster	twats are like hampster
explicit_animalistic	twats	lice	twats are like lice
explicit_animalistic	twats	maggots	twats are like maggots
explicit_animalistic	twats	mice	twats are like mice
explicit_animalistic	twats	ziopig	twats are like ziopig
explicit_animalistic	asexuals	subhumans	asexuals are like subhumans
explicit_animalistic	asexuals	animals	asexuals are like animals
explicit_animalistic	asexuals	beasts	asexuals are like beasts
explicit_animalistic	asexuals	brute	asexuals are like brute
explicit_animalistic	asexuals	cattle	asexuals are like cattle
explicit_animalistic	asexuals	cows	asexuals are like cows
explicit_animalistic	asexuals	dogs	asexuals are like dogs
explicit_animalistic	asexuals	herds	asexuals are like herds
explicit_animalistic	asexuals	hog	asexuals are like hog
explicit_animalistic	asexuals	horses	asexuals are like horses
explicit_animalistic	asexuals	livestock	asexuals are like livestock
explicit_animalistic	asexuals	pigs	asexuals are like pigs
explicit_animalistic	asexuals	sheep	asexuals are like sheep
explicit_animalistic	asexuals	rats	asexuals are like rats
explicit_animalistic	asexuals	worms	asexuals are like worms
explicit_animalistic	asexuals	bugs	asexuals are like bugs
explicit_animalistic	asexuals	parasites	asexuals are like parasites
explicit_animalistic	asexuals	insects	asexuals are like insects
explicit_animalistic	asexuals	the pest	asexuals are like the pest
explicit_animalistic	asexuals	flea	asexuals are like flea
explicit_animalistic	asexuals	rodents	asexuals are like rodents
explicit_animalistic	asexuals	a virus	asexuals are like a virus
explicit_animalistic	asexuals	a disease	asexuals are like a disease
explicit_animalistic	asexuals	ants	asexuals are like ants
explicit_animalistic	asexuals	beast-like	asexuals are like beast-like
explicit_animalistic	asexuals	bedbugs	asexuals are like bedbugs
explicit_animalistic	asexuals	brainworms	asexuals are like brainworms
explicit_animalistic	asexuals	breeders	asexuals are like breeders
explicit_animalistic	asexuals	broodstock	asexuals are like broodstock
explicit_animalistic	asexuals	buggs	asexuals are like buggs
explicit_animalistic	asexuals	chimps	asexuals are like chimps
explicit_animalistic	asexuals	conker	asexuals are like conker
explicit_animalistic	asexuals	drat	asexuals are like drat
explicit_animalistic	asexuals	earthworms	asexuals are like earthworms
explicit_animalistic	asexuals	entities	asexuals are like entities
explicit_animalistic	asexuals	ferals	asexuals are like ferals
explicit_animalistic	asexuals	ferocious	asexuals are like ferocious
explicit_animalistic	asexuals	ferrets	asexuals are like ferrets
explicit_animalistic	asexuals	fester	asexuals are like fester
explicit_animalistic	asexuals	fleabags	asexuals are like fleabags
explicit_animalistic	asexuals	garanimal	asexuals are like garanimal
explicit_animalistic	asexuals	hampster	asexuals are like hampster
explicit_animalistic	asexuals	lice	asexuals are like lice
explicit_animalistic	asexuals	maggots	asexuals are like maggots
explicit_animalistic	asexuals	mice	asexuals are like mice
explicit_animalistic	asexuals	ziopig	asexuals are like ziopig
explicit_animalistic	faggots	subhumans	faggots are like subhumans
explicit_animalistic	faggots	animals	faggots are like animals
explicit_animalistic	faggots	beasts	faggots are like beasts
explicit_animalistic	faggots	brute	faggots are like brute
explicit_animalistic	faggots	cattle	faggots are like cattle
explicit_animalistic	faggots	cows	faggots are like cows
explicit_animalistic	faggots	dogs	faggots are like dogs
explicit_animalistic	faggots	herds	faggots are like herds
explicit_animalistic	faggots	hog	faggots are like hog
explicit_animalistic	faggots	horses	faggots are like horses
explicit_animalistic	faggots	livestock	faggots are like livestock
explicit_animalistic	faggots	pigs	faggots are like pigs
explicit_animalistic	faggots	sheep	faggots are like sheep
explicit_animalistic	faggots	rats	faggots are like rats
explicit_animalistic	faggots	worms	faggots are like worms
explicit_animalistic	faggots	bugs	faggots are like bugs
explicit_animalistic	faggots	parasites	faggots are like parasites
explicit_animalistic	faggots	insects	faggots are like insects
explicit_animalistic	faggots	the pest	faggots are like the pest
explicit_animalistic	faggots	flea	faggots are like flea
explicit_animalistic	faggots	rodents	faggots are like rodents
explicit_animalistic	faggots	a virus	faggots are like a virus
explicit_animalistic	faggots	a disease	faggots are like a disease
explicit_animalistic	faggots	ants	faggots are like ants
explicit_animalistic	faggots	beast-like	faggots are like beast-like
explicit_animalistic	faggots	bedbugs	faggots are like bedbugs
explicit_animalistic	faggots	brainworms	faggots are like brainworms
explicit_animalistic	faggots	breeders	faggots are like breeders
explicit_animalistic	faggots	broodstock	faggots are like broodstock
explicit_animalistic	faggots	buggs	faggots are like buggs
explicit_animalistic	faggots	chimps	faggots are like chimps
explicit_animalistic	faggots	conker	faggots are like conker
explicit_animalistic	faggots	drat	faggots are like drat
explicit_animalistic	faggots	earthworms	faggots are like earthworms
explicit_animalistic	faggots	entities	faggots are like entities
explicit_animalistic	faggots	ferals	faggots are like ferals
explicit_animalistic	faggots	ferocious	faggots are like ferocious
explicit_animalistic	faggots	ferrets	faggots are like ferrets
explicit_animalistic	faggots	fester	faggots are like fester
explicit_animalistic	faggots	fleabags	faggots are like fleabags
explicit_animalistic	faggots	garanimal	faggots are like garanimal
explicit_animalistic	faggots	hampster	faggots are like hampster
explicit_animalistic	faggots	lice	faggots are like lice
explicit_animalistic	faggots	maggots	faggots are like maggots
explicit_animalistic	faggots	mice	faggots are like mice
explicit_animalistic	faggots	ziopig	faggots are like ziopig
explicit_animalistic	homosexuals	subhumans	homosexuals are like subhumans
explicit_animalistic	homosexuals	animals	homosexuals are like animals
explicit_animalistic	homosexuals	beasts	homosexuals are like beasts
explicit_animalistic	homosexuals	brute	homosexuals are like brute
explicit_animalistic	homosexuals	cattle	homosexuals are like cattle
explicit_animalistic	homosexuals	cows	homosexuals are like cows
explicit_animalistic	homosexuals	dogs	homosexuals are like dogs
explicit_animalistic	homosexuals	herds	homosexuals are like herds
explicit_animalistic	homosexuals	hog	homosexuals are like hog
explicit_animalistic	homosexuals	horses	homosexuals are like horses
explicit_animalistic	homosexuals	livestock	homosexuals are like livestock
explicit_animalistic	homosexuals	pigs	homosexuals are like pigs
explicit_animalistic	homosexuals	sheep	homosexuals are like sheep
explicit_animalistic	homosexuals	rats	homosexuals are like rats
explicit_animalistic	homosexuals	worms	homosexuals are like worms
explicit_animalistic	homosexuals	bugs	homosexuals are like bugs
explicit_animalistic	homosexuals	parasites	homosexuals are like parasites
explicit_animalistic	homosexuals	insects	homosexuals are like insects
explicit_animalistic	homosexuals	the pest	homosexuals are like the pest
explicit_animalistic	homosexuals	flea	homosexuals are like flea
explicit_animalistic	homosexuals	rodents	homosexuals are like rodents
explicit_animalistic	homosexuals	a virus	homosexuals are like a virus
explicit_animalistic	homosexuals	a disease	homosexuals are like a disease
explicit_animalistic	homosexuals	ants	homosexuals are like ants
explicit_animalistic	homosexuals	beast-like	homosexuals are like beast-like
explicit_animalistic	homosexuals	bedbugs	homosexuals are like bedbugs
explicit_animalistic	homosexuals	brainworms	homosexuals are like brainworms
explicit_animalistic	homosexuals	breeders	homosexuals are like breeders
explicit_animalistic	homosexuals	broodstock	homosexuals are like broodstock
explicit_animalistic	homosexuals	buggs	homosexuals are like buggs
explicit_animalistic	homosexuals	chimps	homosexuals are like chimps
explicit_animalistic	homosexuals	conker	homosexuals are like conker
explicit_animalistic	homosexuals	drat	homosexuals are like drat
explicit_animalistic	homosexuals	earthworms	homosexuals are like earthworms
explicit_animalistic	homosexuals	entities	homosexuals are like entities
explicit_animalistic	homosexuals	ferals	homosexuals are like ferals
explicit_animalistic	homosexuals	ferocious	homosexuals are like ferocious
explicit_animalistic	homosexuals	ferrets	homosexuals are like ferrets
explicit_animalistic	homosexuals	fester	homosexuals are like fester
explicit_animalistic	homosexuals	fleabags	homosexuals are like fleabags
explicit_animalistic	homosexuals	garanimal	homosexuals are like garanimal
explicit_animalistic	homosexuals	hampster	homosexuals are like hampster
explicit_animalistic	homosexuals	lice	homosexuals are like lice
explicit_animalistic	homosexuals	maggots	homosexuals are like maggots
explicit_animalistic	homosexuals	mice	homosexuals are like mice
explicit_animalistic	homosexuals	ziopig	homosexuals are like ziopig
explicit_animalistic	americans	subhumans	americans are like subhumans
explicit_animalistic	americans	animals	americans are like animals
explicit_animalistic	americans	beasts	americans are like beasts
explicit_animalistic	americans	brute	americans are like brute
explicit_animalistic	americans	cattle	americans are like cattle
explicit_animalistic	americans	cows	americans are like cows
explicit_animalistic	americans	dogs	americans are like dogs
explicit_animalistic	americans	herds	americans are like herds
explicit_animalistic	americans	hog	americans are like hog
explicit_animalistic	americans	horses	americans are like horses
explicit_animalistic	americans	livestock	americans are like livestock
explicit_animalistic	americans	pigs	americans are like pigs
explicit_animalistic	americans	sheep	americans are like sheep
explicit_animalistic	americans	rats	americans are like rats
explicit_animalistic	americans	worms	americans are like worms
explicit_animalistic	americans	bugs	americans are like bugs
explicit_animalistic	americans	parasites	americans are like parasites
explicit_animalistic	americans	insects	americans are like insects
explicit_animalistic	americans	the pest	americans are like the pest
explicit_animalistic	americans	flea	americans are like flea
explicit_animalistic	americans	rodents	americans are like rodents
explicit_animalistic	americans	a virus	americans are like a virus
explicit_animalistic	americans	a disease	americans are like a disease
explicit_animalistic	americans	ants	americans are like ants
explicit_animalistic	americans	beast-like	americans are like beast-like
explicit_animalistic	americans	bedbugs	americans are like bedbugs
explicit_animalistic	americans	brainworms	americans are like brainworms
explicit_animalistic	americans	breeders	americans are like breeders
explicit_animalistic	americans	broodstock	americans are like broodstock
explicit_animalistic	americans	buggs	americans are like buggs
explicit_animalistic	americans	chimps	americans are like chimps
explicit_animalistic	americans	conker	americans are like conker
explicit_animalistic	americans	drat	americans are like drat
explicit_animalistic	americans	earthworms	americans are like earthworms
explicit_animalistic	americans	entities	americans are like entities
explicit_animalistic	americans	ferals	americans are like ferals
explicit_animalistic	americans	ferocious	americans are like ferocious
explicit_animalistic	americans	ferrets	americans are like ferrets
explicit_animalistic	americans	fester	americans are like fester
explicit_animalistic	americans	fleabags	americans are like fleabags
explicit_animalistic	americans	garanimal	americans are like garanimal
explicit_animalistic	americans	hampster	americans are like hampster
explicit_animalistic	americans	lice	americans are like lice
explicit_animalistic	americans	maggots	americans are like maggots
explicit_animalistic	americans	mice	americans are like mice
explicit_animalistic	americans	ziopig	americans are like ziopig
explicit_animalistic	asians	subhumans	asians are like subhumans
explicit_animalistic	asians	animals	asians are like animals
explicit_animalistic	asians	beasts	asians are like beasts
explicit_animalistic	asians	brute	asians are like brute
explicit_animalistic	asians	cattle	asians are like cattle
explicit_animalistic	asians	cows	asians are like cows
explicit_animalistic	asians	dogs	asians are like dogs
explicit_animalistic	asians	herds	asians are like herds
explicit_animalistic	asians	hog	asians are like hog
explicit_animalistic	asians	horses	asians are like horses
explicit_animalistic	asians	livestock	asians are like livestock
explicit_animalistic	asians	pigs	asians are like pigs
explicit_animalistic	asians	sheep	asians are like sheep
explicit_animalistic	asians	rats	asians are like rats
explicit_animalistic	asians	worms	asians are like worms
explicit_animalistic	asians	bugs	asians are like bugs
explicit_animalistic	asians	parasites	asians are like parasites
explicit_animalistic	asians	insects	asians are like insects
explicit_animalistic	asians	the pest	asians are like the pest
explicit_animalistic	asians	flea	asians are like flea
explicit_animalistic	asians	rodents	asians are like rodents
explicit_animalistic	asians	a virus	asians are like a virus
explicit_animalistic	asians	a disease	asians are like a disease
explicit_animalistic	asians	ants	asians are like ants
explicit_animalistic	asians	beast-like	asians are like beast-like
explicit_animalistic	asians	bedbugs	asians are like bedbugs
explicit_animalistic	asians	brainworms	asians are like brainworms
explicit_animalistic	asians	breeders	asians are like breeders
explicit_animalistic	asians	broodstock	asians are like broodstock
explicit_animalistic	asians	buggs	asians are like buggs
explicit_animalistic	asians	chimps	asians are like chimps
explicit_animalistic	asians	conker	asians are like conker
explicit_animalistic	asians	drat	asians are like drat
explicit_animalistic	asians	earthworms	asians are like earthworms
explicit_animalistic	asians	entities	asians are like entities
explicit_animalistic	asians	ferals	asians are like ferals
explicit_animalistic	asians	ferocious	asians are like ferocious
explicit_animalistic	asians	ferrets	asians are like ferrets
explicit_animalistic	asians	fester	asians are like fester
explicit_animalistic	asians	fleabags	asians are like fleabags
explicit_animalistic	asians	garanimal	asians are like garanimal
explicit_animalistic	asians	hampster	asians are like hampster
explicit_animalistic	asians	lice	asians are like lice
explicit_animalistic	asians	maggots	asians are like maggots
explicit_animalistic	asians	mice	asians are like mice
explicit_animalistic	asians	ziopig	asians are like ziopig
explicit_animalistic	turks	subhumans	turks are like subhumans
explicit_animalistic	turks	animals	turks are like animals
explicit_animalistic	turks	beasts	turks are like beasts
explicit_animalistic	turks	brute	turks are like brute
explicit_animalistic	turks	cattle	turks are like cattle
explicit_animalistic	turks	cows	turks are like cows
explicit_animalistic	turks	dogs	turks are like dogs
explicit_animalistic	turks	herds	turks are like herds
explicit_animalistic	turks	hog	turks are like hog
explicit_animalistic	turks	horses	turks are like horses
explicit_animalistic	turks	livestock	turks are like livestock
explicit_animalistic	turks	pigs	turks are like pigs
explicit_animalistic	turks	sheep	turks are like sheep
explicit_animalistic	turks	rats	turks are like rats
explicit_animalistic	turks	worms	turks are like worms
explicit_animalistic	turks	bugs	turks are like bugs
explicit_animalistic	turks	parasites	turks are like parasites
explicit_animalistic	turks	insects	turks are like insects
explicit_animalistic	turks	the pest	turks are like the pest
explicit_animalistic	turks	flea	turks are like flea
explicit_animalistic	turks	rodents	turks are like rodents
explicit_animalistic	turks	a virus	turks are like a virus
explicit_animalistic	turks	a disease	turks are like a disease
explicit_animalistic	turks	ants	turks are like ants
explicit_animalistic	turks	beast-like	turks are like beast-like
explicit_animalistic	turks	bedbugs	turks are like bedbugs
explicit_animalistic	turks	brainworms	turks are like brainworms
explicit_animalistic	turks	breeders	turks are like breeders
explicit_animalistic	turks	broodstock	turks are like broodstock
explicit_animalistic	turks	buggs	turks are like buggs
explicit_animalistic	turks	chimps	turks are like chimps
explicit_animalistic	turks	conker	turks are like conker
explicit_animalistic	turks	drat	turks are like drat
explicit_animalistic	turks	earthworms	turks are like earthworms
explicit_animalistic	turks	entities	turks are like entities
explicit_animalistic	turks	ferals	turks are like ferals
explicit_animalistic	turks	ferocious	turks are like ferocious
explicit_animalistic	turks	ferrets	turks are like ferrets
explicit_animalistic	turks	fester	turks are like fester
explicit_animalistic	turks	fleabags	turks are like fleabags
explicit_animalistic	turks	garanimal	turks are like garanimal
explicit_animalistic	turks	hampster	turks are like hampster
explicit_animalistic	turks	lice	turks are like lice
explicit_animalistic	turks	maggots	turks are like maggots
explicit_animalistic	turks	mice	turks are like mice
explicit_animalistic	turks	ziopig	turks are like ziopig
explicit_animalistic	arabs	subhumans	arabs are like subhumans
explicit_animalistic	arabs	animals	arabs are like animals
explicit_animalistic	arabs	beasts	arabs are like beasts
explicit_animalistic	arabs	brute	arabs are like brute
explicit_animalistic	arabs	cattle	arabs are like cattle
explicit_animalistic	arabs	cows	arabs are like cows
explicit_animalistic	arabs	dogs	arabs are like dogs
explicit_animalistic	arabs	herds	arabs are like herds
explicit_animalistic	arabs	hog	arabs are like hog
explicit_animalistic	arabs	horses	arabs are like horses
explicit_animalistic	arabs	livestock	arabs are like livestock
explicit_animalistic	arabs	pigs	arabs are like pigs
explicit_animalistic	arabs	sheep	arabs are like sheep
explicit_animalistic	arabs	rats	arabs are like rats
explicit_animalistic	arabs	worms	arabs are like worms
explicit_animalistic	arabs	bugs	arabs are like bugs
explicit_animalistic	arabs	parasites	arabs are like parasites
explicit_animalistic	arabs	insects	arabs are like insects
explicit_animalistic	arabs	the pest	arabs are like the pest
explicit_animalistic	arabs	flea	arabs are like flea
explicit_animalistic	arabs	rodents	arabs are like rodents
explicit_animalistic	arabs	a virus	arabs are like a virus
explicit_animalistic	arabs	a disease	arabs are like a disease
explicit_animalistic	arabs	ants	arabs are like ants
explicit_animalistic	arabs	beast-like	arabs are like beast-like
explicit_animalistic	arabs	bedbugs	arabs are like bedbugs
explicit_animalistic	arabs	brainworms	arabs are like brainworms
explicit_animalistic	arabs	breeders	arabs are like breeders
explicit_animalistic	arabs	broodstock	arabs are like broodstock
explicit_animalistic	arabs	buggs	arabs are like buggs
explicit_animalistic	arabs	chimps	arabs are like chimps
explicit_animalistic	arabs	conker	arabs are like conker
explicit_animalistic	arabs	drat	arabs are like drat
explicit_animalistic	arabs	earthworms	arabs are like earthworms
explicit_animalistic	arabs	entities	arabs are like entities
explicit_animalistic	arabs	ferals	arabs are like ferals
explicit_animalistic	arabs	ferocious	arabs are like ferocious
explicit_animalistic	arabs	ferrets	arabs are like ferrets
explicit_animalistic	arabs	fester	arabs are like fester
explicit_animalistic	arabs	fleabags	arabs are like fleabags
explicit_animalistic	arabs	garanimal	arabs are like garanimal
explicit_animalistic	arabs	hampster	arabs are like hampster
explicit_animalistic	arabs	lice	arabs are like lice
explicit_animalistic	arabs	maggots	arabs are like maggots
explicit_animalistic	arabs	mice	arabs are like mice
explicit_animalistic	arabs	ziopig	arabs are like ziopig
explicit_animalistic	chinese	subhumans	chinese are like subhumans
explicit_animalistic	chinese	animals	chinese are like animals
explicit_animalistic	chinese	beasts	chinese are like beasts
explicit_animalistic	chinese	brute	chinese are like brute
explicit_animalistic	chinese	cattle	chinese are like cattle
explicit_animalistic	chinese	cows	chinese are like cows
explicit_animalistic	chinese	dogs	chinese are like dogs
explicit_animalistic	chinese	herds	chinese are like herds
explicit_animalistic	chinese	hog	chinese are like hog
explicit_animalistic	chinese	horses	chinese are like horses
explicit_animalistic	chinese	livestock	chinese are like livestock
explicit_animalistic	chinese	pigs	chinese are like pigs
explicit_animalistic	chinese	sheep	chinese are like sheep
explicit_animalistic	chinese	rats	chinese are like rats
explicit_animalistic	chinese	worms	chinese are like worms
explicit_animalistic	chinese	bugs	chinese are like bugs
explicit_animalistic	chinese	parasites	chinese are like parasites
explicit_animalistic	chinese	insects	chinese are like insects
explicit_animalistic	chinese	the pest	chinese are like the pest
explicit_animalistic	chinese	flea	chinese are like flea
explicit_animalistic	chinese	rodents	chinese are like rodents
explicit_animalistic	chinese	a virus	chinese are like a virus
explicit_animalistic	chinese	a disease	chinese are like a disease
explicit_animalistic	chinese	ants	chinese are like ants
explicit_animalistic	chinese	beast-like	chinese are like beast-like
explicit_animalistic	chinese	bedbugs	chinese are like bedbugs
explicit_animalistic	chinese	brainworms	chinese are like brainworms
explicit_animalistic	chinese	breeders	chinese are like breeders
explicit_animalistic	chinese	broodstock	chinese are like broodstock
explicit_animalistic	chinese	buggs	chinese are like buggs
explicit_animalistic	chinese	chimps	chinese are like chimps
explicit_animalistic	chinese	conker	chinese are like conker
explicit_animalistic	chinese	drat	chinese are like drat
explicit_animalistic	chinese	earthworms	chinese are like earthworms
explicit_animalistic	chinese	entities	chinese are like entities
explicit_animalistic	chinese	ferals	chinese are like ferals
explicit_animalistic	chinese	ferocious	chinese are like ferocious
explicit_animalistic	chinese	ferrets	chinese are like ferrets
explicit_animalistic	chinese	fester	chinese are like fester
explicit_animalistic	chinese	fleabags	chinese are like fleabags
explicit_animalistic	chinese	garanimal	chinese are like garanimal
explicit_animalistic	chinese	hampster	chinese are like hampster
explicit_animalistic	chinese	lice	chinese are like lice
explicit_animalistic	chinese	maggots	chinese are like maggots
explicit_animalistic	chinese	mice	chinese are like mice
explicit_animalistic	chinese	ziopig	chinese are like ziopig
explicit_animalistic	mexicans	subhumans	mexicans are like subhumans
explicit_animalistic	mexicans	animals	mexicans are like animals
explicit_animalistic	mexicans	beasts	mexicans are like beasts
explicit_animalistic	mexicans	brute	mexicans are like brute
explicit_animalistic	mexicans	cattle	mexicans are like cattle
explicit_animalistic	mexicans	cows	mexicans are like cows
explicit_animalistic	mexicans	dogs	mexicans are like dogs
explicit_animalistic	mexicans	herds	mexicans are like herds
explicit_animalistic	mexicans	hog	mexicans are like hog
explicit_animalistic	mexicans	horses	mexicans are like horses
explicit_animalistic	mexicans	livestock	mexicans are like livestock
explicit_animalistic	mexicans	pigs	mexicans are like pigs
explicit_animalistic	mexicans	sheep	mexicans are like sheep
explicit_animalistic	mexicans	rats	mexicans are like rats
explicit_animalistic	mexicans	worms	mexicans are like worms
explicit_animalistic	mexicans	bugs	mexicans are like bugs
explicit_animalistic	mexicans	parasites	mexicans are like parasites
explicit_animalistic	mexicans	insects	mexicans are like insects
explicit_animalistic	mexicans	the pest	mexicans are like the pest
explicit_animalistic	mexicans	flea	mexicans are like flea
explicit_animalistic	mexicans	rodents	mexicans are like rodents
explicit_animalistic	mexicans	a virus	mexicans are like a virus
explicit_animalistic	mexicans	a disease	mexicans are like a disease
explicit_animalistic	mexicans	ants	mexicans are like ants
explicit_animalistic	mexicans	beast-like	mexicans are like beast-like
explicit_animalistic	mexicans	bedbugs	mexicans are like bedbugs
explicit_animalistic	mexicans	brainworms	mexicans are like brainworms
explicit_animalistic	mexicans	breeders	mexicans are like breeders
explicit_animalistic	mexicans	broodstock	mexicans are like broodstock
explicit_animalistic	mexicans	buggs	mexicans are like buggs
explicit_animalistic	mexicans	chimps	mexicans are like chimps
explicit_animalistic	mexicans	conker	mexicans are like conker
explicit_animalistic	mexicans	drat	mexicans are like drat
explicit_animalistic	mexicans	earthworms	mexicans are like earthworms
explicit_animalistic	mexicans	entities	mexicans are like entities
explicit_animalistic	mexicans	ferals	mexicans are like ferals
explicit_animalistic	mexicans	ferocious	mexicans are like ferocious
explicit_animalistic	mexicans	ferrets	mexicans are like ferrets
explicit_animalistic	mexicans	fester	mexicans are like fester
explicit_animalistic	mexicans	fleabags	mexicans are like fleabags
explicit_animalistic	mexicans	garanimal	mexicans are like garanimal
explicit_animalistic	mexicans	hampster	mexicans are like hampster
explicit_animalistic	mexicans	lice	mexicans are like lice
explicit_animalistic	mexicans	maggots	mexicans are like maggots
explicit_animalistic	mexicans	mice	mexicans are like mice
explicit_animalistic	mexicans	ziopig	mexicans are like ziopig
explicit_animalistic	africans	subhumans	africans are like subhumans
explicit_animalistic	africans	animals	africans are like animals
explicit_animalistic	africans	beasts	africans are like beasts
explicit_animalistic	africans	brute	africans are like brute
explicit_animalistic	africans	cattle	africans are like cattle
explicit_animalistic	africans	cows	africans are like cows
explicit_animalistic	africans	dogs	africans are like dogs
explicit_animalistic	africans	herds	africans are like herds
explicit_animalistic	africans	hog	africans are like hog
explicit_animalistic	africans	horses	africans are like horses
explicit_animalistic	africans	livestock	africans are like livestock
explicit_animalistic	africans	pigs	africans are like pigs
explicit_animalistic	africans	sheep	africans are like sheep
explicit_animalistic	africans	rats	africans are like rats
explicit_animalistic	africans	worms	africans are like worms
explicit_animalistic	africans	bugs	africans are like bugs
explicit_animalistic	africans	parasites	africans are like parasites
explicit_animalistic	africans	insects	africans are like insects
explicit_animalistic	africans	the pest	africans are like the pest
explicit_animalistic	africans	flea	africans are like flea
explicit_animalistic	africans	rodents	africans are like rodents
explicit_animalistic	africans	a virus	africans are like a virus
explicit_animalistic	africans	a disease	africans are like a disease
explicit_animalistic	africans	ants	africans are like ants
explicit_animalistic	africans	beast-like	africans are like beast-like
explicit_animalistic	africans	bedbugs	africans are like bedbugs
explicit_animalistic	africans	brainworms	africans are like brainworms
explicit_animalistic	africans	breeders	africans are like breeders
explicit_animalistic	africans	broodstock	africans are like broodstock
explicit_animalistic	africans	buggs	africans are like buggs
explicit_animalistic	africans	chimps	africans are like chimps
explicit_animalistic	africans	conker	africans are like conker
explicit_animalistic	africans	drat	africans are like drat
explicit_animalistic	africans	earthworms	africans are like earthworms
explicit_animalistic	africans	entities	africans are like entities
explicit_animalistic	africans	ferals	africans are like ferals
explicit_animalistic	africans	ferocious	africans are like ferocious
explicit_animalistic	africans	ferrets	africans are like ferrets
explicit_animalistic	africans	fester	africans are like fester
explicit_animalistic	africans	fleabags	africans are like fleabags
explicit_animalistic	africans	garanimal	africans are like garanimal
explicit_animalistic	africans	hampster	africans are like hampster
explicit_animalistic	africans	lice	africans are like lice
explicit_animalistic	africans	maggots	africans are like maggots
explicit_animalistic	africans	mice	africans are like mice
explicit_animalistic	africans	ziopig	africans are like ziopig
explicit_animalistic	indians	subhumans	indians are like subhumans
explicit_animalistic	indians	animals	indians are like animals
explicit_animalistic	indians	beasts	indians are like beasts
explicit_animalistic	indians	brute	indians are like brute
explicit_animalistic	indians	cattle	indians are like cattle
explicit_animalistic	indians	cows	indians are like cows
explicit_animalistic	indians	dogs	indians are like dogs
explicit_animalistic	indians	herds	indians are like herds
explicit_animalistic	indians	hog	indians are like hog
explicit_animalistic	indians	horses	indians are like horses
explicit_animalistic	indians	livestock	indians are like livestock
explicit_animalistic	indians	pigs	indians are like pigs
explicit_animalistic	indians	sheep	indians are like sheep
explicit_animalistic	indians	rats	indians are like rats
explicit_animalistic	indians	worms	indians are like worms
explicit_animalistic	indians	bugs	indians are like bugs
explicit_animalistic	indians	parasites	indians are like parasites
explicit_animalistic	indians	insects	indians are like insects
explicit_animalistic	indians	the pest	indians are like the pest
explicit_animalistic	indians	flea	indians are like flea
explicit_animalistic	indians	rodents	indians are like rodents
explicit_animalistic	indians	a virus	indians are like a virus
explicit_animalistic	indians	a disease	indians are like a disease
explicit_animalistic	indians	ants	indians are like ants
explicit_animalistic	indians	beast-like	indians are like beast-like
explicit_animalistic	indians	bedbugs	indians are like bedbugs
explicit_animalistic	indians	brainworms	indians are like brainworms
explicit_animalistic	indians	breeders	indians are like breeders
explicit_animalistic	indians	broodstock	indians are like broodstock
explicit_animalistic	indians	buggs	indians are like buggs
explicit_animalistic	indians	chimps	indians are like chimps
explicit_animalistic	indians	conker	indians are like conker
explicit_animalistic	indians	drat	indians are like drat
explicit_animalistic	indians	earthworms	indians are like earthworms
explicit_animalistic	indians	entities	indians are like entities
explicit_animalistic	indians	ferals	indians are like ferals
explicit_animalistic	indians	ferocious	indians are like ferocious
explicit_animalistic	indians	ferrets	indians are like ferrets
explicit_animalistic	indians	fester	indians are like fester
explicit_animalistic	indians	fleabags	indians are like fleabags
explicit_animalistic	indians	garanimal	indians are like garanimal
explicit_animalistic	indians	hampster	indians are like hampster
explicit_animalistic	indians	lice	indians are like lice
explicit_animalistic	indians	maggots	indians are like maggots
explicit_animalistic	indians	mice	indians are like mice
explicit_animalistic	indians	ziopig	indians are like ziopig
explicit_animalistic	amerindians	subhumans	amerindians are like subhumans
explicit_animalistic	amerindians	animals	amerindians are like animals
explicit_animalistic	amerindians	beasts	amerindians are like beasts
explicit_animalistic	amerindians	brute	amerindians are like brute
explicit_animalistic	amerindians	cattle	amerindians are like cattle
explicit_animalistic	amerindians	cows	amerindians are like cows
explicit_animalistic	amerindians	dogs	amerindians are like dogs
explicit_animalistic	amerindians	herds	amerindians are like herds
explicit_animalistic	amerindians	hog	amerindians are like hog
explicit_animalistic	amerindians	horses	amerindians are like horses
explicit_animalistic	amerindians	livestock	amerindians are like livestock
explicit_animalistic	amerindians	pigs	amerindians are like pigs
explicit_animalistic	amerindians	sheep	amerindians are like sheep
explicit_animalistic	amerindians	rats	amerindians are like rats
explicit_animalistic	amerindians	worms	amerindians are like worms
explicit_animalistic	amerindians	bugs	amerindians are like bugs
explicit_animalistic	amerindians	parasites	amerindians are like parasites
explicit_animalistic	amerindians	insects	amerindians are like insects
explicit_animalistic	amerindians	the pest	amerindians are like the pest
explicit_animalistic	amerindians	flea	amerindians are like flea
explicit_animalistic	amerindians	rodents	amerindians are like rodents
explicit_animalistic	amerindians	a virus	amerindians are like a virus
explicit_animalistic	amerindians	a disease	amerindians are like a disease
explicit_animalistic	amerindians	ants	amerindians are like ants
explicit_animalistic	amerindians	beast-like	amerindians are like beast-like
explicit_animalistic	amerindians	bedbugs	amerindians are like bedbugs
explicit_animalistic	amerindians	brainworms	amerindians are like brainworms
explicit_animalistic	amerindians	breeders	amerindians are like breeders
explicit_animalistic	amerindians	broodstock	amerindians are like broodstock
explicit_animalistic	amerindians	buggs	amerindians are like buggs
explicit_animalistic	amerindians	chimps	amerindians are like chimps
explicit_animalistic	amerindians	conker	amerindians are like conker
explicit_animalistic	amerindians	drat	amerindians are like drat
explicit_animalistic	amerindians	earthworms	amerindians are like earthworms
explicit_animalistic	amerindians	entities	amerindians are like entities
explicit_animalistic	amerindians	ferals	amerindians are like ferals
explicit_animalistic	amerindians	ferocious	amerindians are like ferocious
explicit_animalistic	amerindians	ferrets	amerindians are like ferrets
explicit_animalistic	amerindians	fester	amerindians are like fester
explicit_animalistic	amerindians	fleabags	amerindians are like fleabags
explicit_animalistic	amerindians	garanimal	amerindians are like garanimal
explicit_animalistic	amerindians	hampster	amerindians are like hampster
explicit_animalistic	amerindians	lice	amerindians are like lice
explicit_animalistic	amerindians	maggots	amerindians are like maggots
explicit_animalistic	amerindians	mice	amerindians are like mice
explicit_animalistic	amerindians	ziopig	amerindians are like ziopig
explicit_animalistic	italians	subhumans	italians are like subhumans
explicit_animalistic	italians	animals	italians are like animals
explicit_animalistic	italians	beasts	italians are like beasts
explicit_animalistic	italians	brute	italians are like brute
explicit_animalistic	italians	cattle	italians are like cattle
explicit_animalistic	italians	cows	italians are like cows
explicit_animalistic	italians	dogs	italians are like dogs
explicit_animalistic	italians	herds	italians are like herds
explicit_animalistic	italians	hog	italians are like hog
explicit_animalistic	italians	horses	italians are like horses
explicit_animalistic	italians	livestock	italians are like livestock
explicit_animalistic	italians	pigs	italians are like pigs
explicit_animalistic	italians	sheep	italians are like sheep
explicit_animalistic	italians	rats	italians are like rats
explicit_animalistic	italians	worms	italians are like worms
explicit_animalistic	italians	bugs	italians are like bugs
explicit_animalistic	italians	parasites	italians are like parasites
explicit_animalistic	italians	insects	italians are like insects
explicit_animalistic	italians	the pest	italians are like the pest
explicit_animalistic	italians	flea	italians are like flea
explicit_animalistic	italians	rodents	italians are like rodents
explicit_animalistic	italians	a virus	italians are like a virus
explicit_animalistic	italians	a disease	italians are like a disease
explicit_animalistic	italians	ants	italians are like ants
explicit_animalistic	italians	beast-like	italians are like beast-like
explicit_animalistic	italians	bedbugs	italians are like bedbugs
explicit_animalistic	italians	brainworms	italians are like brainworms
explicit_animalistic	italians	breeders	italians are like breeders
explicit_animalistic	italians	broodstock	italians are like broodstock
explicit_animalistic	italians	buggs	italians are like buggs
explicit_animalistic	italians	chimps	italians are like chimps
explicit_animalistic	italians	conker	italians are like conker
explicit_animalistic	italians	drat	italians are like drat
explicit_animalistic	italians	earthworms	italians are like earthworms
explicit_animalistic	italians	entities	italians are like entities
explicit_animalistic	italians	ferals	italians are like ferals
explicit_animalistic	italians	ferocious	italians are like ferocious
explicit_animalistic	italians	ferrets	italians are like ferrets
explicit_animalistic	italians	fester	italians are like fester
explicit_animalistic	italians	fleabags	italians are like fleabags
explicit_animalistic	italians	garanimal	italians are like garanimal
explicit_animalistic	italians	hampster	italians are like hampster
explicit_animalistic	italians	lice	italians are like lice
explicit_animalistic	italians	maggots	italians are like maggots
explicit_animalistic	italians	mice	italians are like mice
explicit_animalistic	italians	ziopig	italians are like ziopig
explicit_animalistic	spanish	subhumans	spanish are like subhumans
explicit_animalistic	spanish	animals	spanish are like animals
explicit_animalistic	spanish	beasts	spanish are like beasts
explicit_animalistic	spanish	brute	spanish are like brute
explicit_animalistic	spanish	cattle	spanish are like cattle
explicit_animalistic	spanish	cows	spanish are like cows
explicit_animalistic	spanish	dogs	spanish are like dogs
explicit_animalistic	spanish	herds	spanish are like herds
explicit_animalistic	spanish	hog	spanish are like hog
explicit_animalistic	spanish	horses	spanish are like horses
explicit_animalistic	spanish	livestock	spanish are like livestock
explicit_animalistic	spanish	pigs	spanish are like pigs
explicit_animalistic	spanish	sheep	spanish are like sheep
explicit_animalistic	spanish	rats	spanish are like rats
explicit_animalistic	spanish	worms	spanish are like worms
explicit_animalistic	spanish	bugs	spanish are like bugs
explicit_animalistic	spanish	parasites	spanish are like parasites
explicit_animalistic	spanish	insects	spanish are like insects
explicit_animalistic	spanish	the pest	spanish are like the pest
explicit_animalistic	spanish	flea	spanish are like flea
explicit_animalistic	spanish	rodents	spanish are like rodents
explicit_animalistic	spanish	a virus	spanish are like a virus
explicit_animalistic	spanish	a disease	spanish are like a disease
explicit_animalistic	spanish	ants	spanish are like ants
explicit_animalistic	spanish	beast-like	spanish are like beast-like
explicit_animalistic	spanish	bedbugs	spanish are like bedbugs
explicit_animalistic	spanish	brainworms	spanish are like brainworms
explicit_animalistic	spanish	breeders	spanish are like breeders
explicit_animalistic	spanish	broodstock	spanish are like broodstock
explicit_animalistic	spanish	buggs	spanish are like buggs
explicit_animalistic	spanish	chimps	spanish are like chimps
explicit_animalistic	spanish	conker	spanish are like conker
explicit_animalistic	spanish	drat	spanish are like drat
explicit_animalistic	spanish	earthworms	spanish are like earthworms
explicit_animalistic	spanish	entities	spanish are like entities
explicit_animalistic	spanish	ferals	spanish are like ferals
explicit_animalistic	spanish	ferocious	spanish are like ferocious
explicit_animalistic	spanish	ferrets	spanish are like ferrets
explicit_animalistic	spanish	fester	spanish are like fester
explicit_animalistic	spanish	fleabags	spanish are like fleabags
explicit_animalistic	spanish	garanimal	spanish are like garanimal
explicit_animalistic	spanish	hampster	spanish are like hampster
explicit_animalistic	spanish	lice	spanish are like lice
explicit_animalistic	spanish	maggots	spanish are like maggots
explicit_animalistic	spanish	mice	spanish are like mice
explicit_animalistic	spanish	ziopig	spanish are like ziopig
explicit_animalistic	russians	subhumans	russians are like subhumans
explicit_animalistic	russians	animals	russians are like animals
explicit_animalistic	russians	beasts	russians are like beasts
explicit_animalistic	russians	brute	russians are like brute
explicit_animalistic	russians	cattle	russians are like cattle
explicit_animalistic	russians	cows	russians are like cows
explicit_animalistic	russians	dogs	russians are like dogs
explicit_animalistic	russians	herds	russians are like herds
explicit_animalistic	russians	hog	russians are like hog
explicit_animalistic	russians	horses	russians are like horses
explicit_animalistic	russians	livestock	russians are like livestock
explicit_animalistic	russians	pigs	russians are like pigs
explicit_animalistic	russians	sheep	russians are like sheep
explicit_animalistic	russians	rats	russians are like rats
explicit_animalistic	russians	worms	russians are like worms
explicit_animalistic	russians	bugs	russians are like bugs
explicit_animalistic	russians	parasites	russians are like parasites
explicit_animalistic	russians	insects	russians are like insects
explicit_animalistic	russians	the pest	russians are like the pest
explicit_animalistic	russians	flea	russians are like flea
explicit_animalistic	russians	rodents	russians are like rodents
explicit_animalistic	russians	a virus	russians are like a virus
explicit_animalistic	russians	a disease	russians are like a disease
explicit_animalistic	russians	ants	russians are like ants
explicit_animalistic	russians	beast-like	russians are like beast-like
explicit_animalistic	russians	bedbugs	russians are like bedbugs
explicit_animalistic	russians	brainworms	russians are like brainworms
explicit_animalistic	russians	breeders	russians are like breeders
explicit_animalistic	russians	broodstock	russians are like broodstock
explicit_animalistic	russians	buggs	russians are like buggs
explicit_animalistic	russians	chimps	russians are like chimps
explicit_animalistic	russians	conker	russians are like conker
explicit_animalistic	russians	drat	russians are like drat
explicit_animalistic	russians	earthworms	russians are like earthworms
explicit_animalistic	russians	entities	russians are like entities
explicit_animalistic	russians	ferals	russians are like ferals
explicit_animalistic	russians	ferocious	russians are like ferocious
explicit_animalistic	russians	ferrets	russians are like ferrets
explicit_animalistic	russians	fester	russians are like fester
explicit_animalistic	russians	fleabags	russians are like fleabags
explicit_animalistic	russians	garanimal	russians are like garanimal
explicit_animalistic	russians	hampster	russians are like hampster
explicit_animalistic	russians	lice	russians are like lice
explicit_animalistic	russians	maggots	russians are like maggots
explicit_animalistic	russians	mice	russians are like mice
explicit_animalistic	russians	ziopig	russians are like ziopig
explicit_animalistic	scots	subhumans	scots are like subhumans
explicit_animalistic	scots	animals	scots are like animals
explicit_animalistic	scots	beasts	scots are like beasts
explicit_animalistic	scots	brute	scots are like brute
explicit_animalistic	scots	cattle	scots are like cattle
explicit_animalistic	scots	cows	scots are like cows
explicit_animalistic	scots	dogs	scots are like dogs
explicit_animalistic	scots	herds	scots are like herds
explicit_animalistic	scots	hog	scots are like hog
explicit_animalistic	scots	horses	scots are like horses
explicit_animalistic	scots	livestock	scots are like livestock
explicit_animalistic	scots	pigs	scots are like pigs
explicit_animalistic	scots	sheep	scots are like sheep
explicit_animalistic	scots	rats	scots are like rats
explicit_animalistic	scots	worms	scots are like worms
explicit_animalistic	scots	bugs	scots are like bugs
explicit_animalistic	scots	parasites	scots are like parasites
explicit_animalistic	scots	insects	scots are like insects
explicit_animalistic	scots	the pest	scots are like the pest
explicit_animalistic	scots	flea	scots are like flea
explicit_animalistic	scots	rodents	scots are like rodents
explicit_animalistic	scots	a virus	scots are like a virus
explicit_animalistic	scots	a disease	scots are like a disease
explicit_animalistic	scots	ants	scots are like ants
explicit_animalistic	scots	beast-like	scots are like beast-like
explicit_animalistic	scots	bedbugs	scots are like bedbugs
explicit_animalistic	scots	brainworms	scots are like brainworms
explicit_animalistic	scots	breeders	scots are like breeders
explicit_animalistic	scots	broodstock	scots are like broodstock
explicit_animalistic	scots	buggs	scots are like buggs
explicit_animalistic	scots	chimps	scots are like chimps
explicit_animalistic	scots	conker	scots are like conker
explicit_animalistic	scots	drat	scots are like drat
explicit_animalistic	scots	earthworms	scots are like earthworms
explicit_animalistic	scots	entities	scots are like entities
explicit_animalistic	scots	ferals	scots are like ferals
explicit_animalistic	scots	ferocious	scots are like ferocious
explicit_animalistic	scots	ferrets	scots are like ferrets
explicit_animalistic	scots	fester	scots are like fester
explicit_animalistic	scots	fleabags	scots are like fleabags
explicit_animalistic	scots	garanimal	scots are like garanimal
explicit_animalistic	scots	hampster	scots are like hampster
explicit_animalistic	scots	lice	scots are like lice
explicit_animalistic	scots	maggots	scots are like maggots
explicit_animalistic	scots	mice	scots are like mice
explicit_animalistic	scots	ziopig	scots are like ziopig
explicit_animalistic	french	subhumans	french are like subhumans
explicit_animalistic	french	animals	french are like animals
explicit_animalistic	french	beasts	french are like beasts
explicit_animalistic	french	brute	french are like brute
explicit_animalistic	french	cattle	french are like cattle
explicit_animalistic	french	cows	french are like cows
explicit_animalistic	french	dogs	french are like dogs
explicit_animalistic	french	herds	french are like herds
explicit_animalistic	french	hog	french are like hog
explicit_animalistic	french	horses	french are like horses
explicit_animalistic	french	livestock	french are like livestock
explicit_animalistic	french	pigs	french are like pigs
explicit_animalistic	french	sheep	french are like sheep
explicit_animalistic	french	rats	french are like rats
explicit_animalistic	french	worms	french are like worms
explicit_animalistic	french	bugs	french are like bugs
explicit_animalistic	french	parasites	french are like parasites
explicit_animalistic	french	insects	french are like insects
explicit_animalistic	french	the pest	french are like the pest
explicit_animalistic	french	flea	french are like flea
explicit_animalistic	french	rodents	french are like rodents
explicit_animalistic	french	a virus	french are like a virus
explicit_animalistic	french	a disease	french are like a disease
explicit_animalistic	french	ants	french are like ants
explicit_animalistic	french	beast-like	french are like beast-like
explicit_animalistic	french	bedbugs	french are like bedbugs
explicit_animalistic	french	brainworms	french are like brainworms
explicit_animalistic	french	breeders	french are like breeders
explicit_animalistic	french	broodstock	french are like broodstock
explicit_animalistic	french	buggs	french are like buggs
explicit_animalistic	french	chimps	french are like chimps
explicit_animalistic	french	conker	french are like conker
explicit_animalistic	french	drat	french are like drat
explicit_animalistic	french	earthworms	french are like earthworms
explicit_animalistic	french	entities	french are like entities
explicit_animalistic	french	ferals	french are like ferals
explicit_animalistic	french	ferocious	french are like ferocious
explicit_animalistic	french	ferrets	french are like ferrets
explicit_animalistic	french	fester	french are like fester
explicit_animalistic	french	fleabags	french are like fleabags
explicit_animalistic	french	garanimal	french are like garanimal
explicit_animalistic	french	hampster	french are like hampster
explicit_animalistic	french	lice	french are like lice
explicit_animalistic	french	maggots	french are like maggots
explicit_animalistic	french	mice	french are like mice
explicit_animalistic	french	ziopig	french are like ziopig
explicit_animalistic	syrians	subhumans	syrians are like subhumans
explicit_animalistic	syrians	animals	syrians are like animals
explicit_animalistic	syrians	beasts	syrians are like beasts
explicit_animalistic	syrians	brute	syrians are like brute
explicit_animalistic	syrians	cattle	syrians are like cattle
explicit_animalistic	syrians	cows	syrians are like cows
explicit_animalistic	syrians	dogs	syrians are like dogs
explicit_animalistic	syrians	herds	syrians are like herds
explicit_animalistic	syrians	hog	syrians are like hog
explicit_animalistic	syrians	horses	syrians are like horses
explicit_animalistic	syrians	livestock	syrians are like livestock
explicit_animalistic	syrians	pigs	syrians are like pigs
explicit_animalistic	syrians	sheep	syrians are like sheep
explicit_animalistic	syrians	rats	syrians are like rats
explicit_animalistic	syrians	worms	syrians are like worms
explicit_animalistic	syrians	bugs	syrians are like bugs
explicit_animalistic	syrians	parasites	syrians are like parasites
explicit_animalistic	syrians	insects	syrians are like insects
explicit_animalistic	syrians	the pest	syrians are like the pest
explicit_animalistic	syrians	flea	syrians are like flea
explicit_animalistic	syrians	rodents	syrians are like rodents
explicit_animalistic	syrians	a virus	syrians are like a virus
explicit_animalistic	syrians	a disease	syrians are like a disease
explicit_animalistic	syrians	ants	syrians are like ants
explicit_animalistic	syrians	beast-like	syrians are like beast-like
explicit_animalistic	syrians	bedbugs	syrians are like bedbugs
explicit_animalistic	syrians	brainworms	syrians are like brainworms
explicit_animalistic	syrians	breeders	syrians are like breeders
explicit_animalistic	syrians	broodstock	syrians are like broodstock
explicit_animalistic	syrians	buggs	syrians are like buggs
explicit_animalistic	syrians	chimps	syrians are like chimps
explicit_animalistic	syrians	conker	syrians are like conker
explicit_animalistic	syrians	drat	syrians are like drat
explicit_animalistic	syrians	earthworms	syrians are like earthworms
explicit_animalistic	syrians	entities	syrians are like entities
explicit_animalistic	syrians	ferals	syrians are like ferals
explicit_animalistic	syrians	ferocious	syrians are like ferocious
explicit_animalistic	syrians	ferrets	syrians are like ferrets
explicit_animalistic	syrians	fester	syrians are like fester
explicit_animalistic	syrians	fleabags	syrians are like fleabags
explicit_animalistic	syrians	garanimal	syrians are like garanimal
explicit_animalistic	syrians	hampster	syrians are like hampster
explicit_animalistic	syrians	lice	syrians are like lice
explicit_animalistic	syrians	maggots	syrians are like maggots
explicit_animalistic	syrians	mice	syrians are like mice
explicit_animalistic	syrians	ziopig	syrians are like ziopig
explicit_animalistic	dutch	subhumans	dutch are like subhumans
explicit_animalistic	dutch	animals	dutch are like animals
explicit_animalistic	dutch	beasts	dutch are like beasts
explicit_animalistic	dutch	brute	dutch are like brute
explicit_animalistic	dutch	cattle	dutch are like cattle
explicit_animalistic	dutch	cows	dutch are like cows
explicit_animalistic	dutch	dogs	dutch are like dogs
explicit_animalistic	dutch	herds	dutch are like herds
explicit_animalistic	dutch	hog	dutch are like hog
explicit_animalistic	dutch	horses	dutch are like horses
explicit_animalistic	dutch	livestock	dutch are like livestock
explicit_animalistic	dutch	pigs	dutch are like pigs
explicit_animalistic	dutch	sheep	dutch are like sheep
explicit_animalistic	dutch	rats	dutch are like rats
explicit_animalistic	dutch	worms	dutch are like worms
explicit_animalistic	dutch	bugs	dutch are like bugs
explicit_animalistic	dutch	parasites	dutch are like parasites
explicit_animalistic	dutch	insects	dutch are like insects
explicit_animalistic	dutch	the pest	dutch are like the pest
explicit_animalistic	dutch	flea	dutch are like flea
explicit_animalistic	dutch	rodents	dutch are like rodents
explicit_animalistic	dutch	a virus	dutch are like a virus
explicit_animalistic	dutch	a disease	dutch are like a disease
explicit_animalistic	dutch	ants	dutch are like ants
explicit_animalistic	dutch	beast-like	dutch are like beast-like
explicit_animalistic	dutch	bedbugs	dutch are like bedbugs
explicit_animalistic	dutch	brainworms	dutch are like brainworms
explicit_animalistic	dutch	breeders	dutch are like breeders
explicit_animalistic	dutch	broodstock	dutch are like broodstock
explicit_animalistic	dutch	buggs	dutch are like buggs
explicit_animalistic	dutch	chimps	dutch are like chimps
explicit_animalistic	dutch	conker	dutch are like conker
explicit_animalistic	dutch	drat	dutch are like drat
explicit_animalistic	dutch	earthworms	dutch are like earthworms
explicit_animalistic	dutch	entities	dutch are like entities
explicit_animalistic	dutch	ferals	dutch are like ferals
explicit_animalistic	dutch	ferocious	dutch are like ferocious
explicit_animalistic	dutch	ferrets	dutch are like ferrets
explicit_animalistic	dutch	fester	dutch are like fester
explicit_animalistic	dutch	fleabags	dutch are like fleabags
explicit_animalistic	dutch	garanimal	dutch are like garanimal
explicit_animalistic	dutch	hampster	dutch are like hampster
explicit_animalistic	dutch	lice	dutch are like lice
explicit_animalistic	dutch	maggots	dutch are like maggots
explicit_animalistic	dutch	mice	dutch are like mice
explicit_animalistic	dutch	ziopig	dutch are like ziopig
explicit_animalistic	ukrainians	subhumans	ukrainians are like subhumans
explicit_animalistic	ukrainians	animals	ukrainians are like animals
explicit_animalistic	ukrainians	beasts	ukrainians are like beasts
explicit_animalistic	ukrainians	brute	ukrainians are like brute
explicit_animalistic	ukrainians	cattle	ukrainians are like cattle
explicit_animalistic	ukrainians	cows	ukrainians are like cows
explicit_animalistic	ukrainians	dogs	ukrainians are like dogs
explicit_animalistic	ukrainians	herds	ukrainians are like herds
explicit_animalistic	ukrainians	hog	ukrainians are like hog
explicit_animalistic	ukrainians	horses	ukrainians are like horses
explicit_animalistic	ukrainians	livestock	ukrainians are like livestock
explicit_animalistic	ukrainians	pigs	ukrainians are like pigs
explicit_animalistic	ukrainians	sheep	ukrainians are like sheep
explicit_animalistic	ukrainians	rats	ukrainians are like rats
explicit_animalistic	ukrainians	worms	ukrainians are like worms
explicit_animalistic	ukrainians	bugs	ukrainians are like bugs
explicit_animalistic	ukrainians	parasites	ukrainians are like parasites
explicit_animalistic	ukrainians	insects	ukrainians are like insects
explicit_animalistic	ukrainians	the pest	ukrainians are like the pest
explicit_animalistic	ukrainians	flea	ukrainians are like flea
explicit_animalistic	ukrainians	rodents	ukrainians are like rodents
explicit_animalistic	ukrainians	a virus	ukrainians are like a virus
explicit_animalistic	ukrainians	a disease	ukrainians are like a disease
explicit_animalistic	ukrainians	ants	ukrainians are like ants
explicit_animalistic	ukrainians	beast-like	ukrainians are like beast-like
explicit_animalistic	ukrainians	bedbugs	ukrainians are like bedbugs
explicit_animalistic	ukrainians	brainworms	ukrainians are like brainworms
explicit_animalistic	ukrainians	breeders	ukrainians are like breeders
explicit_animalistic	ukrainians	broodstock	ukrainians are like broodstock
explicit_animalistic	ukrainians	buggs	ukrainians are like buggs
explicit_animalistic	ukrainians	chimps	ukrainians are like chimps
explicit_animalistic	ukrainians	conker	ukrainians are like conker
explicit_animalistic	ukrainians	drat	ukrainians are like drat
explicit_animalistic	ukrainians	earthworms	ukrainians are like earthworms
explicit_animalistic	ukrainians	entities	ukrainians are like entities
explicit_animalistic	ukrainians	ferals	ukrainians are like ferals
explicit_animalistic	ukrainians	ferocious	ukrainians are like ferocious
explicit_animalistic	ukrainians	ferrets	ukrainians are like ferrets
explicit_animalistic	ukrainians	fester	ukrainians are like fester
explicit_animalistic	ukrainians	fleabags	ukrainians are like fleabags
explicit_animalistic	ukrainians	garanimal	ukrainians are like garanimal
explicit_animalistic	ukrainians	hampster	ukrainians are like hampster
explicit_animalistic	ukrainians	lice	ukrainians are like lice
explicit_animalistic	ukrainians	maggots	ukrainians are like maggots
explicit_animalistic	ukrainians	mice	ukrainians are like mice
explicit_animalistic	ukrainians	ziopig	ukrainians are like ziopig
explicit_animalistic	republicans	subhumans	republicans are like subhumans
explicit_animalistic	republicans	animals	republicans are like animals
explicit_animalistic	republicans	beasts	republicans are like beasts
explicit_animalistic	republicans	brute	republicans are like brute
explicit_animalistic	republicans	cattle	republicans are like cattle
explicit_animalistic	republicans	cows	republicans are like cows
explicit_animalistic	republicans	dogs	republicans are like dogs
explicit_animalistic	republicans	herds	republicans are like herds
explicit_animalistic	republicans	hog	republicans are like hog
explicit_animalistic	republicans	horses	republicans are like horses
explicit_animalistic	republicans	livestock	republicans are like livestock
explicit_animalistic	republicans	pigs	republicans are like pigs
explicit_animalistic	republicans	sheep	republicans are like sheep
explicit_animalistic	republicans	rats	republicans are like rats
explicit_animalistic	republicans	worms	republicans are like worms
explicit_animalistic	republicans	bugs	republicans are like bugs
explicit_animalistic	republicans	parasites	republicans are like parasites
explicit_animalistic	republicans	insects	republicans are like insects
explicit_animalistic	republicans	the pest	republicans are like the pest
explicit_animalistic	republicans	flea	republicans are like flea
explicit_animalistic	republicans	rodents	republicans are like rodents
explicit_animalistic	republicans	a virus	republicans are like a virus
explicit_animalistic	republicans	a disease	republicans are like a disease
explicit_animalistic	republicans	ants	republicans are like ants
explicit_animalistic	republicans	beast-like	republicans are like beast-like
explicit_animalistic	republicans	bedbugs	republicans are like bedbugs
explicit_animalistic	republicans	brainworms	republicans are like brainworms
explicit_animalistic	republicans	breeders	republicans are like breeders
explicit_animalistic	republicans	broodstock	republicans are like broodstock
explicit_animalistic	republicans	buggs	republicans are like buggs
explicit_animalistic	republicans	chimps	republicans are like chimps
explicit_animalistic	republicans	conker	republicans are like conker
explicit_animalistic	republicans	drat	republicans are like drat
explicit_animalistic	republicans	earthworms	republicans are like earthworms
explicit_animalistic	republicans	entities	republicans are like entities
explicit_animalistic	republicans	ferals	republicans are like ferals
explicit_animalistic	republicans	ferocious	republicans are like ferocious
explicit_animalistic	republicans	ferrets	republicans are like ferrets
explicit_animalistic	republicans	fester	republicans are like fester
explicit_animalistic	republicans	fleabags	republicans are like fleabags
explicit_animalistic	republicans	garanimal	republicans are like garanimal
explicit_animalistic	republicans	hampster	republicans are like hampster
explicit_animalistic	republicans	lice	republicans are like lice
explicit_animalistic	republicans	maggots	republicans are like maggots
explicit_animalistic	republicans	mice	republicans are like mice
explicit_animalistic	republicans	ziopig	republicans are like ziopig
explicit_animalistic	democrats	subhumans	democrats are like subhumans
explicit_animalistic	democrats	animals	democrats are like animals
explicit_animalistic	democrats	beasts	democrats are like beasts
explicit_animalistic	democrats	brute	democrats are like brute
explicit_animalistic	democrats	cattle	democrats are like cattle
explicit_animalistic	democrats	cows	democrats are like cows
explicit_animalistic	democrats	dogs	democrats are like dogs
explicit_animalistic	democrats	herds	democrats are like herds
explicit_animalistic	democrats	hog	democrats are like hog
explicit_animalistic	democrats	horses	democrats are like horses
explicit_animalistic	democrats	livestock	democrats are like livestock
explicit_animalistic	democrats	pigs	democrats are like pigs
explicit_animalistic	democrats	sheep	democrats are like sheep
explicit_animalistic	democrats	rats	democrats are like rats
explicit_animalistic	democrats	worms	democrats are like worms
explicit_animalistic	democrats	bugs	democrats are like bugs
explicit_animalistic	democrats	parasites	democrats are like parasites
explicit_animalistic	democrats	insects	democrats are like insects
explicit_animalistic	democrats	the pest	democrats are like the pest
explicit_animalistic	democrats	flea	democrats are like flea
explicit_animalistic	democrats	rodents	democrats are like rodents
explicit_animalistic	democrats	a virus	democrats are like a virus
explicit_animalistic	democrats	a disease	democrats are like a disease
explicit_animalistic	democrats	ants	democrats are like ants
explicit_animalistic	democrats	beast-like	democrats are like beast-like
explicit_animalistic	democrats	bedbugs	democrats are like bedbugs
explicit_animalistic	democrats	brainworms	democrats are like brainworms
explicit_animalistic	democrats	breeders	democrats are like breeders
explicit_animalistic	democrats	broodstock	democrats are like broodstock
explicit_animalistic	democrats	buggs	democrats are like buggs
explicit_animalistic	democrats	chimps	democrats are like chimps
explicit_animalistic	democrats	conker	democrats are like conker
explicit_animalistic	democrats	drat	democrats are like drat
explicit_animalistic	democrats	earthworms	democrats are like earthworms
explicit_animalistic	democrats	entities	democrats are like entities
explicit_animalistic	democrats	ferals	democrats are like ferals
explicit_animalistic	democrats	ferocious	democrats are like ferocious
explicit_animalistic	democrats	ferrets	democrats are like ferrets
explicit_animalistic	democrats	fester	democrats are like fester
explicit_animalistic	democrats	fleabags	democrats are like fleabags
explicit_animalistic	democrats	garanimal	democrats are like garanimal
explicit_animalistic	democrats	hampster	democrats are like hampster
explicit_animalistic	democrats	lice	democrats are like lice
explicit_animalistic	democrats	maggots	democrats are like maggots
explicit_animalistic	democrats	mice	democrats are like mice
explicit_animalistic	democrats	ziopig	democrats are like ziopig
explicit_animalistic	dems	subhumans	dems are like subhumans
explicit_animalistic	dems	animals	dems are like animals
explicit_animalistic	dems	beasts	dems are like beasts
explicit_animalistic	dems	brute	dems are like brute
explicit_animalistic	dems	cattle	dems are like cattle
explicit_animalistic	dems	cows	dems are like cows
explicit_animalistic	dems	dogs	dems are like dogs
explicit_animalistic	dems	herds	dems are like herds
explicit_animalistic	dems	hog	dems are like hog
explicit_animalistic	dems	horses	dems are like horses
explicit_animalistic	dems	livestock	dems are like livestock
explicit_animalistic	dems	pigs	dems are like pigs
explicit_animalistic	dems	sheep	dems are like sheep
explicit_animalistic	dems	rats	dems are like rats
explicit_animalistic	dems	worms	dems are like worms
explicit_animalistic	dems	bugs	dems are like bugs
explicit_animalistic	dems	parasites	dems are like parasites
explicit_animalistic	dems	insects	dems are like insects
explicit_animalistic	dems	the pest	dems are like the pest
explicit_animalistic	dems	flea	dems are like flea
explicit_animalistic	dems	rodents	dems are like rodents
explicit_animalistic	dems	a virus	dems are like a virus
explicit_animalistic	dems	a disease	dems are like a disease
explicit_animalistic	dems	ants	dems are like ants
explicit_animalistic	dems	beast-like	dems are like beast-like
explicit_animalistic	dems	bedbugs	dems are like bedbugs
explicit_animalistic	dems	brainworms	dems are like brainworms
explicit_animalistic	dems	breeders	dems are like breeders
explicit_animalistic	dems	broodstock	dems are like broodstock
explicit_animalistic	dems	buggs	dems are like buggs
explicit_animalistic	dems	chimps	dems are like chimps
explicit_animalistic	dems	conker	dems are like conker
explicit_animalistic	dems	drat	dems are like drat
explicit_animalistic	dems	earthworms	dems are like earthworms
explicit_animalistic	dems	entities	dems are like entities
explicit_animalistic	dems	ferals	dems are like ferals
explicit_animalistic	dems	ferocious	dems are like ferocious
explicit_animalistic	dems	ferrets	dems are like ferrets
explicit_animalistic	dems	fester	dems are like fester
explicit_animalistic	dems	fleabags	dems are like fleabags
explicit_animalistic	dems	garanimal	dems are like garanimal
explicit_animalistic	dems	hampster	dems are like hampster
explicit_animalistic	dems	lice	dems are like lice
explicit_animalistic	dems	maggots	dems are like maggots
explicit_animalistic	dems	mice	dems are like mice
explicit_animalistic	dems	ziopig	dems are like ziopig
explicit_animalistic	reps	subhumans	reps are like subhumans
explicit_animalistic	reps	animals	reps are like animals
explicit_animalistic	reps	beasts	reps are like beasts
explicit_animalistic	reps	brute	reps are like brute
explicit_animalistic	reps	cattle	reps are like cattle
explicit_animalistic	reps	cows	reps are like cows
explicit_animalistic	reps	dogs	reps are like dogs
explicit_animalistic	reps	herds	reps are like herds
explicit_animalistic	reps	hog	reps are like hog
explicit_animalistic	reps	horses	reps are like horses
explicit_animalistic	reps	livestock	reps are like livestock
explicit_animalistic	reps	pigs	reps are like pigs
explicit_animalistic	reps	sheep	reps are like sheep
explicit_animalistic	reps	rats	reps are like rats
explicit_animalistic	reps	worms	reps are like worms
explicit_animalistic	reps	bugs	reps are like bugs
explicit_animalistic	reps	parasites	reps are like parasites
explicit_animalistic	reps	insects	reps are like insects
explicit_animalistic	reps	the pest	reps are like the pest
explicit_animalistic	reps	flea	reps are like flea
explicit_animalistic	reps	rodents	reps are like rodents
explicit_animalistic	reps	a virus	reps are like a virus
explicit_animalistic	reps	a disease	reps are like a disease
explicit_animalistic	reps	ants	reps are like ants
explicit_animalistic	reps	beast-like	reps are like beast-like
explicit_animalistic	reps	bedbugs	reps are like bedbugs
explicit_animalistic	reps	brainworms	reps are like brainworms
explicit_animalistic	reps	breeders	reps are like breeders
explicit_animalistic	reps	broodstock	reps are like broodstock
explicit_animalistic	reps	buggs	reps are like buggs
explicit_animalistic	reps	chimps	reps are like chimps
explicit_animalistic	reps	conker	reps are like conker
explicit_animalistic	reps	drat	reps are like drat
explicit_animalistic	reps	earthworms	reps are like earthworms
explicit_animalistic	reps	entities	reps are like entities
explicit_animalistic	reps	ferals	reps are like ferals
explicit_animalistic	reps	ferocious	reps are like ferocious
explicit_animalistic	reps	ferrets	reps are like ferrets
explicit_animalistic	reps	fester	reps are like fester
explicit_animalistic	reps	fleabags	reps are like fleabags
explicit_animalistic	reps	garanimal	reps are like garanimal
explicit_animalistic	reps	hampster	reps are like hampster
explicit_animalistic	reps	lice	reps are like lice
explicit_animalistic	reps	maggots	reps are like maggots
explicit_animalistic	reps	mice	reps are like mice
explicit_animalistic	reps	ziopig	reps are like ziopig
explicit_animalistic	cripples	subhumans	cripples are like subhumans
explicit_animalistic	cripples	animals	cripples are like animals
explicit_animalistic	cripples	beasts	cripples are like beasts
explicit_animalistic	cripples	brute	cripples are like brute
explicit_animalistic	cripples	cattle	cripples are like cattle
explicit_animalistic	cripples	cows	cripples are like cows
explicit_animalistic	cripples	dogs	cripples are like dogs
explicit_animalistic	cripples	herds	cripples are like herds
explicit_animalistic	cripples	hog	cripples are like hog
explicit_animalistic	cripples	horses	cripples are like horses
explicit_animalistic	cripples	livestock	cripples are like livestock
explicit_animalistic	cripples	pigs	cripples are like pigs
explicit_animalistic	cripples	sheep	cripples are like sheep
explicit_animalistic	cripples	rats	cripples are like rats
explicit_animalistic	cripples	worms	cripples are like worms
explicit_animalistic	cripples	bugs	cripples are like bugs
explicit_animalistic	cripples	parasites	cripples are like parasites
explicit_animalistic	cripples	insects	cripples are like insects
explicit_animalistic	cripples	the pest	cripples are like the pest
explicit_animalistic	cripples	flea	cripples are like flea
explicit_animalistic	cripples	rodents	cripples are like rodents
explicit_animalistic	cripples	a virus	cripples are like a virus
explicit_animalistic	cripples	a disease	cripples are like a disease
explicit_animalistic	cripples	ants	cripples are like ants
explicit_animalistic	cripples	beast-like	cripples are like beast-like
explicit_animalistic	cripples	bedbugs	cripples are like bedbugs
explicit_animalistic	cripples	brainworms	cripples are like brainworms
explicit_animalistic	cripples	breeders	cripples are like breeders
explicit_animalistic	cripples	broodstock	cripples are like broodstock
explicit_animalistic	cripples	buggs	cripples are like buggs
explicit_animalistic	cripples	chimps	cripples are like chimps
explicit_animalistic	cripples	conker	cripples are like conker
explicit_animalistic	cripples	drat	cripples are like drat
explicit_animalistic	cripples	earthworms	cripples are like earthworms
explicit_animalistic	cripples	entities	cripples are like entities
explicit_animalistic	cripples	ferals	cripples are like ferals
explicit_animalistic	cripples	ferocious	cripples are like ferocious
explicit_animalistic	cripples	ferrets	cripples are like ferrets
explicit_animalistic	cripples	fester	cripples are like fester
explicit_animalistic	cripples	fleabags	cripples are like fleabags
explicit_animalistic	cripples	garanimal	cripples are like garanimal
explicit_animalistic	cripples	hampster	cripples are like hampster
explicit_animalistic	cripples	lice	cripples are like lice
explicit_animalistic	cripples	maggots	cripples are like maggots
explicit_animalistic	cripples	mice	cripples are like mice
explicit_animalistic	cripples	ziopig	cripples are like ziopig
explicit_animalistic	gimps	subhumans	gimps are like subhumans
explicit_animalistic	gimps	animals	gimps are like animals
explicit_animalistic	gimps	beasts	gimps are like beasts
explicit_animalistic	gimps	brute	gimps are like brute
explicit_animalistic	gimps	cattle	gimps are like cattle
explicit_animalistic	gimps	cows	gimps are like cows
explicit_animalistic	gimps	dogs	gimps are like dogs
explicit_animalistic	gimps	herds	gimps are like herds
explicit_animalistic	gimps	hog	gimps are like hog
explicit_animalistic	gimps	horses	gimps are like horses
explicit_animalistic	gimps	livestock	gimps are like livestock
explicit_animalistic	gimps	pigs	gimps are like pigs
explicit_animalistic	gimps	sheep	gimps are like sheep
explicit_animalistic	gimps	rats	gimps are like rats
explicit_animalistic	gimps	worms	gimps are like worms
explicit_animalistic	gimps	bugs	gimps are like bugs
explicit_animalistic	gimps	parasites	gimps are like parasites
explicit_animalistic	gimps	insects	gimps are like insects
explicit_animalistic	gimps	the pest	gimps are like the pest
explicit_animalistic	gimps	flea	gimps are like flea
explicit_animalistic	gimps	rodents	gimps are like rodents
explicit_animalistic	gimps	a virus	gimps are like a virus
explicit_animalistic	gimps	a disease	gimps are like a disease
explicit_animalistic	gimps	ants	gimps are like ants
explicit_animalistic	gimps	beast-like	gimps are like beast-like
explicit_animalistic	gimps	bedbugs	gimps are like bedbugs
explicit_animalistic	gimps	brainworms	gimps are like brainworms
explicit_animalistic	gimps	breeders	gimps are like breeders
explicit_animalistic	gimps	broodstock	gimps are like broodstock
explicit_animalistic	gimps	buggs	gimps are like buggs
explicit_animalistic	gimps	chimps	gimps are like chimps
explicit_animalistic	gimps	conker	gimps are like conker
explicit_animalistic	gimps	drat	gimps are like drat
explicit_animalistic	gimps	earthworms	gimps are like earthworms
explicit_animalistic	gimps	entities	gimps are like entities
explicit_animalistic	gimps	ferals	gimps are like ferals
explicit_animalistic	gimps	ferocious	gimps are like ferocious
explicit_animalistic	gimps	ferrets	gimps are like ferrets
explicit_animalistic	gimps	fester	gimps are like fester
explicit_animalistic	gimps	fleabags	gimps are like fleabags
explicit_animalistic	gimps	garanimal	gimps are like garanimal
explicit_animalistic	gimps	hampster	gimps are like hampster
explicit_animalistic	gimps	lice	gimps are like lice
explicit_animalistic	gimps	maggots	gimps are like maggots
explicit_animalistic	gimps	mice	gimps are like mice
explicit_animalistic	gimps	ziopig	gimps are like ziopig
explicit_animalistic	libtards	subhumans	libtards are like subhumans
explicit_animalistic	libtards	animals	libtards are like animals
explicit_animalistic	libtards	beasts	libtards are like beasts
explicit_animalistic	libtards	brute	libtards are like brute
explicit_animalistic	libtards	cattle	libtards are like cattle
explicit_animalistic	libtards	cows	libtards are like cows
explicit_animalistic	libtards	dogs	libtards are like dogs
explicit_animalistic	libtards	herds	libtards are like herds
explicit_animalistic	libtards	hog	libtards are like hog
explicit_animalistic	libtards	horses	libtards are like horses
explicit_animalistic	libtards	livestock	libtards are like livestock
explicit_animalistic	libtards	pigs	libtards are like pigs
explicit_animalistic	libtards	sheep	libtards are like sheep
explicit_animalistic	libtards	rats	libtards are like rats
explicit_animalistic	libtards	worms	libtards are like worms
explicit_animalistic	libtards	bugs	libtards are like bugs
explicit_animalistic	libtards	parasites	libtards are like parasites
explicit_animalistic	libtards	insects	libtards are like insects
explicit_animalistic	libtards	the pest	libtards are like the pest
explicit_animalistic	libtards	flea	libtards are like flea
explicit_animalistic	libtards	rodents	libtards are like rodents
explicit_animalistic	libtards	a virus	libtards are like a virus
explicit_animalistic	libtards	a disease	libtards are like a disease
explicit_animalistic	libtards	ants	libtards are like ants
explicit_animalistic	libtards	beast-like	libtards are like beast-like
explicit_animalistic	libtards	bedbugs	libtards are like bedbugs
explicit_animalistic	libtards	brainworms	libtards are like brainworms
explicit_animalistic	libtards	breeders	libtards are like breeders
explicit_animalistic	libtards	broodstock	libtards are like broodstock
explicit_animalistic	libtards	buggs	libtards are like buggs
explicit_animalistic	libtards	chimps	libtards are like chimps
explicit_animalistic	libtards	conker	libtards are like conker
explicit_animalistic	libtards	drat	libtards are like drat
explicit_animalistic	libtards	earthworms	libtards are like earthworms
explicit_animalistic	libtards	entities	libtards are like entities
explicit_animalistic	libtards	ferals	libtards are like ferals
explicit_animalistic	libtards	ferocious	libtards are like ferocious
explicit_animalistic	libtards	ferrets	libtards are like ferrets
explicit_animalistic	libtards	fester	libtards are like fester
explicit_animalistic	libtards	fleabags	libtards are like fleabags
explicit_animalistic	libtards	garanimal	libtards are like garanimal
explicit_animalistic	libtards	hampster	libtards are like hampster
explicit_animalistic	libtards	lice	libtards are like lice
explicit_animalistic	libtards	maggots	libtards are like maggots
explicit_animalistic	libtards	mice	libtards are like mice
explicit_animalistic	libtards	ziopig	libtards are like ziopig
explicit_animalistic	mongos	subhumans	mongos are like subhumans
explicit_animalistic	mongos	animals	mongos are like animals
explicit_animalistic	mongos	beasts	mongos are like beasts
explicit_animalistic	mongos	brute	mongos are like brute
explicit_animalistic	mongos	cattle	mongos are like cattle
explicit_animalistic	mongos	cows	mongos are like cows
explicit_animalistic	mongos	dogs	mongos are like dogs
explicit_animalistic	mongos	herds	mongos are like herds
explicit_animalistic	mongos	hog	mongos are like hog
explicit_animalistic	mongos	horses	mongos are like horses
explicit_animalistic	mongos	livestock	mongos are like livestock
explicit_animalistic	mongos	pigs	mongos are like pigs
explicit_animalistic	mongos	sheep	mongos are like sheep
explicit_animalistic	mongos	rats	mongos are like rats
explicit_animalistic	mongos	worms	mongos are like worms
explicit_animalistic	mongos	bugs	mongos are like bugs
explicit_animalistic	mongos	parasites	mongos are like parasites
explicit_animalistic	mongos	insects	mongos are like insects
explicit_animalistic	mongos	the pest	mongos are like the pest
explicit_animalistic	mongos	flea	mongos are like flea
explicit_animalistic	mongos	rodents	mongos are like rodents
explicit_animalistic	mongos	a virus	mongos are like a virus
explicit_animalistic	mongos	a disease	mongos are like a disease
explicit_animalistic	mongos	ants	mongos are like ants
explicit_animalistic	mongos	beast-like	mongos are like beast-like
explicit_animalistic	mongos	bedbugs	mongos are like bedbugs
explicit_animalistic	mongos	brainworms	mongos are like brainworms
explicit_animalistic	mongos	breeders	mongos are like breeders
explicit_animalistic	mongos	broodstock	mongos are like broodstock
explicit_animalistic	mongos	buggs	mongos are like buggs
explicit_animalistic	mongos	chimps	mongos are like chimps
explicit_animalistic	mongos	conker	mongos are like conker
explicit_animalistic	mongos	drat	mongos are like drat
explicit_animalistic	mongos	earthworms	mongos are like earthworms
explicit_animalistic	mongos	entities	mongos are like entities
explicit_animalistic	mongos	ferals	mongos are like ferals
explicit_animalistic	mongos	ferocious	mongos are like ferocious
explicit_animalistic	mongos	ferrets	mongos are like ferrets
explicit_animalistic	mongos	fester	mongos are like fester
explicit_animalistic	mongos	fleabags	mongos are like fleabags
explicit_animalistic	mongos	garanimal	mongos are like garanimal
explicit_animalistic	mongos	hampster	mongos are like hampster
explicit_animalistic	mongos	lice	mongos are like lice
explicit_animalistic	mongos	maggots	mongos are like maggots
explicit_animalistic	mongos	mice	mongos are like mice
explicit_animalistic	mongos	ziopig	mongos are like ziopig
explicit_animalistic	retards	subhumans	retards are like subhumans
explicit_animalistic	retards	animals	retards are like animals
explicit_animalistic	retards	beasts	retards are like beasts
explicit_animalistic	retards	brute	retards are like brute
explicit_animalistic	retards	cattle	retards are like cattle
explicit_animalistic	retards	cows	retards are like cows
explicit_animalistic	retards	dogs	retards are like dogs
explicit_animalistic	retards	herds	retards are like herds
explicit_animalistic	retards	hog	retards are like hog
explicit_animalistic	retards	horses	retards are like horses
explicit_animalistic	retards	livestock	retards are like livestock
explicit_animalistic	retards	pigs	retards are like pigs
explicit_animalistic	retards	sheep	retards are like sheep
explicit_animalistic	retards	rats	retards are like rats
explicit_animalistic	retards	worms	retards are like worms
explicit_animalistic	retards	bugs	retards are like bugs
explicit_animalistic	retards	parasites	retards are like parasites
explicit_animalistic	retards	insects	retards are like insects
explicit_animalistic	retards	the pest	retards are like the pest
explicit_animalistic	retards	flea	retards are like flea
explicit_animalistic	retards	rodents	retards are like rodents
explicit_animalistic	retards	a virus	retards are like a virus
explicit_animalistic	retards	a disease	retards are like a disease
explicit_animalistic	retards	ants	retards are like ants
explicit_animalistic	retards	beast-like	retards are like beast-like
explicit_animalistic	retards	bedbugs	retards are like bedbugs
explicit_animalistic	retards	brainworms	retards are like brainworms
explicit_animalistic	retards	breeders	retards are like breeders
explicit_animalistic	retards	broodstock	retards are like broodstock
explicit_animalistic	retards	buggs	retards are like buggs
explicit_animalistic	retards	chimps	retards are like chimps
explicit_animalistic	retards	conker	retards are like conker
explicit_animalistic	retards	drat	retards are like drat
explicit_animalistic	retards	earthworms	retards are like earthworms
explicit_animalistic	retards	entities	retards are like entities
explicit_animalistic	retards	ferals	retards are like ferals
explicit_animalistic	retards	ferocious	retards are like ferocious
explicit_animalistic	retards	ferrets	retards are like ferrets
explicit_animalistic	retards	fester	retards are like fester
explicit_animalistic	retards	fleabags	retards are like fleabags
explicit_animalistic	retards	garanimal	retards are like garanimal
explicit_animalistic	retards	hampster	retards are like hampster
explicit_animalistic	retards	lice	retards are like lice
explicit_animalistic	retards	maggots	retards are like maggots
explicit_animalistic	retards	mice	retards are like mice
explicit_animalistic	retards	ziopig	retards are like ziopig
explicit_animalistic	tarded	subhumans	tarded are like subhumans
explicit_animalistic	tarded	animals	tarded are like animals
explicit_animalistic	tarded	beasts	tarded are like beasts
explicit_animalistic	tarded	brute	tarded are like brute
explicit_animalistic	tarded	cattle	tarded are like cattle
explicit_animalistic	tarded	cows	tarded are like cows
explicit_animalistic	tarded	dogs	tarded are like dogs
explicit_animalistic	tarded	herds	tarded are like herds
explicit_animalistic	tarded	hog	tarded are like hog
explicit_animalistic	tarded	horses	tarded are like horses
explicit_animalistic	tarded	livestock	tarded are like livestock
explicit_animalistic	tarded	pigs	tarded are like pigs
explicit_animalistic	tarded	sheep	tarded are like sheep
explicit_animalistic	tarded	rats	tarded are like rats
explicit_animalistic	tarded	worms	tarded are like worms
explicit_animalistic	tarded	bugs	tarded are like bugs
explicit_animalistic	tarded	parasites	tarded are like parasites
explicit_animalistic	tarded	insects	tarded are like insects
explicit_animalistic	tarded	the pest	tarded are like the pest
explicit_animalistic	tarded	flea	tarded are like flea
explicit_animalistic	tarded	rodents	tarded are like rodents
explicit_animalistic	tarded	a virus	tarded are like a virus
explicit_animalistic	tarded	a disease	tarded are like a disease
explicit_animalistic	tarded	ants	tarded are like ants
explicit_animalistic	tarded	beast-like	tarded are like beast-like
explicit_animalistic	tarded	bedbugs	tarded are like bedbugs
explicit_animalistic	tarded	brainworms	tarded are like brainworms
explicit_animalistic	tarded	breeders	tarded are like breeders
explicit_animalistic	tarded	broodstock	tarded are like broodstock
explicit_animalistic	tarded	buggs	tarded are like buggs
explicit_animalistic	tarded	chimps	tarded are like chimps
explicit_animalistic	tarded	conker	tarded are like conker
explicit_animalistic	tarded	drat	tarded are like drat
explicit_animalistic	tarded	earthworms	tarded are like earthworms
explicit_animalistic	tarded	entities	tarded are like entities
explicit_animalistic	tarded	ferals	tarded are like ferals
explicit_animalistic	tarded	ferocious	tarded are like ferocious
explicit_animalistic	tarded	ferrets	tarded are like ferrets
explicit_animalistic	tarded	fester	tarded are like fester
explicit_animalistic	tarded	fleabags	tarded are like fleabags
explicit_animalistic	tarded	garanimal	tarded are like garanimal
explicit_animalistic	tarded	hampster	tarded are like hampster
explicit_animalistic	tarded	lice	tarded are like lice
explicit_animalistic	tarded	maggots	tarded are like maggots
explicit_animalistic	tarded	mice	tarded are like mice
explicit_animalistic	tarded	ziopig	tarded are like ziopig
explicit_animalistic	tards	subhumans	tards are like subhumans
explicit_animalistic	tards	animals	tards are like animals
explicit_animalistic	tards	beasts	tards are like beasts
explicit_animalistic	tards	brute	tards are like brute
explicit_animalistic	tards	cattle	tards are like cattle
explicit_animalistic	tards	cows	tards are like cows
explicit_animalistic	tards	dogs	tards are like dogs
explicit_animalistic	tards	herds	tards are like herds
explicit_animalistic	tards	hog	tards are like hog
explicit_animalistic	tards	horses	tards are like horses
explicit_animalistic	tards	livestock	tards are like livestock
explicit_animalistic	tards	pigs	tards are like pigs
explicit_animalistic	tards	sheep	tards are like sheep
explicit_animalistic	tards	rats	tards are like rats
explicit_animalistic	tards	worms	tards are like worms
explicit_animalistic	tards	bugs	tards are like bugs
explicit_animalistic	tards	parasites	tards are like parasites
explicit_animalistic	tards	insects	tards are like insects
explicit_animalistic	tards	the pest	tards are like the pest
explicit_animalistic	tards	flea	tards are like flea
explicit_animalistic	tards	rodents	tards are like rodents
explicit_animalistic	tards	a virus	tards are like a virus
explicit_animalistic	tards	a disease	tards are like a disease
explicit_animalistic	tards	ants	tards are like ants
explicit_animalistic	tards	beast-like	tards are like beast-like
explicit_animalistic	tards	bedbugs	tards are like bedbugs
explicit_animalistic	tards	brainworms	tards are like brainworms
explicit_animalistic	tards	breeders	tards are like breeders
explicit_animalistic	tards	broodstock	tards are like broodstock
explicit_animalistic	tards	buggs	tards are like buggs
explicit_animalistic	tards	chimps	tards are like chimps
explicit_animalistic	tards	conker	tards are like conker
explicit_animalistic	tards	drat	tards are like drat
explicit_animalistic	tards	earthworms	tards are like earthworms
explicit_animalistic	tards	entities	tards are like entities
explicit_animalistic	tards	ferals	tards are like ferals
explicit_animalistic	tards	ferocious	tards are like ferocious
explicit_animalistic	tards	ferrets	tards are like ferrets
explicit_animalistic	tards	fester	tards are like fester
explicit_animalistic	tards	fleabags	tards are like fleabags
explicit_animalistic	tards	garanimal	tards are like garanimal
explicit_animalistic	tards	hampster	tards are like hampster
explicit_animalistic	tards	lice	tards are like lice
explicit_animalistic	tards	maggots	tards are like maggots
explicit_animalistic	tards	mice	tards are like mice
explicit_animalistic	tards	ziopig	tards are like ziopig
explicit_animalistic	elderlies	subhumans	elderlies are like subhumans
explicit_animalistic	elderlies	animals	elderlies are like animals
explicit_animalistic	elderlies	beasts	elderlies are like beasts
explicit_animalistic	elderlies	brute	elderlies are like brute
explicit_animalistic	elderlies	cattle	elderlies are like cattle
explicit_animalistic	elderlies	cows	elderlies are like cows
explicit_animalistic	elderlies	dogs	elderlies are like dogs
explicit_animalistic	elderlies	herds	elderlies are like herds
explicit_animalistic	elderlies	hog	elderlies are like hog
explicit_animalistic	elderlies	horses	elderlies are like horses
explicit_animalistic	elderlies	livestock	elderlies are like livestock
explicit_animalistic	elderlies	pigs	elderlies are like pigs
explicit_animalistic	elderlies	sheep	elderlies are like sheep
explicit_animalistic	elderlies	rats	elderlies are like rats
explicit_animalistic	elderlies	worms	elderlies are like worms
explicit_animalistic	elderlies	bugs	elderlies are like bugs
explicit_animalistic	elderlies	parasites	elderlies are like parasites
explicit_animalistic	elderlies	insects	elderlies are like insects
explicit_animalistic	elderlies	the pest	elderlies are like the pest
explicit_animalistic	elderlies	flea	elderlies are like flea
explicit_animalistic	elderlies	rodents	elderlies are like rodents
explicit_animalistic	elderlies	a virus	elderlies are like a virus
explicit_animalistic	elderlies	a disease	elderlies are like a disease
explicit_animalistic	elderlies	ants	elderlies are like ants
explicit_animalistic	elderlies	beast-like	elderlies are like beast-like
explicit_animalistic	elderlies	bedbugs	elderlies are like bedbugs
explicit_animalistic	elderlies	brainworms	elderlies are like brainworms
explicit_animalistic	elderlies	breeders	elderlies are like breeders
explicit_animalistic	elderlies	broodstock	elderlies are like broodstock
explicit_animalistic	elderlies	buggs	elderlies are like buggs
explicit_animalistic	elderlies	chimps	elderlies are like chimps
explicit_animalistic	elderlies	conker	elderlies are like conker
explicit_animalistic	elderlies	drat	elderlies are like drat
explicit_animalistic	elderlies	earthworms	elderlies are like earthworms
explicit_animalistic	elderlies	entities	elderlies are like entities
explicit_animalistic	elderlies	ferals	elderlies are like ferals
explicit_animalistic	elderlies	ferocious	elderlies are like ferocious
explicit_animalistic	elderlies	ferrets	elderlies are like ferrets
explicit_animalistic	elderlies	fester	elderlies are like fester
explicit_animalistic	elderlies	fleabags	elderlies are like fleabags
explicit_animalistic	elderlies	garanimal	elderlies are like garanimal
explicit_animalistic	elderlies	hampster	elderlies are like hampster
explicit_animalistic	elderlies	lice	elderlies are like lice
explicit_animalistic	elderlies	maggots	elderlies are like maggots
explicit_animalistic	elderlies	mice	elderlies are like mice
explicit_animalistic	elderlies	ziopig	elderlies are like ziopig
explicit_animalistic	oldppl	subhumans	oldppl are like subhumans
explicit_animalistic	oldppl	animals	oldppl are like animals
explicit_animalistic	oldppl	beasts	oldppl are like beasts
explicit_animalistic	oldppl	brute	oldppl are like brute
explicit_animalistic	oldppl	cattle	oldppl are like cattle
explicit_animalistic	oldppl	cows	oldppl are like cows
explicit_animalistic	oldppl	dogs	oldppl are like dogs
explicit_animalistic	oldppl	herds	oldppl are like herds
explicit_animalistic	oldppl	hog	oldppl are like hog
explicit_animalistic	oldppl	horses	oldppl are like horses
explicit_animalistic	oldppl	livestock	oldppl are like livestock
explicit_animalistic	oldppl	pigs	oldppl are like pigs
explicit_animalistic	oldppl	sheep	oldppl are like sheep
explicit_animalistic	oldppl	rats	oldppl are like rats
explicit_animalistic	oldppl	worms	oldppl are like worms
explicit_animalistic	oldppl	bugs	oldppl are like bugs
explicit_animalistic	oldppl	parasites	oldppl are like parasites
explicit_animalistic	oldppl	insects	oldppl are like insects
explicit_animalistic	oldppl	the pest	oldppl are like the pest
explicit_animalistic	oldppl	flea	oldppl are like flea
explicit_animalistic	oldppl	rodents	oldppl are like rodents
explicit_animalistic	oldppl	a virus	oldppl are like a virus
explicit_animalistic	oldppl	a disease	oldppl are like a disease
explicit_animalistic	oldppl	ants	oldppl are like ants
explicit_animalistic	oldppl	beast-like	oldppl are like beast-like
explicit_animalistic	oldppl	bedbugs	oldppl are like bedbugs
explicit_animalistic	oldppl	brainworms	oldppl are like brainworms
explicit_animalistic	oldppl	breeders	oldppl are like breeders
explicit_animalistic	oldppl	broodstock	oldppl are like broodstock
explicit_animalistic	oldppl	buggs	oldppl are like buggs
explicit_animalistic	oldppl	chimps	oldppl are like chimps
explicit_animalistic	oldppl	conker	oldppl are like conker
explicit_animalistic	oldppl	drat	oldppl are like drat
explicit_animalistic	oldppl	earthworms	oldppl are like earthworms
explicit_animalistic	oldppl	entities	oldppl are like entities
explicit_animalistic	oldppl	ferals	oldppl are like ferals
explicit_animalistic	oldppl	ferocious	oldppl are like ferocious
explicit_animalistic	oldppl	ferrets	oldppl are like ferrets
explicit_animalistic	oldppl	fester	oldppl are like fester
explicit_animalistic	oldppl	fleabags	oldppl are like fleabags
explicit_animalistic	oldppl	garanimal	oldppl are like garanimal
explicit_animalistic	oldppl	hampster	oldppl are like hampster
explicit_animalistic	oldppl	lice	oldppl are like lice
explicit_animalistic	oldppl	maggots	oldppl are like maggots
explicit_animalistic	oldppl	mice	oldppl are like mice
explicit_animalistic	oldppl	ziopig	oldppl are like ziopig
explicit_animalistic	oldwomen	subhumans	oldwomen are like subhumans
explicit_animalistic	oldwomen	animals	oldwomen are like animals
explicit_animalistic	oldwomen	beasts	oldwomen are like beasts
explicit_animalistic	oldwomen	brute	oldwomen are like brute
explicit_animalistic	oldwomen	cattle	oldwomen are like cattle
explicit_animalistic	oldwomen	cows	oldwomen are like cows
explicit_animalistic	oldwomen	dogs	oldwomen are like dogs
explicit_animalistic	oldwomen	herds	oldwomen are like herds
explicit_animalistic	oldwomen	hog	oldwomen are like hog
explicit_animalistic	oldwomen	horses	oldwomen are like horses
explicit_animalistic	oldwomen	livestock	oldwomen are like livestock
explicit_animalistic	oldwomen	pigs	oldwomen are like pigs
explicit_animalistic	oldwomen	sheep	oldwomen are like sheep
explicit_animalistic	oldwomen	rats	oldwomen are like rats
explicit_animalistic	oldwomen	worms	oldwomen are like worms
explicit_animalistic	oldwomen	bugs	oldwomen are like bugs
explicit_animalistic	oldwomen	parasites	oldwomen are like parasites
explicit_animalistic	oldwomen	insects	oldwomen are like insects
explicit_animalistic	oldwomen	the pest	oldwomen are like the pest
explicit_animalistic	oldwomen	flea	oldwomen are like flea
explicit_animalistic	oldwomen	rodents	oldwomen are like rodents
explicit_animalistic	oldwomen	a virus	oldwomen are like a virus
explicit_animalistic	oldwomen	a disease	oldwomen are like a disease
explicit_animalistic	oldwomen	ants	oldwomen are like ants
explicit_animalistic	oldwomen	beast-like	oldwomen are like beast-like
explicit_animalistic	oldwomen	bedbugs	oldwomen are like bedbugs
explicit_animalistic	oldwomen	brainworms	oldwomen are like brainworms
explicit_animalistic	oldwomen	breeders	oldwomen are like breeders
explicit_animalistic	oldwomen	broodstock	oldwomen are like broodstock
explicit_animalistic	oldwomen	buggs	oldwomen are like buggs
explicit_animalistic	oldwomen	chimps	oldwomen are like chimps
explicit_animalistic	oldwomen	conker	oldwomen are like conker
explicit_animalistic	oldwomen	drat	oldwomen are like drat
explicit_animalistic	oldwomen	earthworms	oldwomen are like earthworms
explicit_animalistic	oldwomen	entities	oldwomen are like entities
explicit_animalistic	oldwomen	ferals	oldwomen are like ferals
explicit_animalistic	oldwomen	ferocious	oldwomen are like ferocious
explicit_animalistic	oldwomen	ferrets	oldwomen are like ferrets
explicit_animalistic	oldwomen	fester	oldwomen are like fester
explicit_animalistic	oldwomen	fleabags	oldwomen are like fleabags
explicit_animalistic	oldwomen	garanimal	oldwomen are like garanimal
explicit_animalistic	oldwomen	hampster	oldwomen are like hampster
explicit_animalistic	oldwomen	lice	oldwomen are like lice
explicit_animalistic	oldwomen	maggots	oldwomen are like maggots
explicit_animalistic	oldwomen	mice	oldwomen are like mice
explicit_animalistic	oldwomen	ziopig	oldwomen are like ziopig
explicit_animalistic	old persons	subhumans	old persons are like subhumans
explicit_animalistic	old persons	animals	old persons are like animals
explicit_animalistic	old persons	beasts	old persons are like beasts
explicit_animalistic	old persons	brute	old persons are like brute
explicit_animalistic	old persons	cattle	old persons are like cattle
explicit_animalistic	old persons	cows	old persons are like cows
explicit_animalistic	old persons	dogs	old persons are like dogs
explicit_animalistic	old persons	herds	old persons are like herds
explicit_animalistic	old persons	hog	old persons are like hog
explicit_animalistic	old persons	horses	old persons are like horses
explicit_animalistic	old persons	livestock	old persons are like livestock
explicit_animalistic	old persons	pigs	old persons are like pigs
explicit_animalistic	old persons	sheep	old persons are like sheep
explicit_animalistic	old persons	rats	old persons are like rats
explicit_animalistic	old persons	worms	old persons are like worms
explicit_animalistic	old persons	bugs	old persons are like bugs
explicit_animalistic	old persons	parasites	old persons are like parasites
explicit_animalistic	old persons	insects	old persons are like insects
explicit_animalistic	old persons	the pest	old persons are like the pest
explicit_animalistic	old persons	flea	old persons are like flea
explicit_animalistic	old persons	rodents	old persons are like rodents
explicit_animalistic	old persons	a virus	old persons are like a virus
explicit_animalistic	old persons	a disease	old persons are like a disease
explicit_animalistic	old persons	ants	old persons are like ants
explicit_animalistic	old persons	beast-like	old persons are like beast-like
explicit_animalistic	old persons	bedbugs	old persons are like bedbugs
explicit_animalistic	old persons	brainworms	old persons are like brainworms
explicit_animalistic	old persons	breeders	old persons are like breeders
explicit_animalistic	old persons	broodstock	old persons are like broodstock
explicit_animalistic	old persons	buggs	old persons are like buggs
explicit_animalistic	old persons	chimps	old persons are like chimps
explicit_animalistic	old persons	conker	old persons are like conker
explicit_animalistic	old persons	drat	old persons are like drat
explicit_animalistic	old persons	earthworms	old persons are like earthworms
explicit_animalistic	old persons	entities	old persons are like entities
explicit_animalistic	old persons	ferals	old persons are like ferals
explicit_animalistic	old persons	ferocious	old persons are like ferocious
explicit_animalistic	old persons	ferrets	old persons are like ferrets
explicit_animalistic	old persons	fester	old persons are like fester
explicit_animalistic	old persons	fleabags	old persons are like fleabags
explicit_animalistic	old persons	garanimal	old persons are like garanimal
explicit_animalistic	old persons	hampster	old persons are like hampster
explicit_animalistic	old persons	lice	old persons are like lice
explicit_animalistic	old persons	maggots	old persons are like maggots
explicit_animalistic	old persons	mice	old persons are like mice
explicit_animalistic	old persons	ziopig	old persons are like ziopig
explicit_animalistic	patients	subhumans	patients are like subhumans
explicit_animalistic	patients	animals	patients are like animals
explicit_animalistic	patients	beasts	patients are like beasts
explicit_animalistic	patients	brute	patients are like brute
explicit_animalistic	patients	cattle	patients are like cattle
explicit_animalistic	patients	cows	patients are like cows
explicit_animalistic	patients	dogs	patients are like dogs
explicit_animalistic	patients	herds	patients are like herds
explicit_animalistic	patients	hog	patients are like hog
explicit_animalistic	patients	horses	patients are like horses
explicit_animalistic	patients	livestock	patients are like livestock
explicit_animalistic	patients	pigs	patients are like pigs
explicit_animalistic	patients	sheep	patients are like sheep
explicit_animalistic	patients	rats	patients are like rats
explicit_animalistic	patients	worms	patients are like worms
explicit_animalistic	patients	bugs	patients are like bugs
explicit_animalistic	patients	parasites	patients are like parasites
explicit_animalistic	patients	insects	patients are like insects
explicit_animalistic	patients	the pest	patients are like the pest
explicit_animalistic	patients	flea	patients are like flea
explicit_animalistic	patients	rodents	patients are like rodents
explicit_animalistic	patients	a virus	patients are like a virus
explicit_animalistic	patients	a disease	patients are like a disease
explicit_animalistic	patients	ants	patients are like ants
explicit_animalistic	patients	beast-like	patients are like beast-like
explicit_animalistic	patients	bedbugs	patients are like bedbugs
explicit_animalistic	patients	brainworms	patients are like brainworms
explicit_animalistic	patients	breeders	patients are like breeders
explicit_animalistic	patients	broodstock	patients are like broodstock
explicit_animalistic	patients	buggs	patients are like buggs
explicit_animalistic	patients	chimps	patients are like chimps
explicit_animalistic	patients	conker	patients are like conker
explicit_animalistic	patients	drat	patients are like drat
explicit_animalistic	patients	earthworms	patients are like earthworms
explicit_animalistic	patients	entities	patients are like entities
explicit_animalistic	patients	ferals	patients are like ferals
explicit_animalistic	patients	ferocious	patients are like ferocious
explicit_animalistic	patients	ferrets	patients are like ferrets
explicit_animalistic	patients	fester	patients are like fester
explicit_animalistic	patients	fleabags	patients are like fleabags
explicit_animalistic	patients	garanimal	patients are like garanimal
explicit_animalistic	patients	hampster	patients are like hampster
explicit_animalistic	patients	lice	patients are like lice
explicit_animalistic	patients	maggots	patients are like maggots
explicit_animalistic	patients	mice	patients are like mice
explicit_animalistic	patients	ziopig	patients are like ziopig
explicit_animalistic	criminals	subhumans	criminals are like subhumans
explicit_animalistic	criminals	animals	criminals are like animals
explicit_animalistic	criminals	beasts	criminals are like beasts
explicit_animalistic	criminals	brute	criminals are like brute
explicit_animalistic	criminals	cattle	criminals are like cattle
explicit_animalistic	criminals	cows	criminals are like cows
explicit_animalistic	criminals	dogs	criminals are like dogs
explicit_animalistic	criminals	herds	criminals are like herds
explicit_animalistic	criminals	hog	criminals are like hog
explicit_animalistic	criminals	horses	criminals are like horses
explicit_animalistic	criminals	livestock	criminals are like livestock
explicit_animalistic	criminals	pigs	criminals are like pigs
explicit_animalistic	criminals	sheep	criminals are like sheep
explicit_animalistic	criminals	rats	criminals are like rats
explicit_animalistic	criminals	worms	criminals are like worms
explicit_animalistic	criminals	bugs	criminals are like bugs
explicit_animalistic	criminals	parasites	criminals are like parasites
explicit_animalistic	criminals	insects	criminals are like insects
explicit_animalistic	criminals	the pest	criminals are like the pest
explicit_animalistic	criminals	flea	criminals are like flea
explicit_animalistic	criminals	rodents	criminals are like rodents
explicit_animalistic	criminals	a virus	criminals are like a virus
explicit_animalistic	criminals	a disease	criminals are like a disease
explicit_animalistic	criminals	ants	criminals are like ants
explicit_animalistic	criminals	beast-like	criminals are like beast-like
explicit_animalistic	criminals	bedbugs	criminals are like bedbugs
explicit_animalistic	criminals	brainworms	criminals are like brainworms
explicit_animalistic	criminals	breeders	criminals are like breeders
explicit_animalistic	criminals	broodstock	criminals are like broodstock
explicit_animalistic	criminals	buggs	criminals are like buggs
explicit_animalistic	criminals	chimps	criminals are like chimps
explicit_animalistic	criminals	conker	criminals are like conker
explicit_animalistic	criminals	drat	criminals are like drat
explicit_animalistic	criminals	earthworms	criminals are like earthworms
explicit_animalistic	criminals	entities	criminals are like entities
explicit_animalistic	criminals	ferals	criminals are like ferals
explicit_animalistic	criminals	ferocious	criminals are like ferocious
explicit_animalistic	criminals	ferrets	criminals are like ferrets
explicit_animalistic	criminals	fester	criminals are like fester
explicit_animalistic	criminals	fleabags	criminals are like fleabags
explicit_animalistic	criminals	garanimal	criminals are like garanimal
explicit_animalistic	criminals	hampster	criminals are like hampster
explicit_animalistic	criminals	lice	criminals are like lice
explicit_animalistic	criminals	maggots	criminals are like maggots
explicit_animalistic	criminals	mice	criminals are like mice
explicit_animalistic	criminals	ziopig	criminals are like ziopig
explicit_animalistic	inmates	subhumans	inmates are like subhumans
explicit_animalistic	inmates	animals	inmates are like animals
explicit_animalistic	inmates	beasts	inmates are like beasts
explicit_animalistic	inmates	brute	inmates are like brute
explicit_animalistic	inmates	cattle	inmates are like cattle
explicit_animalistic	inmates	cows	inmates are like cows
explicit_animalistic	inmates	dogs	inmates are like dogs
explicit_animalistic	inmates	herds	inmates are like herds
explicit_animalistic	inmates	hog	inmates are like hog
explicit_animalistic	inmates	horses	inmates are like horses
explicit_animalistic	inmates	livestock	inmates are like livestock
explicit_animalistic	inmates	pigs	inmates are like pigs
explicit_animalistic	inmates	sheep	inmates are like sheep
explicit_animalistic	inmates	rats	inmates are like rats
explicit_animalistic	inmates	worms	inmates are like worms
explicit_animalistic	inmates	bugs	inmates are like bugs
explicit_animalistic	inmates	parasites	inmates are like parasites
explicit_animalistic	inmates	insects	inmates are like insects
explicit_animalistic	inmates	the pest	inmates are like the pest
explicit_animalistic	inmates	flea	inmates are like flea
explicit_animalistic	inmates	rodents	inmates are like rodents
explicit_animalistic	inmates	a virus	inmates are like a virus
explicit_animalistic	inmates	a disease	inmates are like a disease
explicit_animalistic	inmates	ants	inmates are like ants
explicit_animalistic	inmates	beast-like	inmates are like beast-like
explicit_animalistic	inmates	bedbugs	inmates are like bedbugs
explicit_animalistic	inmates	brainworms	inmates are like brainworms
explicit_animalistic	inmates	breeders	inmates are like breeders
explicit_animalistic	inmates	broodstock	inmates are like broodstock
explicit_animalistic	inmates	buggs	inmates are like buggs
explicit_animalistic	inmates	chimps	inmates are like chimps
explicit_animalistic	inmates	conker	inmates are like conker
explicit_animalistic	inmates	drat	inmates are like drat
explicit_animalistic	inmates	earthworms	inmates are like earthworms
explicit_animalistic	inmates	entities	inmates are like entities
explicit_animalistic	inmates	ferals	inmates are like ferals
explicit_animalistic	inmates	ferocious	inmates are like ferocious
explicit_animalistic	inmates	ferrets	inmates are like ferrets
explicit_animalistic	inmates	fester	inmates are like fester
explicit_animalistic	inmates	fleabags	inmates are like fleabags
explicit_animalistic	inmates	garanimal	inmates are like garanimal
explicit_animalistic	inmates	hampster	inmates are like hampster
explicit_animalistic	inmates	lice	inmates are like lice
explicit_animalistic	inmates	maggots	inmates are like maggots
explicit_animalistic	inmates	mice	inmates are like mice
explicit_animalistic	inmates	ziopig	inmates are like ziopig
explicit_animalistic	prisoners	subhumans	prisoners are like subhumans
explicit_animalistic	prisoners	animals	prisoners are like animals
explicit_animalistic	prisoners	beasts	prisoners are like beasts
explicit_animalistic	prisoners	brute	prisoners are like brute
explicit_animalistic	prisoners	cattle	prisoners are like cattle
explicit_animalistic	prisoners	cows	prisoners are like cows
explicit_animalistic	prisoners	dogs	prisoners are like dogs
explicit_animalistic	prisoners	herds	prisoners are like herds
explicit_animalistic	prisoners	hog	prisoners are like hog
explicit_animalistic	prisoners	horses	prisoners are like horses
explicit_animalistic	prisoners	livestock	prisoners are like livestock
explicit_animalistic	prisoners	pigs	prisoners are like pigs
explicit_animalistic	prisoners	sheep	prisoners are like sheep
explicit_animalistic	prisoners	rats	prisoners are like rats
explicit_animalistic	prisoners	worms	prisoners are like worms
explicit_animalistic	prisoners	bugs	prisoners are like bugs
explicit_animalistic	prisoners	parasites	prisoners are like parasites
explicit_animalistic	prisoners	insects	prisoners are like insects
explicit_animalistic	prisoners	the pest	prisoners are like the pest
explicit_animalistic	prisoners	flea	prisoners are like flea
explicit_animalistic	prisoners	rodents	prisoners are like rodents
explicit_animalistic	prisoners	a virus	prisoners are like a virus
explicit_animalistic	prisoners	a disease	prisoners are like a disease
explicit_animalistic	prisoners	ants	prisoners are like ants
explicit_animalistic	prisoners	beast-like	prisoners are like beast-like
explicit_animalistic	prisoners	bedbugs	prisoners are like bedbugs
explicit_animalistic	prisoners	brainworms	prisoners are like brainworms
explicit_animalistic	prisoners	breeders	prisoners are like breeders
explicit_animalistic	prisoners	broodstock	prisoners are like broodstock
explicit_animalistic	prisoners	buggs	prisoners are like buggs
explicit_animalistic	prisoners	chimps	prisoners are like chimps
explicit_animalistic	prisoners	conker	prisoners are like conker
explicit_animalistic	prisoners	drat	prisoners are like drat
explicit_animalistic	prisoners	earthworms	prisoners are like earthworms
explicit_animalistic	prisoners	entities	prisoners are like entities
explicit_animalistic	prisoners	ferals	prisoners are like ferals
explicit_animalistic	prisoners	ferocious	prisoners are like ferocious
explicit_animalistic	prisoners	ferrets	prisoners are like ferrets
explicit_animalistic	prisoners	fester	prisoners are like fester
explicit_animalistic	prisoners	fleabags	prisoners are like fleabags
explicit_animalistic	prisoners	garanimal	prisoners are like garanimal
explicit_animalistic	prisoners	hampster	prisoners are like hampster
explicit_animalistic	prisoners	lice	prisoners are like lice
explicit_animalistic	prisoners	maggots	prisoners are like maggots
explicit_animalistic	prisoners	mice	prisoners are like mice
explicit_animalistic	prisoners	ziopig	prisoners are like ziopig
explicit_animalistic	you	subhumans	you are like subhumans
explicit_animalistic	you	animals	you are like animals
explicit_animalistic	you	beasts	you are like beasts
explicit_animalistic	you	brute	you are like brute
explicit_animalistic	you	cattle	you are like cattle
explicit_animalistic	you	cows	you are like cows
explicit_animalistic	you	dogs	you are like dogs
explicit_animalistic	you	herds	you are like herds
explicit_animalistic	you	hog	you are like hog
explicit_animalistic	you	horses	you are like horses
explicit_animalistic	you	livestock	you are like livestock
explicit_animalistic	you	pigs	you are like pigs
explicit_animalistic	you	sheep	you are like sheep
explicit_animalistic	you	rats	you are like rats
explicit_animalistic	you	worms	you are like worms
explicit_animalistic	you	bugs	you are like bugs
explicit_animalistic	you	parasites	you are like parasites
explicit_animalistic	you	insects	you are like insects
explicit_animalistic	you	the pest	you are like the pest
explicit_animalistic	you	flea	you are like flea
explicit_animalistic	you	rodents	you are like rodents
explicit_animalistic	you	a virus	you are like a virus
explicit_animalistic	you	a disease	you are like a disease
explicit_animalistic	you	ants	you are like ants
explicit_animalistic	you	beast-like	you are like beast-like
explicit_animalistic	you	bedbugs	you are like bedbugs
explicit_animalistic	you	brainworms	you are like brainworms
explicit_animalistic	you	breeders	you are like breeders
explicit_animalistic	you	broodstock	you are like broodstock
explicit_animalistic	you	buggs	you are like buggs
explicit_animalistic	you	chimps	you are like chimps
explicit_animalistic	you	conker	you are like conker
explicit_animalistic	you	drat	you are like drat
explicit_animalistic	you	earthworms	you are like earthworms
explicit_animalistic	you	entities	you are like entities
explicit_animalistic	you	ferals	you are like ferals
explicit_animalistic	you	ferocious	you are like ferocious
explicit_animalistic	you	ferrets	you are like ferrets
explicit_animalistic	you	fester	you are like fester
explicit_animalistic	you	fleabags	you are like fleabags
explicit_animalistic	you	garanimal	you are like garanimal
explicit_animalistic	you	hampster	you are like hampster
explicit_animalistic	you	lice	you are like lice
explicit_animalistic	you	maggots	you are like maggots
explicit_animalistic	you	mice	you are like mice
explicit_animalistic	you	ziopig	you are like ziopig
explicit_animalistic	ukrainians	subhumans	ukrainians are like subhumans
explicit_animalistic	ukrainians	animals	ukrainians are like animals
explicit_animalistic	ukrainians	beasts	ukrainians are like beasts
explicit_animalistic	ukrainians	brute	ukrainians are like brute
explicit_animalistic	ukrainians	cattle	ukrainians are like cattle
explicit_animalistic	ukrainians	cows	ukrainians are like cows
explicit_animalistic	ukrainians	dogs	ukrainians are like dogs
explicit_animalistic	ukrainians	herds	ukrainians are like herds
explicit_animalistic	ukrainians	hog	ukrainians are like hog
explicit_animalistic	ukrainians	horses	ukrainians are like horses
explicit_animalistic	ukrainians	livestock	ukrainians are like livestock
explicit_animalistic	ukrainians	pigs	ukrainians are like pigs
explicit_animalistic	ukrainians	sheep	ukrainians are like sheep
explicit_animalistic	ukrainians	rats	ukrainians are like rats
explicit_animalistic	ukrainians	worms	ukrainians are like worms
explicit_animalistic	ukrainians	bugs	ukrainians are like bugs
explicit_animalistic	ukrainians	parasites	ukrainians are like parasites
explicit_animalistic	ukrainians	insects	ukrainians are like insects
explicit_animalistic	ukrainians	the pest	ukrainians are like the pest
explicit_animalistic	ukrainians	flea	ukrainians are like flea
explicit_animalistic	ukrainians	rodents	ukrainians are like rodents
explicit_animalistic	ukrainians	a virus	ukrainians are like a virus
explicit_animalistic	ukrainians	a disease	ukrainians are like a disease
explicit_animalistic	ukrainians	ants	ukrainians are like ants
explicit_animalistic	ukrainians	beast-like	ukrainians are like beast-like
explicit_animalistic	ukrainians	bedbugs	ukrainians are like bedbugs
explicit_animalistic	ukrainians	brainworms	ukrainians are like brainworms
explicit_animalistic	ukrainians	breeders	ukrainians are like breeders
explicit_animalistic	ukrainians	broodstock	ukrainians are like broodstock
explicit_animalistic	ukrainians	buggs	ukrainians are like buggs
explicit_animalistic	ukrainians	chimps	ukrainians are like chimps
explicit_animalistic	ukrainians	conker	ukrainians are like conker
explicit_animalistic	ukrainians	drat	ukrainians are like drat
explicit_animalistic	ukrainians	earthworms	ukrainians are like earthworms
explicit_animalistic	ukrainians	entities	ukrainians are like entities
explicit_animalistic	ukrainians	ferals	ukrainians are like ferals
explicit_animalistic	ukrainians	ferocious	ukrainians are like ferocious
explicit_animalistic	ukrainians	ferrets	ukrainians are like ferrets
explicit_animalistic	ukrainians	fester	ukrainians are like fester
explicit_animalistic	ukrainians	fleabags	ukrainians are like fleabags
explicit_animalistic	ukrainians	garanimal	ukrainians are like garanimal
explicit_animalistic	ukrainians	hampster	ukrainians are like hampster
explicit_animalistic	ukrainians	lice	ukrainians are like lice
explicit_animalistic	ukrainians	maggots	ukrainians are like maggots
explicit_animalistic	ukrainians	mice	ukrainians are like mice
explicit_animalistic	ukrainians	ziopig	ukrainians are like ziopig
explicit_animalistic	israelis	subhumans	israelis are like subhumans
explicit_animalistic	israelis	animals	israelis are like animals
explicit_animalistic	israelis	beasts	israelis are like beasts
explicit_animalistic	israelis	brute	israelis are like brute
explicit_animalistic	israelis	cattle	israelis are like cattle
explicit_animalistic	israelis	cows	israelis are like cows
explicit_animalistic	israelis	dogs	israelis are like dogs
explicit_animalistic	israelis	herds	israelis are like herds
explicit_animalistic	israelis	hog	israelis are like hog
explicit_animalistic	israelis	horses	israelis are like horses
explicit_animalistic	israelis	livestock	israelis are like livestock
explicit_animalistic	israelis	pigs	israelis are like pigs
explicit_animalistic	israelis	sheep	israelis are like sheep
explicit_animalistic	israelis	rats	israelis are like rats
explicit_animalistic	israelis	worms	israelis are like worms
explicit_animalistic	israelis	bugs	israelis are like bugs
explicit_animalistic	israelis	parasites	israelis are like parasites
explicit_animalistic	israelis	insects	israelis are like insects
explicit_animalistic	israelis	the pest	israelis are like the pest
explicit_animalistic	israelis	flea	israelis are like flea
explicit_animalistic	israelis	rodents	israelis are like rodents
explicit_animalistic	israelis	a virus	israelis are like a virus
explicit_animalistic	israelis	a disease	israelis are like a disease
explicit_animalistic	israelis	ants	israelis are like ants
explicit_animalistic	israelis	beast-like	israelis are like beast-like
explicit_animalistic	israelis	bedbugs	israelis are like bedbugs
explicit_animalistic	israelis	brainworms	israelis are like brainworms
explicit_animalistic	israelis	breeders	israelis are like breeders
explicit_animalistic	israelis	broodstock	israelis are like broodstock
explicit_animalistic	israelis	buggs	israelis are like buggs
explicit_animalistic	israelis	chimps	israelis are like chimps
explicit_animalistic	israelis	conker	israelis are like conker
explicit_animalistic	israelis	drat	israelis are like drat
explicit_animalistic	israelis	earthworms	israelis are like earthworms
explicit_animalistic	israelis	entities	israelis are like entities
explicit_animalistic	israelis	ferals	israelis are like ferals
explicit_animalistic	israelis	ferocious	israelis are like ferocious
explicit_animalistic	israelis	ferrets	israelis are like ferrets
explicit_animalistic	israelis	fester	israelis are like fester
explicit_animalistic	israelis	fleabags	israelis are like fleabags
explicit_animalistic	israelis	garanimal	israelis are like garanimal
explicit_animalistic	israelis	hampster	israelis are like hampster
explicit_animalistic	israelis	lice	israelis are like lice
explicit_animalistic	israelis	maggots	israelis are like maggots
explicit_animalistic	israelis	mice	israelis are like mice
explicit_animalistic	israelis	ziopig	israelis are like ziopig
explicit_animalistic	palestinians	subhumans	palestinians are like subhumans
explicit_animalistic	palestinians	animals	palestinians are like animals
explicit_animalistic	palestinians	beasts	palestinians are like beasts
explicit_animalistic	palestinians	brute	palestinians are like brute
explicit_animalistic	palestinians	cattle	palestinians are like cattle
explicit_animalistic	palestinians	cows	palestinians are like cows
explicit_animalistic	palestinians	dogs	palestinians are like dogs
explicit_animalistic	palestinians	herds	palestinians are like herds
explicit_animalistic	palestinians	hog	palestinians are like hog
explicit_animalistic	palestinians	horses	palestinians are like horses
explicit_animalistic	palestinians	livestock	palestinians are like livestock
explicit_animalistic	palestinians	pigs	palestinians are like pigs
explicit_animalistic	palestinians	sheep	palestinians are like sheep
explicit_animalistic	palestinians	rats	palestinians are like rats
explicit_animalistic	palestinians	worms	palestinians are like worms
explicit_animalistic	palestinians	bugs	palestinians are like bugs
explicit_animalistic	palestinians	parasites	palestinians are like parasites
explicit_animalistic	palestinians	insects	palestinians are like insects
explicit_animalistic	palestinians	the pest	palestinians are like the pest
explicit_animalistic	palestinians	flea	palestinians are like flea
explicit_animalistic	palestinians	rodents	palestinians are like rodents
explicit_animalistic	palestinians	a virus	palestinians are like a virus
explicit_animalistic	palestinians	a disease	palestinians are like a disease
explicit_animalistic	palestinians	ants	palestinians are like ants
explicit_animalistic	palestinians	beast-like	palestinians are like beast-like
explicit_animalistic	palestinians	bedbugs	palestinians are like bedbugs
explicit_animalistic	palestinians	brainworms	palestinians are like brainworms
explicit_animalistic	palestinians	breeders	palestinians are like breeders
explicit_animalistic	palestinians	broodstock	palestinians are like broodstock
explicit_animalistic	palestinians	buggs	palestinians are like buggs
explicit_animalistic	palestinians	chimps	palestinians are like chimps
explicit_animalistic	palestinians	conker	palestinians are like conker
explicit_animalistic	palestinians	drat	palestinians are like drat
explicit_animalistic	palestinians	earthworms	palestinians are like earthworms
explicit_animalistic	palestinians	entities	palestinians are like entities
explicit_animalistic	palestinians	ferals	palestinians are like ferals
explicit_animalistic	palestinians	ferocious	palestinians are like ferocious
explicit_animalistic	palestinians	ferrets	palestinians are like ferrets
explicit_animalistic	palestinians	fester	palestinians are like fester
explicit_animalistic	palestinians	fleabags	palestinians are like fleabags
explicit_animalistic	palestinians	garanimal	palestinians are like garanimal
explicit_animalistic	palestinians	hampster	palestinians are like hampster
explicit_animalistic	palestinians	lice	palestinians are like lice
explicit_animalistic	palestinians	maggots	palestinians are like maggots
explicit_animalistic	palestinians	mice	palestinians are like mice
explicit_animalistic	palestinians	ziopig	palestinians are like ziopig
explicit_animalistic	they	subhumans	they are like subhumans
explicit_animalistic	they	animals	they are like animals
explicit_animalistic	they	beasts	they are like beasts
explicit_animalistic	they	brute	they are like brute
explicit_animalistic	they	cattle	they are like cattle
explicit_animalistic	they	cows	they are like cows
explicit_animalistic	they	dogs	they are like dogs
explicit_animalistic	they	herds	they are like herds
explicit_animalistic	they	hog	they are like hog
explicit_animalistic	they	horses	they are like horses
explicit_animalistic	they	livestock	they are like livestock
explicit_animalistic	they	pigs	they are like pigs
explicit_animalistic	they	sheep	they are like sheep
explicit_animalistic	they	rats	they are like rats
explicit_animalistic	they	worms	they are like worms
explicit_animalistic	they	bugs	they are like bugs
explicit_animalistic	they	parasites	they are like parasites
explicit_animalistic	they	insects	they are like insects
explicit_animalistic	they	the pest	they are like the pest
explicit_animalistic	they	flea	they are like flea
explicit_animalistic	they	rodents	they are like rodents
explicit_animalistic	they	a virus	they are like a virus
explicit_animalistic	they	a disease	they are like a disease
explicit_animalistic	they	ants	they are like ants
explicit_animalistic	they	beast-like	they are like beast-like
explicit_animalistic	they	bedbugs	they are like bedbugs
explicit_animalistic	they	brainworms	they are like brainworms
explicit_animalistic	they	breeders	they are like breeders
explicit_animalistic	they	broodstock	they are like broodstock
explicit_animalistic	they	buggs	they are like buggs
explicit_animalistic	they	chimps	they are like chimps
explicit_animalistic	they	conker	they are like conker
explicit_animalistic	they	drat	they are like drat
explicit_animalistic	they	earthworms	they are like earthworms
explicit_animalistic	they	entities	they are like entities
explicit_animalistic	they	ferals	they are like ferals
explicit_animalistic	they	ferocious	they are like ferocious
explicit_animalistic	they	ferrets	they are like ferrets
explicit_animalistic	they	fester	they are like fester
explicit_animalistic	they	fleabags	they are like fleabags
explicit_animalistic	they	garanimal	they are like garanimal
explicit_animalistic	they	hampster	they are like hampster
explicit_animalistic	they	lice	they are like lice
explicit_animalistic	they	maggots	they are like maggots
explicit_animalistic	they	mice	they are like mice
explicit_animalistic	they	ziopig	they are like ziopig
explicit_animalistic	those	subhumans	those are like subhumans
explicit_animalistic	those	animals	those are like animals
explicit_animalistic	those	beasts	those are like beasts
explicit_animalistic	those	brute	those are like brute
explicit_animalistic	those	cattle	those are like cattle
explicit_animalistic	those	cows	those are like cows
explicit_animalistic	those	dogs	those are like dogs
explicit_animalistic	those	herds	those are like herds
explicit_animalistic	those	hog	those are like hog
explicit_animalistic	those	horses	those are like horses
explicit_animalistic	those	livestock	those are like livestock
explicit_animalistic	those	pigs	those are like pigs
explicit_animalistic	those	sheep	those are like sheep
explicit_animalistic	those	rats	those are like rats
explicit_animalistic	those	worms	those are like worms
explicit_animalistic	those	bugs	those are like bugs
explicit_animalistic	those	parasites	those are like parasites
explicit_animalistic	those	insects	those are like insects
explicit_animalistic	those	the pest	those are like the pest
explicit_animalistic	those	flea	those are like flea
explicit_animalistic	those	rodents	those are like rodents
explicit_animalistic	those	a virus	those are like a virus
explicit_animalistic	those	a disease	those are like a disease
explicit_animalistic	those	ants	those are like ants
explicit_animalistic	those	beast-like	those are like beast-like
explicit_animalistic	those	bedbugs	those are like bedbugs
explicit_animalistic	those	brainworms	those are like brainworms
explicit_animalistic	those	breeders	those are like breeders
explicit_animalistic	those	broodstock	those are like broodstock
explicit_animalistic	those	buggs	those are like buggs
explicit_animalistic	those	chimps	those are like chimps
explicit_animalistic	those	conker	those are like conker
explicit_animalistic	those	drat	those are like drat
explicit_animalistic	those	earthworms	those are like earthworms
explicit_animalistic	those	entities	those are like entities
explicit_animalistic	those	ferals	those are like ferals
explicit_animalistic	those	ferocious	those are like ferocious
explicit_animalistic	those	ferrets	those are like ferrets
explicit_animalistic	those	fester	those are like fester
explicit_animalistic	those	fleabags	those are like fleabags
explicit_animalistic	those	garanimal	those are like garanimal
explicit_animalistic	those	hampster	those are like hampster
explicit_animalistic	those	lice	those are like lice
explicit_animalistic	those	maggots	those are like maggots
explicit_animalistic	those	mice	those are like mice
explicit_animalistic	those	ziopig	those are like ziopig
explicit_animalistic	these	subhumans	these are like subhumans
explicit_animalistic	these	animals	these are like animals
explicit_animalistic	these	beasts	these are like beasts
explicit_animalistic	these	brute	these are like brute
explicit_animalistic	these	cattle	these are like cattle
explicit_animalistic	these	cows	these are like cows
explicit_animalistic	these	dogs	these are like dogs
explicit_animalistic	these	herds	these are like herds
explicit_animalistic	these	hog	these are like hog
explicit_animalistic	these	horses	these are like horses
explicit_animalistic	these	livestock	these are like livestock
explicit_animalistic	these	pigs	these are like pigs
explicit_animalistic	these	sheep	these are like sheep
explicit_animalistic	these	rats	these are like rats
explicit_animalistic	these	worms	these are like worms
explicit_animalistic	these	bugs	these are like bugs
explicit_animalistic	these	parasites	these are like parasites
explicit_animalistic	these	insects	these are like insects
explicit_animalistic	these	the pest	these are like the pest
explicit_animalistic	these	flea	these are like flea
explicit_animalistic	these	rodents	these are like rodents
explicit_animalistic	these	a virus	these are like a virus
explicit_animalistic	these	a disease	these are like a disease
explicit_animalistic	these	ants	these are like ants
explicit_animalistic	these	beast-like	these are like beast-like
explicit_animalistic	these	bedbugs	these are like bedbugs
explicit_animalistic	these	brainworms	these are like brainworms
explicit_animalistic	these	breeders	these are like breeders
explicit_animalistic	these	broodstock	these are like broodstock
explicit_animalistic	these	buggs	these are like buggs
explicit_animalistic	these	chimps	these are like chimps
explicit_animalistic	these	conker	these are like conker
explicit_animalistic	these	drat	these are like drat
explicit_animalistic	these	earthworms	these are like earthworms
explicit_animalistic	these	entities	these are like entities
explicit_animalistic	these	ferals	these are like ferals
explicit_animalistic	these	ferocious	these are like ferocious
explicit_animalistic	these	ferrets	these are like ferrets
explicit_animalistic	these	fester	these are like fester
explicit_animalistic	these	fleabags	these are like fleabags
explicit_animalistic	these	garanimal	these are like garanimal
explicit_animalistic	these	hampster	these are like hampster
explicit_animalistic	these	lice	these are like lice
explicit_animalistic	these	maggots	these are like maggots
explicit_animalistic	these	mice	these are like mice
explicit_animalistic	these	ziopig	these are like ziopig
explicit_animalistic	workers	subhumans	workers are like subhumans
explicit_animalistic	workers	animals	workers are like animals
explicit_animalistic	workers	beasts	workers are like beasts
explicit_animalistic	workers	brute	workers are like brute
explicit_animalistic	workers	cattle	workers are like cattle
explicit_animalistic	workers	cows	workers are like cows
explicit_animalistic	workers	dogs	workers are like dogs
explicit_animalistic	workers	herds	workers are like herds
explicit_animalistic	workers	hog	workers are like hog
explicit_animalistic	workers	horses	workers are like horses
explicit_animalistic	workers	livestock	workers are like livestock
explicit_animalistic	workers	pigs	workers are like pigs
explicit_animalistic	workers	sheep	workers are like sheep
explicit_animalistic	workers	rats	workers are like rats
explicit_animalistic	workers	worms	workers are like worms
explicit_animalistic	workers	bugs	workers are like bugs
explicit_animalistic	workers	parasites	workers are like parasites
explicit_animalistic	workers	insects	workers are like insects
explicit_animalistic	workers	the pest	workers are like the pest
explicit_animalistic	workers	flea	workers are like flea
explicit_animalistic	workers	rodents	workers are like rodents
explicit_animalistic	workers	a virus	workers are like a virus
explicit_animalistic	workers	a disease	workers are like a disease
explicit_animalistic	workers	ants	workers are like ants
explicit_animalistic	workers	beast-like	workers are like beast-like
explicit_animalistic	workers	bedbugs	workers are like bedbugs
explicit_animalistic	workers	brainworms	workers are like brainworms
explicit_animalistic	workers	breeders	workers are like breeders
explicit_animalistic	workers	broodstock	workers are like broodstock
explicit_animalistic	workers	buggs	workers are like buggs
explicit_animalistic	workers	chimps	workers are like chimps
explicit_animalistic	workers	conker	workers are like conker
explicit_animalistic	workers	drat	workers are like drat
explicit_animalistic	workers	earthworms	workers are like earthworms
explicit_animalistic	workers	entities	workers are like entities
explicit_animalistic	workers	ferals	workers are like ferals
explicit_animalistic	workers	ferocious	workers are like ferocious
explicit_animalistic	workers	ferrets	workers are like ferrets
explicit_animalistic	workers	fester	workers are like fester
explicit_animalistic	workers	fleabags	workers are like fleabags
explicit_animalistic	workers	garanimal	workers are like garanimal
explicit_animalistic	workers	hampster	workers are like hampster
explicit_animalistic	workers	lice	workers are like lice
explicit_animalistic	workers	maggots	workers are like maggots
explicit_animalistic	workers	mice	workers are like mice
explicit_animalistic	workers	ziopig	workers are like ziopig
explicit_animalistic	9-to-5ers	subhumans	9-to-5ers are like subhumans
explicit_animalistic	9-to-5ers	animals	9-to-5ers are like animals
explicit_animalistic	9-to-5ers	beasts	9-to-5ers are like beasts
explicit_animalistic	9-to-5ers	brute	9-to-5ers are like brute
explicit_animalistic	9-to-5ers	cattle	9-to-5ers are like cattle
explicit_animalistic	9-to-5ers	cows	9-to-5ers are like cows
explicit_animalistic	9-to-5ers	dogs	9-to-5ers are like dogs
explicit_animalistic	9-to-5ers	herds	9-to-5ers are like herds
explicit_animalistic	9-to-5ers	hog	9-to-5ers are like hog
explicit_animalistic	9-to-5ers	horses	9-to-5ers are like horses
explicit_animalistic	9-to-5ers	livestock	9-to-5ers are like livestock
explicit_animalistic	9-to-5ers	pigs	9-to-5ers are like pigs
explicit_animalistic	9-to-5ers	sheep	9-to-5ers are like sheep
explicit_animalistic	9-to-5ers	rats	9-to-5ers are like rats
explicit_animalistic	9-to-5ers	worms	9-to-5ers are like worms
explicit_animalistic	9-to-5ers	bugs	9-to-5ers are like bugs
explicit_animalistic	9-to-5ers	parasites	9-to-5ers are like parasites
explicit_animalistic	9-to-5ers	insects	9-to-5ers are like insects
explicit_animalistic	9-to-5ers	the pest	9-to-5ers are like the pest
explicit_animalistic	9-to-5ers	flea	9-to-5ers are like flea
explicit_animalistic	9-to-5ers	rodents	9-to-5ers are like rodents
explicit_animalistic	9-to-5ers	a virus	9-to-5ers are like a virus
explicit_animalistic	9-to-5ers	a disease	9-to-5ers are like a disease
explicit_animalistic	9-to-5ers	ants	9-to-5ers are like ants
explicit_animalistic	9-to-5ers	beast-like	9-to-5ers are like beast-like
explicit_animalistic	9-to-5ers	bedbugs	9-to-5ers are like bedbugs
explicit_animalistic	9-to-5ers	brainworms	9-to-5ers are like brainworms
explicit_animalistic	9-to-5ers	breeders	9-to-5ers are like breeders
explicit_animalistic	9-to-5ers	broodstock	9-to-5ers are like broodstock
explicit_animalistic	9-to-5ers	buggs	9-to-5ers are like buggs
explicit_animalistic	9-to-5ers	chimps	9-to-5ers are like chimps
explicit_animalistic	9-to-5ers	conker	9-to-5ers are like conker
explicit_animalistic	9-to-5ers	drat	9-to-5ers are like drat
explicit_animalistic	9-to-5ers	earthworms	9-to-5ers are like earthworms
explicit_animalistic	9-to-5ers	entities	9-to-5ers are like entities
explicit_animalistic	9-to-5ers	ferals	9-to-5ers are like ferals
explicit_animalistic	9-to-5ers	ferocious	9-to-5ers are like ferocious
explicit_animalistic	9-to-5ers	ferrets	9-to-5ers are like ferrets
explicit_animalistic	9-to-5ers	fester	9-to-5ers are like fester
explicit_animalistic	9-to-5ers	fleabags	9-to-5ers are like fleabags
explicit_animalistic	9-to-5ers	garanimal	9-to-5ers are like garanimal
explicit_animalistic	9-to-5ers	hampster	9-to-5ers are like hampster
explicit_animalistic	9-to-5ers	lice	9-to-5ers are like lice
explicit_animalistic	9-to-5ers	maggots	9-to-5ers are like maggots
explicit_animalistic	9-to-5ers	mice	9-to-5ers are like mice
explicit_animalistic	9-to-5ers	ziopig	9-to-5ers are like ziopig
explicit_animalistic	toursits	subhumans	toursits are like subhumans
explicit_animalistic	toursits	animals	toursits are like animals
explicit_animalistic	toursits	beasts	toursits are like beasts
explicit_animalistic	toursits	brute	toursits are like brute
explicit_animalistic	toursits	cattle	toursits are like cattle
explicit_animalistic	toursits	cows	toursits are like cows
explicit_animalistic	toursits	dogs	toursits are like dogs
explicit_animalistic	toursits	herds	toursits are like herds
explicit_animalistic	toursits	hog	toursits are like hog
explicit_animalistic	toursits	horses	toursits are like horses
explicit_animalistic	toursits	livestock	toursits are like livestock
explicit_animalistic	toursits	pigs	toursits are like pigs
explicit_animalistic	toursits	sheep	toursits are like sheep
explicit_animalistic	toursits	rats	toursits are like rats
explicit_animalistic	toursits	worms	toursits are like worms
explicit_animalistic	toursits	bugs	toursits are like bugs
explicit_animalistic	toursits	parasites	toursits are like parasites
explicit_animalistic	toursits	insects	toursits are like insects
explicit_animalistic	toursits	the pest	toursits are like the pest
explicit_animalistic	toursits	flea	toursits are like flea
explicit_animalistic	toursits	rodents	toursits are like rodents
explicit_animalistic	toursits	a virus	toursits are like a virus
explicit_animalistic	toursits	a disease	toursits are like a disease
explicit_animalistic	toursits	ants	toursits are like ants
explicit_animalistic	toursits	beast-like	toursits are like beast-like
explicit_animalistic	toursits	bedbugs	toursits are like bedbugs
explicit_animalistic	toursits	brainworms	toursits are like brainworms
explicit_animalistic	toursits	breeders	toursits are like breeders
explicit_animalistic	toursits	broodstock	toursits are like broodstock
explicit_animalistic	toursits	buggs	toursits are like buggs
explicit_animalistic	toursits	chimps	toursits are like chimps
explicit_animalistic	toursits	conker	toursits are like conker
explicit_animalistic	toursits	drat	toursits are like drat
explicit_animalistic	toursits	earthworms	toursits are like earthworms
explicit_animalistic	toursits	entities	toursits are like entities
explicit_animalistic	toursits	ferals	toursits are like ferals
explicit_animalistic	toursits	ferocious	toursits are like ferocious
explicit_animalistic	toursits	ferrets	toursits are like ferrets
explicit_animalistic	toursits	fester	toursits are like fester
explicit_animalistic	toursits	fleabags	toursits are like fleabags
explicit_animalistic	toursits	garanimal	toursits are like garanimal
explicit_animalistic	toursits	hampster	toursits are like hampster
explicit_animalistic	toursits	lice	toursits are like lice
explicit_animalistic	toursits	maggots	toursits are like maggots
explicit_animalistic	toursits	mice	toursits are like mice
explicit_animalistic	toursits	ziopig	toursits are like ziopig
explicit_animalistic	travellers	subhumans	travellers are like subhumans
explicit_animalistic	travellers	animals	travellers are like animals
explicit_animalistic	travellers	beasts	travellers are like beasts
explicit_animalistic	travellers	brute	travellers are like brute
explicit_animalistic	travellers	cattle	travellers are like cattle
explicit_animalistic	travellers	cows	travellers are like cows
explicit_animalistic	travellers	dogs	travellers are like dogs
explicit_animalistic	travellers	herds	travellers are like herds
explicit_animalistic	travellers	hog	travellers are like hog
explicit_animalistic	travellers	horses	travellers are like horses
explicit_animalistic	travellers	livestock	travellers are like livestock
explicit_animalistic	travellers	pigs	travellers are like pigs
explicit_animalistic	travellers	sheep	travellers are like sheep
explicit_animalistic	travellers	rats	travellers are like rats
explicit_animalistic	travellers	worms	travellers are like worms
explicit_animalistic	travellers	bugs	travellers are like bugs
explicit_animalistic	travellers	parasites	travellers are like parasites
explicit_animalistic	travellers	insects	travellers are like insects
explicit_animalistic	travellers	the pest	travellers are like the pest
explicit_animalistic	travellers	flea	travellers are like flea
explicit_animalistic	travellers	rodents	travellers are like rodents
explicit_animalistic	travellers	a virus	travellers are like a virus
explicit_animalistic	travellers	a disease	travellers are like a disease
explicit_animalistic	travellers	ants	travellers are like ants
explicit_animalistic	travellers	beast-like	travellers are like beast-like
explicit_animalistic	travellers	bedbugs	travellers are like bedbugs
explicit_animalistic	travellers	brainworms	travellers are like brainworms
explicit_animalistic	travellers	breeders	travellers are like breeders
explicit_animalistic	travellers	broodstock	travellers are like broodstock
explicit_animalistic	travellers	buggs	travellers are like buggs
explicit_animalistic	travellers	chimps	travellers are like chimps
explicit_animalistic	travellers	conker	travellers are like conker
explicit_animalistic	travellers	drat	travellers are like drat
explicit_animalistic	travellers	earthworms	travellers are like earthworms
explicit_animalistic	travellers	entities	travellers are like entities
explicit_animalistic	travellers	ferals	travellers are like ferals
explicit_animalistic	travellers	ferocious	travellers are like ferocious
explicit_animalistic	travellers	ferrets	travellers are like ferrets
explicit_animalistic	travellers	fester	travellers are like fester
explicit_animalistic	travellers	fleabags	travellers are like fleabags
explicit_animalistic	travellers	garanimal	travellers are like garanimal
explicit_animalistic	travellers	hampster	travellers are like hampster
explicit_animalistic	travellers	lice	travellers are like lice
explicit_animalistic	travellers	maggots	travellers are like maggots
explicit_animalistic	travellers	mice	travellers are like mice
explicit_animalistic	travellers	ziopig	travellers are like ziopig
explicit_animalistic	businessmen	subhumans	businessmen are like subhumans
explicit_animalistic	businessmen	animals	businessmen are like animals
explicit_animalistic	businessmen	beasts	businessmen are like beasts
explicit_animalistic	businessmen	brute	businessmen are like brute
explicit_animalistic	businessmen	cattle	businessmen are like cattle
explicit_animalistic	businessmen	cows	businessmen are like cows
explicit_animalistic	businessmen	dogs	businessmen are like dogs
explicit_animalistic	businessmen	herds	businessmen are like herds
explicit_animalistic	businessmen	hog	businessmen are like hog
explicit_animalistic	businessmen	horses	businessmen are like horses
explicit_animalistic	businessmen	livestock	businessmen are like livestock
explicit_animalistic	businessmen	pigs	businessmen are like pigs
explicit_animalistic	businessmen	sheep	businessmen are like sheep
explicit_animalistic	businessmen	rats	businessmen are like rats
explicit_animalistic	businessmen	worms	businessmen are like worms
explicit_animalistic	businessmen	bugs	businessmen are like bugs
explicit_animalistic	businessmen	parasites	businessmen are like parasites
explicit_animalistic	businessmen	insects	businessmen are like insects
explicit_animalistic	businessmen	the pest	businessmen are like the pest
explicit_animalistic	businessmen	flea	businessmen are like flea
explicit_animalistic	businessmen	rodents	businessmen are like rodents
explicit_animalistic	businessmen	a virus	businessmen are like a virus
explicit_animalistic	businessmen	a disease	businessmen are like a disease
explicit_animalistic	businessmen	ants	businessmen are like ants
explicit_animalistic	businessmen	beast-like	businessmen are like beast-like
explicit_animalistic	businessmen	bedbugs	businessmen are like bedbugs
explicit_animalistic	businessmen	brainworms	businessmen are like brainworms
explicit_animalistic	businessmen	breeders	businessmen are like breeders
explicit_animalistic	businessmen	broodstock	businessmen are like broodstock
explicit_animalistic	businessmen	buggs	businessmen are like buggs
explicit_animalistic	businessmen	chimps	businessmen are like chimps
explicit_animalistic	businessmen	conker	businessmen are like conker
explicit_animalistic	businessmen	drat	businessmen are like drat
explicit_animalistic	businessmen	earthworms	businessmen are like earthworms
explicit_animalistic	businessmen	entities	businessmen are like entities
explicit_animalistic	businessmen	ferals	businessmen are like ferals
explicit_animalistic	businessmen	ferocious	businessmen are like ferocious
explicit_animalistic	businessmen	ferrets	businessmen are like ferrets
explicit_animalistic	businessmen	fester	businessmen are like fester
explicit_animalistic	businessmen	fleabags	businessmen are like fleabags
explicit_animalistic	businessmen	garanimal	businessmen are like garanimal
explicit_animalistic	businessmen	hampster	businessmen are like hampster
explicit_animalistic	businessmen	lice	businessmen are like lice
explicit_animalistic	businessmen	maggots	businessmen are like maggots
explicit_animalistic	businessmen	mice	businessmen are like mice
explicit_animalistic	businessmen	ziopig	businessmen are like ziopig
implicit_animalistic	immigrants	are uncultured	immigrants are uncultured
implicit_animalistic	immigrants	are unrefined	immigrants are unrefined
implicit_animalistic	immigrants	are provincial	immigrants are provincial
implicit_animalistic	immigrants	are backward	immigrants are backward
implicit_animalistic	immigrants	are uncivilised	immigrants are uncivilised
implicit_animalistic	immigrants	are uncivilized	immigrants are uncivilized
implicit_animalistic	immigrants	are coarse	immigrants are coarse
implicit_animalistic	immigrants	are unintelligent	immigrants are unintelligent
implicit_animalistic	immigrants	are illiterate	immigrants are illiterate
implicit_animalistic	immigrants	are rude	immigrants are rude
implicit_animalistic	immigrants	have no manners	immigrants have no manners
implicit_animalistic	immigrants	lack morals	immigrants lack morals
implicit_animalistic	immigrants	corrupt	immigrants corrupt
implicit_animalistic	immigrants	moralless	immigrants moralless
implicit_animalistic	immigrants	without morals	immigrants without morals
implicit_animalistic	immigrants	are prone to violating the moral code	immigrants are prone to violating the moral code
implicit_animalistic	immigrants	are irrational	immigrants are irrational
implicit_animalistic	immigrants	are childish in their decision-making	immigrants are childish in their decision-making
implicit_animalistic	immigrants	are childlike	immigrants are childlike
implicit_animalistic	immigrants	are immature	immigrants are immature
implicit_animalistic	immigrants	are naive	immigrants are naive
implicit_animalistic	immigrants	are immoral	immigrants are immoral
implicit_animalistic	immigrants	are greedy	immigrants are greedy
implicit_animalistic	immigrants	are selfish	immigrants are selfish
implicit_animalistic	immigrants	are uneducated	immigrants are uneducated
implicit_animalistic	refugees	are uncultured	refugees are uncultured
implicit_animalistic	refugees	are unrefined	refugees are unrefined
implicit_animalistic	refugees	are provincial	refugees are provincial
implicit_animalistic	refugees	are backward	refugees are backward
implicit_animalistic	refugees	are uncivilised	refugees are uncivilised
implicit_animalistic	refugees	are uncivilized	refugees are uncivilized
implicit_animalistic	refugees	are coarse	refugees are coarse
implicit_animalistic	refugees	are unintelligent	refugees are unintelligent
implicit_animalistic	refugees	are illiterate	refugees are illiterate
implicit_animalistic	refugees	are rude	refugees are rude
implicit_animalistic	refugees	have no manners	refugees have no manners
implicit_animalistic	refugees	lack morals	refugees lack morals
implicit_animalistic	refugees	corrupt	refugees corrupt
implicit_animalistic	refugees	moralless	refugees moralless
implicit_animalistic	refugees	without morals	refugees without morals
implicit_animalistic	refugees	are prone to violating the moral code	refugees are prone to violating the moral code
implicit_animalistic	refugees	are irrational	refugees are irrational
implicit_animalistic	refugees	are childish in their decision-making	refugees are childish in their decision-making
implicit_animalistic	refugees	are childlike	refugees are childlike
implicit_animalistic	refugees	are immature	refugees are immature
implicit_animalistic	refugees	are naive	refugees are naive
implicit_animalistic	refugees	are immoral	refugees are immoral
implicit_animalistic	refugees	are greedy	refugees are greedy
implicit_animalistic	refugees	are selfish	refugees are selfish
implicit_animalistic	refugees	are uneducated	refugees are uneducated
implicit_animalistic	aliens	are uncultured	aliens are uncultured
implicit_animalistic	aliens	are unrefined	aliens are unrefined
implicit_animalistic	aliens	are provincial	aliens are provincial
implicit_animalistic	aliens	are backward	aliens are backward
implicit_animalistic	aliens	are uncivilised	aliens are uncivilised
implicit_animalistic	aliens	are uncivilized	aliens are uncivilized
implicit_animalistic	aliens	are coarse	aliens are coarse
implicit_animalistic	aliens	are unintelligent	aliens are unintelligent
implicit_animalistic	aliens	are illiterate	aliens are illiterate
implicit_animalistic	aliens	are rude	aliens are rude
implicit_animalistic	aliens	have no manners	aliens have no manners
implicit_animalistic	aliens	lack morals	aliens lack morals
implicit_animalistic	aliens	corrupt	aliens corrupt
implicit_animalistic	aliens	moralless	aliens moralless
implicit_animalistic	aliens	without morals	aliens without morals
implicit_animalistic	aliens	are prone to violating the moral code	aliens are prone to violating the moral code
implicit_animalistic	aliens	are irrational	aliens are irrational
implicit_animalistic	aliens	are childish in their decision-making	aliens are childish in their decision-making
implicit_animalistic	aliens	are childlike	aliens are childlike
implicit_animalistic	aliens	are immature	aliens are immature
implicit_animalistic	aliens	are naive	aliens are naive
implicit_animalistic	aliens	are immoral	aliens are immoral
implicit_animalistic	aliens	are greedy	aliens are greedy
implicit_animalistic	aliens	are selfish	aliens are selfish
implicit_animalistic	aliens	are uneducated	aliens are uneducated
implicit_animalistic	illegals	are uncultured	illegals are uncultured
implicit_animalistic	illegals	are unrefined	illegals are unrefined
implicit_animalistic	illegals	are provincial	illegals are provincial
implicit_animalistic	illegals	are backward	illegals are backward
implicit_animalistic	illegals	are uncivilised	illegals are uncivilised
implicit_animalistic	illegals	are uncivilized	illegals are uncivilized
implicit_animalistic	illegals	are coarse	illegals are coarse
implicit_animalistic	illegals	are unintelligent	illegals are unintelligent
implicit_animalistic	illegals	are illiterate	illegals are illiterate
implicit_animalistic	illegals	are rude	illegals are rude
implicit_animalistic	illegals	have no manners	illegals have no manners
implicit_animalistic	illegals	lack morals	illegals lack morals
implicit_animalistic	illegals	corrupt	illegals corrupt
implicit_animalistic	illegals	moralless	illegals moralless
implicit_animalistic	illegals	without morals	illegals without morals
implicit_animalistic	illegals	are prone to violating the moral code	illegals are prone to violating the moral code
implicit_animalistic	illegals	are irrational	illegals are irrational
implicit_animalistic	illegals	are childish in their decision-making	illegals are childish in their decision-making
implicit_animalistic	illegals	are childlike	illegals are childlike
implicit_animalistic	illegals	are immature	illegals are immature
implicit_animalistic	illegals	are naive	illegals are naive
implicit_animalistic	illegals	are immoral	illegals are immoral
implicit_animalistic	illegals	are greedy	illegals are greedy
implicit_animalistic	illegals	are selfish	illegals are selfish
implicit_animalistic	illegals	are uneducated	illegals are uneducated
implicit_animalistic	escapees	are uncultured	escapees are uncultured
implicit_animalistic	escapees	are unrefined	escapees are unrefined
implicit_animalistic	escapees	are provincial	escapees are provincial
implicit_animalistic	escapees	are backward	escapees are backward
implicit_animalistic	escapees	are uncivilised	escapees are uncivilised
implicit_animalistic	escapees	are uncivilized	escapees are uncivilized
implicit_animalistic	escapees	are coarse	escapees are coarse
implicit_animalistic	escapees	are unintelligent	escapees are unintelligent
implicit_animalistic	escapees	are illiterate	escapees are illiterate
implicit_animalistic	escapees	are rude	escapees are rude
implicit_animalistic	escapees	have no manners	escapees have no manners
implicit_animalistic	escapees	lack morals	escapees lack morals
implicit_animalistic	escapees	corrupt	escapees corrupt
implicit_animalistic	escapees	moralless	escapees moralless
implicit_animalistic	escapees	without morals	escapees without morals
implicit_animalistic	escapees	are prone to violating the moral code	escapees are prone to violating the moral code
implicit_animalistic	escapees	are irrational	escapees are irrational
implicit_animalistic	escapees	are childish in their decision-making	escapees are childish in their decision-making
implicit_animalistic	escapees	are childlike	escapees are childlike
implicit_animalistic	escapees	are immature	escapees are immature
implicit_animalistic	escapees	are naive	escapees are naive
implicit_animalistic	escapees	are immoral	escapees are immoral
implicit_animalistic	escapees	are greedy	escapees are greedy
implicit_animalistic	escapees	are selfish	escapees are selfish
implicit_animalistic	escapees	are uneducated	escapees are uneducated
implicit_animalistic	foreigners	are uncultured	foreigners are uncultured
implicit_animalistic	foreigners	are unrefined	foreigners are unrefined
implicit_animalistic	foreigners	are provincial	foreigners are provincial
implicit_animalistic	foreigners	are backward	foreigners are backward
implicit_animalistic	foreigners	are uncivilised	foreigners are uncivilised
implicit_animalistic	foreigners	are uncivilized	foreigners are uncivilized
implicit_animalistic	foreigners	are coarse	foreigners are coarse
implicit_animalistic	foreigners	are unintelligent	foreigners are unintelligent
implicit_animalistic	foreigners	are illiterate	foreigners are illiterate
implicit_animalistic	foreigners	are rude	foreigners are rude
implicit_animalistic	foreigners	have no manners	foreigners have no manners
implicit_animalistic	foreigners	lack morals	foreigners lack morals
implicit_animalistic	foreigners	corrupt	foreigners corrupt
implicit_animalistic	foreigners	moralless	foreigners moralless
implicit_animalistic	foreigners	without morals	foreigners without morals
implicit_animalistic	foreigners	are prone to violating the moral code	foreigners are prone to violating the moral code
implicit_animalistic	foreigners	are irrational	foreigners are irrational
implicit_animalistic	foreigners	are childish in their decision-making	foreigners are childish in their decision-making
implicit_animalistic	foreigners	are childlike	foreigners are childlike
implicit_animalistic	foreigners	are immature	foreigners are immature
implicit_animalistic	foreigners	are naive	foreigners are naive
implicit_animalistic	foreigners	are immoral	foreigners are immoral
implicit_animalistic	foreigners	are greedy	foreigners are greedy
implicit_animalistic	foreigners	are selfish	foreigners are selfish
implicit_animalistic	foreigners	are uneducated	foreigners are uneducated
implicit_animalistic	displaced persons	are uncultured	displaced persons are uncultured
implicit_animalistic	displaced persons	are unrefined	displaced persons are unrefined
implicit_animalistic	displaced persons	are provincial	displaced persons are provincial
implicit_animalistic	displaced persons	are backward	displaced persons are backward
implicit_animalistic	displaced persons	are uncivilised	displaced persons are uncivilised
implicit_animalistic	displaced persons	are uncivilized	displaced persons are uncivilized
implicit_animalistic	displaced persons	are coarse	displaced persons are coarse
implicit_animalistic	displaced persons	are unintelligent	displaced persons are unintelligent
implicit_animalistic	displaced persons	are illiterate	displaced persons are illiterate
implicit_animalistic	displaced persons	are rude	displaced persons are rude
implicit_animalistic	displaced persons	have no manners	displaced persons have no manners
implicit_animalistic	displaced persons	lack morals	displaced persons lack morals
implicit_animalistic	displaced persons	corrupt	displaced persons corrupt
implicit_animalistic	displaced persons	moralless	displaced persons moralless
implicit_animalistic	displaced persons	without morals	displaced persons without morals
implicit_animalistic	displaced persons	are prone to violating the moral code	displaced persons are prone to violating the moral code
implicit_animalistic	displaced persons	are irrational	displaced persons are irrational
implicit_animalistic	displaced persons	are childish in their decision-making	displaced persons are childish in their decision-making
implicit_animalistic	displaced persons	are childlike	displaced persons are childlike
implicit_animalistic	displaced persons	are immature	displaced persons are immature
implicit_animalistic	displaced persons	are naive	displaced persons are naive
implicit_animalistic	displaced persons	are immoral	displaced persons are immoral
implicit_animalistic	displaced persons	are greedy	displaced persons are greedy
implicit_animalistic	displaced persons	are selfish	displaced persons are selfish
implicit_animalistic	displaced persons	are uneducated	displaced persons are uneducated
implicit_animalistic	undesirables	are uncultured	undesirables are uncultured
implicit_animalistic	undesirables	are unrefined	undesirables are unrefined
implicit_animalistic	undesirables	are provincial	undesirables are provincial
implicit_animalistic	undesirables	are backward	undesirables are backward
implicit_animalistic	undesirables	are uncivilised	undesirables are uncivilised
implicit_animalistic	undesirables	are uncivilized	undesirables are uncivilized
implicit_animalistic	undesirables	are coarse	undesirables are coarse
implicit_animalistic	undesirables	are unintelligent	undesirables are unintelligent
implicit_animalistic	undesirables	are illiterate	undesirables are illiterate
implicit_animalistic	undesirables	are rude	undesirables are rude
implicit_animalistic	undesirables	have no manners	undesirables have no manners
implicit_animalistic	undesirables	lack morals	undesirables lack morals
implicit_animalistic	undesirables	corrupt	undesirables corrupt
implicit_animalistic	undesirables	moralless	undesirables moralless
implicit_animalistic	undesirables	without morals	undesirables without morals
implicit_animalistic	undesirables	are prone to violating the moral code	undesirables are prone to violating the moral code
implicit_animalistic	undesirables	are irrational	undesirables are irrational
implicit_animalistic	undesirables	are childish in their decision-making	undesirables are childish in their decision-making
implicit_animalistic	undesirables	are childlike	undesirables are childlike
implicit_animalistic	undesirables	are immature	undesirables are immature
implicit_animalistic	undesirables	are naive	undesirables are naive
implicit_animalistic	undesirables	are immoral	undesirables are immoral
implicit_animalistic	undesirables	are greedy	undesirables are greedy
implicit_animalistic	undesirables	are selfish	undesirables are selfish
implicit_animalistic	undesirables	are uneducated	undesirables are uneducated
implicit_animalistic	migrants	are uncultured	migrants are uncultured
implicit_animalistic	migrants	are unrefined	migrants are unrefined
implicit_animalistic	migrants	are provincial	migrants are provincial
implicit_animalistic	migrants	are backward	migrants are backward
implicit_animalistic	migrants	are uncivilised	migrants are uncivilised
implicit_animalistic	migrants	are uncivilized	migrants are uncivilized
implicit_animalistic	migrants	are coarse	migrants are coarse
implicit_animalistic	migrants	are unintelligent	migrants are unintelligent
implicit_animalistic	migrants	are illiterate	migrants are illiterate
implicit_animalistic	migrants	are rude	migrants are rude
implicit_animalistic	migrants	have no manners	migrants have no manners
implicit_animalistic	migrants	lack morals	migrants lack morals
implicit_animalistic	migrants	corrupt	migrants corrupt
implicit_animalistic	migrants	moralless	migrants moralless
implicit_animalistic	migrants	without morals	migrants without morals
implicit_animalistic	migrants	are prone to violating the moral code	migrants are prone to violating the moral code
implicit_animalistic	migrants	are irrational	migrants are irrational
implicit_animalistic	migrants	are childish in their decision-making	migrants are childish in their decision-making
implicit_animalistic	migrants	are childlike	migrants are childlike
implicit_animalistic	migrants	are immature	migrants are immature
implicit_animalistic	migrants	are naive	migrants are naive
implicit_animalistic	migrants	are immoral	migrants are immoral
implicit_animalistic	migrants	are greedy	migrants are greedy
implicit_animalistic	migrants	are selfish	migrants are selfish
implicit_animalistic	migrants	are uneducated	migrants are uneducated
implicit_animalistic	jews	are uncultured	jews are uncultured
implicit_animalistic	jews	are unrefined	jews are unrefined
implicit_animalistic	jews	are provincial	jews are provincial
implicit_animalistic	jews	are backward	jews are backward
implicit_animalistic	jews	are uncivilised	jews are uncivilised
implicit_animalistic	jews	are uncivilized	jews are uncivilized
implicit_animalistic	jews	are coarse	jews are coarse
implicit_animalistic	jews	are unintelligent	jews are unintelligent
implicit_animalistic	jews	are illiterate	jews are illiterate
implicit_animalistic	jews	are rude	jews are rude
implicit_animalistic	jews	have no manners	jews have no manners
implicit_animalistic	jews	lack morals	jews lack morals
implicit_animalistic	jews	corrupt	jews corrupt
implicit_animalistic	jews	moralless	jews moralless
implicit_animalistic	jews	without morals	jews without morals
implicit_animalistic	jews	are prone to violating the moral code	jews are prone to violating the moral code
implicit_animalistic	jews	are irrational	jews are irrational
implicit_animalistic	jews	are childish in their decision-making	jews are childish in their decision-making
implicit_animalistic	jews	are childlike	jews are childlike
implicit_animalistic	jews	are immature	jews are immature
implicit_animalistic	jews	are naive	jews are naive
implicit_animalistic	jews	are immoral	jews are immoral
implicit_animalistic	jews	are greedy	jews are greedy
implicit_animalistic	jews	are selfish	jews are selfish
implicit_animalistic	jews	are uneducated	jews are uneducated
implicit_animalistic	hebrews	are uncultured	hebrews are uncultured
implicit_animalistic	hebrews	are unrefined	hebrews are unrefined
implicit_animalistic	hebrews	are provincial	hebrews are provincial
implicit_animalistic	hebrews	are backward	hebrews are backward
implicit_animalistic	hebrews	are uncivilised	hebrews are uncivilised
implicit_animalistic	hebrews	are uncivilized	hebrews are uncivilized
implicit_animalistic	hebrews	are coarse	hebrews are coarse
implicit_animalistic	hebrews	are unintelligent	hebrews are unintelligent
implicit_animalistic	hebrews	are illiterate	hebrews are illiterate
implicit_animalistic	hebrews	are rude	hebrews are rude
implicit_animalistic	hebrews	have no manners	hebrews have no manners
implicit_animalistic	hebrews	lack morals	hebrews lack morals
implicit_animalistic	hebrews	corrupt	hebrews corrupt
implicit_animalistic	hebrews	moralless	hebrews moralless
implicit_animalistic	hebrews	without morals	hebrews without morals
implicit_animalistic	hebrews	are prone to violating the moral code	hebrews are prone to violating the moral code
implicit_animalistic	hebrews	are irrational	hebrews are irrational
implicit_animalistic	hebrews	are childish in their decision-making	hebrews are childish in their decision-making
implicit_animalistic	hebrews	are childlike	hebrews are childlike
implicit_animalistic	hebrews	are immature	hebrews are immature
implicit_animalistic	hebrews	are naive	hebrews are naive
implicit_animalistic	hebrews	are immoral	hebrews are immoral
implicit_animalistic	hebrews	are greedy	hebrews are greedy
implicit_animalistic	hebrews	are selfish	hebrews are selfish
implicit_animalistic	hebrews	are uneducated	hebrews are uneducated
implicit_animalistic	kikes	are uncultured	kikes are uncultured
implicit_animalistic	kikes	are unrefined	kikes are unrefined
implicit_animalistic	kikes	are provincial	kikes are provincial
implicit_animalistic	kikes	are backward	kikes are backward
implicit_animalistic	kikes	are uncivilised	kikes are uncivilised
implicit_animalistic	kikes	are uncivilized	kikes are uncivilized
implicit_animalistic	kikes	are coarse	kikes are coarse
implicit_animalistic	kikes	are unintelligent	kikes are unintelligent
implicit_animalistic	kikes	are illiterate	kikes are illiterate
implicit_animalistic	kikes	are rude	kikes are rude
implicit_animalistic	kikes	have no manners	kikes have no manners
implicit_animalistic	kikes	lack morals	kikes lack morals
implicit_animalistic	kikes	corrupt	kikes corrupt
implicit_animalistic	kikes	moralless	kikes moralless
implicit_animalistic	kikes	without morals	kikes without morals
implicit_animalistic	kikes	are prone to violating the moral code	kikes are prone to violating the moral code
implicit_animalistic	kikes	are irrational	kikes are irrational
implicit_animalistic	kikes	are childish in their decision-making	kikes are childish in their decision-making
implicit_animalistic	kikes	are childlike	kikes are childlike
implicit_animalistic	kikes	are immature	kikes are immature
implicit_animalistic	kikes	are naive	kikes are naive
implicit_animalistic	kikes	are immoral	kikes are immoral
implicit_animalistic	kikes	are greedy	kikes are greedy
implicit_animalistic	kikes	are selfish	kikes are selfish
implicit_animalistic	kikes	are uneducated	kikes are uneducated
implicit_animalistic	yids	are uncultured	yids are uncultured
implicit_animalistic	yids	are unrefined	yids are unrefined
implicit_animalistic	yids	are provincial	yids are provincial
implicit_animalistic	yids	are backward	yids are backward
implicit_animalistic	yids	are uncivilised	yids are uncivilised
implicit_animalistic	yids	are uncivilized	yids are uncivilized
implicit_animalistic	yids	are coarse	yids are coarse
implicit_animalistic	yids	are unintelligent	yids are unintelligent
implicit_animalistic	yids	are illiterate	yids are illiterate
implicit_animalistic	yids	are rude	yids are rude
implicit_animalistic	yids	have no manners	yids have no manners
implicit_animalistic	yids	lack morals	yids lack morals
implicit_animalistic	yids	corrupt	yids corrupt
implicit_animalistic	yids	moralless	yids moralless
implicit_animalistic	yids	without morals	yids without morals
implicit_animalistic	yids	are prone to violating the moral code	yids are prone to violating the moral code
implicit_animalistic	yids	are irrational	yids are irrational
implicit_animalistic	yids	are childish in their decision-making	yids are childish in their decision-making
implicit_animalistic	yids	are childlike	yids are childlike
implicit_animalistic	yids	are immature	yids are immature
implicit_animalistic	yids	are naive	yids are naive
implicit_animalistic	yids	are immoral	yids are immoral
implicit_animalistic	yids	are greedy	yids are greedy
implicit_animalistic	yids	are selfish	yids are selfish
implicit_animalistic	yids	are uneducated	yids are uneducated
implicit_animalistic	mockies	are uncultured	mockies are uncultured
implicit_animalistic	mockies	are unrefined	mockies are unrefined
implicit_animalistic	mockies	are provincial	mockies are provincial
implicit_animalistic	mockies	are backward	mockies are backward
implicit_animalistic	mockies	are uncivilised	mockies are uncivilised
implicit_animalistic	mockies	are uncivilized	mockies are uncivilized
implicit_animalistic	mockies	are coarse	mockies are coarse
implicit_animalistic	mockies	are unintelligent	mockies are unintelligent
implicit_animalistic	mockies	are illiterate	mockies are illiterate
implicit_animalistic	mockies	are rude	mockies are rude
implicit_animalistic	mockies	have no manners	mockies have no manners
implicit_animalistic	mockies	lack morals	mockies lack morals
implicit_animalistic	mockies	corrupt	mockies corrupt
implicit_animalistic	mockies	moralless	mockies moralless
implicit_animalistic	mockies	without morals	mockies without morals
implicit_animalistic	mockies	are prone to violating the moral code	mockies are prone to violating the moral code
implicit_animalistic	mockies	are irrational	mockies are irrational
implicit_animalistic	mockies	are childish in their decision-making	mockies are childish in their decision-making
implicit_animalistic	mockies	are childlike	mockies are childlike
implicit_animalistic	mockies	are immature	mockies are immature
implicit_animalistic	mockies	are naive	mockies are naive
implicit_animalistic	mockies	are immoral	mockies are immoral
implicit_animalistic	mockies	are greedy	mockies are greedy
implicit_animalistic	mockies	are selfish	mockies are selfish
implicit_animalistic	mockies	are uneducated	mockies are uneducated
implicit_animalistic	mockys	are uncultured	mockys are uncultured
implicit_animalistic	mockys	are unrefined	mockys are unrefined
implicit_animalistic	mockys	are provincial	mockys are provincial
implicit_animalistic	mockys	are backward	mockys are backward
implicit_animalistic	mockys	are uncivilised	mockys are uncivilised
implicit_animalistic	mockys	are uncivilized	mockys are uncivilized
implicit_animalistic	mockys	are coarse	mockys are coarse
implicit_animalistic	mockys	are unintelligent	mockys are unintelligent
implicit_animalistic	mockys	are illiterate	mockys are illiterate
implicit_animalistic	mockys	are rude	mockys are rude
implicit_animalistic	mockys	have no manners	mockys have no manners
implicit_animalistic	mockys	lack morals	mockys lack morals
implicit_animalistic	mockys	corrupt	mockys corrupt
implicit_animalistic	mockys	moralless	mockys moralless
implicit_animalistic	mockys	without morals	mockys without morals
implicit_animalistic	mockys	are prone to violating the moral code	mockys are prone to violating the moral code
implicit_animalistic	mockys	are irrational	mockys are irrational
implicit_animalistic	mockys	are childish in their decision-making	mockys are childish in their decision-making
implicit_animalistic	mockys	are childlike	mockys are childlike
implicit_animalistic	mockys	are immature	mockys are immature
implicit_animalistic	mockys	are naive	mockys are naive
implicit_animalistic	mockys	are immoral	mockys are immoral
implicit_animalistic	mockys	are greedy	mockys are greedy
implicit_animalistic	mockys	are selfish	mockys are selfish
implicit_animalistic	mockys	are uneducated	mockys are uneducated
implicit_animalistic	bootlips	are uncultured	bootlips are uncultured
implicit_animalistic	bootlips	are unrefined	bootlips are unrefined
implicit_animalistic	bootlips	are provincial	bootlips are provincial
implicit_animalistic	bootlips	are backward	bootlips are backward
implicit_animalistic	bootlips	are uncivilised	bootlips are uncivilised
implicit_animalistic	bootlips	are uncivilized	bootlips are uncivilized
implicit_animalistic	bootlips	are coarse	bootlips are coarse
implicit_animalistic	bootlips	are unintelligent	bootlips are unintelligent
implicit_animalistic	bootlips	are illiterate	bootlips are illiterate
implicit_animalistic	bootlips	are rude	bootlips are rude
implicit_animalistic	bootlips	have no manners	bootlips have no manners
implicit_animalistic	bootlips	lack morals	bootlips lack morals
implicit_animalistic	bootlips	corrupt	bootlips corrupt
implicit_animalistic	bootlips	moralless	bootlips moralless
implicit_animalistic	bootlips	without morals	bootlips without morals
implicit_animalistic	bootlips	are prone to violating the moral code	bootlips are prone to violating the moral code
implicit_animalistic	bootlips	are irrational	bootlips are irrational
implicit_animalistic	bootlips	are childish in their decision-making	bootlips are childish in their decision-making
implicit_animalistic	bootlips	are childlike	bootlips are childlike
implicit_animalistic	bootlips	are immature	bootlips are immature
implicit_animalistic	bootlips	are naive	bootlips are naive
implicit_animalistic	bootlips	are immoral	bootlips are immoral
implicit_animalistic	bootlips	are greedy	bootlips are greedy
implicit_animalistic	bootlips	are selfish	bootlips are selfish
implicit_animalistic	bootlips	are uneducated	bootlips are uneducated
implicit_animalistic	dindus	are uncultured	dindus are uncultured
implicit_animalistic	dindus	are unrefined	dindus are unrefined
implicit_animalistic	dindus	are provincial	dindus are provincial
implicit_animalistic	dindus	are backward	dindus are backward
implicit_animalistic	dindus	are uncivilised	dindus are uncivilised
implicit_animalistic	dindus	are uncivilized	dindus are uncivilized
implicit_animalistic	dindus	are coarse	dindus are coarse
implicit_animalistic	dindus	are unintelligent	dindus are unintelligent
implicit_animalistic	dindus	are illiterate	dindus are illiterate
implicit_animalistic	dindus	are rude	dindus are rude
implicit_animalistic	dindus	have no manners	dindus have no manners
implicit_animalistic	dindus	lack morals	dindus lack morals
implicit_animalistic	dindus	corrupt	dindus corrupt
implicit_animalistic	dindus	moralless	dindus moralless
implicit_animalistic	dindus	without morals	dindus without morals
implicit_animalistic	dindus	are prone to violating the moral code	dindus are prone to violating the moral code
implicit_animalistic	dindus	are irrational	dindus are irrational
implicit_animalistic	dindus	are childish in their decision-making	dindus are childish in their decision-making
implicit_animalistic	dindus	are childlike	dindus are childlike
implicit_animalistic	dindus	are immature	dindus are immature
implicit_animalistic	dindus	are naive	dindus are naive
implicit_animalistic	dindus	are immoral	dindus are immoral
implicit_animalistic	dindus	are greedy	dindus are greedy
implicit_animalistic	dindus	are selfish	dindus are selfish
implicit_animalistic	dindus	are uneducated	dindus are uneducated
implicit_animalistic	porch monkeys	are uncultured	porch monkeys are uncultured
implicit_animalistic	porch monkeys	are unrefined	porch monkeys are unrefined
implicit_animalistic	porch monkeys	are provincial	porch monkeys are provincial
implicit_animalistic	porch monkeys	are backward	porch monkeys are backward
implicit_animalistic	porch monkeys	are uncivilised	porch monkeys are uncivilised
implicit_animalistic	porch monkeys	are uncivilized	porch monkeys are uncivilized
implicit_animalistic	porch monkeys	are coarse	porch monkeys are coarse
implicit_animalistic	porch monkeys	are unintelligent	porch monkeys are unintelligent
implicit_animalistic	porch monkeys	are illiterate	porch monkeys are illiterate
implicit_animalistic	porch monkeys	are rude	porch monkeys are rude
implicit_animalistic	porch monkeys	have no manners	porch monkeys have no manners
implicit_animalistic	porch monkeys	lack morals	porch monkeys lack morals
implicit_animalistic	porch monkeys	corrupt	porch monkeys corrupt
implicit_animalistic	porch monkeys	moralless	porch monkeys moralless
implicit_animalistic	porch monkeys	without morals	porch monkeys without morals
implicit_animalistic	porch monkeys	are prone to violating the moral code	porch monkeys are prone to violating the moral code
implicit_animalistic	porch monkeys	are irrational	porch monkeys are irrational
implicit_animalistic	porch monkeys	are childish in their decision-making	porch monkeys are childish in their decision-making
implicit_animalistic	porch monkeys	are childlike	porch monkeys are childlike
implicit_animalistic	porch monkeys	are immature	porch monkeys are immature
implicit_animalistic	porch monkeys	are naive	porch monkeys are naive
implicit_animalistic	porch monkeys	are immoral	porch monkeys are immoral
implicit_animalistic	porch monkeys	are greedy	porch monkeys are greedy
implicit_animalistic	porch monkeys	are selfish	porch monkeys are selfish
implicit_animalistic	porch monkeys	are uneducated	porch monkeys are uneducated
implicit_animalistic	ghetto monkeys	are uncultured	ghetto monkeys are uncultured
implicit_animalistic	ghetto monkeys	are unrefined	ghetto monkeys are unrefined
implicit_animalistic	ghetto monkeys	are provincial	ghetto monkeys are provincial
implicit_animalistic	ghetto monkeys	are backward	ghetto monkeys are backward
implicit_animalistic	ghetto monkeys	are uncivilised	ghetto monkeys are uncivilised
implicit_animalistic	ghetto monkeys	are uncivilized	ghetto monkeys are uncivilized
implicit_animalistic	ghetto monkeys	are coarse	ghetto monkeys are coarse
implicit_animalistic	ghetto monkeys	are unintelligent	ghetto monkeys are unintelligent
implicit_animalistic	ghetto monkeys	are illiterate	ghetto monkeys are illiterate
implicit_animalistic	ghetto monkeys	are rude	ghetto monkeys are rude
implicit_animalistic	ghetto monkeys	have no manners	ghetto monkeys have no manners
implicit_animalistic	ghetto monkeys	lack morals	ghetto monkeys lack morals
implicit_animalistic	ghetto monkeys	corrupt	ghetto monkeys corrupt
implicit_animalistic	ghetto monkeys	moralless	ghetto monkeys moralless
implicit_animalistic	ghetto monkeys	without morals	ghetto monkeys without morals
implicit_animalistic	ghetto monkeys	are prone to violating the moral code	ghetto monkeys are prone to violating the moral code
implicit_animalistic	ghetto monkeys	are irrational	ghetto monkeys are irrational
implicit_animalistic	ghetto monkeys	are childish in their decision-making	ghetto monkeys are childish in their decision-making
implicit_animalistic	ghetto monkeys	are childlike	ghetto monkeys are childlike
implicit_animalistic	ghetto monkeys	are immature	ghetto monkeys are immature
implicit_animalistic	ghetto monkeys	are naive	ghetto monkeys are naive
implicit_animalistic	ghetto monkeys	are immoral	ghetto monkeys are immoral
implicit_animalistic	ghetto monkeys	are greedy	ghetto monkeys are greedy
implicit_animalistic	ghetto monkeys	are selfish	ghetto monkeys are selfish
implicit_animalistic	ghetto monkeys	are uneducated	ghetto monkeys are uneducated
implicit_animalistic	golliwogs	are uncultured	golliwogs are uncultured
implicit_animalistic	golliwogs	are unrefined	golliwogs are unrefined
implicit_animalistic	golliwogs	are provincial	golliwogs are provincial
implicit_animalistic	golliwogs	are backward	golliwogs are backward
implicit_animalistic	golliwogs	are uncivilised	golliwogs are uncivilised
implicit_animalistic	golliwogs	are uncivilized	golliwogs are uncivilized
implicit_animalistic	golliwogs	are coarse	golliwogs are coarse
implicit_animalistic	golliwogs	are unintelligent	golliwogs are unintelligent
implicit_animalistic	golliwogs	are illiterate	golliwogs are illiterate
implicit_animalistic	golliwogs	are rude	golliwogs are rude
implicit_animalistic	golliwogs	have no manners	golliwogs have no manners
implicit_animalistic	golliwogs	lack morals	golliwogs lack morals
implicit_animalistic	golliwogs	corrupt	golliwogs corrupt
implicit_animalistic	golliwogs	moralless	golliwogs moralless
implicit_animalistic	golliwogs	without morals	golliwogs without morals
implicit_animalistic	golliwogs	are prone to violating the moral code	golliwogs are prone to violating the moral code
implicit_animalistic	golliwogs	are irrational	golliwogs are irrational
implicit_animalistic	golliwogs	are childish in their decision-making	golliwogs are childish in their decision-making
implicit_animalistic	golliwogs	are childlike	golliwogs are childlike
implicit_animalistic	golliwogs	are immature	golliwogs are immature
implicit_animalistic	golliwogs	are naive	golliwogs are naive
implicit_animalistic	golliwogs	are immoral	golliwogs are immoral
implicit_animalistic	golliwogs	are greedy	golliwogs are greedy
implicit_animalistic	golliwogs	are selfish	golliwogs are selfish
implicit_animalistic	golliwogs	are uneducated	golliwogs are uneducated
implicit_animalistic	hoodrats	are uncultured	hoodrats are uncultured
implicit_animalistic	hoodrats	are unrefined	hoodrats are unrefined
implicit_animalistic	hoodrats	are provincial	hoodrats are provincial
implicit_animalistic	hoodrats	are backward	hoodrats are backward
implicit_animalistic	hoodrats	are uncivilised	hoodrats are uncivilised
implicit_animalistic	hoodrats	are uncivilized	hoodrats are uncivilized
implicit_animalistic	hoodrats	are coarse	hoodrats are coarse
implicit_animalistic	hoodrats	are unintelligent	hoodrats are unintelligent
implicit_animalistic	hoodrats	are illiterate	hoodrats are illiterate
implicit_animalistic	hoodrats	are rude	hoodrats are rude
implicit_animalistic	hoodrats	have no manners	hoodrats have no manners
implicit_animalistic	hoodrats	lack morals	hoodrats lack morals
implicit_animalistic	hoodrats	corrupt	hoodrats corrupt
implicit_animalistic	hoodrats	moralless	hoodrats moralless
implicit_animalistic	hoodrats	without morals	hoodrats without morals
implicit_animalistic	hoodrats	are prone to violating the moral code	hoodrats are prone to violating the moral code
implicit_animalistic	hoodrats	are irrational	hoodrats are irrational
implicit_animalistic	hoodrats	are childish in their decision-making	hoodrats are childish in their decision-making
implicit_animalistic	hoodrats	are childlike	hoodrats are childlike
implicit_animalistic	hoodrats	are immature	hoodrats are immature
implicit_animalistic	hoodrats	are naive	hoodrats are naive
implicit_animalistic	hoodrats	are immoral	hoodrats are immoral
implicit_animalistic	hoodrats	are greedy	hoodrats are greedy
implicit_animalistic	hoodrats	are selfish	hoodrats are selfish
implicit_animalistic	hoodrats	are uneducated	hoodrats are uneducated
implicit_animalistic	blacks	are uncultured	blacks are uncultured
implicit_animalistic	blacks	are unrefined	blacks are unrefined
implicit_animalistic	blacks	are provincial	blacks are provincial
implicit_animalistic	blacks	are backward	blacks are backward
implicit_animalistic	blacks	are uncivilised	blacks are uncivilised
implicit_animalistic	blacks	are uncivilized	blacks are uncivilized
implicit_animalistic	blacks	are coarse	blacks are coarse
implicit_animalistic	blacks	are unintelligent	blacks are unintelligent
implicit_animalistic	blacks	are illiterate	blacks are illiterate
implicit_animalistic	blacks	are rude	blacks are rude
implicit_animalistic	blacks	have no manners	blacks have no manners
implicit_animalistic	blacks	lack morals	blacks lack morals
implicit_animalistic	blacks	corrupt	blacks corrupt
implicit_animalistic	blacks	moralless	blacks moralless
implicit_animalistic	blacks	without morals	blacks without morals
implicit_animalistic	blacks	are prone to violating the moral code	blacks are prone to violating the moral code
implicit_animalistic	blacks	are irrational	blacks are irrational
implicit_animalistic	blacks	are childish in their decision-making	blacks are childish in their decision-making
implicit_animalistic	blacks	are childlike	blacks are childlike
implicit_animalistic	blacks	are immature	blacks are immature
implicit_animalistic	blacks	are naive	blacks are naive
implicit_animalistic	blacks	are immoral	blacks are immoral
implicit_animalistic	blacks	are greedy	blacks are greedy
implicit_animalistic	blacks	are selfish	blacks are selfish
implicit_animalistic	blacks	are uneducated	blacks are uneducated
implicit_animalistic	black people	are uncultured	black people are uncultured
implicit_animalistic	black people	are unrefined	black people are unrefined
implicit_animalistic	black people	are provincial	black people are provincial
implicit_animalistic	black people	are backward	black people are backward
implicit_animalistic	black people	are uncivilised	black people are uncivilised
implicit_animalistic	black people	are uncivilized	black people are uncivilized
implicit_animalistic	black people	are coarse	black people are coarse
implicit_animalistic	black people	are unintelligent	black people are unintelligent
implicit_animalistic	black people	are illiterate	black people are illiterate
implicit_animalistic	black people	are rude	black people are rude
implicit_animalistic	black people	have no manners	black people have no manners
implicit_animalistic	black people	lack morals	black people lack morals
implicit_animalistic	black people	corrupt	black people corrupt
implicit_animalistic	black people	moralless	black people moralless
implicit_animalistic	black people	without morals	black people without morals
implicit_animalistic	black people	are prone to violating the moral code	black people are prone to violating the moral code
implicit_animalistic	black people	are irrational	black people are irrational
implicit_animalistic	black people	are childish in their decision-making	black people are childish in their decision-making
implicit_animalistic	black people	are childlike	black people are childlike
implicit_animalistic	black people	are immature	black people are immature
implicit_animalistic	black people	are naive	black people are naive
implicit_animalistic	black people	are immoral	black people are immoral
implicit_animalistic	black people	are greedy	black people are greedy
implicit_animalistic	black people	are selfish	black people are selfish
implicit_animalistic	black people	are uneducated	black people are uneducated
implicit_animalistic	jiggas	are uncultured	jiggas are uncultured
implicit_animalistic	jiggas	are unrefined	jiggas are unrefined
implicit_animalistic	jiggas	are provincial	jiggas are provincial
implicit_animalistic	jiggas	are backward	jiggas are backward
implicit_animalistic	jiggas	are uncivilised	jiggas are uncivilised
implicit_animalistic	jiggas	are uncivilized	jiggas are uncivilized
implicit_animalistic	jiggas	are coarse	jiggas are coarse
implicit_animalistic	jiggas	are unintelligent	jiggas are unintelligent
implicit_animalistic	jiggas	are illiterate	jiggas are illiterate
implicit_animalistic	jiggas	are rude	jiggas are rude
implicit_animalistic	jiggas	have no manners	jiggas have no manners
implicit_animalistic	jiggas	lack morals	jiggas lack morals
implicit_animalistic	jiggas	corrupt	jiggas corrupt
implicit_animalistic	jiggas	moralless	jiggas moralless
implicit_animalistic	jiggas	without morals	jiggas without morals
implicit_animalistic	jiggas	are prone to violating the moral code	jiggas are prone to violating the moral code
implicit_animalistic	jiggas	are irrational	jiggas are irrational
implicit_animalistic	jiggas	are childish in their decision-making	jiggas are childish in their decision-making
implicit_animalistic	jiggas	are childlike	jiggas are childlike
implicit_animalistic	jiggas	are immature	jiggas are immature
implicit_animalistic	jiggas	are naive	jiggas are naive
implicit_animalistic	jiggas	are immoral	jiggas are immoral
implicit_animalistic	jiggas	are greedy	jiggas are greedy
implicit_animalistic	jiggas	are selfish	jiggas are selfish
implicit_animalistic	jiggas	are uneducated	jiggas are uneducated
implicit_animalistic	jiggers	are uncultured	jiggers are uncultured
implicit_animalistic	jiggers	are unrefined	jiggers are unrefined
implicit_animalistic	jiggers	are provincial	jiggers are provincial
implicit_animalistic	jiggers	are backward	jiggers are backward
implicit_animalistic	jiggers	are uncivilised	jiggers are uncivilised
implicit_animalistic	jiggers	are uncivilized	jiggers are uncivilized
implicit_animalistic	jiggers	are coarse	jiggers are coarse
implicit_animalistic	jiggers	are unintelligent	jiggers are unintelligent
implicit_animalistic	jiggers	are illiterate	jiggers are illiterate
implicit_animalistic	jiggers	are rude	jiggers are rude
implicit_animalistic	jiggers	have no manners	jiggers have no manners
implicit_animalistic	jiggers	lack morals	jiggers lack morals
implicit_animalistic	jiggers	corrupt	jiggers corrupt
implicit_animalistic	jiggers	moralless	jiggers moralless
implicit_animalistic	jiggers	without morals	jiggers without morals
implicit_animalistic	jiggers	are prone to violating the moral code	jiggers are prone to violating the moral code
implicit_animalistic	jiggers	are irrational	jiggers are irrational
implicit_animalistic	jiggers	are childish in their decision-making	jiggers are childish in their decision-making
implicit_animalistic	jiggers	are childlike	jiggers are childlike
implicit_animalistic	jiggers	are immature	jiggers are immature
implicit_animalistic	jiggers	are naive	jiggers are naive
implicit_animalistic	jiggers	are immoral	jiggers are immoral
implicit_animalistic	jiggers	are greedy	jiggers are greedy
implicit_animalistic	jiggers	are selfish	jiggers are selfish
implicit_animalistic	jiggers	are uneducated	jiggers are uneducated
implicit_animalistic	jigros	are uncultured	jigros are uncultured
implicit_animalistic	jigros	are unrefined	jigros are unrefined
implicit_animalistic	jigros	are provincial	jigros are provincial
implicit_animalistic	jigros	are backward	jigros are backward
implicit_animalistic	jigros	are uncivilised	jigros are uncivilised
implicit_animalistic	jigros	are uncivilized	jigros are uncivilized
implicit_animalistic	jigros	are coarse	jigros are coarse
implicit_animalistic	jigros	are unintelligent	jigros are unintelligent
implicit_animalistic	jigros	are illiterate	jigros are illiterate
implicit_animalistic	jigros	are rude	jigros are rude
implicit_animalistic	jigros	have no manners	jigros have no manners
implicit_animalistic	jigros	lack morals	jigros lack morals
implicit_animalistic	jigros	corrupt	jigros corrupt
implicit_animalistic	jigros	moralless	jigros moralless
implicit_animalistic	jigros	without morals	jigros without morals
implicit_animalistic	jigros	are prone to violating the moral code	jigros are prone to violating the moral code
implicit_animalistic	jigros	are irrational	jigros are irrational
implicit_animalistic	jigros	are childish in their decision-making	jigros are childish in their decision-making
implicit_animalistic	jigros	are childlike	jigros are childlike
implicit_animalistic	jigros	are immature	jigros are immature
implicit_animalistic	jigros	are naive	jigros are naive
implicit_animalistic	jigros	are immoral	jigros are immoral
implicit_animalistic	jigros	are greedy	jigros are greedy
implicit_animalistic	jigros	are selfish	jigros are selfish
implicit_animalistic	jigros	are uneducated	jigros are uneducated
implicit_animalistic	kneegrows	are uncultured	kneegrows are uncultured
implicit_animalistic	kneegrows	are unrefined	kneegrows are unrefined
implicit_animalistic	kneegrows	are provincial	kneegrows are provincial
implicit_animalistic	kneegrows	are backward	kneegrows are backward
implicit_animalistic	kneegrows	are uncivilised	kneegrows are uncivilised
implicit_animalistic	kneegrows	are uncivilized	kneegrows are uncivilized
implicit_animalistic	kneegrows	are coarse	kneegrows are coarse
implicit_animalistic	kneegrows	are unintelligent	kneegrows are unintelligent
implicit_animalistic	kneegrows	are illiterate	kneegrows are illiterate
implicit_animalistic	kneegrows	are rude	kneegrows are rude
implicit_animalistic	kneegrows	have no manners	kneegrows have no manners
implicit_animalistic	kneegrows	lack morals	kneegrows lack morals
implicit_animalistic	kneegrows	corrupt	kneegrows corrupt
implicit_animalistic	kneegrows	moralless	kneegrows moralless
implicit_animalistic	kneegrows	without morals	kneegrows without morals
implicit_animalistic	kneegrows	are prone to violating the moral code	kneegrows are prone to violating the moral code
implicit_animalistic	kneegrows	are irrational	kneegrows are irrational
implicit_animalistic	kneegrows	are childish in their decision-making	kneegrows are childish in their decision-making
implicit_animalistic	kneegrows	are childlike	kneegrows are childlike
implicit_animalistic	kneegrows	are immature	kneegrows are immature
implicit_animalistic	kneegrows	are naive	kneegrows are naive
implicit_animalistic	kneegrows	are immoral	kneegrows are immoral
implicit_animalistic	kneegrows	are greedy	kneegrows are greedy
implicit_animalistic	kneegrows	are selfish	kneegrows are selfish
implicit_animalistic	kneegrows	are uneducated	kneegrows are uneducated
implicit_animalistic	moulies	are uncultured	moulies are uncultured
implicit_animalistic	moulies	are unrefined	moulies are unrefined
implicit_animalistic	moulies	are provincial	moulies are provincial
implicit_animalistic	moulies	are backward	moulies are backward
implicit_animalistic	moulies	are uncivilised	moulies are uncivilised
implicit_animalistic	moulies	are uncivilized	moulies are uncivilized
implicit_animalistic	moulies	are coarse	moulies are coarse
implicit_animalistic	moulies	are unintelligent	moulies are unintelligent
implicit_animalistic	moulies	are illiterate	moulies are illiterate
implicit_animalistic	moulies	are rude	moulies are rude
implicit_animalistic	moulies	have no manners	moulies have no manners
implicit_animalistic	moulies	lack morals	moulies lack morals
implicit_animalistic	moulies	corrupt	moulies corrupt
implicit_animalistic	moulies	moralless	moulies moralless
implicit_animalistic	moulies	without morals	moulies without morals
implicit_animalistic	moulies	are prone to violating the moral code	moulies are prone to violating the moral code
implicit_animalistic	moulies	are irrational	moulies are irrational
implicit_animalistic	moulies	are childish in their decision-making	moulies are childish in their decision-making
implicit_animalistic	moulies	are childlike	moulies are childlike
implicit_animalistic	moulies	are immature	moulies are immature
implicit_animalistic	moulies	are naive	moulies are naive
implicit_animalistic	moulies	are immoral	moulies are immoral
implicit_animalistic	moulies	are greedy	moulies are greedy
implicit_animalistic	moulies	are selfish	moulies are selfish
implicit_animalistic	moulies	are uneducated	moulies are uneducated
implicit_animalistic	negros	are uncultured	negros are uncultured
implicit_animalistic	negros	are unrefined	negros are unrefined
implicit_animalistic	negros	are provincial	negros are provincial
implicit_animalistic	negros	are backward	negros are backward
implicit_animalistic	negros	are uncivilised	negros are uncivilised
implicit_animalistic	negros	are uncivilized	negros are uncivilized
implicit_animalistic	negros	are coarse	negros are coarse
implicit_animalistic	negros	are unintelligent	negros are unintelligent
implicit_animalistic	negros	are illiterate	negros are illiterate
implicit_animalistic	negros	are rude	negros are rude
implicit_animalistic	negros	have no manners	negros have no manners
implicit_animalistic	negros	lack morals	negros lack morals
implicit_animalistic	negros	corrupt	negros corrupt
implicit_animalistic	negros	moralless	negros moralless
implicit_animalistic	negros	without morals	negros without morals
implicit_animalistic	negros	are prone to violating the moral code	negros are prone to violating the moral code
implicit_animalistic	negros	are irrational	negros are irrational
implicit_animalistic	negros	are childish in their decision-making	negros are childish in their decision-making
implicit_animalistic	negros	are childlike	negros are childlike
implicit_animalistic	negros	are immature	negros are immature
implicit_animalistic	negros	are naive	negros are naive
implicit_animalistic	negros	are immoral	negros are immoral
implicit_animalistic	negros	are greedy	negros are greedy
implicit_animalistic	negros	are selfish	negros are selfish
implicit_animalistic	negros	are uneducated	negros are uneducated
implicit_animalistic	niggers	are uncultured	niggers are uncultured
implicit_animalistic	niggers	are unrefined	niggers are unrefined
implicit_animalistic	niggers	are provincial	niggers are provincial
implicit_animalistic	niggers	are backward	niggers are backward
implicit_animalistic	niggers	are uncivilised	niggers are uncivilised
implicit_animalistic	niggers	are uncivilized	niggers are uncivilized
implicit_animalistic	niggers	are coarse	niggers are coarse
implicit_animalistic	niggers	are unintelligent	niggers are unintelligent
implicit_animalistic	niggers	are illiterate	niggers are illiterate
implicit_animalistic	niggers	are rude	niggers are rude
implicit_animalistic	niggers	have no manners	niggers have no manners
implicit_animalistic	niggers	lack morals	niggers lack morals
implicit_animalistic	niggers	corrupt	niggers corrupt
implicit_animalistic	niggers	moralless	niggers moralless
implicit_animalistic	niggers	without morals	niggers without morals
implicit_animalistic	niggers	are prone to violating the moral code	niggers are prone to violating the moral code
implicit_animalistic	niggers	are irrational	niggers are irrational
implicit_animalistic	niggers	are childish in their decision-making	niggers are childish in their decision-making
implicit_animalistic	niggers	are childlike	niggers are childlike
implicit_animalistic	niggers	are immature	niggers are immature
implicit_animalistic	niggers	are naive	niggers are naive
implicit_animalistic	niggers	are immoral	niggers are immoral
implicit_animalistic	niggers	are greedy	niggers are greedy
implicit_animalistic	niggers	are selfish	niggers are selfish
implicit_animalistic	niggers	are uneducated	niggers are uneducated
implicit_animalistic	afro-americans	are uncultured	afro-americans are uncultured
implicit_animalistic	afro-americans	are unrefined	afro-americans are unrefined
implicit_animalistic	afro-americans	are provincial	afro-americans are provincial
implicit_animalistic	afro-americans	are backward	afro-americans are backward
implicit_animalistic	afro-americans	are uncivilised	afro-americans are uncivilised
implicit_animalistic	afro-americans	are uncivilized	afro-americans are uncivilized
implicit_animalistic	afro-americans	are coarse	afro-americans are coarse
implicit_animalistic	afro-americans	are unintelligent	afro-americans are unintelligent
implicit_animalistic	afro-americans	are illiterate	afro-americans are illiterate
implicit_animalistic	afro-americans	are rude	afro-americans are rude
implicit_animalistic	afro-americans	have no manners	afro-americans have no manners
implicit_animalistic	afro-americans	lack morals	afro-americans lack morals
implicit_animalistic	afro-americans	corrupt	afro-americans corrupt
implicit_animalistic	afro-americans	moralless	afro-americans moralless
implicit_animalistic	afro-americans	without morals	afro-americans without morals
implicit_animalistic	afro-americans	are prone to violating the moral code	afro-americans are prone to violating the moral code
implicit_animalistic	afro-americans	are irrational	afro-americans are irrational
implicit_animalistic	afro-americans	are childish in their decision-making	afro-americans are childish in their decision-making
implicit_animalistic	afro-americans	are childlike	afro-americans are childlike
implicit_animalistic	afro-americans	are immature	afro-americans are immature
implicit_animalistic	afro-americans	are naive	afro-americans are naive
implicit_animalistic	afro-americans	are immoral	afro-americans are immoral
implicit_animalistic	afro-americans	are greedy	afro-americans are greedy
implicit_animalistic	afro-americans	are selfish	afro-americans are selfish
implicit_animalistic	afro-americans	are uneducated	afro-americans are uneducated
implicit_animalistic	afromericans	are uncultured	afromericans are uncultured
implicit_animalistic	afromericans	are unrefined	afromericans are unrefined
implicit_animalistic	afromericans	are provincial	afromericans are provincial
implicit_animalistic	afromericans	are backward	afromericans are backward
implicit_animalistic	afromericans	are uncivilised	afromericans are uncivilised
implicit_animalistic	afromericans	are uncivilized	afromericans are uncivilized
implicit_animalistic	afromericans	are coarse	afromericans are coarse
implicit_animalistic	afromericans	are unintelligent	afromericans are unintelligent
implicit_animalistic	afromericans	are illiterate	afromericans are illiterate
implicit_animalistic	afromericans	are rude	afromericans are rude
implicit_animalistic	afromericans	have no manners	afromericans have no manners
implicit_animalistic	afromericans	lack morals	afromericans lack morals
implicit_animalistic	afromericans	corrupt	afromericans corrupt
implicit_animalistic	afromericans	moralless	afromericans moralless
implicit_animalistic	afromericans	without morals	afromericans without morals
implicit_animalistic	afromericans	are prone to violating the moral code	afromericans are prone to violating the moral code
implicit_animalistic	afromericans	are irrational	afromericans are irrational
implicit_animalistic	afromericans	are childish in their decision-making	afromericans are childish in their decision-making
implicit_animalistic	afromericans	are childlike	afromericans are childlike
implicit_animalistic	afromericans	are immature	afromericans are immature
implicit_animalistic	afromericans	are naive	afromericans are naive
implicit_animalistic	afromericans	are immoral	afromericans are immoral
implicit_animalistic	afromericans	are greedy	afromericans are greedy
implicit_animalistic	afromericans	are selfish	afromericans are selfish
implicit_animalistic	afromericans	are uneducated	afromericans are uneducated
implicit_animalistic	native-americans	are uncultured	native-americans are uncultured
implicit_animalistic	native-americans	are unrefined	native-americans are unrefined
implicit_animalistic	native-americans	are provincial	native-americans are provincial
implicit_animalistic	native-americans	are backward	native-americans are backward
implicit_animalistic	native-americans	are uncivilised	native-americans are uncivilised
implicit_animalistic	native-americans	are uncivilized	native-americans are uncivilized
implicit_animalistic	native-americans	are coarse	native-americans are coarse
implicit_animalistic	native-americans	are unintelligent	native-americans are unintelligent
implicit_animalistic	native-americans	are illiterate	native-americans are illiterate
implicit_animalistic	native-americans	are rude	native-americans are rude
implicit_animalistic	native-americans	have no manners	native-americans have no manners
implicit_animalistic	native-americans	lack morals	native-americans lack morals
implicit_animalistic	native-americans	corrupt	native-americans corrupt
implicit_animalistic	native-americans	moralless	native-americans moralless
implicit_animalistic	native-americans	without morals	native-americans without morals
implicit_animalistic	native-americans	are prone to violating the moral code	native-americans are prone to violating the moral code
implicit_animalistic	native-americans	are irrational	native-americans are irrational
implicit_animalistic	native-americans	are childish in their decision-making	native-americans are childish in their decision-making
implicit_animalistic	native-americans	are childlike	native-americans are childlike
implicit_animalistic	native-americans	are immature	native-americans are immature
implicit_animalistic	native-americans	are naive	native-americans are naive
implicit_animalistic	native-americans	are immoral	native-americans are immoral
implicit_animalistic	native-americans	are greedy	native-americans are greedy
implicit_animalistic	native-americans	are selfish	native-americans are selfish
implicit_animalistic	native-americans	are uneducated	native-americans are uneducated
implicit_animalistic	women	are uncultured	women are uncultured
implicit_animalistic	women	are unrefined	women are unrefined
implicit_animalistic	women	are provincial	women are provincial
implicit_animalistic	women	are backward	women are backward
implicit_animalistic	women	are uncivilised	women are uncivilised
implicit_animalistic	women	are uncivilized	women are uncivilized
implicit_animalistic	women	are coarse	women are coarse
implicit_animalistic	women	are unintelligent	women are unintelligent
implicit_animalistic	women	are illiterate	women are illiterate
implicit_animalistic	women	are rude	women are rude
implicit_animalistic	women	have no manners	women have no manners
implicit_animalistic	women	lack morals	women lack morals
implicit_animalistic	women	corrupt	women corrupt
implicit_animalistic	women	moralless	women moralless
implicit_animalistic	women	without morals	women without morals
implicit_animalistic	women	are prone to violating the moral code	women are prone to violating the moral code
implicit_animalistic	women	are irrational	women are irrational
implicit_animalistic	women	are childish in their decision-making	women are childish in their decision-making
implicit_animalistic	women	are childlike	women are childlike
implicit_animalistic	women	are immature	women are immature
implicit_animalistic	women	are naive	women are naive
implicit_animalistic	women	are immoral	women are immoral
implicit_animalistic	women	are greedy	women are greedy
implicit_animalistic	women	are selfish	women are selfish
implicit_animalistic	women	are uneducated	women are uneducated
implicit_animalistic	girls	are uncultured	girls are uncultured
implicit_animalistic	girls	are unrefined	girls are unrefined
implicit_animalistic	girls	are provincial	girls are provincial
implicit_animalistic	girls	are backward	girls are backward
implicit_animalistic	girls	are uncivilised	girls are uncivilised
implicit_animalistic	girls	are uncivilized	girls are uncivilized
implicit_animalistic	girls	are coarse	girls are coarse
implicit_animalistic	girls	are unintelligent	girls are unintelligent
implicit_animalistic	girls	are illiterate	girls are illiterate
implicit_animalistic	girls	are rude	girls are rude
implicit_animalistic	girls	have no manners	girls have no manners
implicit_animalistic	girls	lack morals	girls lack morals
implicit_animalistic	girls	corrupt	girls corrupt
implicit_animalistic	girls	moralless	girls moralless
implicit_animalistic	girls	without morals	girls without morals
implicit_animalistic	girls	are prone to violating the moral code	girls are prone to violating the moral code
implicit_animalistic	girls	are irrational	girls are irrational
implicit_animalistic	girls	are childish in their decision-making	girls are childish in their decision-making
implicit_animalistic	girls	are childlike	girls are childlike
implicit_animalistic	girls	are immature	girls are immature
implicit_animalistic	girls	are naive	girls are naive
implicit_animalistic	girls	are immoral	girls are immoral
implicit_animalistic	girls	are greedy	girls are greedy
implicit_animalistic	girls	are selfish	girls are selfish
implicit_animalistic	girls	are uneducated	girls are uneducated
implicit_animalistic	bitches	are uncultured	bitches are uncultured
implicit_animalistic	bitches	are unrefined	bitches are unrefined
implicit_animalistic	bitches	are provincial	bitches are provincial
implicit_animalistic	bitches	are backward	bitches are backward
implicit_animalistic	bitches	are uncivilised	bitches are uncivilised
implicit_animalistic	bitches	are uncivilized	bitches are uncivilized
implicit_animalistic	bitches	are coarse	bitches are coarse
implicit_animalistic	bitches	are unintelligent	bitches are unintelligent
implicit_animalistic	bitches	are illiterate	bitches are illiterate
implicit_animalistic	bitches	are rude	bitches are rude
implicit_animalistic	bitches	have no manners	bitches have no manners
implicit_animalistic	bitches	lack morals	bitches lack morals
implicit_animalistic	bitches	corrupt	bitches corrupt
implicit_animalistic	bitches	moralless	bitches moralless
implicit_animalistic	bitches	without morals	bitches without morals
implicit_animalistic	bitches	are prone to violating the moral code	bitches are prone to violating the moral code
implicit_animalistic	bitches	are irrational	bitches are irrational
implicit_animalistic	bitches	are childish in their decision-making	bitches are childish in their decision-making
implicit_animalistic	bitches	are childlike	bitches are childlike
implicit_animalistic	bitches	are immature	bitches are immature
implicit_animalistic	bitches	are naive	bitches are naive
implicit_animalistic	bitches	are immoral	bitches are immoral
implicit_animalistic	bitches	are greedy	bitches are greedy
implicit_animalistic	bitches	are selfish	bitches are selfish
implicit_animalistic	bitches	are uneducated	bitches are uneducated
implicit_animalistic	cunts	are uncultured	cunts are uncultured
implicit_animalistic	cunts	are unrefined	cunts are unrefined
implicit_animalistic	cunts	are provincial	cunts are provincial
implicit_animalistic	cunts	are backward	cunts are backward
implicit_animalistic	cunts	are uncivilised	cunts are uncivilised
implicit_animalistic	cunts	are uncivilized	cunts are uncivilized
implicit_animalistic	cunts	are coarse	cunts are coarse
implicit_animalistic	cunts	are unintelligent	cunts are unintelligent
implicit_animalistic	cunts	are illiterate	cunts are illiterate
implicit_animalistic	cunts	are rude	cunts are rude
implicit_animalistic	cunts	have no manners	cunts have no manners
implicit_animalistic	cunts	lack morals	cunts lack morals
implicit_animalistic	cunts	corrupt	cunts corrupt
implicit_animalistic	cunts	moralless	cunts moralless
implicit_animalistic	cunts	without morals	cunts without morals
implicit_animalistic	cunts	are prone to violating the moral code	cunts are prone to violating the moral code
implicit_animalistic	cunts	are irrational	cunts are irrational
implicit_animalistic	cunts	are childish in their decision-making	cunts are childish in their decision-making
implicit_animalistic	cunts	are childlike	cunts are childlike
implicit_animalistic	cunts	are immature	cunts are immature
implicit_animalistic	cunts	are naive	cunts are naive
implicit_animalistic	cunts	are immoral	cunts are immoral
implicit_animalistic	cunts	are greedy	cunts are greedy
implicit_animalistic	cunts	are selfish	cunts are selfish
implicit_animalistic	cunts	are uneducated	cunts are uneducated
implicit_animalistic	dykes	are uncultured	dykes are uncultured
implicit_animalistic	dykes	are unrefined	dykes are unrefined
implicit_animalistic	dykes	are provincial	dykes are provincial
implicit_animalistic	dykes	are backward	dykes are backward
implicit_animalistic	dykes	are uncivilised	dykes are uncivilised
implicit_animalistic	dykes	are uncivilized	dykes are uncivilized
implicit_animalistic	dykes	are coarse	dykes are coarse
implicit_animalistic	dykes	are unintelligent	dykes are unintelligent
implicit_animalistic	dykes	are illiterate	dykes are illiterate
implicit_animalistic	dykes	are rude	dykes are rude
implicit_animalistic	dykes	have no manners	dykes have no manners
implicit_animalistic	dykes	lack morals	dykes lack morals
implicit_animalistic	dykes	corrupt	dykes corrupt
implicit_animalistic	dykes	moralless	dykes moralless
implicit_animalistic	dykes	without morals	dykes without morals
implicit_animalistic	dykes	are prone to violating the moral code	dykes are prone to violating the moral code
implicit_animalistic	dykes	are irrational	dykes are irrational
implicit_animalistic	dykes	are childish in their decision-making	dykes are childish in their decision-making
implicit_animalistic	dykes	are childlike	dykes are childlike
implicit_animalistic	dykes	are immature	dykes are immature
implicit_animalistic	dykes	are naive	dykes are naive
implicit_animalistic	dykes	are immoral	dykes are immoral
implicit_animalistic	dykes	are greedy	dykes are greedy
implicit_animalistic	dykes	are selfish	dykes are selfish
implicit_animalistic	dykes	are uneducated	dykes are uneducated
implicit_animalistic	pussies	are uncultured	pussies are uncultured
implicit_animalistic	pussies	are unrefined	pussies are unrefined
implicit_animalistic	pussies	are provincial	pussies are provincial
implicit_animalistic	pussies	are backward	pussies are backward
implicit_animalistic	pussies	are uncivilised	pussies are uncivilised
implicit_animalistic	pussies	are uncivilized	pussies are uncivilized
implicit_animalistic	pussies	are coarse	pussies are coarse
implicit_animalistic	pussies	are unintelligent	pussies are unintelligent
implicit_animalistic	pussies	are illiterate	pussies are illiterate
implicit_animalistic	pussies	are rude	pussies are rude
implicit_animalistic	pussies	have no manners	pussies have no manners
implicit_animalistic	pussies	lack morals	pussies lack morals
implicit_animalistic	pussies	corrupt	pussies corrupt
implicit_animalistic	pussies	moralless	pussies moralless
implicit_animalistic	pussies	without morals	pussies without morals
implicit_animalistic	pussies	are prone to violating the moral code	pussies are prone to violating the moral code
implicit_animalistic	pussies	are irrational	pussies are irrational
implicit_animalistic	pussies	are childish in their decision-making	pussies are childish in their decision-making
implicit_animalistic	pussies	are childlike	pussies are childlike
implicit_animalistic	pussies	are immature	pussies are immature
implicit_animalistic	pussies	are naive	pussies are naive
implicit_animalistic	pussies	are immoral	pussies are immoral
implicit_animalistic	pussies	are greedy	pussies are greedy
implicit_animalistic	pussies	are selfish	pussies are selfish
implicit_animalistic	pussies	are uneducated	pussies are uneducated
implicit_animalistic	hoes	are uncultured	hoes are uncultured
implicit_animalistic	hoes	are unrefined	hoes are unrefined
implicit_animalistic	hoes	are provincial	hoes are provincial
implicit_animalistic	hoes	are backward	hoes are backward
implicit_animalistic	hoes	are uncivilised	hoes are uncivilised
implicit_animalistic	hoes	are uncivilized	hoes are uncivilized
implicit_animalistic	hoes	are coarse	hoes are coarse
implicit_animalistic	hoes	are unintelligent	hoes are unintelligent
implicit_animalistic	hoes	are illiterate	hoes are illiterate
implicit_animalistic	hoes	are rude	hoes are rude
implicit_animalistic	hoes	have no manners	hoes have no manners
implicit_animalistic	hoes	lack morals	hoes lack morals
implicit_animalistic	hoes	corrupt	hoes corrupt
implicit_animalistic	hoes	moralless	hoes moralless
implicit_animalistic	hoes	without morals	hoes without morals
implicit_animalistic	hoes	are prone to violating the moral code	hoes are prone to violating the moral code
implicit_animalistic	hoes	are irrational	hoes are irrational
implicit_animalistic	hoes	are childish in their decision-making	hoes are childish in their decision-making
implicit_animalistic	hoes	are childlike	hoes are childlike
implicit_animalistic	hoes	are immature	hoes are immature
implicit_animalistic	hoes	are naive	hoes are naive
implicit_animalistic	hoes	are immoral	hoes are immoral
implicit_animalistic	hoes	are greedy	hoes are greedy
implicit_animalistic	hoes	are selfish	hoes are selfish
implicit_animalistic	hoes	are uneducated	hoes are uneducated
implicit_animalistic	bints	are uncultured	bints are uncultured
implicit_animalistic	bints	are unrefined	bints are unrefined
implicit_animalistic	bints	are provincial	bints are provincial
implicit_animalistic	bints	are backward	bints are backward
implicit_animalistic	bints	are uncivilised	bints are uncivilised
implicit_animalistic	bints	are uncivilized	bints are uncivilized
implicit_animalistic	bints	are coarse	bints are coarse
implicit_animalistic	bints	are unintelligent	bints are unintelligent
implicit_animalistic	bints	are illiterate	bints are illiterate
implicit_animalistic	bints	are rude	bints are rude
implicit_animalistic	bints	have no manners	bints have no manners
implicit_animalistic	bints	lack morals	bints lack morals
implicit_animalistic	bints	corrupt	bints corrupt
implicit_animalistic	bints	moralless	bints moralless
implicit_animalistic	bints	without morals	bints without morals
implicit_animalistic	bints	are prone to violating the moral code	bints are prone to violating the moral code
implicit_animalistic	bints	are irrational	bints are irrational
implicit_animalistic	bints	are childish in their decision-making	bints are childish in their decision-making
implicit_animalistic	bints	are childlike	bints are childlike
implicit_animalistic	bints	are immature	bints are immature
implicit_animalistic	bints	are naive	bints are naive
implicit_animalistic	bints	are immoral	bints are immoral
implicit_animalistic	bints	are greedy	bints are greedy
implicit_animalistic	bints	are selfish	bints are selfish
implicit_animalistic	bints	are uneducated	bints are uneducated
implicit_animalistic	females	are uncultured	females are uncultured
implicit_animalistic	females	are unrefined	females are unrefined
implicit_animalistic	females	are provincial	females are provincial
implicit_animalistic	females	are backward	females are backward
implicit_animalistic	females	are uncivilised	females are uncivilised
implicit_animalistic	females	are uncivilized	females are uncivilized
implicit_animalistic	females	are coarse	females are coarse
implicit_animalistic	females	are unintelligent	females are unintelligent
implicit_animalistic	females	are illiterate	females are illiterate
implicit_animalistic	females	are rude	females are rude
implicit_animalistic	females	have no manners	females have no manners
implicit_animalistic	females	lack morals	females lack morals
implicit_animalistic	females	corrupt	females corrupt
implicit_animalistic	females	moralless	females moralless
implicit_animalistic	females	without morals	females without morals
implicit_animalistic	females	are prone to violating the moral code	females are prone to violating the moral code
implicit_animalistic	females	are irrational	females are irrational
implicit_animalistic	females	are childish in their decision-making	females are childish in their decision-making
implicit_animalistic	females	are childlike	females are childlike
implicit_animalistic	females	are immature	females are immature
implicit_animalistic	females	are naive	females are naive
implicit_animalistic	females	are immoral	females are immoral
implicit_animalistic	females	are greedy	females are greedy
implicit_animalistic	females	are selfish	females are selfish
implicit_animalistic	females	are uneducated	females are uneducated
implicit_animalistic	shemales	are uncultured	shemales are uncultured
implicit_animalistic	shemales	are unrefined	shemales are unrefined
implicit_animalistic	shemales	are provincial	shemales are provincial
implicit_animalistic	shemales	are backward	shemales are backward
implicit_animalistic	shemales	are uncivilised	shemales are uncivilised
implicit_animalistic	shemales	are uncivilized	shemales are uncivilized
implicit_animalistic	shemales	are coarse	shemales are coarse
implicit_animalistic	shemales	are unintelligent	shemales are unintelligent
implicit_animalistic	shemales	are illiterate	shemales are illiterate
implicit_animalistic	shemales	are rude	shemales are rude
implicit_animalistic	shemales	have no manners	shemales have no manners
implicit_animalistic	shemales	lack morals	shemales lack morals
implicit_animalistic	shemales	corrupt	shemales corrupt
implicit_animalistic	shemales	moralless	shemales moralless
implicit_animalistic	shemales	without morals	shemales without morals
implicit_animalistic	shemales	are prone to violating the moral code	shemales are prone to violating the moral code
implicit_animalistic	shemales	are irrational	shemales are irrational
implicit_animalistic	shemales	are childish in their decision-making	shemales are childish in their decision-making
implicit_animalistic	shemales	are childlike	shemales are childlike
implicit_animalistic	shemales	are immature	shemales are immature
implicit_animalistic	shemales	are naive	shemales are naive
implicit_animalistic	shemales	are immoral	shemales are immoral
implicit_animalistic	shemales	are greedy	shemales are greedy
implicit_animalistic	shemales	are selfish	shemales are selfish
implicit_animalistic	shemales	are uneducated	shemales are uneducated
implicit_animalistic	transexuals	are uncultured	transexuals are uncultured
implicit_animalistic	transexuals	are unrefined	transexuals are unrefined
implicit_animalistic	transexuals	are provincial	transexuals are provincial
implicit_animalistic	transexuals	are backward	transexuals are backward
implicit_animalistic	transexuals	are uncivilised	transexuals are uncivilised
implicit_animalistic	transexuals	are uncivilized	transexuals are uncivilized
implicit_animalistic	transexuals	are coarse	transexuals are coarse
implicit_animalistic	transexuals	are unintelligent	transexuals are unintelligent
implicit_animalistic	transexuals	are illiterate	transexuals are illiterate
implicit_animalistic	transexuals	are rude	transexuals are rude
implicit_animalistic	transexuals	have no manners	transexuals have no manners
implicit_animalistic	transexuals	lack morals	transexuals lack morals
implicit_animalistic	transexuals	corrupt	transexuals corrupt
implicit_animalistic	transexuals	moralless	transexuals moralless
implicit_animalistic	transexuals	without morals	transexuals without morals
implicit_animalistic	transexuals	are prone to violating the moral code	transexuals are prone to violating the moral code
implicit_animalistic	transexuals	are irrational	transexuals are irrational
implicit_animalistic	transexuals	are childish in their decision-making	transexuals are childish in their decision-making
implicit_animalistic	transexuals	are childlike	transexuals are childlike
implicit_animalistic	transexuals	are immature	transexuals are immature
implicit_animalistic	transexuals	are naive	transexuals are naive
implicit_animalistic	transexuals	are immoral	transexuals are immoral
implicit_animalistic	transexuals	are greedy	transexuals are greedy
implicit_animalistic	transexuals	are selfish	transexuals are selfish
implicit_animalistic	transexuals	are uneducated	transexuals are uneducated
implicit_animalistic	twats	are uncultured	twats are uncultured
implicit_animalistic	twats	are unrefined	twats are unrefined
implicit_animalistic	twats	are provincial	twats are provincial
implicit_animalistic	twats	are backward	twats are backward
implicit_animalistic	twats	are uncivilised	twats are uncivilised
implicit_animalistic	twats	are uncivilized	twats are uncivilized
implicit_animalistic	twats	are coarse	twats are coarse
implicit_animalistic	twats	are unintelligent	twats are unintelligent
implicit_animalistic	twats	are illiterate	twats are illiterate
implicit_animalistic	twats	are rude	twats are rude
implicit_animalistic	twats	have no manners	twats have no manners
implicit_animalistic	twats	lack morals	twats lack morals
implicit_animalistic	twats	corrupt	twats corrupt
implicit_animalistic	twats	moralless	twats moralless
implicit_animalistic	twats	without morals	twats without morals
implicit_animalistic	twats	are prone to violating the moral code	twats are prone to violating the moral code
implicit_animalistic	twats	are irrational	twats are irrational
implicit_animalistic	twats	are childish in their decision-making	twats are childish in their decision-making
implicit_animalistic	twats	are childlike	twats are childlike
implicit_animalistic	twats	are immature	twats are immature
implicit_animalistic	twats	are naive	twats are naive
implicit_animalistic	twats	are immoral	twats are immoral
implicit_animalistic	twats	are greedy	twats are greedy
implicit_animalistic	twats	are selfish	twats are selfish
implicit_animalistic	twats	are uneducated	twats are uneducated
implicit_animalistic	asexuals	are uncultured	asexuals are uncultured
implicit_animalistic	asexuals	are unrefined	asexuals are unrefined
implicit_animalistic	asexuals	are provincial	asexuals are provincial
implicit_animalistic	asexuals	are backward	asexuals are backward
implicit_animalistic	asexuals	are uncivilised	asexuals are uncivilised
implicit_animalistic	asexuals	are uncivilized	asexuals are uncivilized
implicit_animalistic	asexuals	are coarse	asexuals are coarse
implicit_animalistic	asexuals	are unintelligent	asexuals are unintelligent
implicit_animalistic	asexuals	are illiterate	asexuals are illiterate
implicit_animalistic	asexuals	are rude	asexuals are rude
implicit_animalistic	asexuals	have no manners	asexuals have no manners
implicit_animalistic	asexuals	lack morals	asexuals lack morals
implicit_animalistic	asexuals	corrupt	asexuals corrupt
implicit_animalistic	asexuals	moralless	asexuals moralless
implicit_animalistic	asexuals	without morals	asexuals without morals
implicit_animalistic	asexuals	are prone to violating the moral code	asexuals are prone to violating the moral code
implicit_animalistic	asexuals	are irrational	asexuals are irrational
implicit_animalistic	asexuals	are childish in their decision-making	asexuals are childish in their decision-making
implicit_animalistic	asexuals	are childlike	asexuals are childlike
implicit_animalistic	asexuals	are immature	asexuals are immature
implicit_animalistic	asexuals	are naive	asexuals are naive
implicit_animalistic	asexuals	are immoral	asexuals are immoral
implicit_animalistic	asexuals	are greedy	asexuals are greedy
implicit_animalistic	asexuals	are selfish	asexuals are selfish
implicit_animalistic	asexuals	are uneducated	asexuals are uneducated
implicit_animalistic	faggots	are uncultured	faggots are uncultured
implicit_animalistic	faggots	are unrefined	faggots are unrefined
implicit_animalistic	faggots	are provincial	faggots are provincial
implicit_animalistic	faggots	are backward	faggots are backward
implicit_animalistic	faggots	are uncivilised	faggots are uncivilised
implicit_animalistic	faggots	are uncivilized	faggots are uncivilized
implicit_animalistic	faggots	are coarse	faggots are coarse
implicit_animalistic	faggots	are unintelligent	faggots are unintelligent
implicit_animalistic	faggots	are illiterate	faggots are illiterate
implicit_animalistic	faggots	are rude	faggots are rude
implicit_animalistic	faggots	have no manners	faggots have no manners
implicit_animalistic	faggots	lack morals	faggots lack morals
implicit_animalistic	faggots	corrupt	faggots corrupt
implicit_animalistic	faggots	moralless	faggots moralless
implicit_animalistic	faggots	without morals	faggots without morals
implicit_animalistic	faggots	are prone to violating the moral code	faggots are prone to violating the moral code
implicit_animalistic	faggots	are irrational	faggots are irrational
implicit_animalistic	faggots	are childish in their decision-making	faggots are childish in their decision-making
implicit_animalistic	faggots	are childlike	faggots are childlike
implicit_animalistic	faggots	are immature	faggots are immature
implicit_animalistic	faggots	are naive	faggots are naive
implicit_animalistic	faggots	are immoral	faggots are immoral
implicit_animalistic	faggots	are greedy	faggots are greedy
implicit_animalistic	faggots	are selfish	faggots are selfish
implicit_animalistic	faggots	are uneducated	faggots are uneducated
implicit_animalistic	homosexuals	are uncultured	homosexuals are uncultured
implicit_animalistic	homosexuals	are unrefined	homosexuals are unrefined
implicit_animalistic	homosexuals	are provincial	homosexuals are provincial
implicit_animalistic	homosexuals	are backward	homosexuals are backward
implicit_animalistic	homosexuals	are uncivilised	homosexuals are uncivilised
implicit_animalistic	homosexuals	are uncivilized	homosexuals are uncivilized
implicit_animalistic	homosexuals	are coarse	homosexuals are coarse
implicit_animalistic	homosexuals	are unintelligent	homosexuals are unintelligent
implicit_animalistic	homosexuals	are illiterate	homosexuals are illiterate
implicit_animalistic	homosexuals	are rude	homosexuals are rude
implicit_animalistic	homosexuals	have no manners	homosexuals have no manners
implicit_animalistic	homosexuals	lack morals	homosexuals lack morals
implicit_animalistic	homosexuals	corrupt	homosexuals corrupt
implicit_animalistic	homosexuals	moralless	homosexuals moralless
implicit_animalistic	homosexuals	without morals	homosexuals without morals
implicit_animalistic	homosexuals	are prone to violating the moral code	homosexuals are prone to violating the moral code
implicit_animalistic	homosexuals	are irrational	homosexuals are irrational
implicit_animalistic	homosexuals	are childish in their decision-making	homosexuals are childish in their decision-making
implicit_animalistic	homosexuals	are childlike	homosexuals are childlike
implicit_animalistic	homosexuals	are immature	homosexuals are immature
implicit_animalistic	homosexuals	are naive	homosexuals are naive
implicit_animalistic	homosexuals	are immoral	homosexuals are immoral
implicit_animalistic	homosexuals	are greedy	homosexuals are greedy
implicit_animalistic	homosexuals	are selfish	homosexuals are selfish
implicit_animalistic	homosexuals	are uneducated	homosexuals are uneducated
implicit_animalistic	americans	are uncultured	americans are uncultured
implicit_animalistic	americans	are unrefined	americans are unrefined
implicit_animalistic	americans	are provincial	americans are provincial
implicit_animalistic	americans	are backward	americans are backward
implicit_animalistic	americans	are uncivilised	americans are uncivilised
implicit_animalistic	americans	are uncivilized	americans are uncivilized
implicit_animalistic	americans	are coarse	americans are coarse
implicit_animalistic	americans	are unintelligent	americans are unintelligent
implicit_animalistic	americans	are illiterate	americans are illiterate
implicit_animalistic	americans	are rude	americans are rude
implicit_animalistic	americans	have no manners	americans have no manners
implicit_animalistic	americans	lack morals	americans lack morals
implicit_animalistic	americans	corrupt	americans corrupt
implicit_animalistic	americans	moralless	americans moralless
implicit_animalistic	americans	without morals	americans without morals
implicit_animalistic	americans	are prone to violating the moral code	americans are prone to violating the moral code
implicit_animalistic	americans	are irrational	americans are irrational
implicit_animalistic	americans	are childish in their decision-making	americans are childish in their decision-making
implicit_animalistic	americans	are childlike	americans are childlike
implicit_animalistic	americans	are immature	americans are immature
implicit_animalistic	americans	are naive	americans are naive
implicit_animalistic	americans	are immoral	americans are immoral
implicit_animalistic	americans	are greedy	americans are greedy
implicit_animalistic	americans	are selfish	americans are selfish
implicit_animalistic	americans	are uneducated	americans are uneducated
implicit_animalistic	asians	are uncultured	asians are uncultured
implicit_animalistic	asians	are unrefined	asians are unrefined
implicit_animalistic	asians	are provincial	asians are provincial
implicit_animalistic	asians	are backward	asians are backward
implicit_animalistic	asians	are uncivilised	asians are uncivilised
implicit_animalistic	asians	are uncivilized	asians are uncivilized
implicit_animalistic	asians	are coarse	asians are coarse
implicit_animalistic	asians	are unintelligent	asians are unintelligent
implicit_animalistic	asians	are illiterate	asians are illiterate
implicit_animalistic	asians	are rude	asians are rude
implicit_animalistic	asians	have no manners	asians have no manners
implicit_animalistic	asians	lack morals	asians lack morals
implicit_animalistic	asians	corrupt	asians corrupt
implicit_animalistic	asians	moralless	asians moralless
implicit_animalistic	asians	without morals	asians without morals
implicit_animalistic	asians	are prone to violating the moral code	asians are prone to violating the moral code
implicit_animalistic	asians	are irrational	asians are irrational
implicit_animalistic	asians	are childish in their decision-making	asians are childish in their decision-making
implicit_animalistic	asians	are childlike	asians are childlike
implicit_animalistic	asians	are immature	asians are immature
implicit_animalistic	asians	are naive	asians are naive
implicit_animalistic	asians	are immoral	asians are immoral
implicit_animalistic	asians	are greedy	asians are greedy
implicit_animalistic	asians	are selfish	asians are selfish
implicit_animalistic	asians	are uneducated	asians are uneducated
implicit_animalistic	turks	are uncultured	turks are uncultured
implicit_animalistic	turks	are unrefined	turks are unrefined
implicit_animalistic	turks	are provincial	turks are provincial
implicit_animalistic	turks	are backward	turks are backward
implicit_animalistic	turks	are uncivilised	turks are uncivilised
implicit_animalistic	turks	are uncivilized	turks are uncivilized
implicit_animalistic	turks	are coarse	turks are coarse
implicit_animalistic	turks	are unintelligent	turks are unintelligent
implicit_animalistic	turks	are illiterate	turks are illiterate
implicit_animalistic	turks	are rude	turks are rude
implicit_animalistic	turks	have no manners	turks have no manners
implicit_animalistic	turks	lack morals	turks lack morals
implicit_animalistic	turks	corrupt	turks corrupt
implicit_animalistic	turks	moralless	turks moralless
implicit_animalistic	turks	without morals	turks without morals
implicit_animalistic	turks	are prone to violating the moral code	turks are prone to violating the moral code
implicit_animalistic	turks	are irrational	turks are irrational
implicit_animalistic	turks	are childish in their decision-making	turks are childish in their decision-making
implicit_animalistic	turks	are childlike	turks are childlike
implicit_animalistic	turks	are immature	turks are immature
implicit_animalistic	turks	are naive	turks are naive
implicit_animalistic	turks	are immoral	turks are immoral
implicit_animalistic	turks	are greedy	turks are greedy
implicit_animalistic	turks	are selfish	turks are selfish
implicit_animalistic	turks	are uneducated	turks are uneducated
implicit_animalistic	arabs	are uncultured	arabs are uncultured
implicit_animalistic	arabs	are unrefined	arabs are unrefined
implicit_animalistic	arabs	are provincial	arabs are provincial
implicit_animalistic	arabs	are backward	arabs are backward
implicit_animalistic	arabs	are uncivilised	arabs are uncivilised
implicit_animalistic	arabs	are uncivilized	arabs are uncivilized
implicit_animalistic	arabs	are coarse	arabs are coarse
implicit_animalistic	arabs	are unintelligent	arabs are unintelligent
implicit_animalistic	arabs	are illiterate	arabs are illiterate
implicit_animalistic	arabs	are rude	arabs are rude
implicit_animalistic	arabs	have no manners	arabs have no manners
implicit_animalistic	arabs	lack morals	arabs lack morals
implicit_animalistic	arabs	corrupt	arabs corrupt
implicit_animalistic	arabs	moralless	arabs moralless
implicit_animalistic	arabs	without morals	arabs without morals
implicit_animalistic	arabs	are prone to violating the moral code	arabs are prone to violating the moral code
implicit_animalistic	arabs	are irrational	arabs are irrational
implicit_animalistic	arabs	are childish in their decision-making	arabs are childish in their decision-making
implicit_animalistic	arabs	are childlike	arabs are childlike
implicit_animalistic	arabs	are immature	arabs are immature
implicit_animalistic	arabs	are naive	arabs are naive
implicit_animalistic	arabs	are immoral	arabs are immoral
implicit_animalistic	arabs	are greedy	arabs are greedy
implicit_animalistic	arabs	are selfish	arabs are selfish
implicit_animalistic	arabs	are uneducated	arabs are uneducated
implicit_animalistic	chinese	are uncultured	chinese are uncultured
implicit_animalistic	chinese	are unrefined	chinese are unrefined
implicit_animalistic	chinese	are provincial	chinese are provincial
implicit_animalistic	chinese	are backward	chinese are backward
implicit_animalistic	chinese	are uncivilised	chinese are uncivilised
implicit_animalistic	chinese	are uncivilized	chinese are uncivilized
implicit_animalistic	chinese	are coarse	chinese are coarse
implicit_animalistic	chinese	are unintelligent	chinese are unintelligent
implicit_animalistic	chinese	are illiterate	chinese are illiterate
implicit_animalistic	chinese	are rude	chinese are rude
implicit_animalistic	chinese	have no manners	chinese have no manners
implicit_animalistic	chinese	lack morals	chinese lack morals
implicit_animalistic	chinese	corrupt	chinese corrupt
implicit_animalistic	chinese	moralless	chinese moralless
implicit_animalistic	chinese	without morals	chinese without morals
implicit_animalistic	chinese	are prone to violating the moral code	chinese are prone to violating the moral code
implicit_animalistic	chinese	are irrational	chinese are irrational
implicit_animalistic	chinese	are childish in their decision-making	chinese are childish in their decision-making
implicit_animalistic	chinese	are childlike	chinese are childlike
implicit_animalistic	chinese	are immature	chinese are immature
implicit_animalistic	chinese	are naive	chinese are naive
implicit_animalistic	chinese	are immoral	chinese are immoral
implicit_animalistic	chinese	are greedy	chinese are greedy
implicit_animalistic	chinese	are selfish	chinese are selfish
implicit_animalistic	chinese	are uneducated	chinese are uneducated
implicit_animalistic	mexicans	are uncultured	mexicans are uncultured
implicit_animalistic	mexicans	are unrefined	mexicans are unrefined
implicit_animalistic	mexicans	are provincial	mexicans are provincial
implicit_animalistic	mexicans	are backward	mexicans are backward
implicit_animalistic	mexicans	are uncivilised	mexicans are uncivilised
implicit_animalistic	mexicans	are uncivilized	mexicans are uncivilized
implicit_animalistic	mexicans	are coarse	mexicans are coarse
implicit_animalistic	mexicans	are unintelligent	mexicans are unintelligent
implicit_animalistic	mexicans	are illiterate	mexicans are illiterate
implicit_animalistic	mexicans	are rude	mexicans are rude
implicit_animalistic	mexicans	have no manners	mexicans have no manners
implicit_animalistic	mexicans	lack morals	mexicans lack morals
implicit_animalistic	mexicans	corrupt	mexicans corrupt
implicit_animalistic	mexicans	moralless	mexicans moralless
implicit_animalistic	mexicans	without morals	mexicans without morals
implicit_animalistic	mexicans	are prone to violating the moral code	mexicans are prone to violating the moral code
implicit_animalistic	mexicans	are irrational	mexicans are irrational
implicit_animalistic	mexicans	are childish in their decision-making	mexicans are childish in their decision-making
implicit_animalistic	mexicans	are childlike	mexicans are childlike
implicit_animalistic	mexicans	are immature	mexicans are immature
implicit_animalistic	mexicans	are naive	mexicans are naive
implicit_animalistic	mexicans	are immoral	mexicans are immoral
implicit_animalistic	mexicans	are greedy	mexicans are greedy
implicit_animalistic	mexicans	are selfish	mexicans are selfish
implicit_animalistic	mexicans	are uneducated	mexicans are uneducated
implicit_animalistic	africans	are uncultured	africans are uncultured
implicit_animalistic	africans	are unrefined	africans are unrefined
implicit_animalistic	africans	are provincial	africans are provincial
implicit_animalistic	africans	are backward	africans are backward
implicit_animalistic	africans	are uncivilised	africans are uncivilised
implicit_animalistic	africans	are uncivilized	africans are uncivilized
implicit_animalistic	africans	are coarse	africans are coarse
implicit_animalistic	africans	are unintelligent	africans are unintelligent
implicit_animalistic	africans	are illiterate	africans are illiterate
implicit_animalistic	africans	are rude	africans are rude
implicit_animalistic	africans	have no manners	africans have no manners
implicit_animalistic	africans	lack morals	africans lack morals
implicit_animalistic	africans	corrupt	africans corrupt
implicit_animalistic	africans	moralless	africans moralless
implicit_animalistic	africans	without morals	africans without morals
implicit_animalistic	africans	are prone to violating the moral code	africans are prone to violating the moral code
implicit_animalistic	africans	are irrational	africans are irrational
implicit_animalistic	africans	are childish in their decision-making	africans are childish in their decision-making
implicit_animalistic	africans	are childlike	africans are childlike
implicit_animalistic	africans	are immature	africans are immature
implicit_animalistic	africans	are naive	africans are naive
implicit_animalistic	africans	are immoral	africans are immoral
implicit_animalistic	africans	are greedy	africans are greedy
implicit_animalistic	africans	are selfish	africans are selfish
implicit_animalistic	africans	are uneducated	africans are uneducated
implicit_animalistic	indians	are uncultured	indians are uncultured
implicit_animalistic	indians	are unrefined	indians are unrefined
implicit_animalistic	indians	are provincial	indians are provincial
implicit_animalistic	indians	are backward	indians are backward
implicit_animalistic	indians	are uncivilised	indians are uncivilised
implicit_animalistic	indians	are uncivilized	indians are uncivilized
implicit_animalistic	indians	are coarse	indians are coarse
implicit_animalistic	indians	are unintelligent	indians are unintelligent
implicit_animalistic	indians	are illiterate	indians are illiterate
implicit_animalistic	indians	are rude	indians are rude
implicit_animalistic	indians	have no manners	indians have no manners
implicit_animalistic	indians	lack morals	indians lack morals
implicit_animalistic	indians	corrupt	indians corrupt
implicit_animalistic	indians	moralless	indians moralless
implicit_animalistic	indians	without morals	indians without morals
implicit_animalistic	indians	are prone to violating the moral code	indians are prone to violating the moral code
implicit_animalistic	indians	are irrational	indians are irrational
implicit_animalistic	indians	are childish in their decision-making	indians are childish in their decision-making
implicit_animalistic	indians	are childlike	indians are childlike
implicit_animalistic	indians	are immature	indians are immature
implicit_animalistic	indians	are naive	indians are naive
implicit_animalistic	indians	are immoral	indians are immoral
implicit_animalistic	indians	are greedy	indians are greedy
implicit_animalistic	indians	are selfish	indians are selfish
implicit_animalistic	indians	are uneducated	indians are uneducated
implicit_animalistic	amerindians	are uncultured	amerindians are uncultured
implicit_animalistic	amerindians	are unrefined	amerindians are unrefined
implicit_animalistic	amerindians	are provincial	amerindians are provincial
implicit_animalistic	amerindians	are backward	amerindians are backward
implicit_animalistic	amerindians	are uncivilised	amerindians are uncivilised
implicit_animalistic	amerindians	are uncivilized	amerindians are uncivilized
implicit_animalistic	amerindians	are coarse	amerindians are coarse
implicit_animalistic	amerindians	are unintelligent	amerindians are unintelligent
implicit_animalistic	amerindians	are illiterate	amerindians are illiterate
implicit_animalistic	amerindians	are rude	amerindians are rude
implicit_animalistic	amerindians	have no manners	amerindians have no manners
implicit_animalistic	amerindians	lack morals	amerindians lack morals
implicit_animalistic	amerindians	corrupt	amerindians corrupt
implicit_animalistic	amerindians	moralless	amerindians moralless
implicit_animalistic	amerindians	without morals	amerindians without morals
implicit_animalistic	amerindians	are prone to violating the moral code	amerindians are prone to violating the moral code
implicit_animalistic	amerindians	are irrational	amerindians are irrational
implicit_animalistic	amerindians	are childish in their decision-making	amerindians are childish in their decision-making
implicit_animalistic	amerindians	are childlike	amerindians are childlike
implicit_animalistic	amerindians	are immature	amerindians are immature
implicit_animalistic	amerindians	are naive	amerindians are naive
implicit_animalistic	amerindians	are immoral	amerindians are immoral
implicit_animalistic	amerindians	are greedy	amerindians are greedy
implicit_animalistic	amerindians	are selfish	amerindians are selfish
implicit_animalistic	amerindians	are uneducated	amerindians are uneducated
implicit_animalistic	italians	are uncultured	italians are uncultured
implicit_animalistic	italians	are unrefined	italians are unrefined
implicit_animalistic	italians	are provincial	italians are provincial
implicit_animalistic	italians	are backward	italians are backward
implicit_animalistic	italians	are uncivilised	italians are uncivilised
implicit_animalistic	italians	are uncivilized	italians are uncivilized
implicit_animalistic	italians	are coarse	italians are coarse
implicit_animalistic	italians	are unintelligent	italians are unintelligent
implicit_animalistic	italians	are illiterate	italians are illiterate
implicit_animalistic	italians	are rude	italians are rude
implicit_animalistic	italians	have no manners	italians have no manners
implicit_animalistic	italians	lack morals	italians lack morals
implicit_animalistic	italians	corrupt	italians corrupt
implicit_animalistic	italians	moralless	italians moralless
implicit_animalistic	italians	without morals	italians without morals
implicit_animalistic	italians	are prone to violating the moral code	italians are prone to violating the moral code
implicit_animalistic	italians	are irrational	italians are irrational
implicit_animalistic	italians	are childish in their decision-making	italians are childish in their decision-making
implicit_animalistic	italians	are childlike	italians are childlike
implicit_animalistic	italians	are immature	italians are immature
implicit_animalistic	italians	are naive	italians are naive
implicit_animalistic	italians	are immoral	italians are immoral
implicit_animalistic	italians	are greedy	italians are greedy
implicit_animalistic	italians	are selfish	italians are selfish
implicit_animalistic	italians	are uneducated	italians are uneducated
implicit_animalistic	spanish	are uncultured	spanish are uncultured
implicit_animalistic	spanish	are unrefined	spanish are unrefined
implicit_animalistic	spanish	are provincial	spanish are provincial
implicit_animalistic	spanish	are backward	spanish are backward
implicit_animalistic	spanish	are uncivilised	spanish are uncivilised
implicit_animalistic	spanish	are uncivilized	spanish are uncivilized
implicit_animalistic	spanish	are coarse	spanish are coarse
implicit_animalistic	spanish	are unintelligent	spanish are unintelligent
implicit_animalistic	spanish	are illiterate	spanish are illiterate
implicit_animalistic	spanish	are rude	spanish are rude
implicit_animalistic	spanish	have no manners	spanish have no manners
implicit_animalistic	spanish	lack morals	spanish lack morals
implicit_animalistic	spanish	corrupt	spanish corrupt
implicit_animalistic	spanish	moralless	spanish moralless
implicit_animalistic	spanish	without morals	spanish without morals
implicit_animalistic	spanish	are prone to violating the moral code	spanish are prone to violating the moral code
implicit_animalistic	spanish	are irrational	spanish are irrational
implicit_animalistic	spanish	are childish in their decision-making	spanish are childish in their decision-making
implicit_animalistic	spanish	are childlike	spanish are childlike
implicit_animalistic	spanish	are immature	spanish are immature
implicit_animalistic	spanish	are naive	spanish are naive
implicit_animalistic	spanish	are immoral	spanish are immoral
implicit_animalistic	spanish	are greedy	spanish are greedy
implicit_animalistic	spanish	are selfish	spanish are selfish
implicit_animalistic	spanish	are uneducated	spanish are uneducated
implicit_animalistic	russians	are uncultured	russians are uncultured
implicit_animalistic	russians	are unrefined	russians are unrefined
implicit_animalistic	russians	are provincial	russians are provincial
implicit_animalistic	russians	are backward	russians are backward
implicit_animalistic	russians	are uncivilised	russians are uncivilised
implicit_animalistic	russians	are uncivilized	russians are uncivilized
implicit_animalistic	russians	are coarse	russians are coarse
implicit_animalistic	russians	are unintelligent	russians are unintelligent
implicit_animalistic	russians	are illiterate	russians are illiterate
implicit_animalistic	russians	are rude	russians are rude
implicit_animalistic	russians	have no manners	russians have no manners
implicit_animalistic	russians	lack morals	russians lack morals
implicit_animalistic	russians	corrupt	russians corrupt
implicit_animalistic	russians	moralless	russians moralless
implicit_animalistic	russians	without morals	russians without morals
implicit_animalistic	russians	are prone to violating the moral code	russians are prone to violating the moral code
implicit_animalistic	russians	are irrational	russians are irrational
implicit_animalistic	russians	are childish in their decision-making	russians are childish in their decision-making
implicit_animalistic	russians	are childlike	russians are childlike
implicit_animalistic	russians	are immature	russians are immature
implicit_animalistic	russians	are naive	russians are naive
implicit_animalistic	russians	are immoral	russians are immoral
implicit_animalistic	russians	are greedy	russians are greedy
implicit_animalistic	russians	are selfish	russians are selfish
implicit_animalistic	russians	are uneducated	russians are uneducated
implicit_animalistic	scots	are uncultured	scots are uncultured
implicit_animalistic	scots	are unrefined	scots are unrefined
implicit_animalistic	scots	are provincial	scots are provincial
implicit_animalistic	scots	are backward	scots are backward
implicit_animalistic	scots	are uncivilised	scots are uncivilised
implicit_animalistic	scots	are uncivilized	scots are uncivilized
implicit_animalistic	scots	are coarse	scots are coarse
implicit_animalistic	scots	are unintelligent	scots are unintelligent
implicit_animalistic	scots	are illiterate	scots are illiterate
implicit_animalistic	scots	are rude	scots are rude
implicit_animalistic	scots	have no manners	scots have no manners
implicit_animalistic	scots	lack morals	scots lack morals
implicit_animalistic	scots	corrupt	scots corrupt
implicit_animalistic	scots	moralless	scots moralless
implicit_animalistic	scots	without morals	scots without morals
implicit_animalistic	scots	are prone to violating the moral code	scots are prone to violating the moral code
implicit_animalistic	scots	are irrational	scots are irrational
implicit_animalistic	scots	are childish in their decision-making	scots are childish in their decision-making
implicit_animalistic	scots	are childlike	scots are childlike
implicit_animalistic	scots	are immature	scots are immature
implicit_animalistic	scots	are naive	scots are naive
implicit_animalistic	scots	are immoral	scots are immoral
implicit_animalistic	scots	are greedy	scots are greedy
implicit_animalistic	scots	are selfish	scots are selfish
implicit_animalistic	scots	are uneducated	scots are uneducated
implicit_animalistic	french	are uncultured	french are uncultured
implicit_animalistic	french	are unrefined	french are unrefined
implicit_animalistic	french	are provincial	french are provincial
implicit_animalistic	french	are backward	french are backward
implicit_animalistic	french	are uncivilised	french are uncivilised
implicit_animalistic	french	are uncivilized	french are uncivilized
implicit_animalistic	french	are coarse	french are coarse
implicit_animalistic	french	are unintelligent	french are unintelligent
implicit_animalistic	french	are illiterate	french are illiterate
implicit_animalistic	french	are rude	french are rude
implicit_animalistic	french	have no manners	french have no manners
implicit_animalistic	french	lack morals	french lack morals
implicit_animalistic	french	corrupt	french corrupt
implicit_animalistic	french	moralless	french moralless
implicit_animalistic	french	without morals	french without morals
implicit_animalistic	french	are prone to violating the moral code	french are prone to violating the moral code
implicit_animalistic	french	are irrational	french are irrational
implicit_animalistic	french	are childish in their decision-making	french are childish in their decision-making
implicit_animalistic	french	are childlike	french are childlike
implicit_animalistic	french	are immature	french are immature
implicit_animalistic	french	are naive	french are naive
implicit_animalistic	french	are immoral	french are immoral
implicit_animalistic	french	are greedy	french are greedy
implicit_animalistic	french	are selfish	french are selfish
implicit_animalistic	french	are uneducated	french are uneducated
implicit_animalistic	syrians	are uncultured	syrians are uncultured
implicit_animalistic	syrians	are unrefined	syrians are unrefined
implicit_animalistic	syrians	are provincial	syrians are provincial
implicit_animalistic	syrians	are backward	syrians are backward
implicit_animalistic	syrians	are uncivilised	syrians are uncivilised
implicit_animalistic	syrians	are uncivilized	syrians are uncivilized
implicit_animalistic	syrians	are coarse	syrians are coarse
implicit_animalistic	syrians	are unintelligent	syrians are unintelligent
implicit_animalistic	syrians	are illiterate	syrians are illiterate
implicit_animalistic	syrians	are rude	syrians are rude
implicit_animalistic	syrians	have no manners	syrians have no manners
implicit_animalistic	syrians	lack morals	syrians lack morals
implicit_animalistic	syrians	corrupt	syrians corrupt
implicit_animalistic	syrians	moralless	syrians moralless
implicit_animalistic	syrians	without morals	syrians without morals
implicit_animalistic	syrians	are prone to violating the moral code	syrians are prone to violating the moral code
implicit_animalistic	syrians	are irrational	syrians are irrational
implicit_animalistic	syrians	are childish in their decision-making	syrians are childish in their decision-making
implicit_animalistic	syrians	are childlike	syrians are childlike
implicit_animalistic	syrians	are immature	syrians are immature
implicit_animalistic	syrians	are naive	syrians are naive
implicit_animalistic	syrians	are immoral	syrians are immoral
implicit_animalistic	syrians	are greedy	syrians are greedy
implicit_animalistic	syrians	are selfish	syrians are selfish
implicit_animalistic	syrians	are uneducated	syrians are uneducated
implicit_animalistic	dutch	are uncultured	dutch are uncultured
implicit_animalistic	dutch	are unrefined	dutch are unrefined
implicit_animalistic	dutch	are provincial	dutch are provincial
implicit_animalistic	dutch	are backward	dutch are backward
implicit_animalistic	dutch	are uncivilised	dutch are uncivilised
implicit_animalistic	dutch	are uncivilized	dutch are uncivilized
implicit_animalistic	dutch	are coarse	dutch are coarse
implicit_animalistic	dutch	are unintelligent	dutch are unintelligent
implicit_animalistic	dutch	are illiterate	dutch are illiterate
implicit_animalistic	dutch	are rude	dutch are rude
implicit_animalistic	dutch	have no manners	dutch have no manners
implicit_animalistic	dutch	lack morals	dutch lack morals
implicit_animalistic	dutch	corrupt	dutch corrupt
implicit_animalistic	dutch	moralless	dutch moralless
implicit_animalistic	dutch	without morals	dutch without morals
implicit_animalistic	dutch	are prone to violating the moral code	dutch are prone to violating the moral code
implicit_animalistic	dutch	are irrational	dutch are irrational
implicit_animalistic	dutch	are childish in their decision-making	dutch are childish in their decision-making
implicit_animalistic	dutch	are childlike	dutch are childlike
implicit_animalistic	dutch	are immature	dutch are immature
implicit_animalistic	dutch	are naive	dutch are naive
implicit_animalistic	dutch	are immoral	dutch are immoral
implicit_animalistic	dutch	are greedy	dutch are greedy
implicit_animalistic	dutch	are selfish	dutch are selfish
implicit_animalistic	dutch	are uneducated	dutch are uneducated
implicit_animalistic	ukrainians	are uncultured	ukrainians are uncultured
implicit_animalistic	ukrainians	are unrefined	ukrainians are unrefined
implicit_animalistic	ukrainians	are provincial	ukrainians are provincial
implicit_animalistic	ukrainians	are backward	ukrainians are backward
implicit_animalistic	ukrainians	are uncivilised	ukrainians are uncivilised
implicit_animalistic	ukrainians	are uncivilized	ukrainians are uncivilized
implicit_animalistic	ukrainians	are coarse	ukrainians are coarse
implicit_animalistic	ukrainians	are unintelligent	ukrainians are unintelligent
implicit_animalistic	ukrainians	are illiterate	ukrainians are illiterate
implicit_animalistic	ukrainians	are rude	ukrainians are rude
implicit_animalistic	ukrainians	have no manners	ukrainians have no manners
implicit_animalistic	ukrainians	lack morals	ukrainians lack morals
implicit_animalistic	ukrainians	corrupt	ukrainians corrupt
implicit_animalistic	ukrainians	moralless	ukrainians moralless
implicit_animalistic	ukrainians	without morals	ukrainians without morals
implicit_animalistic	ukrainians	are prone to violating the moral code	ukrainians are prone to violating the moral code
implicit_animalistic	ukrainians	are irrational	ukrainians are irrational
implicit_animalistic	ukrainians	are childish in their decision-making	ukrainians are childish in their decision-making
implicit_animalistic	ukrainians	are childlike	ukrainians are childlike
implicit_animalistic	ukrainians	are immature	ukrainians are immature
implicit_animalistic	ukrainians	are naive	ukrainians are naive
implicit_animalistic	ukrainians	are immoral	ukrainians are immoral
implicit_animalistic	ukrainians	are greedy	ukrainians are greedy
implicit_animalistic	ukrainians	are selfish	ukrainians are selfish
implicit_animalistic	ukrainians	are uneducated	ukrainians are uneducated
implicit_animalistic	republicans	are uncultured	republicans are uncultured
implicit_animalistic	republicans	are unrefined	republicans are unrefined
implicit_animalistic	republicans	are provincial	republicans are provincial
implicit_animalistic	republicans	are backward	republicans are backward
implicit_animalistic	republicans	are uncivilised	republicans are uncivilised
implicit_animalistic	republicans	are uncivilized	republicans are uncivilized
implicit_animalistic	republicans	are coarse	republicans are coarse
implicit_animalistic	republicans	are unintelligent	republicans are unintelligent
implicit_animalistic	republicans	are illiterate	republicans are illiterate
implicit_animalistic	republicans	are rude	republicans are rude
implicit_animalistic	republicans	have no manners	republicans have no manners
implicit_animalistic	republicans	lack morals	republicans lack morals
implicit_animalistic	republicans	corrupt	republicans corrupt
implicit_animalistic	republicans	moralless	republicans moralless
implicit_animalistic	republicans	without morals	republicans without morals
implicit_animalistic	republicans	are prone to violating the moral code	republicans are prone to violating the moral code
implicit_animalistic	republicans	are irrational	republicans are irrational
implicit_animalistic	republicans	are childish in their decision-making	republicans are childish in their decision-making
implicit_animalistic	republicans	are childlike	republicans are childlike
implicit_animalistic	republicans	are immature	republicans are immature
implicit_animalistic	republicans	are naive	republicans are naive
implicit_animalistic	republicans	are immoral	republicans are immoral
implicit_animalistic	republicans	are greedy	republicans are greedy
implicit_animalistic	republicans	are selfish	republicans are selfish
implicit_animalistic	republicans	are uneducated	republicans are uneducated
implicit_animalistic	democrats	are uncultured	democrats are uncultured
implicit_animalistic	democrats	are unrefined	democrats are unrefined
implicit_animalistic	democrats	are provincial	democrats are provincial
implicit_animalistic	democrats	are backward	democrats are backward
implicit_animalistic	democrats	are uncivilised	democrats are uncivilised
implicit_animalistic	democrats	are uncivilized	democrats are uncivilized
implicit_animalistic	democrats	are coarse	democrats are coarse
implicit_animalistic	democrats	are unintelligent	democrats are unintelligent
implicit_animalistic	democrats	are illiterate	democrats are illiterate
implicit_animalistic	democrats	are rude	democrats are rude
implicit_animalistic	democrats	have no manners	democrats have no manners
implicit_animalistic	democrats	lack morals	democrats lack morals
implicit_animalistic	democrats	corrupt	democrats corrupt
implicit_animalistic	democrats	moralless	democrats moralless
implicit_animalistic	democrats	without morals	democrats without morals
implicit_animalistic	democrats	are prone to violating the moral code	democrats are prone to violating the moral code
implicit_animalistic	democrats	are irrational	democrats are irrational
implicit_animalistic	democrats	are childish in their decision-making	democrats are childish in their decision-making
implicit_animalistic	democrats	are childlike	democrats are childlike
implicit_animalistic	democrats	are immature	democrats are immature
implicit_animalistic	democrats	are naive	democrats are naive
implicit_animalistic	democrats	are immoral	democrats are immoral
implicit_animalistic	democrats	are greedy	democrats are greedy
implicit_animalistic	democrats	are selfish	democrats are selfish
implicit_animalistic	democrats	are uneducated	democrats are uneducated
implicit_animalistic	dems	are uncultured	dems are uncultured
implicit_animalistic	dems	are unrefined	dems are unrefined
implicit_animalistic	dems	are provincial	dems are provincial
implicit_animalistic	dems	are backward	dems are backward
implicit_animalistic	dems	are uncivilised	dems are uncivilised
implicit_animalistic	dems	are uncivilized	dems are uncivilized
implicit_animalistic	dems	are coarse	dems are coarse
implicit_animalistic	dems	are unintelligent	dems are unintelligent
implicit_animalistic	dems	are illiterate	dems are illiterate
implicit_animalistic	dems	are rude	dems are rude
implicit_animalistic	dems	have no manners	dems have no manners
implicit_animalistic	dems	lack morals	dems lack morals
implicit_animalistic	dems	corrupt	dems corrupt
implicit_animalistic	dems	moralless	dems moralless
implicit_animalistic	dems	without morals	dems without morals
implicit_animalistic	dems	are prone to violating the moral code	dems are prone to violating the moral code
implicit_animalistic	dems	are irrational	dems are irrational
implicit_animalistic	dems	are childish in their decision-making	dems are childish in their decision-making
implicit_animalistic	dems	are childlike	dems are childlike
implicit_animalistic	dems	are immature	dems are immature
implicit_animalistic	dems	are naive	dems are naive
implicit_animalistic	dems	are immoral	dems are immoral
implicit_animalistic	dems	are greedy	dems are greedy
implicit_animalistic	dems	are selfish	dems are selfish
implicit_animalistic	dems	are uneducated	dems are uneducated
implicit_animalistic	reps	are uncultured	reps are uncultured
implicit_animalistic	reps	are unrefined	reps are unrefined
implicit_animalistic	reps	are provincial	reps are provincial
implicit_animalistic	reps	are backward	reps are backward
implicit_animalistic	reps	are uncivilised	reps are uncivilised
implicit_animalistic	reps	are uncivilized	reps are uncivilized
implicit_animalistic	reps	are coarse	reps are coarse
implicit_animalistic	reps	are unintelligent	reps are unintelligent
implicit_animalistic	reps	are illiterate	reps are illiterate
implicit_animalistic	reps	are rude	reps are rude
implicit_animalistic	reps	have no manners	reps have no manners
implicit_animalistic	reps	lack morals	reps lack morals
implicit_animalistic	reps	corrupt	reps corrupt
implicit_animalistic	reps	moralless	reps moralless
implicit_animalistic	reps	without morals	reps without morals
implicit_animalistic	reps	are prone to violating the moral code	reps are prone to violating the moral code
implicit_animalistic	reps	are irrational	reps are irrational
implicit_animalistic	reps	are childish in their decision-making	reps are childish in their decision-making
implicit_animalistic	reps	are childlike	reps are childlike
implicit_animalistic	reps	are immature	reps are immature
implicit_animalistic	reps	are naive	reps are naive
implicit_animalistic	reps	are immoral	reps are immoral
implicit_animalistic	reps	are greedy	reps are greedy
implicit_animalistic	reps	are selfish	reps are selfish
implicit_animalistic	reps	are uneducated	reps are uneducated
implicit_animalistic	cripples	are uncultured	cripples are uncultured
implicit_animalistic	cripples	are unrefined	cripples are unrefined
implicit_animalistic	cripples	are provincial	cripples are provincial
implicit_animalistic	cripples	are backward	cripples are backward
implicit_animalistic	cripples	are uncivilised	cripples are uncivilised
implicit_animalistic	cripples	are uncivilized	cripples are uncivilized
implicit_animalistic	cripples	are coarse	cripples are coarse
implicit_animalistic	cripples	are unintelligent	cripples are unintelligent
implicit_animalistic	cripples	are illiterate	cripples are illiterate
implicit_animalistic	cripples	are rude	cripples are rude
implicit_animalistic	cripples	have no manners	cripples have no manners
implicit_animalistic	cripples	lack morals	cripples lack morals
implicit_animalistic	cripples	corrupt	cripples corrupt
implicit_animalistic	cripples	moralless	cripples moralless
implicit_animalistic	cripples	without morals	cripples without morals
implicit_animalistic	cripples	are prone to violating the moral code	cripples are prone to violating the moral code
implicit_animalistic	cripples	are irrational	cripples are irrational
implicit_animalistic	cripples	are childish in their decision-making	cripples are childish in their decision-making
implicit_animalistic	cripples	are childlike	cripples are childlike
implicit_animalistic	cripples	are immature	cripples are immature
implicit_animalistic	cripples	are naive	cripples are naive
implicit_animalistic	cripples	are immoral	cripples are immoral
implicit_animalistic	cripples	are greedy	cripples are greedy
implicit_animalistic	cripples	are selfish	cripples are selfish
implicit_animalistic	cripples	are uneducated	cripples are uneducated
implicit_animalistic	gimps	are uncultured	gimps are uncultured
implicit_animalistic	gimps	are unrefined	gimps are unrefined
implicit_animalistic	gimps	are provincial	gimps are provincial
implicit_animalistic	gimps	are backward	gimps are backward
implicit_animalistic	gimps	are uncivilised	gimps are uncivilised
implicit_animalistic	gimps	are uncivilized	gimps are uncivilized
implicit_animalistic	gimps	are coarse	gimps are coarse
implicit_animalistic	gimps	are unintelligent	gimps are unintelligent
implicit_animalistic	gimps	are illiterate	gimps are illiterate
implicit_animalistic	gimps	are rude	gimps are rude
implicit_animalistic	gimps	have no manners	gimps have no manners
implicit_animalistic	gimps	lack morals	gimps lack morals
implicit_animalistic	gimps	corrupt	gimps corrupt
implicit_animalistic	gimps	moralless	gimps moralless
implicit_animalistic	gimps	without morals	gimps without morals
implicit_animalistic	gimps	are prone to violating the moral code	gimps are prone to violating the moral code
implicit_animalistic	gimps	are irrational	gimps are irrational
implicit_animalistic	gimps	are childish in their decision-making	gimps are childish in their decision-making
implicit_animalistic	gimps	are childlike	gimps are childlike
implicit_animalistic	gimps	are immature	gimps are immature
implicit_animalistic	gimps	are naive	gimps are naive
implicit_animalistic	gimps	are immoral	gimps are immoral
implicit_animalistic	gimps	are greedy	gimps are greedy
implicit_animalistic	gimps	are selfish	gimps are selfish
implicit_animalistic	gimps	are uneducated	gimps are uneducated
implicit_animalistic	libtards	are uncultured	libtards are uncultured
implicit_animalistic	libtards	are unrefined	libtards are unrefined
implicit_animalistic	libtards	are provincial	libtards are provincial
implicit_animalistic	libtards	are backward	libtards are backward
implicit_animalistic	libtards	are uncivilised	libtards are uncivilised
implicit_animalistic	libtards	are uncivilized	libtards are uncivilized
implicit_animalistic	libtards	are coarse	libtards are coarse
implicit_animalistic	libtards	are unintelligent	libtards are unintelligent
implicit_animalistic	libtards	are illiterate	libtards are illiterate
implicit_animalistic	libtards	are rude	libtards are rude
implicit_animalistic	libtards	have no manners	libtards have no manners
implicit_animalistic	libtards	lack morals	libtards lack morals
implicit_animalistic	libtards	corrupt	libtards corrupt
implicit_animalistic	libtards	moralless	libtards moralless
implicit_animalistic	libtards	without morals	libtards without morals
implicit_animalistic	libtards	are prone to violating the moral code	libtards are prone to violating the moral code
implicit_animalistic	libtards	are irrational	libtards are irrational
implicit_animalistic	libtards	are childish in their decision-making	libtards are childish in their decision-making
implicit_animalistic	libtards	are childlike	libtards are childlike
implicit_animalistic	libtards	are immature	libtards are immature
implicit_animalistic	libtards	are naive	libtards are naive
implicit_animalistic	libtards	are immoral	libtards are immoral
implicit_animalistic	libtards	are greedy	libtards are greedy
implicit_animalistic	libtards	are selfish	libtards are selfish
implicit_animalistic	libtards	are uneducated	libtards are uneducated
implicit_animalistic	mongos	are uncultured	mongos are uncultured
implicit_animalistic	mongos	are unrefined	mongos are unrefined
implicit_animalistic	mongos	are provincial	mongos are provincial
implicit_animalistic	mongos	are backward	mongos are backward
implicit_animalistic	mongos	are uncivilised	mongos are uncivilised
implicit_animalistic	mongos	are uncivilized	mongos are uncivilized
implicit_animalistic	mongos	are coarse	mongos are coarse
implicit_animalistic	mongos	are unintelligent	mongos are unintelligent
implicit_animalistic	mongos	are illiterate	mongos are illiterate
implicit_animalistic	mongos	are rude	mongos are rude
implicit_animalistic	mongos	have no manners	mongos have no manners
implicit_animalistic	mongos	lack morals	mongos lack morals
implicit_animalistic	mongos	corrupt	mongos corrupt
implicit_animalistic	mongos	moralless	mongos moralless
implicit_animalistic	mongos	without morals	mongos without morals
implicit_animalistic	mongos	are prone to violating the moral code	mongos are prone to violating the moral code
implicit_animalistic	mongos	are irrational	mongos are irrational
implicit_animalistic	mongos	are childish in their decision-making	mongos are childish in their decision-making
implicit_animalistic	mongos	are childlike	mongos are childlike
implicit_animalistic	mongos	are immature	mongos are immature
implicit_animalistic	mongos	are naive	mongos are naive
implicit_animalistic	mongos	are immoral	mongos are immoral
implicit_animalistic	mongos	are greedy	mongos are greedy
implicit_animalistic	mongos	are selfish	mongos are selfish
implicit_animalistic	mongos	are uneducated	mongos are uneducated
implicit_animalistic	retards	are uncultured	retards are uncultured
implicit_animalistic	retards	are unrefined	retards are unrefined
implicit_animalistic	retards	are provincial	retards are provincial
implicit_animalistic	retards	are backward	retards are backward
implicit_animalistic	retards	are uncivilised	retards are uncivilised
implicit_animalistic	retards	are uncivilized	retards are uncivilized
implicit_animalistic	retards	are coarse	retards are coarse
implicit_animalistic	retards	are unintelligent	retards are unintelligent
implicit_animalistic	retards	are illiterate	retards are illiterate
implicit_animalistic	retards	are rude	retards are rude
implicit_animalistic	retards	have no manners	retards have no manners
implicit_animalistic	retards	lack morals	retards lack morals
implicit_animalistic	retards	corrupt	retards corrupt
implicit_animalistic	retards	moralless	retards moralless
implicit_animalistic	retards	without morals	retards without morals
implicit_animalistic	retards	are prone to violating the moral code	retards are prone to violating the moral code
implicit_animalistic	retards	are irrational	retards are irrational
implicit_animalistic	retards	are childish in their decision-making	retards are childish in their decision-making
implicit_animalistic	retards	are childlike	retards are childlike
implicit_animalistic	retards	are immature	retards are immature
implicit_animalistic	retards	are naive	retards are naive
implicit_animalistic	retards	are immoral	retards are immoral
implicit_animalistic	retards	are greedy	retards are greedy
implicit_animalistic	retards	are selfish	retards are selfish
implicit_animalistic	retards	are uneducated	retards are uneducated
implicit_animalistic	tarded	are uncultured	tarded are uncultured
implicit_animalistic	tarded	are unrefined	tarded are unrefined
implicit_animalistic	tarded	are provincial	tarded are provincial
implicit_animalistic	tarded	are backward	tarded are backward
implicit_animalistic	tarded	are uncivilised	tarded are uncivilised
implicit_animalistic	tarded	are uncivilized	tarded are uncivilized
implicit_animalistic	tarded	are coarse	tarded are coarse
implicit_animalistic	tarded	are unintelligent	tarded are unintelligent
implicit_animalistic	tarded	are illiterate	tarded are illiterate
implicit_animalistic	tarded	are rude	tarded are rude
implicit_animalistic	tarded	have no manners	tarded have no manners
implicit_animalistic	tarded	lack morals	tarded lack morals
implicit_animalistic	tarded	corrupt	tarded corrupt
implicit_animalistic	tarded	moralless	tarded moralless
implicit_animalistic	tarded	without morals	tarded without morals
implicit_animalistic	tarded	are prone to violating the moral code	tarded are prone to violating the moral code
implicit_animalistic	tarded	are irrational	tarded are irrational
implicit_animalistic	tarded	are childish in their decision-making	tarded are childish in their decision-making
implicit_animalistic	tarded	are childlike	tarded are childlike
implicit_animalistic	tarded	are immature	tarded are immature
implicit_animalistic	tarded	are naive	tarded are naive
implicit_animalistic	tarded	are immoral	tarded are immoral
implicit_animalistic	tarded	are greedy	tarded are greedy
implicit_animalistic	tarded	are selfish	tarded are selfish
implicit_animalistic	tarded	are uneducated	tarded are uneducated
implicit_animalistic	tards	are uncultured	tards are uncultured
implicit_animalistic	tards	are unrefined	tards are unrefined
implicit_animalistic	tards	are provincial	tards are provincial
implicit_animalistic	tards	are backward	tards are backward
implicit_animalistic	tards	are uncivilised	tards are uncivilised
implicit_animalistic	tards	are uncivilized	tards are uncivilized
implicit_animalistic	tards	are coarse	tards are coarse
implicit_animalistic	tards	are unintelligent	tards are unintelligent
implicit_animalistic	tards	are illiterate	tards are illiterate
implicit_animalistic	tards	are rude	tards are rude
implicit_animalistic	tards	have no manners	tards have no manners
implicit_animalistic	tards	lack morals	tards lack morals
implicit_animalistic	tards	corrupt	tards corrupt
implicit_animalistic	tards	moralless	tards moralless
implicit_animalistic	tards	without morals	tards without morals
implicit_animalistic	tards	are prone to violating the moral code	tards are prone to violating the moral code
implicit_animalistic	tards	are irrational	tards are irrational
implicit_animalistic	tards	are childish in their decision-making	tards are childish in their decision-making
implicit_animalistic	tards	are childlike	tards are childlike
implicit_animalistic	tards	are immature	tards are immature
implicit_animalistic	tards	are naive	tards are naive
implicit_animalistic	tards	are immoral	tards are immoral
implicit_animalistic	tards	are greedy	tards are greedy
implicit_animalistic	tards	are selfish	tards are selfish
implicit_animalistic	tards	are uneducated	tards are uneducated
implicit_animalistic	elderlies	are uncultured	elderlies are uncultured
implicit_animalistic	elderlies	are unrefined	elderlies are unrefined
implicit_animalistic	elderlies	are provincial	elderlies are provincial
implicit_animalistic	elderlies	are backward	elderlies are backward
implicit_animalistic	elderlies	are uncivilised	elderlies are uncivilised
implicit_animalistic	elderlies	are uncivilized	elderlies are uncivilized
implicit_animalistic	elderlies	are coarse	elderlies are coarse
implicit_animalistic	elderlies	are unintelligent	elderlies are unintelligent
implicit_animalistic	elderlies	are illiterate	elderlies are illiterate
implicit_animalistic	elderlies	are rude	elderlies are rude
implicit_animalistic	elderlies	have no manners	elderlies have no manners
implicit_animalistic	elderlies	lack morals	elderlies lack morals
implicit_animalistic	elderlies	corrupt	elderlies corrupt
implicit_animalistic	elderlies	moralless	elderlies moralless
implicit_animalistic	elderlies	without morals	elderlies without morals
implicit_animalistic	elderlies	are prone to violating the moral code	elderlies are prone to violating the moral code
implicit_animalistic	elderlies	are irrational	elderlies are irrational
implicit_animalistic	elderlies	are childish in their decision-making	elderlies are childish in their decision-making
implicit_animalistic	elderlies	are childlike	elderlies are childlike
implicit_animalistic	elderlies	are immature	elderlies are immature
implicit_animalistic	elderlies	are naive	elderlies are naive
implicit_animalistic	elderlies	are immoral	elderlies are immoral
implicit_animalistic	elderlies	are greedy	elderlies are greedy
implicit_animalistic	elderlies	are selfish	elderlies are selfish
implicit_animalistic	elderlies	are uneducated	elderlies are uneducated
implicit_animalistic	oldppl	are uncultured	oldppl are uncultured
implicit_animalistic	oldppl	are unrefined	oldppl are unrefined
implicit_animalistic	oldppl	are provincial	oldppl are provincial
implicit_animalistic	oldppl	are backward	oldppl are backward
implicit_animalistic	oldppl	are uncivilised	oldppl are uncivilised
implicit_animalistic	oldppl	are uncivilized	oldppl are uncivilized
implicit_animalistic	oldppl	are coarse	oldppl are coarse
implicit_animalistic	oldppl	are unintelligent	oldppl are unintelligent
implicit_animalistic	oldppl	are illiterate	oldppl are illiterate
implicit_animalistic	oldppl	are rude	oldppl are rude
implicit_animalistic	oldppl	have no manners	oldppl have no manners
implicit_animalistic	oldppl	lack morals	oldppl lack morals
implicit_animalistic	oldppl	corrupt	oldppl corrupt
implicit_animalistic	oldppl	moralless	oldppl moralless
implicit_animalistic	oldppl	without morals	oldppl without morals
implicit_animalistic	oldppl	are prone to violating the moral code	oldppl are prone to violating the moral code
implicit_animalistic	oldppl	are irrational	oldppl are irrational
implicit_animalistic	oldppl	are childish in their decision-making	oldppl are childish in their decision-making
implicit_animalistic	oldppl	are childlike	oldppl are childlike
implicit_animalistic	oldppl	are immature	oldppl are immature
implicit_animalistic	oldppl	are naive	oldppl are naive
implicit_animalistic	oldppl	are immoral	oldppl are immoral
implicit_animalistic	oldppl	are greedy	oldppl are greedy
implicit_animalistic	oldppl	are selfish	oldppl are selfish
implicit_animalistic	oldppl	are uneducated	oldppl are uneducated
implicit_animalistic	oldwomen	are uncultured	oldwomen are uncultured
implicit_animalistic	oldwomen	are unrefined	oldwomen are unrefined
implicit_animalistic	oldwomen	are provincial	oldwomen are provincial
implicit_animalistic	oldwomen	are backward	oldwomen are backward
implicit_animalistic	oldwomen	are uncivilised	oldwomen are uncivilised
implicit_animalistic	oldwomen	are uncivilized	oldwomen are uncivilized
implicit_animalistic	oldwomen	are coarse	oldwomen are coarse
implicit_animalistic	oldwomen	are unintelligent	oldwomen are unintelligent
implicit_animalistic	oldwomen	are illiterate	oldwomen are illiterate
implicit_animalistic	oldwomen	are rude	oldwomen are rude
implicit_animalistic	oldwomen	have no manners	oldwomen have no manners
implicit_animalistic	oldwomen	lack morals	oldwomen lack morals
implicit_animalistic	oldwomen	corrupt	oldwomen corrupt
implicit_animalistic	oldwomen	moralless	oldwomen moralless
implicit_animalistic	oldwomen	without morals	oldwomen without morals
implicit_animalistic	oldwomen	are prone to violating the moral code	oldwomen are prone to violating the moral code
implicit_animalistic	oldwomen	are irrational	oldwomen are irrational
implicit_animalistic	oldwomen	are childish in their decision-making	oldwomen are childish in their decision-making
implicit_animalistic	oldwomen	are childlike	oldwomen are childlike
implicit_animalistic	oldwomen	are immature	oldwomen are immature
implicit_animalistic	oldwomen	are naive	oldwomen are naive
implicit_animalistic	oldwomen	are immoral	oldwomen are immoral
implicit_animalistic	oldwomen	are greedy	oldwomen are greedy
implicit_animalistic	oldwomen	are selfish	oldwomen are selfish
implicit_animalistic	oldwomen	are uneducated	oldwomen are uneducated
implicit_animalistic	old persons	are uncultured	old persons are uncultured
implicit_animalistic	old persons	are unrefined	old persons are unrefined
implicit_animalistic	old persons	are provincial	old persons are provincial
implicit_animalistic	old persons	are backward	old persons are backward
implicit_animalistic	old persons	are uncivilised	old persons are uncivilised
implicit_animalistic	old persons	are uncivilized	old persons are uncivilized
implicit_animalistic	old persons	are coarse	old persons are coarse
implicit_animalistic	old persons	are unintelligent	old persons are unintelligent
implicit_animalistic	old persons	are illiterate	old persons are illiterate
implicit_animalistic	old persons	are rude	old persons are rude
implicit_animalistic	old persons	have no manners	old persons have no manners
implicit_animalistic	old persons	lack morals	old persons lack morals
implicit_animalistic	old persons	corrupt	old persons corrupt
implicit_animalistic	old persons	moralless	old persons moralless
implicit_animalistic	old persons	without morals	old persons without morals
implicit_animalistic	old persons	are prone to violating the moral code	old persons are prone to violating the moral code
implicit_animalistic	old persons	are irrational	old persons are irrational
implicit_animalistic	old persons	are childish in their decision-making	old persons are childish in their decision-making
implicit_animalistic	old persons	are childlike	old persons are childlike
implicit_animalistic	old persons	are immature	old persons are immature
implicit_animalistic	old persons	are naive	old persons are naive
implicit_animalistic	old persons	are immoral	old persons are immoral
implicit_animalistic	old persons	are greedy	old persons are greedy
implicit_animalistic	old persons	are selfish	old persons are selfish
implicit_animalistic	old persons	are uneducated	old persons are uneducated
implicit_animalistic	patients	are uncultured	patients are uncultured
implicit_animalistic	patients	are unrefined	patients are unrefined
implicit_animalistic	patients	are provincial	patients are provincial
implicit_animalistic	patients	are backward	patients are backward
implicit_animalistic	patients	are uncivilised	patients are uncivilised
implicit_animalistic	patients	are uncivilized	patients are uncivilized
implicit_animalistic	patients	are coarse	patients are coarse
implicit_animalistic	patients	are unintelligent	patients are unintelligent
implicit_animalistic	patients	are illiterate	patients are illiterate
implicit_animalistic	patients	are rude	patients are rude
implicit_animalistic	patients	have no manners	patients have no manners
implicit_animalistic	patients	lack morals	patients lack morals
implicit_animalistic	patients	corrupt	patients corrupt
implicit_animalistic	patients	moralless	patients moralless
implicit_animalistic	patients	without morals	patients without morals
implicit_animalistic	patients	are prone to violating the moral code	patients are prone to violating the moral code
implicit_animalistic	patients	are irrational	patients are irrational
implicit_animalistic	patients	are childish in their decision-making	patients are childish in their decision-making
implicit_animalistic	patients	are childlike	patients are childlike
implicit_animalistic	patients	are immature	patients are immature
implicit_animalistic	patients	are naive	patients are naive
implicit_animalistic	patients	are immoral	patients are immoral
implicit_animalistic	patients	are greedy	patients are greedy
implicit_animalistic	patients	are selfish	patients are selfish
implicit_animalistic	patients	are uneducated	patients are uneducated
implicit_animalistic	criminals	are uncultured	criminals are uncultured
implicit_animalistic	criminals	are unrefined	criminals are unrefined
implicit_animalistic	criminals	are provincial	criminals are provincial
implicit_animalistic	criminals	are backward	criminals are backward
implicit_animalistic	criminals	are uncivilised	criminals are uncivilised
implicit_animalistic	criminals	are uncivilized	criminals are uncivilized
implicit_animalistic	criminals	are coarse	criminals are coarse
implicit_animalistic	criminals	are unintelligent	criminals are unintelligent
implicit_animalistic	criminals	are illiterate	criminals are illiterate
implicit_animalistic	criminals	are rude	criminals are rude
implicit_animalistic	criminals	have no manners	criminals have no manners
implicit_animalistic	criminals	lack morals	criminals lack morals
implicit_animalistic	criminals	corrupt	criminals corrupt
implicit_animalistic	criminals	moralless	criminals moralless
implicit_animalistic	criminals	without morals	criminals without morals
implicit_animalistic	criminals	are prone to violating the moral code	criminals are prone to violating the moral code
implicit_animalistic	criminals	are irrational	criminals are irrational
implicit_animalistic	criminals	are childish in their decision-making	criminals are childish in their decision-making
implicit_animalistic	criminals	are childlike	criminals are childlike
implicit_animalistic	criminals	are immature	criminals are immature
implicit_animalistic	criminals	are naive	criminals are naive
implicit_animalistic	criminals	are immoral	criminals are immoral
implicit_animalistic	criminals	are greedy	criminals are greedy
implicit_animalistic	criminals	are selfish	criminals are selfish
implicit_animalistic	criminals	are uneducated	criminals are uneducated
implicit_animalistic	inmates	are uncultured	inmates are uncultured
implicit_animalistic	inmates	are unrefined	inmates are unrefined
implicit_animalistic	inmates	are provincial	inmates are provincial
implicit_animalistic	inmates	are backward	inmates are backward
implicit_animalistic	inmates	are uncivilised	inmates are uncivilised
implicit_animalistic	inmates	are uncivilized	inmates are uncivilized
implicit_animalistic	inmates	are coarse	inmates are coarse
implicit_animalistic	inmates	are unintelligent	inmates are unintelligent
implicit_animalistic	inmates	are illiterate	inmates are illiterate
implicit_animalistic	inmates	are rude	inmates are rude
implicit_animalistic	inmates	have no manners	inmates have no manners
implicit_animalistic	inmates	lack morals	inmates lack morals
implicit_animalistic	inmates	corrupt	inmates corrupt
implicit_animalistic	inmates	moralless	inmates moralless
implicit_animalistic	inmates	without morals	inmates without morals
implicit_animalistic	inmates	are prone to violating the moral code	inmates are prone to violating the moral code
implicit_animalistic	inmates	are irrational	inmates are irrational
implicit_animalistic	inmates	are childish in their decision-making	inmates are childish in their decision-making
implicit_animalistic	inmates	are childlike	inmates are childlike
implicit_animalistic	inmates	are immature	inmates are immature
implicit_animalistic	inmates	are naive	inmates are naive
implicit_animalistic	inmates	are immoral	inmates are immoral
implicit_animalistic	inmates	are greedy	inmates are greedy
implicit_animalistic	inmates	are selfish	inmates are selfish
implicit_animalistic	inmates	are uneducated	inmates are uneducated
implicit_animalistic	prisoners	are uncultured	prisoners are uncultured
implicit_animalistic	prisoners	are unrefined	prisoners are unrefined
implicit_animalistic	prisoners	are provincial	prisoners are provincial
implicit_animalistic	prisoners	are backward	prisoners are backward
implicit_animalistic	prisoners	are uncivilised	prisoners are uncivilised
implicit_animalistic	prisoners	are uncivilized	prisoners are uncivilized
implicit_animalistic	prisoners	are coarse	prisoners are coarse
implicit_animalistic	prisoners	are unintelligent	prisoners are unintelligent
implicit_animalistic	prisoners	are illiterate	prisoners are illiterate
implicit_animalistic	prisoners	are rude	prisoners are rude
implicit_animalistic	prisoners	have no manners	prisoners have no manners
implicit_animalistic	prisoners	lack morals	prisoners lack morals
implicit_animalistic	prisoners	corrupt	prisoners corrupt
implicit_animalistic	prisoners	moralless	prisoners moralless
implicit_animalistic	prisoners	without morals	prisoners without morals
implicit_animalistic	prisoners	are prone to violating the moral code	prisoners are prone to violating the moral code
implicit_animalistic	prisoners	are irrational	prisoners are irrational
implicit_animalistic	prisoners	are childish in their decision-making	prisoners are childish in their decision-making
implicit_animalistic	prisoners	are childlike	prisoners are childlike
implicit_animalistic	prisoners	are immature	prisoners are immature
implicit_animalistic	prisoners	are naive	prisoners are naive
implicit_animalistic	prisoners	are immoral	prisoners are immoral
implicit_animalistic	prisoners	are greedy	prisoners are greedy
implicit_animalistic	prisoners	are selfish	prisoners are selfish
implicit_animalistic	prisoners	are uneducated	prisoners are uneducated
implicit_animalistic	you	are uncultured	you are uncultured
implicit_animalistic	you	are unrefined	you are unrefined
implicit_animalistic	you	are provincial	you are provincial
implicit_animalistic	you	are backward	you are backward
implicit_animalistic	you	are uncivilised	you are uncivilised
implicit_animalistic	you	are uncivilized	you are uncivilized
implicit_animalistic	you	are coarse	you are coarse
implicit_animalistic	you	are unintelligent	you are unintelligent
implicit_animalistic	you	are illiterate	you are illiterate
implicit_animalistic	you	are rude	you are rude
implicit_animalistic	you	have no manners	you have no manners
implicit_animalistic	you	lack morals	you lack morals
implicit_animalistic	you	corrupt	you corrupt
implicit_animalistic	you	moralless	you moralless
implicit_animalistic	you	without morals	you without morals
implicit_animalistic	you	are prone to violating the moral code	you are prone to violating the moral code
implicit_animalistic	you	are irrational	you are irrational
implicit_animalistic	you	are childish in their decision-making	you are childish in their decision-making
implicit_animalistic	you	are childlike	you are childlike
implicit_animalistic	you	are immature	you are immature
implicit_animalistic	you	are naive	you are naive
implicit_animalistic	you	are immoral	you are immoral
implicit_animalistic	you	are greedy	you are greedy
implicit_animalistic	you	are selfish	you are selfish
implicit_animalistic	you	are uneducated	you are uneducated
implicit_animalistic	ukrainians	are uncultured	ukrainians are uncultured
implicit_animalistic	ukrainians	are unrefined	ukrainians are unrefined
implicit_animalistic	ukrainians	are provincial	ukrainians are provincial
implicit_animalistic	ukrainians	are backward	ukrainians are backward
implicit_animalistic	ukrainians	are uncivilised	ukrainians are uncivilised
implicit_animalistic	ukrainians	are uncivilized	ukrainians are uncivilized
implicit_animalistic	ukrainians	are coarse	ukrainians are coarse
implicit_animalistic	ukrainians	are unintelligent	ukrainians are unintelligent
implicit_animalistic	ukrainians	are illiterate	ukrainians are illiterate
implicit_animalistic	ukrainians	are rude	ukrainians are rude
implicit_animalistic	ukrainians	have no manners	ukrainians have no manners
implicit_animalistic	ukrainians	lack morals	ukrainians lack morals
implicit_animalistic	ukrainians	corrupt	ukrainians corrupt
implicit_animalistic	ukrainians	moralless	ukrainians moralless
implicit_animalistic	ukrainians	without morals	ukrainians without morals
implicit_animalistic	ukrainians	are prone to violating the moral code	ukrainians are prone to violating the moral code
implicit_animalistic	ukrainians	are irrational	ukrainians are irrational
implicit_animalistic	ukrainians	are childish in their decision-making	ukrainians are childish in their decision-making
implicit_animalistic	ukrainians	are childlike	ukrainians are childlike
implicit_animalistic	ukrainians	are immature	ukrainians are immature
implicit_animalistic	ukrainians	are naive	ukrainians are naive
implicit_animalistic	ukrainians	are immoral	ukrainians are immoral
implicit_animalistic	ukrainians	are greedy	ukrainians are greedy
implicit_animalistic	ukrainians	are selfish	ukrainians are selfish
implicit_animalistic	ukrainians	are uneducated	ukrainians are uneducated
implicit_animalistic	israelis	are uncultured	israelis are uncultured
implicit_animalistic	israelis	are unrefined	israelis are unrefined
implicit_animalistic	israelis	are provincial	israelis are provincial
implicit_animalistic	israelis	are backward	israelis are backward
implicit_animalistic	israelis	are uncivilised	israelis are uncivilised
implicit_animalistic	israelis	are uncivilized	israelis are uncivilized
implicit_animalistic	israelis	are coarse	israelis are coarse
implicit_animalistic	israelis	are unintelligent	israelis are unintelligent
implicit_animalistic	israelis	are illiterate	israelis are illiterate
implicit_animalistic	israelis	are rude	israelis are rude
implicit_animalistic	israelis	have no manners	israelis have no manners
implicit_animalistic	israelis	lack morals	israelis lack morals
implicit_animalistic	israelis	corrupt	israelis corrupt
implicit_animalistic	israelis	moralless	israelis moralless
implicit_animalistic	israelis	without morals	israelis without morals
implicit_animalistic	israelis	are prone to violating the moral code	israelis are prone to violating the moral code
implicit_animalistic	israelis	are irrational	israelis are irrational
implicit_animalistic	israelis	are childish in their decision-making	israelis are childish in their decision-making
implicit_animalistic	israelis	are childlike	israelis are childlike
implicit_animalistic	israelis	are immature	israelis are immature
implicit_animalistic	israelis	are naive	israelis are naive
implicit_animalistic	israelis	are immoral	israelis are immoral
implicit_animalistic	israelis	are greedy	israelis are greedy
implicit_animalistic	israelis	are selfish	israelis are selfish
implicit_animalistic	israelis	are uneducated	israelis are uneducated
implicit_animalistic	palestinians	are uncultured	palestinians are uncultured
implicit_animalistic	palestinians	are unrefined	palestinians are unrefined
implicit_animalistic	palestinians	are provincial	palestinians are provincial
implicit_animalistic	palestinians	are backward	palestinians are backward
implicit_animalistic	palestinians	are uncivilised	palestinians are uncivilised
implicit_animalistic	palestinians	are uncivilized	palestinians are uncivilized
implicit_animalistic	palestinians	are coarse	palestinians are coarse
implicit_animalistic	palestinians	are unintelligent	palestinians are unintelligent
implicit_animalistic	palestinians	are illiterate	palestinians are illiterate
implicit_animalistic	palestinians	are rude	palestinians are rude
implicit_animalistic	palestinians	have no manners	palestinians have no manners
implicit_animalistic	palestinians	lack morals	palestinians lack morals
implicit_animalistic	palestinians	corrupt	palestinians corrupt
implicit_animalistic	palestinians	moralless	palestinians moralless
implicit_animalistic	palestinians	without morals	palestinians without morals
implicit_animalistic	palestinians	are prone to violating the moral code	palestinians are prone to violating the moral code
implicit_animalistic	palestinians	are irrational	palestinians are irrational
implicit_animalistic	palestinians	are childish in their decision-making	palestinians are childish in their decision-making
implicit_animalistic	palestinians	are childlike	palestinians are childlike
implicit_animalistic	palestinians	are immature	palestinians are immature
implicit_animalistic	palestinians	are naive	palestinians are naive
implicit_animalistic	palestinians	are immoral	palestinians are immoral
implicit_animalistic	palestinians	are greedy	palestinians are greedy
implicit_animalistic	palestinians	are selfish	palestinians are selfish
implicit_animalistic	palestinians	are uneducated	palestinians are uneducated
implicit_animalistic	they	are uncultured	they are uncultured
implicit_animalistic	they	are unrefined	they are unrefined
implicit_animalistic	they	are provincial	they are provincial
implicit_animalistic	they	are backward	they are backward
implicit_animalistic	they	are uncivilised	they are uncivilised
implicit_animalistic	they	are uncivilized	they are uncivilized
implicit_animalistic	they	are coarse	they are coarse
implicit_animalistic	they	are unintelligent	they are unintelligent
implicit_animalistic	they	are illiterate	they are illiterate
implicit_animalistic	they	are rude	they are rude
implicit_animalistic	they	have no manners	they have no manners
implicit_animalistic	they	lack morals	they lack morals
implicit_animalistic	they	corrupt	they corrupt
implicit_animalistic	they	moralless	they moralless
implicit_animalistic	they	without morals	they without morals
implicit_animalistic	they	are prone to violating the moral code	they are prone to violating the moral code
implicit_animalistic	they	are irrational	they are irrational
implicit_animalistic	they	are childish in their decision-making	they are childish in their decision-making
implicit_animalistic	they	are childlike	they are childlike
implicit_animalistic	they	are immature	they are immature
implicit_animalistic	they	are naive	they are naive
implicit_animalistic	they	are immoral	they are immoral
implicit_animalistic	they	are greedy	they are greedy
implicit_animalistic	they	are selfish	they are selfish
implicit_animalistic	they	are uneducated	they are uneducated
implicit_animalistic	those	are uncultured	those are uncultured
implicit_animalistic	those	are unrefined	those are unrefined
implicit_animalistic	those	are provincial	those are provincial
implicit_animalistic	those	are backward	those are backward
implicit_animalistic	those	are uncivilised	those are uncivilised
implicit_animalistic	those	are uncivilized	those are uncivilized
implicit_animalistic	those	are coarse	those are coarse
implicit_animalistic	those	are unintelligent	those are unintelligent
implicit_animalistic	those	are illiterate	those are illiterate
implicit_animalistic	those	are rude	those are rude
implicit_animalistic	those	have no manners	those have no manners
implicit_animalistic	those	lack morals	those lack morals
implicit_animalistic	those	corrupt	those corrupt
implicit_animalistic	those	moralless	those moralless
implicit_animalistic	those	without morals	those without morals
implicit_animalistic	those	are prone to violating the moral code	those are prone to violating the moral code
implicit_animalistic	those	are irrational	those are irrational
implicit_animalistic	those	are childish in their decision-making	those are childish in their decision-making
implicit_animalistic	those	are childlike	those are childlike
implicit_animalistic	those	are immature	those are immature
implicit_animalistic	those	are naive	those are naive
implicit_animalistic	those	are immoral	those are immoral
implicit_animalistic	those	are greedy	those are greedy
implicit_animalistic	those	are selfish	those are selfish
implicit_animalistic	those	are uneducated	those are uneducated
implicit_animalistic	these	are uncultured	these are uncultured
implicit_animalistic	these	are unrefined	these are unrefined
implicit_animalistic	these	are provincial	these are provincial
implicit_animalistic	these	are backward	these are backward
implicit_animalistic	these	are uncivilised	these are uncivilised
implicit_animalistic	these	are uncivilized	these are uncivilized
implicit_animalistic	these	are coarse	these are coarse
implicit_animalistic	these	are unintelligent	these are unintelligent
implicit_animalistic	these	are illiterate	these are illiterate
implicit_animalistic	these	are rude	these are rude
implicit_animalistic	these	have no manners	these have no manners
implicit_animalistic	these	lack morals	these lack morals
implicit_animalistic	these	corrupt	these corrupt
implicit_animalistic	these	moralless	these moralless
implicit_animalistic	these	without morals	these without morals
implicit_animalistic	these	are prone to violating the moral code	these are prone to violating the moral code
implicit_animalistic	these	are irrational	these are irrational
implicit_animalistic	these	are childish in their decision-making	these are childish in their decision-making
implicit_animalistic	these	are childlike	these are childlike
implicit_animalistic	these	are immature	these are immature
implicit_animalistic	these	are naive	these are naive
implicit_animalistic	these	are immoral	these are immoral
implicit_animalistic	these	are greedy	these are greedy
implicit_animalistic	these	are selfish	these are selfish
implicit_animalistic	these	are uneducated	these are uneducated
implicit_animalistic	workers	are uncultured	workers are uncultured
implicit_animalistic	workers	are unrefined	workers are unrefined
implicit_animalistic	workers	are provincial	workers are provincial
implicit_animalistic	workers	are backward	workers are backward
implicit_animalistic	workers	are uncivilised	workers are uncivilised
implicit_animalistic	workers	are uncivilized	workers are uncivilized
implicit_animalistic	workers	are coarse	workers are coarse
implicit_animalistic	workers	are unintelligent	workers are unintelligent
implicit_animalistic	workers	are illiterate	workers are illiterate
implicit_animalistic	workers	are rude	workers are rude
implicit_animalistic	workers	have no manners	workers have no manners
implicit_animalistic	workers	lack morals	workers lack morals
implicit_animalistic	workers	corrupt	workers corrupt
implicit_animalistic	workers	moralless	workers moralless
implicit_animalistic	workers	without morals	workers without morals
implicit_animalistic	workers	are prone to violating the moral code	workers are prone to violating the moral code
implicit_animalistic	workers	are irrational	workers are irrational
implicit_animalistic	workers	are childish in their decision-making	workers are childish in their decision-making
implicit_animalistic	workers	are childlike	workers are childlike
implicit_animalistic	workers	are immature	workers are immature
implicit_animalistic	workers	are naive	workers are naive
implicit_animalistic	workers	are immoral	workers are immoral
implicit_animalistic	workers	are greedy	workers are greedy
implicit_animalistic	workers	are selfish	workers are selfish
implicit_animalistic	workers	are uneducated	workers are uneducated
implicit_animalistic	9-to-5ers	are uncultured	9-to-5ers are uncultured
implicit_animalistic	9-to-5ers	are unrefined	9-to-5ers are unrefined
implicit_animalistic	9-to-5ers	are provincial	9-to-5ers are provincial
implicit_animalistic	9-to-5ers	are backward	9-to-5ers are backward
implicit_animalistic	9-to-5ers	are uncivilised	9-to-5ers are uncivilised
implicit_animalistic	9-to-5ers	are uncivilized	9-to-5ers are uncivilized
implicit_animalistic	9-to-5ers	are coarse	9-to-5ers are coarse
implicit_animalistic	9-to-5ers	are unintelligent	9-to-5ers are unintelligent
implicit_animalistic	9-to-5ers	are illiterate	9-to-5ers are illiterate
implicit_animalistic	9-to-5ers	are rude	9-to-5ers are rude
implicit_animalistic	9-to-5ers	have no manners	9-to-5ers have no manners
implicit_animalistic	9-to-5ers	lack morals	9-to-5ers lack morals
implicit_animalistic	9-to-5ers	corrupt	9-to-5ers corrupt
implicit_animalistic	9-to-5ers	moralless	9-to-5ers moralless
implicit_animalistic	9-to-5ers	without morals	9-to-5ers without morals
implicit_animalistic	9-to-5ers	are prone to violating the moral code	9-to-5ers are prone to violating the moral code
implicit_animalistic	9-to-5ers	are irrational	9-to-5ers are irrational
implicit_animalistic	9-to-5ers	are childish in their decision-making	9-to-5ers are childish in their decision-making
implicit_animalistic	9-to-5ers	are childlike	9-to-5ers are childlike
implicit_animalistic	9-to-5ers	are immature	9-to-5ers are immature
implicit_animalistic	9-to-5ers	are naive	9-to-5ers are naive
implicit_animalistic	9-to-5ers	are immoral	9-to-5ers are immoral
implicit_animalistic	9-to-5ers	are greedy	9-to-5ers are greedy
implicit_animalistic	9-to-5ers	are selfish	9-to-5ers are selfish
implicit_animalistic	9-to-5ers	are uneducated	9-to-5ers are uneducated
implicit_animalistic	toursits	are uncultured	toursits are uncultured
implicit_animalistic	toursits	are unrefined	toursits are unrefined
implicit_animalistic	toursits	are provincial	toursits are provincial
implicit_animalistic	toursits	are backward	toursits are backward
implicit_animalistic	toursits	are uncivilised	toursits are uncivilised
implicit_animalistic	toursits	are uncivilized	toursits are uncivilized
implicit_animalistic	toursits	are coarse	toursits are coarse
implicit_animalistic	toursits	are unintelligent	toursits are unintelligent
implicit_animalistic	toursits	are illiterate	toursits are illiterate
implicit_animalistic	toursits	are rude	toursits are rude
implicit_animalistic	toursits	have no manners	toursits have no manners
implicit_animalistic	toursits	lack morals	toursits lack morals
implicit_animalistic	toursits	corrupt	toursits corrupt
implicit_animalistic	toursits	moralless	toursits moralless
implicit_animalistic	toursits	without morals	toursits without morals
implicit_animalistic	toursits	are prone to violating the moral code	toursits are prone to violating the moral code
implicit_animalistic	toursits	are irrational	toursits are irrational
implicit_animalistic	toursits	are childish in their decision-making	toursits are childish in their decision-making
implicit_animalistic	toursits	are childlike	toursits are childlike
implicit_animalistic	toursits	are immature	toursits are immature
implicit_animalistic	toursits	are naive	toursits are naive
implicit_animalistic	toursits	are immoral	toursits are immoral
implicit_animalistic	toursits	are greedy	toursits are greedy
implicit_animalistic	toursits	are selfish	toursits are selfish
implicit_animalistic	toursits	are uneducated	toursits are uneducated
implicit_animalistic	travellers	are uncultured	travellers are uncultured
implicit_animalistic	travellers	are unrefined	travellers are unrefined
implicit_animalistic	travellers	are provincial	travellers are provincial
implicit_animalistic	travellers	are backward	travellers are backward
implicit_animalistic	travellers	are uncivilised	travellers are uncivilised
implicit_animalistic	travellers	are uncivilized	travellers are uncivilized
implicit_animalistic	travellers	are coarse	travellers are coarse
implicit_animalistic	travellers	are unintelligent	travellers are unintelligent
implicit_animalistic	travellers	are illiterate	travellers are illiterate
implicit_animalistic	travellers	are rude	travellers are rude
implicit_animalistic	travellers	have no manners	travellers have no manners
implicit_animalistic	travellers	lack morals	travellers lack morals
implicit_animalistic	travellers	corrupt	travellers corrupt
implicit_animalistic	travellers	moralless	travellers moralless
implicit_animalistic	travellers	without morals	travellers without morals
implicit_animalistic	travellers	are prone to violating the moral code	travellers are prone to violating the moral code
implicit_animalistic	travellers	are irrational	travellers are irrational
implicit_animalistic	travellers	are childish in their decision-making	travellers are childish in their decision-making
implicit_animalistic	travellers	are childlike	travellers are childlike
implicit_animalistic	travellers	are immature	travellers are immature
implicit_animalistic	travellers	are naive	travellers are naive
implicit_animalistic	travellers	are immoral	travellers are immoral
implicit_animalistic	travellers	are greedy	travellers are greedy
implicit_animalistic	travellers	are selfish	travellers are selfish
implicit_animalistic	travellers	are uneducated	travellers are uneducated
implicit_animalistic	businessmen	are uncultured	businessmen are uncultured
implicit_animalistic	businessmen	are unrefined	businessmen are unrefined
implicit_animalistic	businessmen	are provincial	businessmen are provincial
implicit_animalistic	businessmen	are backward	businessmen are backward
implicit_animalistic	businessmen	are uncivilised	businessmen are uncivilised
implicit_animalistic	businessmen	are uncivilized	businessmen are uncivilized
implicit_animalistic	businessmen	are coarse	businessmen are coarse
implicit_animalistic	businessmen	are unintelligent	businessmen are unintelligent
implicit_animalistic	businessmen	are illiterate	businessmen are illiterate
implicit_animalistic	businessmen	are rude	businessmen are rude
implicit_animalistic	businessmen	have no manners	businessmen have no manners
implicit_animalistic	businessmen	lack morals	businessmen lack morals
implicit_animalistic	businessmen	corrupt	businessmen corrupt
implicit_animalistic	businessmen	moralless	businessmen moralless
implicit_animalistic	businessmen	without morals	businessmen without morals
implicit_animalistic	businessmen	are prone to violating the moral code	businessmen are prone to violating the moral code
implicit_animalistic	businessmen	are irrational	businessmen are irrational
implicit_animalistic	businessmen	are childish in their decision-making	businessmen are childish in their decision-making
implicit_animalistic	businessmen	are childlike	businessmen are childlike
implicit_animalistic	businessmen	are immature	businessmen are immature
implicit_animalistic	businessmen	are naive	businessmen are naive
implicit_animalistic	businessmen	are immoral	businessmen are immoral
implicit_animalistic	businessmen	are greedy	businessmen are greedy
implicit_animalistic	businessmen	are selfish	businessmen are selfish
implicit_animalistic	businessmen	are uneducated	businessmen are uneducated
