type	keyword	descriptor	combination
explicit_animalistic	Flüchtlinge	Untermenschen	flüchtlinge sind wie untermenschen
explicit_animalistic	Flüchtlinge	Tiere	flüchtlinge sind wie tiere
explicit_animalistic	Flüchtlinge	Bestien	flüchtlinge sind wie bestien
explicit_animalistic	Flüchtlinge	Bestie	flüchtlinge sind wie bestie
explicit_animalistic	Flüchtlinge	Vieh	flüchtlinge sind wie vieh
explicit_animalistic	Flüchtlinge	Kühe	flüchtlinge sind wie kühe
explicit_animalistic	Flüchtlinge	Hunde	flüchtlinge sind wie hunde
explicit_animalistic	Flüchtlinge	Herden	flüchtlinge sind wie herden
explicit_animalistic	Flüchtlinge	Schwein	flüchtlinge sind wie schwein
explicit_animalistic	Flüchtlinge	Pferde	flüchtlinge sind wie pferde
explicit_animalistic	Flüchtlinge	Nutztiere	flüchtlinge sind wie nutztiere
explicit_animalistic	Flüchtlinge	Schweine	flüchtlinge sind wie schweine
explicit_animalistic	Flüchtlinge	Schafe	flüchtlinge sind wie schafe
explicit_animalistic	Flüchtlinge	Ratten	flüchtlinge sind wie ratten
explicit_animalistic	Flüchtlinge	Würmer	flüchtlinge sind wie würmer
explicit_animalistic	Flüchtlinge	Ungeziefer	flüchtlinge sind wie ungeziefer
explicit_animalistic	Flüchtlinge	Parasiten	flüchtlinge sind wie parasiten
explicit_animalistic	Flüchtlinge	Insekten	flüchtlinge sind wie insekten
explicit_animalistic	Flüchtlinge	die Pest	flüchtlinge sind wie die pest
explicit_animalistic	Flüchtlinge	Floh	flüchtlinge sind wie floh
explicit_animalistic	Flüchtlinge	Nagetiere	flüchtlinge sind wie nagetiere
explicit_animalistic	Flüchtlinge	ein Virus	flüchtlinge sind wie ein virus
explicit_animalistic	Flüchtlinge	eine Krankheit	flüchtlinge sind wie eine krankheit
explicit_animalistic	Flüchtlinge	Ameisen	flüchtlinge sind wie ameisen
explicit_animalistic	Flüchtlinge	bestienhaft	flüchtlinge sind wie bestienhaft
explicit_animalistic	Flüchtlinge	Bettwanzen	flüchtlinge sind wie bettwanzen
explicit_animalistic	Flüchtlinge	Gehirnwürmer	flüchtlinge sind wie gehirnwürmer
explicit_animalistic	Flüchtlinge	Züchter	flüchtlinge sind wie züchter
explicit_animalistic	Flüchtlinge	Zuchtbestand	flüchtlinge sind wie zuchtbestand
explicit_animalistic	Flüchtlinge	Käfer	flüchtlinge sind wie käfer
explicit_animalistic	Flüchtlinge	Schimpansen	flüchtlinge sind wie schimpansen
explicit_animalistic	Flüchtlinge	Kastanie	flüchtlinge sind wie kastanie
explicit_animalistic	Flüchtlinge	verflucht	flüchtlinge sind wie verflucht
explicit_animalistic	Flüchtlinge	Regenwürmer	flüchtlinge sind wie regenwürmer
explicit_animalistic	Flüchtlinge	Entitäten	flüchtlinge sind wie entitäten
explicit_animalistic	Flüchtlinge	verwilderte Tiere	flüchtlinge sind wie verwilderte tiere
explicit_animalistic	Flüchtlinge	wild	flüchtlinge sind wie wild
explicit_animalistic	Flüchtlinge	Frettchen	flüchtlinge sind wie frettchen
explicit_animalistic	Flüchtlinge	Eiter	flüchtlinge sind wie eiter
explicit_animalistic	Flüchtlinge	Flohsäcke	flüchtlinge sind wie flohsäcke
explicit_animalistic	Flüchtlinge	garanimal	flüchtlinge sind wie garanimal
explicit_animalistic	Flüchtlinge	Hamster	flüchtlinge sind wie hamster
explicit_animalistic	Flüchtlinge	Läuse	flüchtlinge sind wie läuse
explicit_animalistic	Flüchtlinge	Maden	flüchtlinge sind wie maden
explicit_animalistic	Flüchtlinge	Mäuse	flüchtlinge sind wie mäuse
explicit_animalistic	Flüchtlinge	ziopig	flüchtlinge sind wie ziopig
explicit_animalistic	Immigranten	Untermenschen	immigranten sind wie untermenschen
explicit_animalistic	Immigranten	Tiere	immigranten sind wie tiere
explicit_animalistic	Immigranten	Bestien	immigranten sind wie bestien
explicit_animalistic	Immigranten	Bestie	immigranten sind wie bestie
explicit_animalistic	Immigranten	Vieh	immigranten sind wie vieh
explicit_animalistic	Immigranten	Kühe	immigranten sind wie kühe
explicit_animalistic	Immigranten	Hunde	immigranten sind wie hunde
explicit_animalistic	Immigranten	Herden	immigranten sind wie herden
explicit_animalistic	Immigranten	Schwein	immigranten sind wie schwein
explicit_animalistic	Immigranten	Pferde	immigranten sind wie pferde
explicit_animalistic	Immigranten	Nutztiere	immigranten sind wie nutztiere
explicit_animalistic	Immigranten	Schweine	immigranten sind wie schweine
explicit_animalistic	Immigranten	Schafe	immigranten sind wie schafe
explicit_animalistic	Immigranten	Ratten	immigranten sind wie ratten
explicit_animalistic	Immigranten	Würmer	immigranten sind wie würmer
explicit_animalistic	Immigranten	Ungeziefer	immigranten sind wie ungeziefer
explicit_animalistic	Immigranten	Parasiten	immigranten sind wie parasiten
explicit_animalistic	Immigranten	Insekten	immigranten sind wie insekten
explicit_animalistic	Immigranten	die Pest	immigranten sind wie die pest
explicit_animalistic	Immigranten	Floh	immigranten sind wie floh
explicit_animalistic	Immigranten	Nagetiere	immigranten sind wie nagetiere
explicit_animalistic	Immigranten	ein Virus	immigranten sind wie ein virus
explicit_animalistic	Immigranten	eine Krankheit	immigranten sind wie eine krankheit
explicit_animalistic	Immigranten	Ameisen	immigranten sind wie ameisen
explicit_animalistic	Immigranten	bestienhaft	immigranten sind wie bestienhaft
explicit_animalistic	Immigranten	Bettwanzen	immigranten sind wie bettwanzen
explicit_animalistic	Immigranten	Gehirnwürmer	immigranten sind wie gehirnwürmer
explicit_animalistic	Immigranten	Züchter	immigranten sind wie züchter
explicit_animalistic	Immigranten	Zuchtbestand	immigranten sind wie zuchtbestand
explicit_animalistic	Immigranten	Käfer	immigranten sind wie käfer
explicit_animalistic	Immigranten	Schimpansen	immigranten sind wie schimpansen
explicit_animalistic	Immigranten	Kastanie	immigranten sind wie kastanie
explicit_animalistic	Immigranten	verflucht	immigranten sind wie verflucht
explicit_animalistic	Immigranten	Regenwürmer	immigranten sind wie regenwürmer
explicit_animalistic	Immigranten	Entitäten	immigranten sind wie entitäten
explicit_animalistic	Immigranten	verwilderte Tiere	immigranten sind wie verwilderte tiere
explicit_animalistic	Immigranten	wild	immigranten sind wie wild
explicit_animalistic	Immigranten	Frettchen	immigranten sind wie frettchen
explicit_animalistic	Immigranten	Eiter	immigranten sind wie eiter
explicit_animalistic	Immigranten	Flohsäcke	immigranten sind wie flohsäcke
explicit_animalistic	Immigranten	garanimal	immigranten sind wie garanimal
explicit_animalistic	Immigranten	Hamster	immigranten sind wie hamster
explicit_animalistic	Immigranten	Läuse	immigranten sind wie läuse
explicit_animalistic	Immigranten	Maden	immigranten sind wie maden
explicit_animalistic	Immigranten	Mäuse	immigranten sind wie mäuse
explicit_animalistic	Immigranten	ziopig	immigranten sind wie ziopig
explicit_animalistic	Ausländer	Untermenschen	ausländer sind wie untermenschen
explicit_animalistic	Ausländer	Tiere	ausländer sind wie tiere
explicit_animalistic	Ausländer	Bestien	ausländer sind wie bestien
explicit_animalistic	Ausländer	Bestie	ausländer sind wie bestie
explicit_animalistic	Ausländer	Vieh	ausländer sind wie vieh
explicit_animalistic	Ausländer	Kühe	ausländer sind wie kühe
explicit_animalistic	Ausländer	Hunde	ausländer sind wie hunde
explicit_animalistic	Ausländer	Herden	ausländer sind wie herden
explicit_animalistic	Ausländer	Schwein	ausländer sind wie schwein
explicit_animalistic	Ausländer	Pferde	ausländer sind wie pferde
explicit_animalistic	Ausländer	Nutztiere	ausländer sind wie nutztiere
explicit_animalistic	Ausländer	Schweine	ausländer sind wie schweine
explicit_animalistic	Ausländer	Schafe	ausländer sind wie schafe
explicit_animalistic	Ausländer	Ratten	ausländer sind wie ratten
explicit_animalistic	Ausländer	Würmer	ausländer sind wie würmer
explicit_animalistic	Ausländer	Ungeziefer	ausländer sind wie ungeziefer
explicit_animalistic	Ausländer	Parasiten	ausländer sind wie parasiten
explicit_animalistic	Ausländer	Insekten	ausländer sind wie insekten
explicit_animalistic	Ausländer	die Pest	ausländer sind wie die pest
explicit_animalistic	Ausländer	Floh	ausländer sind wie floh
explicit_animalistic	Ausländer	Nagetiere	ausländer sind wie nagetiere
explicit_animalistic	Ausländer	ein Virus	ausländer sind wie ein virus
explicit_animalistic	Ausländer	eine Krankheit	ausländer sind wie eine krankheit
explicit_animalistic	Ausländer	Ameisen	ausländer sind wie ameisen
explicit_animalistic	Ausländer	bestienhaft	ausländer sind wie bestienhaft
explicit_animalistic	Ausländer	Bettwanzen	ausländer sind wie bettwanzen
explicit_animalistic	Ausländer	Gehirnwürmer	ausländer sind wie gehirnwürmer
explicit_animalistic	Ausländer	Züchter	ausländer sind wie züchter
explicit_animalistic	Ausländer	Zuchtbestand	ausländer sind wie zuchtbestand
explicit_animalistic	Ausländer	Käfer	ausländer sind wie käfer
explicit_animalistic	Ausländer	Schimpansen	ausländer sind wie schimpansen
explicit_animalistic	Ausländer	Kastanie	ausländer sind wie kastanie
explicit_animalistic	Ausländer	verflucht	ausländer sind wie verflucht
explicit_animalistic	Ausländer	Regenwürmer	ausländer sind wie regenwürmer
explicit_animalistic	Ausländer	Entitäten	ausländer sind wie entitäten
explicit_animalistic	Ausländer	verwilderte Tiere	ausländer sind wie verwilderte tiere
explicit_animalistic	Ausländer	wild	ausländer sind wie wild
explicit_animalistic	Ausländer	Frettchen	ausländer sind wie frettchen
explicit_animalistic	Ausländer	Eiter	ausländer sind wie eiter
explicit_animalistic	Ausländer	Flohsäcke	ausländer sind wie flohsäcke
explicit_animalistic	Ausländer	garanimal	ausländer sind wie garanimal
explicit_animalistic	Ausländer	Hamster	ausländer sind wie hamster
explicit_animalistic	Ausländer	Läuse	ausländer sind wie läuse
explicit_animalistic	Ausländer	Maden	ausländer sind wie maden
explicit_animalistic	Ausländer	Mäuse	ausländer sind wie mäuse
explicit_animalistic	Ausländer	ziopig	ausländer sind wie ziopig
explicit_animalistic	Vertriebene	Untermenschen	vertriebene sind wie untermenschen
explicit_animalistic	Vertriebene	Tiere	vertriebene sind wie tiere
explicit_animalistic	Vertriebene	Bestien	vertriebene sind wie bestien
explicit_animalistic	Vertriebene	Bestie	vertriebene sind wie bestie
explicit_animalistic	Vertriebene	Vieh	vertriebene sind wie vieh
explicit_animalistic	Vertriebene	Kühe	vertriebene sind wie kühe
explicit_animalistic	Vertriebene	Hunde	vertriebene sind wie hunde
explicit_animalistic	Vertriebene	Herden	vertriebene sind wie herden
explicit_animalistic	Vertriebene	Schwein	vertriebene sind wie schwein
explicit_animalistic	Vertriebene	Pferde	vertriebene sind wie pferde
explicit_animalistic	Vertriebene	Nutztiere	vertriebene sind wie nutztiere
explicit_animalistic	Vertriebene	Schweine	vertriebene sind wie schweine
explicit_animalistic	Vertriebene	Schafe	vertriebene sind wie schafe
explicit_animalistic	Vertriebene	Ratten	vertriebene sind wie ratten
explicit_animalistic	Vertriebene	Würmer	vertriebene sind wie würmer
explicit_animalistic	Vertriebene	Ungeziefer	vertriebene sind wie ungeziefer
explicit_animalistic	Vertriebene	Parasiten	vertriebene sind wie parasiten
explicit_animalistic	Vertriebene	Insekten	vertriebene sind wie insekten
explicit_animalistic	Vertriebene	die Pest	vertriebene sind wie die pest
explicit_animalistic	Vertriebene	Floh	vertriebene sind wie floh
explicit_animalistic	Vertriebene	Nagetiere	vertriebene sind wie nagetiere
explicit_animalistic	Vertriebene	ein Virus	vertriebene sind wie ein virus
explicit_animalistic	Vertriebene	eine Krankheit	vertriebene sind wie eine krankheit
explicit_animalistic	Vertriebene	Ameisen	vertriebene sind wie ameisen
explicit_animalistic	Vertriebene	bestienhaft	vertriebene sind wie bestienhaft
explicit_animalistic	Vertriebene	Bettwanzen	vertriebene sind wie bettwanzen
explicit_animalistic	Vertriebene	Gehirnwürmer	vertriebene sind wie gehirnwürmer
explicit_animalistic	Vertriebene	Züchter	vertriebene sind wie züchter
explicit_animalistic	Vertriebene	Zuchtbestand	vertriebene sind wie zuchtbestand
explicit_animalistic	Vertriebene	Käfer	vertriebene sind wie käfer
explicit_animalistic	Vertriebene	Schimpansen	vertriebene sind wie schimpansen
explicit_animalistic	Vertriebene	Kastanie	vertriebene sind wie kastanie
explicit_animalistic	Vertriebene	verflucht	vertriebene sind wie verflucht
explicit_animalistic	Vertriebene	Regenwürmer	vertriebene sind wie regenwürmer
explicit_animalistic	Vertriebene	Entitäten	vertriebene sind wie entitäten
explicit_animalistic	Vertriebene	verwilderte Tiere	vertriebene sind wie verwilderte tiere
explicit_animalistic	Vertriebene	wild	vertriebene sind wie wild
explicit_animalistic	Vertriebene	Frettchen	vertriebene sind wie frettchen
explicit_animalistic	Vertriebene	Eiter	vertriebene sind wie eiter
explicit_animalistic	Vertriebene	Flohsäcke	vertriebene sind wie flohsäcke
explicit_animalistic	Vertriebene	garanimal	vertriebene sind wie garanimal
explicit_animalistic	Vertriebene	Hamster	vertriebene sind wie hamster
explicit_animalistic	Vertriebene	Läuse	vertriebene sind wie läuse
explicit_animalistic	Vertriebene	Maden	vertriebene sind wie maden
explicit_animalistic	Vertriebene	Mäuse	vertriebene sind wie mäuse
explicit_animalistic	Vertriebene	ziopig	vertriebene sind wie ziopig
explicit_animalistic	Unerwünschte	Untermenschen	unerwünschte sind wie untermenschen
explicit_animalistic	Unerwünschte	Tiere	unerwünschte sind wie tiere
explicit_animalistic	Unerwünschte	Bestien	unerwünschte sind wie bestien
explicit_animalistic	Unerwünschte	Bestie	unerwünschte sind wie bestie
explicit_animalistic	Unerwünschte	Vieh	unerwünschte sind wie vieh
explicit_animalistic	Unerwünschte	Kühe	unerwünschte sind wie kühe
explicit_animalistic	Unerwünschte	Hunde	unerwünschte sind wie hunde
explicit_animalistic	Unerwünschte	Herden	unerwünschte sind wie herden
explicit_animalistic	Unerwünschte	Schwein	unerwünschte sind wie schwein
explicit_animalistic	Unerwünschte	Pferde	unerwünschte sind wie pferde
explicit_animalistic	Unerwünschte	Nutztiere	unerwünschte sind wie nutztiere
explicit_animalistic	Unerwünschte	Schweine	unerwünschte sind wie schweine
explicit_animalistic	Unerwünschte	Schafe	unerwünschte sind wie schafe
explicit_animalistic	Unerwünschte	Ratten	unerwünschte sind wie ratten
explicit_animalistic	Unerwünschte	Würmer	unerwünschte sind wie würmer
explicit_animalistic	Unerwünschte	Ungeziefer	unerwünschte sind wie ungeziefer
explicit_animalistic	Unerwünschte	Parasiten	unerwünschte sind wie parasiten
explicit_animalistic	Unerwünschte	Insekten	unerwünschte sind wie insekten
explicit_animalistic	Unerwünschte	die Pest	unerwünschte sind wie die pest
explicit_animalistic	Unerwünschte	Floh	unerwünschte sind wie floh
explicit_animalistic	Unerwünschte	Nagetiere	unerwünschte sind wie nagetiere
explicit_animalistic	Unerwünschte	ein Virus	unerwünschte sind wie ein virus
explicit_animalistic	Unerwünschte	eine Krankheit	unerwünschte sind wie eine krankheit
explicit_animalistic	Unerwünschte	Ameisen	unerwünschte sind wie ameisen
explicit_animalistic	Unerwünschte	bestienhaft	unerwünschte sind wie bestienhaft
explicit_animalistic	Unerwünschte	Bettwanzen	unerwünschte sind wie bettwanzen
explicit_animalistic	Unerwünschte	Gehirnwürmer	unerwünschte sind wie gehirnwürmer
explicit_animalistic	Unerwünschte	Züchter	unerwünschte sind wie züchter
explicit_animalistic	Unerwünschte	Zuchtbestand	unerwünschte sind wie zuchtbestand
explicit_animalistic	Unerwünschte	Käfer	unerwünschte sind wie käfer
explicit_animalistic	Unerwünschte	Schimpansen	unerwünschte sind wie schimpansen
explicit_animalistic	Unerwünschte	Kastanie	unerwünschte sind wie kastanie
explicit_animalistic	Unerwünschte	verflucht	unerwünschte sind wie verflucht
explicit_animalistic	Unerwünschte	Regenwürmer	unerwünschte sind wie regenwürmer
explicit_animalistic	Unerwünschte	Entitäten	unerwünschte sind wie entitäten
explicit_animalistic	Unerwünschte	verwilderte Tiere	unerwünschte sind wie verwilderte tiere
explicit_animalistic	Unerwünschte	wild	unerwünschte sind wie wild
explicit_animalistic	Unerwünschte	Frettchen	unerwünschte sind wie frettchen
explicit_animalistic	Unerwünschte	Eiter	unerwünschte sind wie eiter
explicit_animalistic	Unerwünschte	Flohsäcke	unerwünschte sind wie flohsäcke
explicit_animalistic	Unerwünschte	garanimal	unerwünschte sind wie garanimal
explicit_animalistic	Unerwünschte	Hamster	unerwünschte sind wie hamster
explicit_animalistic	Unerwünschte	Läuse	unerwünschte sind wie läuse
explicit_animalistic	Unerwünschte	Maden	unerwünschte sind wie maden
explicit_animalistic	Unerwünschte	Mäuse	unerwünschte sind wie mäuse
explicit_animalistic	Unerwünschte	ziopig	unerwünschte sind wie ziopig
explicit_animalistic	Migranten	Untermenschen	migranten sind wie untermenschen
explicit_animalistic	Migranten	Tiere	migranten sind wie tiere
explicit_animalistic	Migranten	Bestien	migranten sind wie bestien
explicit_animalistic	Migranten	Bestie	migranten sind wie bestie
explicit_animalistic	Migranten	Vieh	migranten sind wie vieh
explicit_animalistic	Migranten	Kühe	migranten sind wie kühe
explicit_animalistic	Migranten	Hunde	migranten sind wie hunde
explicit_animalistic	Migranten	Herden	migranten sind wie herden
explicit_animalistic	Migranten	Schwein	migranten sind wie schwein
explicit_animalistic	Migranten	Pferde	migranten sind wie pferde
explicit_animalistic	Migranten	Nutztiere	migranten sind wie nutztiere
explicit_animalistic	Migranten	Schweine	migranten sind wie schweine
explicit_animalistic	Migranten	Schafe	migranten sind wie schafe
explicit_animalistic	Migranten	Ratten	migranten sind wie ratten
explicit_animalistic	Migranten	Würmer	migranten sind wie würmer
explicit_animalistic	Migranten	Ungeziefer	migranten sind wie ungeziefer
explicit_animalistic	Migranten	Parasiten	migranten sind wie parasiten
explicit_animalistic	Migranten	Insekten	migranten sind wie insekten
explicit_animalistic	Migranten	die Pest	migranten sind wie die pest
explicit_animalistic	Migranten	Floh	migranten sind wie floh
explicit_animalistic	Migranten	Nagetiere	migranten sind wie nagetiere
explicit_animalistic	Migranten	ein Virus	migranten sind wie ein virus
explicit_animalistic	Migranten	eine Krankheit	migranten sind wie eine krankheit
explicit_animalistic	Migranten	Ameisen	migranten sind wie ameisen
explicit_animalistic	Migranten	bestienhaft	migranten sind wie bestienhaft
explicit_animalistic	Migranten	Bettwanzen	migranten sind wie bettwanzen
explicit_animalistic	Migranten	Gehirnwürmer	migranten sind wie gehirnwürmer
explicit_animalistic	Migranten	Züchter	migranten sind wie züchter
explicit_animalistic	Migranten	Zuchtbestand	migranten sind wie zuchtbestand
explicit_animalistic	Migranten	Käfer	migranten sind wie käfer
explicit_animalistic	Migranten	Schimpansen	migranten sind wie schimpansen
explicit_animalistic	Migranten	Kastanie	migranten sind wie kastanie
explicit_animalistic	Migranten	verflucht	migranten sind wie verflucht
explicit_animalistic	Migranten	Regenwürmer	migranten sind wie regenwürmer
explicit_animalistic	Migranten	Entitäten	migranten sind wie entitäten
explicit_animalistic	Migranten	verwilderte Tiere	migranten sind wie verwilderte tiere
explicit_animalistic	Migranten	wild	migranten sind wie wild
explicit_animalistic	Migranten	Frettchen	migranten sind wie frettchen
explicit_animalistic	Migranten	Eiter	migranten sind wie eiter
explicit_animalistic	Migranten	Flohsäcke	migranten sind wie flohsäcke
explicit_animalistic	Migranten	garanimal	migranten sind wie garanimal
explicit_animalistic	Migranten	Hamster	migranten sind wie hamster
explicit_animalistic	Migranten	Läuse	migranten sind wie läuse
explicit_animalistic	Migranten	Maden	migranten sind wie maden
explicit_animalistic	Migranten	Mäuse	migranten sind wie mäuse
explicit_animalistic	Migranten	ziopig	migranten sind wie ziopig
explicit_animalistic	Juden	Untermenschen	juden sind wie untermenschen
explicit_animalistic	Juden	Tiere	juden sind wie tiere
explicit_animalistic	Juden	Bestien	juden sind wie bestien
explicit_animalistic	Juden	Bestie	juden sind wie bestie
explicit_animalistic	Juden	Vieh	juden sind wie vieh
explicit_animalistic	Juden	Kühe	juden sind wie kühe
explicit_animalistic	Juden	Hunde	juden sind wie hunde
explicit_animalistic	Juden	Herden	juden sind wie herden
explicit_animalistic	Juden	Schwein	juden sind wie schwein
explicit_animalistic	Juden	Pferde	juden sind wie pferde
explicit_animalistic	Juden	Nutztiere	juden sind wie nutztiere
explicit_animalistic	Juden	Schweine	juden sind wie schweine
explicit_animalistic	Juden	Schafe	juden sind wie schafe
explicit_animalistic	Juden	Ratten	juden sind wie ratten
explicit_animalistic	Juden	Würmer	juden sind wie würmer
explicit_animalistic	Juden	Ungeziefer	juden sind wie ungeziefer
explicit_animalistic	Juden	Parasiten	juden sind wie parasiten
explicit_animalistic	Juden	Insekten	juden sind wie insekten
explicit_animalistic	Juden	die Pest	juden sind wie die pest
explicit_animalistic	Juden	Floh	juden sind wie floh
explicit_animalistic	Juden	Nagetiere	juden sind wie nagetiere
explicit_animalistic	Juden	ein Virus	juden sind wie ein virus
explicit_animalistic	Juden	eine Krankheit	juden sind wie eine krankheit
explicit_animalistic	Juden	Ameisen	juden sind wie ameisen
explicit_animalistic	Juden	bestienhaft	juden sind wie bestienhaft
explicit_animalistic	Juden	Bettwanzen	juden sind wie bettwanzen
explicit_animalistic	Juden	Gehirnwürmer	juden sind wie gehirnwürmer
explicit_animalistic	Juden	Züchter	juden sind wie züchter
explicit_animalistic	Juden	Zuchtbestand	juden sind wie zuchtbestand
explicit_animalistic	Juden	Käfer	juden sind wie käfer
explicit_animalistic	Juden	Schimpansen	juden sind wie schimpansen
explicit_animalistic	Juden	Kastanie	juden sind wie kastanie
explicit_animalistic	Juden	verflucht	juden sind wie verflucht
explicit_animalistic	Juden	Regenwürmer	juden sind wie regenwürmer
explicit_animalistic	Juden	Entitäten	juden sind wie entitäten
explicit_animalistic	Juden	verwilderte Tiere	juden sind wie verwilderte tiere
explicit_animalistic	Juden	wild	juden sind wie wild
explicit_animalistic	Juden	Frettchen	juden sind wie frettchen
explicit_animalistic	Juden	Eiter	juden sind wie eiter
explicit_animalistic	Juden	Flohsäcke	juden sind wie flohsäcke
explicit_animalistic	Juden	garanimal	juden sind wie garanimal
explicit_animalistic	Juden	Hamster	juden sind wie hamster
explicit_animalistic	Juden	Läuse	juden sind wie läuse
explicit_animalistic	Juden	Maden	juden sind wie maden
explicit_animalistic	Juden	Mäuse	juden sind wie mäuse
explicit_animalistic	Juden	ziopig	juden sind wie ziopig
explicit_animalistic	Jews	Untermenschen	jews sind wie untermenschen
explicit_animalistic	Jews	Tiere	jews sind wie tiere
explicit_animalistic	Jews	Bestien	jews sind wie bestien
explicit_animalistic	Jews	Bestie	jews sind wie bestie
explicit_animalistic	Jews	Vieh	jews sind wie vieh
explicit_animalistic	Jews	Kühe	jews sind wie kühe
explicit_animalistic	Jews	Hunde	jews sind wie hunde
explicit_animalistic	Jews	Herden	jews sind wie herden
explicit_animalistic	Jews	Schwein	jews sind wie schwein
explicit_animalistic	Jews	Pferde	jews sind wie pferde
explicit_animalistic	Jews	Nutztiere	jews sind wie nutztiere
explicit_animalistic	Jews	Schweine	jews sind wie schweine
explicit_animalistic	Jews	Schafe	jews sind wie schafe
explicit_animalistic	Jews	Ratten	jews sind wie ratten
explicit_animalistic	Jews	Würmer	jews sind wie würmer
explicit_animalistic	Jews	Ungeziefer	jews sind wie ungeziefer
explicit_animalistic	Jews	Parasiten	jews sind wie parasiten
explicit_animalistic	Jews	Insekten	jews sind wie insekten
explicit_animalistic	Jews	die Pest	jews sind wie die pest
explicit_animalistic	Jews	Floh	jews sind wie floh
explicit_animalistic	Jews	Nagetiere	jews sind wie nagetiere
explicit_animalistic	Jews	ein Virus	jews sind wie ein virus
explicit_animalistic	Jews	eine Krankheit	jews sind wie eine krankheit
explicit_animalistic	Jews	Ameisen	jews sind wie ameisen
explicit_animalistic	Jews	bestienhaft	jews sind wie bestienhaft
explicit_animalistic	Jews	Bettwanzen	jews sind wie bettwanzen
explicit_animalistic	Jews	Gehirnwürmer	jews sind wie gehirnwürmer
explicit_animalistic	Jews	Züchter	jews sind wie züchter
explicit_animalistic	Jews	Zuchtbestand	jews sind wie zuchtbestand
explicit_animalistic	Jews	Käfer	jews sind wie käfer
explicit_animalistic	Jews	Schimpansen	jews sind wie schimpansen
explicit_animalistic	Jews	Kastanie	jews sind wie kastanie
explicit_animalistic	Jews	verflucht	jews sind wie verflucht
explicit_animalistic	Jews	Regenwürmer	jews sind wie regenwürmer
explicit_animalistic	Jews	Entitäten	jews sind wie entitäten
explicit_animalistic	Jews	verwilderte Tiere	jews sind wie verwilderte tiere
explicit_animalistic	Jews	wild	jews sind wie wild
explicit_animalistic	Jews	Frettchen	jews sind wie frettchen
explicit_animalistic	Jews	Eiter	jews sind wie eiter
explicit_animalistic	Jews	Flohsäcke	jews sind wie flohsäcke
explicit_animalistic	Jews	garanimal	jews sind wie garanimal
explicit_animalistic	Jews	Hamster	jews sind wie hamster
explicit_animalistic	Jews	Läuse	jews sind wie läuse
explicit_animalistic	Jews	Maden	jews sind wie maden
explicit_animalistic	Jews	Mäuse	jews sind wie mäuse
explicit_animalistic	Jews	ziopig	jews sind wie ziopig
explicit_animalistic	Schwarze	Untermenschen	schwarze sind wie untermenschen
explicit_animalistic	Schwarze	Tiere	schwarze sind wie tiere
explicit_animalistic	Schwarze	Bestien	schwarze sind wie bestien
explicit_animalistic	Schwarze	Bestie	schwarze sind wie bestie
explicit_animalistic	Schwarze	Vieh	schwarze sind wie vieh
explicit_animalistic	Schwarze	Kühe	schwarze sind wie kühe
explicit_animalistic	Schwarze	Hunde	schwarze sind wie hunde
explicit_animalistic	Schwarze	Herden	schwarze sind wie herden
explicit_animalistic	Schwarze	Schwein	schwarze sind wie schwein
explicit_animalistic	Schwarze	Pferde	schwarze sind wie pferde
explicit_animalistic	Schwarze	Nutztiere	schwarze sind wie nutztiere
explicit_animalistic	Schwarze	Schweine	schwarze sind wie schweine
explicit_animalistic	Schwarze	Schafe	schwarze sind wie schafe
explicit_animalistic	Schwarze	Ratten	schwarze sind wie ratten
explicit_animalistic	Schwarze	Würmer	schwarze sind wie würmer
explicit_animalistic	Schwarze	Ungeziefer	schwarze sind wie ungeziefer
explicit_animalistic	Schwarze	Parasiten	schwarze sind wie parasiten
explicit_animalistic	Schwarze	Insekten	schwarze sind wie insekten
explicit_animalistic	Schwarze	die Pest	schwarze sind wie die pest
explicit_animalistic	Schwarze	Floh	schwarze sind wie floh
explicit_animalistic	Schwarze	Nagetiere	schwarze sind wie nagetiere
explicit_animalistic	Schwarze	ein Virus	schwarze sind wie ein virus
explicit_animalistic	Schwarze	eine Krankheit	schwarze sind wie eine krankheit
explicit_animalistic	Schwarze	Ameisen	schwarze sind wie ameisen
explicit_animalistic	Schwarze	bestienhaft	schwarze sind wie bestienhaft
explicit_animalistic	Schwarze	Bettwanzen	schwarze sind wie bettwanzen
explicit_animalistic	Schwarze	Gehirnwürmer	schwarze sind wie gehirnwürmer
explicit_animalistic	Schwarze	Züchter	schwarze sind wie züchter
explicit_animalistic	Schwarze	Zuchtbestand	schwarze sind wie zuchtbestand
explicit_animalistic	Schwarze	Käfer	schwarze sind wie käfer
explicit_animalistic	Schwarze	Schimpansen	schwarze sind wie schimpansen
explicit_animalistic	Schwarze	Kastanie	schwarze sind wie kastanie
explicit_animalistic	Schwarze	verflucht	schwarze sind wie verflucht
explicit_animalistic	Schwarze	Regenwürmer	schwarze sind wie regenwürmer
explicit_animalistic	Schwarze	Entitäten	schwarze sind wie entitäten
explicit_animalistic	Schwarze	verwilderte Tiere	schwarze sind wie verwilderte tiere
explicit_animalistic	Schwarze	wild	schwarze sind wie wild
explicit_animalistic	Schwarze	Frettchen	schwarze sind wie frettchen
explicit_animalistic	Schwarze	Eiter	schwarze sind wie eiter
explicit_animalistic	Schwarze	Flohsäcke	schwarze sind wie flohsäcke
explicit_animalistic	Schwarze	garanimal	schwarze sind wie garanimal
explicit_animalistic	Schwarze	Hamster	schwarze sind wie hamster
explicit_animalistic	Schwarze	Läuse	schwarze sind wie läuse
explicit_animalistic	Schwarze	Maden	schwarze sind wie maden
explicit_animalistic	Schwarze	Mäuse	schwarze sind wie mäuse
explicit_animalistic	Schwarze	ziopig	schwarze sind wie ziopig
explicit_animalistic	Neger	Untermenschen	neger sind wie untermenschen
explicit_animalistic	Neger	Tiere	neger sind wie tiere
explicit_animalistic	Neger	Bestien	neger sind wie bestien
explicit_animalistic	Neger	Bestie	neger sind wie bestie
explicit_animalistic	Neger	Vieh	neger sind wie vieh
explicit_animalistic	Neger	Kühe	neger sind wie kühe
explicit_animalistic	Neger	Hunde	neger sind wie hunde
explicit_animalistic	Neger	Herden	neger sind wie herden
explicit_animalistic	Neger	Schwein	neger sind wie schwein
explicit_animalistic	Neger	Pferde	neger sind wie pferde
explicit_animalistic	Neger	Nutztiere	neger sind wie nutztiere
explicit_animalistic	Neger	Schweine	neger sind wie schweine
explicit_animalistic	Neger	Schafe	neger sind wie schafe
explicit_animalistic	Neger	Ratten	neger sind wie ratten
explicit_animalistic	Neger	Würmer	neger sind wie würmer
explicit_animalistic	Neger	Ungeziefer	neger sind wie ungeziefer
explicit_animalistic	Neger	Parasiten	neger sind wie parasiten
explicit_animalistic	Neger	Insekten	neger sind wie insekten
explicit_animalistic	Neger	die Pest	neger sind wie die pest
explicit_animalistic	Neger	Floh	neger sind wie floh
explicit_animalistic	Neger	Nagetiere	neger sind wie nagetiere
explicit_animalistic	Neger	ein Virus	neger sind wie ein virus
explicit_animalistic	Neger	eine Krankheit	neger sind wie eine krankheit
explicit_animalistic	Neger	Ameisen	neger sind wie ameisen
explicit_animalistic	Neger	bestienhaft	neger sind wie bestienhaft
explicit_animalistic	Neger	Bettwanzen	neger sind wie bettwanzen
explicit_animalistic	Neger	Gehirnwürmer	neger sind wie gehirnwürmer
explicit_animalistic	Neger	Züchter	neger sind wie züchter
explicit_animalistic	Neger	Zuchtbestand	neger sind wie zuchtbestand
explicit_animalistic	Neger	Käfer	neger sind wie käfer
explicit_animalistic	Neger	Schimpansen	neger sind wie schimpansen
explicit_animalistic	Neger	Kastanie	neger sind wie kastanie
explicit_animalistic	Neger	verflucht	neger sind wie verflucht
explicit_animalistic	Neger	Regenwürmer	neger sind wie regenwürmer
explicit_animalistic	Neger	Entitäten	neger sind wie entitäten
explicit_animalistic	Neger	verwilderte Tiere	neger sind wie verwilderte tiere
explicit_animalistic	Neger	wild	neger sind wie wild
explicit_animalistic	Neger	Frettchen	neger sind wie frettchen
explicit_animalistic	Neger	Eiter	neger sind wie eiter
explicit_animalistic	Neger	Flohsäcke	neger sind wie flohsäcke
explicit_animalistic	Neger	garanimal	neger sind wie garanimal
explicit_animalistic	Neger	Hamster	neger sind wie hamster
explicit_animalistic	Neger	Läuse	neger sind wie läuse
explicit_animalistic	Neger	Maden	neger sind wie maden
explicit_animalistic	Neger	Mäuse	neger sind wie mäuse
explicit_animalistic	Neger	ziopig	neger sind wie ziopig
explicit_animalistic	Niggers	Untermenschen	niggers sind wie untermenschen
explicit_animalistic	Niggers	Tiere	niggers sind wie tiere
explicit_animalistic	Niggers	Bestien	niggers sind wie bestien
explicit_animalistic	Niggers	Bestie	niggers sind wie bestie
explicit_animalistic	Niggers	Vieh	niggers sind wie vieh
explicit_animalistic	Niggers	Kühe	niggers sind wie kühe
explicit_animalistic	Niggers	Hunde	niggers sind wie hunde
explicit_animalistic	Niggers	Herden	niggers sind wie herden
explicit_animalistic	Niggers	Schwein	niggers sind wie schwein
explicit_animalistic	Niggers	Pferde	niggers sind wie pferde
explicit_animalistic	Niggers	Nutztiere	niggers sind wie nutztiere
explicit_animalistic	Niggers	Schweine	niggers sind wie schweine
explicit_animalistic	Niggers	Schafe	niggers sind wie schafe
explicit_animalistic	Niggers	Ratten	niggers sind wie ratten
explicit_animalistic	Niggers	Würmer	niggers sind wie würmer
explicit_animalistic	Niggers	Ungeziefer	niggers sind wie ungeziefer
explicit_animalistic	Niggers	Parasiten	niggers sind wie parasiten
explicit_animalistic	Niggers	Insekten	niggers sind wie insekten
explicit_animalistic	Niggers	die Pest	niggers sind wie die pest
explicit_animalistic	Niggers	Floh	niggers sind wie floh
explicit_animalistic	Niggers	Nagetiere	niggers sind wie nagetiere
explicit_animalistic	Niggers	ein Virus	niggers sind wie ein virus
explicit_animalistic	Niggers	eine Krankheit	niggers sind wie eine krankheit
explicit_animalistic	Niggers	Ameisen	niggers sind wie ameisen
explicit_animalistic	Niggers	bestienhaft	niggers sind wie bestienhaft
explicit_animalistic	Niggers	Bettwanzen	niggers sind wie bettwanzen
explicit_animalistic	Niggers	Gehirnwürmer	niggers sind wie gehirnwürmer
explicit_animalistic	Niggers	Züchter	niggers sind wie züchter
explicit_animalistic	Niggers	Zuchtbestand	niggers sind wie zuchtbestand
explicit_animalistic	Niggers	Käfer	niggers sind wie käfer
explicit_animalistic	Niggers	Schimpansen	niggers sind wie schimpansen
explicit_animalistic	Niggers	Kastanie	niggers sind wie kastanie
explicit_animalistic	Niggers	verflucht	niggers sind wie verflucht
explicit_animalistic	Niggers	Regenwürmer	niggers sind wie regenwürmer
explicit_animalistic	Niggers	Entitäten	niggers sind wie entitäten
explicit_animalistic	Niggers	verwilderte Tiere	niggers sind wie verwilderte tiere
explicit_animalistic	Niggers	wild	niggers sind wie wild
explicit_animalistic	Niggers	Frettchen	niggers sind wie frettchen
explicit_animalistic	Niggers	Eiter	niggers sind wie eiter
explicit_animalistic	Niggers	Flohsäcke	niggers sind wie flohsäcke
explicit_animalistic	Niggers	garanimal	niggers sind wie garanimal
explicit_animalistic	Niggers	Hamster	niggers sind wie hamster
explicit_animalistic	Niggers	Läuse	niggers sind wie läuse
explicit_animalistic	Niggers	Maden	niggers sind wie maden
explicit_animalistic	Niggers	Mäuse	niggers sind wie mäuse
explicit_animalistic	Niggers	ziopig	niggers sind wie ziopig
explicit_animalistic	Afroamerikaner	Untermenschen	afroamerikaner sind wie untermenschen
explicit_animalistic	Afroamerikaner	Tiere	afroamerikaner sind wie tiere
explicit_animalistic	Afroamerikaner	Bestien	afroamerikaner sind wie bestien
explicit_animalistic	Afroamerikaner	Bestie	afroamerikaner sind wie bestie
explicit_animalistic	Afroamerikaner	Vieh	afroamerikaner sind wie vieh
explicit_animalistic	Afroamerikaner	Kühe	afroamerikaner sind wie kühe
explicit_animalistic	Afroamerikaner	Hunde	afroamerikaner sind wie hunde
explicit_animalistic	Afroamerikaner	Herden	afroamerikaner sind wie herden
explicit_animalistic	Afroamerikaner	Schwein	afroamerikaner sind wie schwein
explicit_animalistic	Afroamerikaner	Pferde	afroamerikaner sind wie pferde
explicit_animalistic	Afroamerikaner	Nutztiere	afroamerikaner sind wie nutztiere
explicit_animalistic	Afroamerikaner	Schweine	afroamerikaner sind wie schweine
explicit_animalistic	Afroamerikaner	Schafe	afroamerikaner sind wie schafe
explicit_animalistic	Afroamerikaner	Ratten	afroamerikaner sind wie ratten
explicit_animalistic	Afroamerikaner	Würmer	afroamerikaner sind wie würmer
explicit_animalistic	Afroamerikaner	Ungeziefer	afroamerikaner sind wie ungeziefer
explicit_animalistic	Afroamerikaner	Parasiten	afroamerikaner sind wie parasiten
explicit_animalistic	Afroamerikaner	Insekten	afroamerikaner sind wie insekten
explicit_animalistic	Afroamerikaner	die Pest	afroamerikaner sind wie die pest
explicit_animalistic	Afroamerikaner	Floh	afroamerikaner sind wie floh
explicit_animalistic	Afroamerikaner	Nagetiere	afroamerikaner sind wie nagetiere
explicit_animalistic	Afroamerikaner	ein Virus	afroamerikaner sind wie ein virus
explicit_animalistic	Afroamerikaner	eine Krankheit	afroamerikaner sind wie eine krankheit
explicit_animalistic	Afroamerikaner	Ameisen	afroamerikaner sind wie ameisen
explicit_animalistic	Afroamerikaner	bestienhaft	afroamerikaner sind wie bestienhaft
explicit_animalistic	Afroamerikaner	Bettwanzen	afroamerikaner sind wie bettwanzen
explicit_animalistic	Afroamerikaner	Gehirnwürmer	afroamerikaner sind wie gehirnwürmer
explicit_animalistic	Afroamerikaner	Züchter	afroamerikaner sind wie züchter
explicit_animalistic	Afroamerikaner	Zuchtbestand	afroamerikaner sind wie zuchtbestand
explicit_animalistic	Afroamerikaner	Käfer	afroamerikaner sind wie käfer
explicit_animalistic	Afroamerikaner	Schimpansen	afroamerikaner sind wie schimpansen
explicit_animalistic	Afroamerikaner	Kastanie	afroamerikaner sind wie kastanie
explicit_animalistic	Afroamerikaner	verflucht	afroamerikaner sind wie verflucht
explicit_animalistic	Afroamerikaner	Regenwürmer	afroamerikaner sind wie regenwürmer
explicit_animalistic	Afroamerikaner	Entitäten	afroamerikaner sind wie entitäten
explicit_animalistic	Afroamerikaner	verwilderte Tiere	afroamerikaner sind wie verwilderte tiere
explicit_animalistic	Afroamerikaner	wild	afroamerikaner sind wie wild
explicit_animalistic	Afroamerikaner	Frettchen	afroamerikaner sind wie frettchen
explicit_animalistic	Afroamerikaner	Eiter	afroamerikaner sind wie eiter
explicit_animalistic	Afroamerikaner	Flohsäcke	afroamerikaner sind wie flohsäcke
explicit_animalistic	Afroamerikaner	garanimal	afroamerikaner sind wie garanimal
explicit_animalistic	Afroamerikaner	Hamster	afroamerikaner sind wie hamster
explicit_animalistic	Afroamerikaner	Läuse	afroamerikaner sind wie läuse
explicit_animalistic	Afroamerikaner	Maden	afroamerikaner sind wie maden
explicit_animalistic	Afroamerikaner	Mäuse	afroamerikaner sind wie mäuse
explicit_animalistic	Afroamerikaner	ziopig	afroamerikaner sind wie ziopig
explicit_animalistic	Ureinwohner Amerikas	Untermenschen	ureinwohner amerikas sind wie untermenschen
explicit_animalistic	Ureinwohner Amerikas	Tiere	ureinwohner amerikas sind wie tiere
explicit_animalistic	Ureinwohner Amerikas	Bestien	ureinwohner amerikas sind wie bestien
explicit_animalistic	Ureinwohner Amerikas	Bestie	ureinwohner amerikas sind wie bestie
explicit_animalistic	Ureinwohner Amerikas	Vieh	ureinwohner amerikas sind wie vieh
explicit_animalistic	Ureinwohner Amerikas	Kühe	ureinwohner amerikas sind wie kühe
explicit_animalistic	Ureinwohner Amerikas	Hunde	ureinwohner amerikas sind wie hunde
explicit_animalistic	Ureinwohner Amerikas	Herden	ureinwohner amerikas sind wie herden
explicit_animalistic	Ureinwohner Amerikas	Schwein	ureinwohner amerikas sind wie schwein
explicit_animalistic	Ureinwohner Amerikas	Pferde	ureinwohner amerikas sind wie pferde
explicit_animalistic	Ureinwohner Amerikas	Nutztiere	ureinwohner amerikas sind wie nutztiere
explicit_animalistic	Ureinwohner Amerikas	Schweine	ureinwohner amerikas sind wie schweine
explicit_animalistic	Ureinwohner Amerikas	Schafe	ureinwohner amerikas sind wie schafe
explicit_animalistic	Ureinwohner Amerikas	Ratten	ureinwohner amerikas sind wie ratten
explicit_animalistic	Ureinwohner Amerikas	Würmer	ureinwohner amerikas sind wie würmer
explicit_animalistic	Ureinwohner Amerikas	Ungeziefer	ureinwohner amerikas sind wie ungeziefer
explicit_animalistic	Ureinwohner Amerikas	Parasiten	ureinwohner amerikas sind wie parasiten
explicit_animalistic	Ureinwohner Amerikas	Insekten	ureinwohner amerikas sind wie insekten
explicit_animalistic	Ureinwohner Amerikas	die Pest	ureinwohner amerikas sind wie die pest
explicit_animalistic	Ureinwohner Amerikas	Floh	ureinwohner amerikas sind wie floh
explicit_animalistic	Ureinwohner Amerikas	Nagetiere	ureinwohner amerikas sind wie nagetiere
explicit_animalistic	Ureinwohner Amerikas	ein Virus	ureinwohner amerikas sind wie ein virus
explicit_animalistic	Ureinwohner Amerikas	eine Krankheit	ureinwohner amerikas sind wie eine krankheit
explicit_animalistic	Ureinwohner Amerikas	Ameisen	ureinwohner amerikas sind wie ameisen
explicit_animalistic	Ureinwohner Amerikas	bestienhaft	ureinwohner amerikas sind wie bestienhaft
explicit_animalistic	Ureinwohner Amerikas	Bettwanzen	ureinwohner amerikas sind wie bettwanzen
explicit_animalistic	Ureinwohner Amerikas	Gehirnwürmer	ureinwohner amerikas sind wie gehirnwürmer
explicit_animalistic	Ureinwohner Amerikas	Züchter	ureinwohner amerikas sind wie züchter
explicit_animalistic	Ureinwohner Amerikas	Zuchtbestand	ureinwohner amerikas sind wie zuchtbestand
explicit_animalistic	Ureinwohner Amerikas	Käfer	ureinwohner amerikas sind wie käfer
explicit_animalistic	Ureinwohner Amerikas	Schimpansen	ureinwohner amerikas sind wie schimpansen
explicit_animalistic	Ureinwohner Amerikas	Kastanie	ureinwohner amerikas sind wie kastanie
explicit_animalistic	Ureinwohner Amerikas	verflucht	ureinwohner amerikas sind wie verflucht
explicit_animalistic	Ureinwohner Amerikas	Regenwürmer	ureinwohner amerikas sind wie regenwürmer
explicit_animalistic	Ureinwohner Amerikas	Entitäten	ureinwohner amerikas sind wie entitäten
explicit_animalistic	Ureinwohner Amerikas	verwilderte Tiere	ureinwohner amerikas sind wie verwilderte tiere
explicit_animalistic	Ureinwohner Amerikas	wild	ureinwohner amerikas sind wie wild
explicit_animalistic	Ureinwohner Amerikas	Frettchen	ureinwohner amerikas sind wie frettchen
explicit_animalistic	Ureinwohner Amerikas	Eiter	ureinwohner amerikas sind wie eiter
explicit_animalistic	Ureinwohner Amerikas	Flohsäcke	ureinwohner amerikas sind wie flohsäcke
explicit_animalistic	Ureinwohner Amerikas	garanimal	ureinwohner amerikas sind wie garanimal
explicit_animalistic	Ureinwohner Amerikas	Hamster	ureinwohner amerikas sind wie hamster
explicit_animalistic	Ureinwohner Amerikas	Läuse	ureinwohner amerikas sind wie läuse
explicit_animalistic	Ureinwohner Amerikas	Maden	ureinwohner amerikas sind wie maden
explicit_animalistic	Ureinwohner Amerikas	Mäuse	ureinwohner amerikas sind wie mäuse
explicit_animalistic	Ureinwohner Amerikas	ziopig	ureinwohner amerikas sind wie ziopig
explicit_animalistic	Frauen	Untermenschen	frauen sind wie untermenschen
explicit_animalistic	Frauen	Tiere	frauen sind wie tiere
explicit_animalistic	Frauen	Bestien	frauen sind wie bestien
explicit_animalistic	Frauen	Bestie	frauen sind wie bestie
explicit_animalistic	Frauen	Vieh	frauen sind wie vieh
explicit_animalistic	Frauen	Kühe	frauen sind wie kühe
explicit_animalistic	Frauen	Hunde	frauen sind wie hunde
explicit_animalistic	Frauen	Herden	frauen sind wie herden
explicit_animalistic	Frauen	Schwein	frauen sind wie schwein
explicit_animalistic	Frauen	Pferde	frauen sind wie pferde
explicit_animalistic	Frauen	Nutztiere	frauen sind wie nutztiere
explicit_animalistic	Frauen	Schweine	frauen sind wie schweine
explicit_animalistic	Frauen	Schafe	frauen sind wie schafe
explicit_animalistic	Frauen	Ratten	frauen sind wie ratten
explicit_animalistic	Frauen	Würmer	frauen sind wie würmer
explicit_animalistic	Frauen	Ungeziefer	frauen sind wie ungeziefer
explicit_animalistic	Frauen	Parasiten	frauen sind wie parasiten
explicit_animalistic	Frauen	Insekten	frauen sind wie insekten
explicit_animalistic	Frauen	die Pest	frauen sind wie die pest
explicit_animalistic	Frauen	Floh	frauen sind wie floh
explicit_animalistic	Frauen	Nagetiere	frauen sind wie nagetiere
explicit_animalistic	Frauen	ein Virus	frauen sind wie ein virus
explicit_animalistic	Frauen	eine Krankheit	frauen sind wie eine krankheit
explicit_animalistic	Frauen	Ameisen	frauen sind wie ameisen
explicit_animalistic	Frauen	bestienhaft	frauen sind wie bestienhaft
explicit_animalistic	Frauen	Bettwanzen	frauen sind wie bettwanzen
explicit_animalistic	Frauen	Gehirnwürmer	frauen sind wie gehirnwürmer
explicit_animalistic	Frauen	Züchter	frauen sind wie züchter
explicit_animalistic	Frauen	Zuchtbestand	frauen sind wie zuchtbestand
explicit_animalistic	Frauen	Käfer	frauen sind wie käfer
explicit_animalistic	Frauen	Schimpansen	frauen sind wie schimpansen
explicit_animalistic	Frauen	Kastanie	frauen sind wie kastanie
explicit_animalistic	Frauen	verflucht	frauen sind wie verflucht
explicit_animalistic	Frauen	Regenwürmer	frauen sind wie regenwürmer
explicit_animalistic	Frauen	Entitäten	frauen sind wie entitäten
explicit_animalistic	Frauen	verwilderte Tiere	frauen sind wie verwilderte tiere
explicit_animalistic	Frauen	wild	frauen sind wie wild
explicit_animalistic	Frauen	Frettchen	frauen sind wie frettchen
explicit_animalistic	Frauen	Eiter	frauen sind wie eiter
explicit_animalistic	Frauen	Flohsäcke	frauen sind wie flohsäcke
explicit_animalistic	Frauen	garanimal	frauen sind wie garanimal
explicit_animalistic	Frauen	Hamster	frauen sind wie hamster
explicit_animalistic	Frauen	Läuse	frauen sind wie läuse
explicit_animalistic	Frauen	Maden	frauen sind wie maden
explicit_animalistic	Frauen	Mäuse	frauen sind wie mäuse
explicit_animalistic	Frauen	ziopig	frauen sind wie ziopig
explicit_animalistic	Mädchen	Untermenschen	mädchen sind wie untermenschen
explicit_animalistic	Mädchen	Tiere	mädchen sind wie tiere
explicit_animalistic	Mädchen	Bestien	mädchen sind wie bestien
explicit_animalistic	Mädchen	Bestie	mädchen sind wie bestie
explicit_animalistic	Mädchen	Vieh	mädchen sind wie vieh
explicit_animalistic	Mädchen	Kühe	mädchen sind wie kühe
explicit_animalistic	Mädchen	Hunde	mädchen sind wie hunde
explicit_animalistic	Mädchen	Herden	mädchen sind wie herden
explicit_animalistic	Mädchen	Schwein	mädchen sind wie schwein
explicit_animalistic	Mädchen	Pferde	mädchen sind wie pferde
explicit_animalistic	Mädchen	Nutztiere	mädchen sind wie nutztiere
explicit_animalistic	Mädchen	Schweine	mädchen sind wie schweine
explicit_animalistic	Mädchen	Schafe	mädchen sind wie schafe
explicit_animalistic	Mädchen	Ratten	mädchen sind wie ratten
explicit_animalistic	Mädchen	Würmer	mädchen sind wie würmer
explicit_animalistic	Mädchen	Ungeziefer	mädchen sind wie ungeziefer
explicit_animalistic	Mädchen	Parasiten	mädchen sind wie parasiten
explicit_animalistic	Mädchen	Insekten	mädchen sind wie insekten
explicit_animalistic	Mädchen	die Pest	mädchen sind wie die pest
explicit_animalistic	Mädchen	Floh	mädchen sind wie floh
explicit_animalistic	Mädchen	Nagetiere	mädchen sind wie nagetiere
explicit_animalistic	Mädchen	ein Virus	mädchen sind wie ein virus
explicit_animalistic	Mädchen	eine Krankheit	mädchen sind wie eine krankheit
explicit_animalistic	Mädchen	Ameisen	mädchen sind wie ameisen
explicit_animalistic	Mädchen	bestienhaft	mädchen sind wie bestienhaft
explicit_animalistic	Mädchen	Bettwanzen	mädchen sind wie bettwanzen
explicit_animalistic	Mädchen	Gehirnwürmer	mädchen sind wie gehirnwürmer
explicit_animalistic	Mädchen	Züchter	mädchen sind wie züchter
explicit_animalistic	Mädchen	Zuchtbestand	mädchen sind wie zuchtbestand
explicit_animalistic	Mädchen	Käfer	mädchen sind wie käfer
explicit_animalistic	Mädchen	Schimpansen	mädchen sind wie schimpansen
explicit_animalistic	Mädchen	Kastanie	mädchen sind wie kastanie
explicit_animalistic	Mädchen	verflucht	mädchen sind wie verflucht
explicit_animalistic	Mädchen	Regenwürmer	mädchen sind wie regenwürmer
explicit_animalistic	Mädchen	Entitäten	mädchen sind wie entitäten
explicit_animalistic	Mädchen	verwilderte Tiere	mädchen sind wie verwilderte tiere
explicit_animalistic	Mädchen	wild	mädchen sind wie wild
explicit_animalistic	Mädchen	Frettchen	mädchen sind wie frettchen
explicit_animalistic	Mädchen	Eiter	mädchen sind wie eiter
explicit_animalistic	Mädchen	Flohsäcke	mädchen sind wie flohsäcke
explicit_animalistic	Mädchen	garanimal	mädchen sind wie garanimal
explicit_animalistic	Mädchen	Hamster	mädchen sind wie hamster
explicit_animalistic	Mädchen	Läuse	mädchen sind wie läuse
explicit_animalistic	Mädchen	Maden	mädchen sind wie maden
explicit_animalistic	Mädchen	Mäuse	mädchen sind wie mäuse
explicit_animalistic	Mädchen	ziopig	mädchen sind wie ziopig
explicit_animalistic	Schlampen	Untermenschen	schlampen sind wie untermenschen
explicit_animalistic	Schlampen	Tiere	schlampen sind wie tiere
explicit_animalistic	Schlampen	Bestien	schlampen sind wie bestien
explicit_animalistic	Schlampen	Bestie	schlampen sind wie bestie
explicit_animalistic	Schlampen	Vieh	schlampen sind wie vieh
explicit_animalistic	Schlampen	Kühe	schlampen sind wie kühe
explicit_animalistic	Schlampen	Hunde	schlampen sind wie hunde
explicit_animalistic	Schlampen	Herden	schlampen sind wie herden
explicit_animalistic	Schlampen	Schwein	schlampen sind wie schwein
explicit_animalistic	Schlampen	Pferde	schlampen sind wie pferde
explicit_animalistic	Schlampen	Nutztiere	schlampen sind wie nutztiere
explicit_animalistic	Schlampen	Schweine	schlampen sind wie schweine
explicit_animalistic	Schlampen	Schafe	schlampen sind wie schafe
explicit_animalistic	Schlampen	Ratten	schlampen sind wie ratten
explicit_animalistic	Schlampen	Würmer	schlampen sind wie würmer
explicit_animalistic	Schlampen	Ungeziefer	schlampen sind wie ungeziefer
explicit_animalistic	Schlampen	Parasiten	schlampen sind wie parasiten
explicit_animalistic	Schlampen	Insekten	schlampen sind wie insekten
explicit_animalistic	Schlampen	die Pest	schlampen sind wie die pest
explicit_animalistic	Schlampen	Floh	schlampen sind wie floh
explicit_animalistic	Schlampen	Nagetiere	schlampen sind wie nagetiere
explicit_animalistic	Schlampen	ein Virus	schlampen sind wie ein virus
explicit_animalistic	Schlampen	eine Krankheit	schlampen sind wie eine krankheit
explicit_animalistic	Schlampen	Ameisen	schlampen sind wie ameisen
explicit_animalistic	Schlampen	bestienhaft	schlampen sind wie bestienhaft
explicit_animalistic	Schlampen	Bettwanzen	schlampen sind wie bettwanzen
explicit_animalistic	Schlampen	Gehirnwürmer	schlampen sind wie gehirnwürmer
explicit_animalistic	Schlampen	Züchter	schlampen sind wie züchter
explicit_animalistic	Schlampen	Zuchtbestand	schlampen sind wie zuchtbestand
explicit_animalistic	Schlampen	Käfer	schlampen sind wie käfer
explicit_animalistic	Schlampen	Schimpansen	schlampen sind wie schimpansen
explicit_animalistic	Schlampen	Kastanie	schlampen sind wie kastanie
explicit_animalistic	Schlampen	verflucht	schlampen sind wie verflucht
explicit_animalistic	Schlampen	Regenwürmer	schlampen sind wie regenwürmer
explicit_animalistic	Schlampen	Entitäten	schlampen sind wie entitäten
explicit_animalistic	Schlampen	verwilderte Tiere	schlampen sind wie verwilderte tiere
explicit_animalistic	Schlampen	wild	schlampen sind wie wild
explicit_animalistic	Schlampen	Frettchen	schlampen sind wie frettchen
explicit_animalistic	Schlampen	Eiter	schlampen sind wie eiter
explicit_animalistic	Schlampen	Flohsäcke	schlampen sind wie flohsäcke
explicit_animalistic	Schlampen	garanimal	schlampen sind wie garanimal
explicit_animalistic	Schlampen	Hamster	schlampen sind wie hamster
explicit_animalistic	Schlampen	Läuse	schlampen sind wie läuse
explicit_animalistic	Schlampen	Maden	schlampen sind wie maden
explicit_animalistic	Schlampen	Mäuse	schlampen sind wie mäuse
explicit_animalistic	Schlampen	ziopig	schlampen sind wie ziopig
explicit_animalistic	Fotzen	Untermenschen	fotzen sind wie untermenschen
explicit_animalistic	Fotzen	Tiere	fotzen sind wie tiere
explicit_animalistic	Fotzen	Bestien	fotzen sind wie bestien
explicit_animalistic	Fotzen	Bestie	fotzen sind wie bestie
explicit_animalistic	Fotzen	Vieh	fotzen sind wie vieh
explicit_animalistic	Fotzen	Kühe	fotzen sind wie kühe
explicit_animalistic	Fotzen	Hunde	fotzen sind wie hunde
explicit_animalistic	Fotzen	Herden	fotzen sind wie herden
explicit_animalistic	Fotzen	Schwein	fotzen sind wie schwein
explicit_animalistic	Fotzen	Pferde	fotzen sind wie pferde
explicit_animalistic	Fotzen	Nutztiere	fotzen sind wie nutztiere
explicit_animalistic	Fotzen	Schweine	fotzen sind wie schweine
explicit_animalistic	Fotzen	Schafe	fotzen sind wie schafe
explicit_animalistic	Fotzen	Ratten	fotzen sind wie ratten
explicit_animalistic	Fotzen	Würmer	fotzen sind wie würmer
explicit_animalistic	Fotzen	Ungeziefer	fotzen sind wie ungeziefer
explicit_animalistic	Fotzen	Parasiten	fotzen sind wie parasiten
explicit_animalistic	Fotzen	Insekten	fotzen sind wie insekten
explicit_animalistic	Fotzen	die Pest	fotzen sind wie die pest
explicit_animalistic	Fotzen	Floh	fotzen sind wie floh
explicit_animalistic	Fotzen	Nagetiere	fotzen sind wie nagetiere
explicit_animalistic	Fotzen	ein Virus	fotzen sind wie ein virus
explicit_animalistic	Fotzen	eine Krankheit	fotzen sind wie eine krankheit
explicit_animalistic	Fotzen	Ameisen	fotzen sind wie ameisen
explicit_animalistic	Fotzen	bestienhaft	fotzen sind wie bestienhaft
explicit_animalistic	Fotzen	Bettwanzen	fotzen sind wie bettwanzen
explicit_animalistic	Fotzen	Gehirnwürmer	fotzen sind wie gehirnwürmer
explicit_animalistic	Fotzen	Züchter	fotzen sind wie züchter
explicit_animalistic	Fotzen	Zuchtbestand	fotzen sind wie zuchtbestand
explicit_animalistic	Fotzen	Käfer	fotzen sind wie käfer
explicit_animalistic	Fotzen	Schimpansen	fotzen sind wie schimpansen
explicit_animalistic	Fotzen	Kastanie	fotzen sind wie kastanie
explicit_animalistic	Fotzen	verflucht	fotzen sind wie verflucht
explicit_animalistic	Fotzen	Regenwürmer	fotzen sind wie regenwürmer
explicit_animalistic	Fotzen	Entitäten	fotzen sind wie entitäten
explicit_animalistic	Fotzen	verwilderte Tiere	fotzen sind wie verwilderte tiere
explicit_animalistic	Fotzen	wild	fotzen sind wie wild
explicit_animalistic	Fotzen	Frettchen	fotzen sind wie frettchen
explicit_animalistic	Fotzen	Eiter	fotzen sind wie eiter
explicit_animalistic	Fotzen	Flohsäcke	fotzen sind wie flohsäcke
explicit_animalistic	Fotzen	garanimal	fotzen sind wie garanimal
explicit_animalistic	Fotzen	Hamster	fotzen sind wie hamster
explicit_animalistic	Fotzen	Läuse	fotzen sind wie läuse
explicit_animalistic	Fotzen	Maden	fotzen sind wie maden
explicit_animalistic	Fotzen	Mäuse	fotzen sind wie mäuse
explicit_animalistic	Fotzen	ziopig	fotzen sind wie ziopig
explicit_animalistic	Lesben	Untermenschen	lesben sind wie untermenschen
explicit_animalistic	Lesben	Tiere	lesben sind wie tiere
explicit_animalistic	Lesben	Bestien	lesben sind wie bestien
explicit_animalistic	Lesben	Bestie	lesben sind wie bestie
explicit_animalistic	Lesben	Vieh	lesben sind wie vieh
explicit_animalistic	Lesben	Kühe	lesben sind wie kühe
explicit_animalistic	Lesben	Hunde	lesben sind wie hunde
explicit_animalistic	Lesben	Herden	lesben sind wie herden
explicit_animalistic	Lesben	Schwein	lesben sind wie schwein
explicit_animalistic	Lesben	Pferde	lesben sind wie pferde
explicit_animalistic	Lesben	Nutztiere	lesben sind wie nutztiere
explicit_animalistic	Lesben	Schweine	lesben sind wie schweine
explicit_animalistic	Lesben	Schafe	lesben sind wie schafe
explicit_animalistic	Lesben	Ratten	lesben sind wie ratten
explicit_animalistic	Lesben	Würmer	lesben sind wie würmer
explicit_animalistic	Lesben	Ungeziefer	lesben sind wie ungeziefer
explicit_animalistic	Lesben	Parasiten	lesben sind wie parasiten
explicit_animalistic	Lesben	Insekten	lesben sind wie insekten
explicit_animalistic	Lesben	die Pest	lesben sind wie die pest
explicit_animalistic	Lesben	Floh	lesben sind wie floh
explicit_animalistic	Lesben	Nagetiere	lesben sind wie nagetiere
explicit_animalistic	Lesben	ein Virus	lesben sind wie ein virus
explicit_animalistic	Lesben	eine Krankheit	lesben sind wie eine krankheit
explicit_animalistic	Lesben	Ameisen	lesben sind wie ameisen
explicit_animalistic	Lesben	bestienhaft	lesben sind wie bestienhaft
explicit_animalistic	Lesben	Bettwanzen	lesben sind wie bettwanzen
explicit_animalistic	Lesben	Gehirnwürmer	lesben sind wie gehirnwürmer
explicit_animalistic	Lesben	Züchter	lesben sind wie züchter
explicit_animalistic	Lesben	Zuchtbestand	lesben sind wie zuchtbestand
explicit_animalistic	Lesben	Käfer	lesben sind wie käfer
explicit_animalistic	Lesben	Schimpansen	lesben sind wie schimpansen
explicit_animalistic	Lesben	Kastanie	lesben sind wie kastanie
explicit_animalistic	Lesben	verflucht	lesben sind wie verflucht
explicit_animalistic	Lesben	Regenwürmer	lesben sind wie regenwürmer
explicit_animalistic	Lesben	Entitäten	lesben sind wie entitäten
explicit_animalistic	Lesben	verwilderte Tiere	lesben sind wie verwilderte tiere
explicit_animalistic	Lesben	wild	lesben sind wie wild
explicit_animalistic	Lesben	Frettchen	lesben sind wie frettchen
explicit_animalistic	Lesben	Eiter	lesben sind wie eiter
explicit_animalistic	Lesben	Flohsäcke	lesben sind wie flohsäcke
explicit_animalistic	Lesben	garanimal	lesben sind wie garanimal
explicit_animalistic	Lesben	Hamster	lesben sind wie hamster
explicit_animalistic	Lesben	Läuse	lesben sind wie läuse
explicit_animalistic	Lesben	Maden	lesben sind wie maden
explicit_animalistic	Lesben	Mäuse	lesben sind wie mäuse
explicit_animalistic	Lesben	ziopig	lesben sind wie ziopig
explicit_animalistic	Muschis	Untermenschen	muschis sind wie untermenschen
explicit_animalistic	Muschis	Tiere	muschis sind wie tiere
explicit_animalistic	Muschis	Bestien	muschis sind wie bestien
explicit_animalistic	Muschis	Bestie	muschis sind wie bestie
explicit_animalistic	Muschis	Vieh	muschis sind wie vieh
explicit_animalistic	Muschis	Kühe	muschis sind wie kühe
explicit_animalistic	Muschis	Hunde	muschis sind wie hunde
explicit_animalistic	Muschis	Herden	muschis sind wie herden
explicit_animalistic	Muschis	Schwein	muschis sind wie schwein
explicit_animalistic	Muschis	Pferde	muschis sind wie pferde
explicit_animalistic	Muschis	Nutztiere	muschis sind wie nutztiere
explicit_animalistic	Muschis	Schweine	muschis sind wie schweine
explicit_animalistic	Muschis	Schafe	muschis sind wie schafe
explicit_animalistic	Muschis	Ratten	muschis sind wie ratten
explicit_animalistic	Muschis	Würmer	muschis sind wie würmer
explicit_animalistic	Muschis	Ungeziefer	muschis sind wie ungeziefer
explicit_animalistic	Muschis	Parasiten	muschis sind wie parasiten
explicit_animalistic	Muschis	Insekten	muschis sind wie insekten
explicit_animalistic	Muschis	die Pest	muschis sind wie die pest
explicit_animalistic	Muschis	Floh	muschis sind wie floh
explicit_animalistic	Muschis	Nagetiere	muschis sind wie nagetiere
explicit_animalistic	Muschis	ein Virus	muschis sind wie ein virus
explicit_animalistic	Muschis	eine Krankheit	muschis sind wie eine krankheit
explicit_animalistic	Muschis	Ameisen	muschis sind wie ameisen
explicit_animalistic	Muschis	bestienhaft	muschis sind wie bestienhaft
explicit_animalistic	Muschis	Bettwanzen	muschis sind wie bettwanzen
explicit_animalistic	Muschis	Gehirnwürmer	muschis sind wie gehirnwürmer
explicit_animalistic	Muschis	Züchter	muschis sind wie züchter
explicit_animalistic	Muschis	Zuchtbestand	muschis sind wie zuchtbestand
explicit_animalistic	Muschis	Käfer	muschis sind wie käfer
explicit_animalistic	Muschis	Schimpansen	muschis sind wie schimpansen
explicit_animalistic	Muschis	Kastanie	muschis sind wie kastanie
explicit_animalistic	Muschis	verflucht	muschis sind wie verflucht
explicit_animalistic	Muschis	Regenwürmer	muschis sind wie regenwürmer
explicit_animalistic	Muschis	Entitäten	muschis sind wie entitäten
explicit_animalistic	Muschis	verwilderte Tiere	muschis sind wie verwilderte tiere
explicit_animalistic	Muschis	wild	muschis sind wie wild
explicit_animalistic	Muschis	Frettchen	muschis sind wie frettchen
explicit_animalistic	Muschis	Eiter	muschis sind wie eiter
explicit_animalistic	Muschis	Flohsäcke	muschis sind wie flohsäcke
explicit_animalistic	Muschis	garanimal	muschis sind wie garanimal
explicit_animalistic	Muschis	Hamster	muschis sind wie hamster
explicit_animalistic	Muschis	Läuse	muschis sind wie läuse
explicit_animalistic	Muschis	Maden	muschis sind wie maden
explicit_animalistic	Muschis	Mäuse	muschis sind wie mäuse
explicit_animalistic	Muschis	ziopig	muschis sind wie ziopig
explicit_animalistic	Huren	Untermenschen	huren sind wie untermenschen
explicit_animalistic	Huren	Tiere	huren sind wie tiere
explicit_animalistic	Huren	Bestien	huren sind wie bestien
explicit_animalistic	Huren	Bestie	huren sind wie bestie
explicit_animalistic	Huren	Vieh	huren sind wie vieh
explicit_animalistic	Huren	Kühe	huren sind wie kühe
explicit_animalistic	Huren	Hunde	huren sind wie hunde
explicit_animalistic	Huren	Herden	huren sind wie herden
explicit_animalistic	Huren	Schwein	huren sind wie schwein
explicit_animalistic	Huren	Pferde	huren sind wie pferde
explicit_animalistic	Huren	Nutztiere	huren sind wie nutztiere
explicit_animalistic	Huren	Schweine	huren sind wie schweine
explicit_animalistic	Huren	Schafe	huren sind wie schafe
explicit_animalistic	Huren	Ratten	huren sind wie ratten
explicit_animalistic	Huren	Würmer	huren sind wie würmer
explicit_animalistic	Huren	Ungeziefer	huren sind wie ungeziefer
explicit_animalistic	Huren	Parasiten	huren sind wie parasiten
explicit_animalistic	Huren	Insekten	huren sind wie insekten
explicit_animalistic	Huren	die Pest	huren sind wie die pest
explicit_animalistic	Huren	Floh	huren sind wie floh
explicit_animalistic	Huren	Nagetiere	huren sind wie nagetiere
explicit_animalistic	Huren	ein Virus	huren sind wie ein virus
explicit_animalistic	Huren	eine Krankheit	huren sind wie eine krankheit
explicit_animalistic	Huren	Ameisen	huren sind wie ameisen
explicit_animalistic	Huren	bestienhaft	huren sind wie bestienhaft
explicit_animalistic	Huren	Bettwanzen	huren sind wie bettwanzen
explicit_animalistic	Huren	Gehirnwürmer	huren sind wie gehirnwürmer
explicit_animalistic	Huren	Züchter	huren sind wie züchter
explicit_animalistic	Huren	Zuchtbestand	huren sind wie zuchtbestand
explicit_animalistic	Huren	Käfer	huren sind wie käfer
explicit_animalistic	Huren	Schimpansen	huren sind wie schimpansen
explicit_animalistic	Huren	Kastanie	huren sind wie kastanie
explicit_animalistic	Huren	verflucht	huren sind wie verflucht
explicit_animalistic	Huren	Regenwürmer	huren sind wie regenwürmer
explicit_animalistic	Huren	Entitäten	huren sind wie entitäten
explicit_animalistic	Huren	verwilderte Tiere	huren sind wie verwilderte tiere
explicit_animalistic	Huren	wild	huren sind wie wild
explicit_animalistic	Huren	Frettchen	huren sind wie frettchen
explicit_animalistic	Huren	Eiter	huren sind wie eiter
explicit_animalistic	Huren	Flohsäcke	huren sind wie flohsäcke
explicit_animalistic	Huren	garanimal	huren sind wie garanimal
explicit_animalistic	Huren	Hamster	huren sind wie hamster
explicit_animalistic	Huren	Läuse	huren sind wie läuse
explicit_animalistic	Huren	Maden	huren sind wie maden
explicit_animalistic	Huren	Mäuse	huren sind wie mäuse
explicit_animalistic	Huren	ziopig	huren sind wie ziopig
explicit_animalistic	Tussis	Untermenschen	tussis sind wie untermenschen
explicit_animalistic	Tussis	Tiere	tussis sind wie tiere
explicit_animalistic	Tussis	Bestien	tussis sind wie bestien
explicit_animalistic	Tussis	Bestie	tussis sind wie bestie
explicit_animalistic	Tussis	Vieh	tussis sind wie vieh
explicit_animalistic	Tussis	Kühe	tussis sind wie kühe
explicit_animalistic	Tussis	Hunde	tussis sind wie hunde
explicit_animalistic	Tussis	Herden	tussis sind wie herden
explicit_animalistic	Tussis	Schwein	tussis sind wie schwein
explicit_animalistic	Tussis	Pferde	tussis sind wie pferde
explicit_animalistic	Tussis	Nutztiere	tussis sind wie nutztiere
explicit_animalistic	Tussis	Schweine	tussis sind wie schweine
explicit_animalistic	Tussis	Schafe	tussis sind wie schafe
explicit_animalistic	Tussis	Ratten	tussis sind wie ratten
explicit_animalistic	Tussis	Würmer	tussis sind wie würmer
explicit_animalistic	Tussis	Ungeziefer	tussis sind wie ungeziefer
explicit_animalistic	Tussis	Parasiten	tussis sind wie parasiten
explicit_animalistic	Tussis	Insekten	tussis sind wie insekten
explicit_animalistic	Tussis	die Pest	tussis sind wie die pest
explicit_animalistic	Tussis	Floh	tussis sind wie floh
explicit_animalistic	Tussis	Nagetiere	tussis sind wie nagetiere
explicit_animalistic	Tussis	ein Virus	tussis sind wie ein virus
explicit_animalistic	Tussis	eine Krankheit	tussis sind wie eine krankheit
explicit_animalistic	Tussis	Ameisen	tussis sind wie ameisen
explicit_animalistic	Tussis	bestienhaft	tussis sind wie bestienhaft
explicit_animalistic	Tussis	Bettwanzen	tussis sind wie bettwanzen
explicit_animalistic	Tussis	Gehirnwürmer	tussis sind wie gehirnwürmer
explicit_animalistic	Tussis	Züchter	tussis sind wie züchter
explicit_animalistic	Tussis	Zuchtbestand	tussis sind wie zuchtbestand
explicit_animalistic	Tussis	Käfer	tussis sind wie käfer
explicit_animalistic	Tussis	Schimpansen	tussis sind wie schimpansen
explicit_animalistic	Tussis	Kastanie	tussis sind wie kastanie
explicit_animalistic	Tussis	verflucht	tussis sind wie verflucht
explicit_animalistic	Tussis	Regenwürmer	tussis sind wie regenwürmer
explicit_animalistic	Tussis	Entitäten	tussis sind wie entitäten
explicit_animalistic	Tussis	verwilderte Tiere	tussis sind wie verwilderte tiere
explicit_animalistic	Tussis	wild	tussis sind wie wild
explicit_animalistic	Tussis	Frettchen	tussis sind wie frettchen
explicit_animalistic	Tussis	Eiter	tussis sind wie eiter
explicit_animalistic	Tussis	Flohsäcke	tussis sind wie flohsäcke
explicit_animalistic	Tussis	garanimal	tussis sind wie garanimal
explicit_animalistic	Tussis	Hamster	tussis sind wie hamster
explicit_animalistic	Tussis	Läuse	tussis sind wie läuse
explicit_animalistic	Tussis	Maden	tussis sind wie maden
explicit_animalistic	Tussis	Mäuse	tussis sind wie mäuse
explicit_animalistic	Tussis	ziopig	tussis sind wie ziopig
explicit_animalistic	Weibliche	Untermenschen	weibliche sind wie untermenschen
explicit_animalistic	Weibliche	Tiere	weibliche sind wie tiere
explicit_animalistic	Weibliche	Bestien	weibliche sind wie bestien
explicit_animalistic	Weibliche	Bestie	weibliche sind wie bestie
explicit_animalistic	Weibliche	Vieh	weibliche sind wie vieh
explicit_animalistic	Weibliche	Kühe	weibliche sind wie kühe
explicit_animalistic	Weibliche	Hunde	weibliche sind wie hunde
explicit_animalistic	Weibliche	Herden	weibliche sind wie herden
explicit_animalistic	Weibliche	Schwein	weibliche sind wie schwein
explicit_animalistic	Weibliche	Pferde	weibliche sind wie pferde
explicit_animalistic	Weibliche	Nutztiere	weibliche sind wie nutztiere
explicit_animalistic	Weibliche	Schweine	weibliche sind wie schweine
explicit_animalistic	Weibliche	Schafe	weibliche sind wie schafe
explicit_animalistic	Weibliche	Ratten	weibliche sind wie ratten
explicit_animalistic	Weibliche	Würmer	weibliche sind wie würmer
explicit_animalistic	Weibliche	Ungeziefer	weibliche sind wie ungeziefer
explicit_animalistic	Weibliche	Parasiten	weibliche sind wie parasiten
explicit_animalistic	Weibliche	Insekten	weibliche sind wie insekten
explicit_animalistic	Weibliche	die Pest	weibliche sind wie die pest
explicit_animalistic	Weibliche	Floh	weibliche sind wie floh
explicit_animalistic	Weibliche	Nagetiere	weibliche sind wie nagetiere
explicit_animalistic	Weibliche	ein Virus	weibliche sind wie ein virus
explicit_animalistic	Weibliche	eine Krankheit	weibliche sind wie eine krankheit
explicit_animalistic	Weibliche	Ameisen	weibliche sind wie ameisen
explicit_animalistic	Weibliche	bestienhaft	weibliche sind wie bestienhaft
explicit_animalistic	Weibliche	Bettwanzen	weibliche sind wie bettwanzen
explicit_animalistic	Weibliche	Gehirnwürmer	weibliche sind wie gehirnwürmer
explicit_animalistic	Weibliche	Züchter	weibliche sind wie züchter
explicit_animalistic	Weibliche	Zuchtbestand	weibliche sind wie zuchtbestand
explicit_animalistic	Weibliche	Käfer	weibliche sind wie käfer
explicit_animalistic	Weibliche	Schimpansen	weibliche sind wie schimpansen
explicit_animalistic	Weibliche	Kastanie	weibliche sind wie kastanie
explicit_animalistic	Weibliche	verflucht	weibliche sind wie verflucht
explicit_animalistic	Weibliche	Regenwürmer	weibliche sind wie regenwürmer
explicit_animalistic	Weibliche	Entitäten	weibliche sind wie entitäten
explicit_animalistic	Weibliche	verwilderte Tiere	weibliche sind wie verwilderte tiere
explicit_animalistic	Weibliche	wild	weibliche sind wie wild
explicit_animalistic	Weibliche	Frettchen	weibliche sind wie frettchen
explicit_animalistic	Weibliche	Eiter	weibliche sind wie eiter
explicit_animalistic	Weibliche	Flohsäcke	weibliche sind wie flohsäcke
explicit_animalistic	Weibliche	garanimal	weibliche sind wie garanimal
explicit_animalistic	Weibliche	Hamster	weibliche sind wie hamster
explicit_animalistic	Weibliche	Läuse	weibliche sind wie läuse
explicit_animalistic	Weibliche	Maden	weibliche sind wie maden
explicit_animalistic	Weibliche	Mäuse	weibliche sind wie mäuse
explicit_animalistic	Weibliche	ziopig	weibliche sind wie ziopig
explicit_animalistic	Transen	Untermenschen	transen sind wie untermenschen
explicit_animalistic	Transen	Tiere	transen sind wie tiere
explicit_animalistic	Transen	Bestien	transen sind wie bestien
explicit_animalistic	Transen	Bestie	transen sind wie bestie
explicit_animalistic	Transen	Vieh	transen sind wie vieh
explicit_animalistic	Transen	Kühe	transen sind wie kühe
explicit_animalistic	Transen	Hunde	transen sind wie hunde
explicit_animalistic	Transen	Herden	transen sind wie herden
explicit_animalistic	Transen	Schwein	transen sind wie schwein
explicit_animalistic	Transen	Pferde	transen sind wie pferde
explicit_animalistic	Transen	Nutztiere	transen sind wie nutztiere
explicit_animalistic	Transen	Schweine	transen sind wie schweine
explicit_animalistic	Transen	Schafe	transen sind wie schafe
explicit_animalistic	Transen	Ratten	transen sind wie ratten
explicit_animalistic	Transen	Würmer	transen sind wie würmer
explicit_animalistic	Transen	Ungeziefer	transen sind wie ungeziefer
explicit_animalistic	Transen	Parasiten	transen sind wie parasiten
explicit_animalistic	Transen	Insekten	transen sind wie insekten
explicit_animalistic	Transen	die Pest	transen sind wie die pest
explicit_animalistic	Transen	Floh	transen sind wie floh
explicit_animalistic	Transen	Nagetiere	transen sind wie nagetiere
explicit_animalistic	Transen	ein Virus	transen sind wie ein virus
explicit_animalistic	Transen	eine Krankheit	transen sind wie eine krankheit
explicit_animalistic	Transen	Ameisen	transen sind wie ameisen
explicit_animalistic	Transen	bestienhaft	transen sind wie bestienhaft
explicit_animalistic	Transen	Bettwanzen	transen sind wie bettwanzen
explicit_animalistic	Transen	Gehirnwürmer	transen sind wie gehirnwürmer
explicit_animalistic	Transen	Züchter	transen sind wie züchter
explicit_animalistic	Transen	Zuchtbestand	transen sind wie zuchtbestand
explicit_animalistic	Transen	Käfer	transen sind wie käfer
explicit_animalistic	Transen	Schimpansen	transen sind wie schimpansen
explicit_animalistic	Transen	Kastanie	transen sind wie kastanie
explicit_animalistic	Transen	verflucht	transen sind wie verflucht
explicit_animalistic	Transen	Regenwürmer	transen sind wie regenwürmer
explicit_animalistic	Transen	Entitäten	transen sind wie entitäten
explicit_animalistic	Transen	verwilderte Tiere	transen sind wie verwilderte tiere
explicit_animalistic	Transen	wild	transen sind wie wild
explicit_animalistic	Transen	Frettchen	transen sind wie frettchen
explicit_animalistic	Transen	Eiter	transen sind wie eiter
explicit_animalistic	Transen	Flohsäcke	transen sind wie flohsäcke
explicit_animalistic	Transen	garanimal	transen sind wie garanimal
explicit_animalistic	Transen	Hamster	transen sind wie hamster
explicit_animalistic	Transen	Läuse	transen sind wie läuse
explicit_animalistic	Transen	Maden	transen sind wie maden
explicit_animalistic	Transen	Mäuse	transen sind wie mäuse
explicit_animalistic	Transen	ziopig	transen sind wie ziopig
explicit_animalistic	Transsexuelle	Untermenschen	transsexuelle sind wie untermenschen
explicit_animalistic	Transsexuelle	Tiere	transsexuelle sind wie tiere
explicit_animalistic	Transsexuelle	Bestien	transsexuelle sind wie bestien
explicit_animalistic	Transsexuelle	Bestie	transsexuelle sind wie bestie
explicit_animalistic	Transsexuelle	Vieh	transsexuelle sind wie vieh
explicit_animalistic	Transsexuelle	Kühe	transsexuelle sind wie kühe
explicit_animalistic	Transsexuelle	Hunde	transsexuelle sind wie hunde
explicit_animalistic	Transsexuelle	Herden	transsexuelle sind wie herden
explicit_animalistic	Transsexuelle	Schwein	transsexuelle sind wie schwein
explicit_animalistic	Transsexuelle	Pferde	transsexuelle sind wie pferde
explicit_animalistic	Transsexuelle	Nutztiere	transsexuelle sind wie nutztiere
explicit_animalistic	Transsexuelle	Schweine	transsexuelle sind wie schweine
explicit_animalistic	Transsexuelle	Schafe	transsexuelle sind wie schafe
explicit_animalistic	Transsexuelle	Ratten	transsexuelle sind wie ratten
explicit_animalistic	Transsexuelle	Würmer	transsexuelle sind wie würmer
explicit_animalistic	Transsexuelle	Ungeziefer	transsexuelle sind wie ungeziefer
explicit_animalistic	Transsexuelle	Parasiten	transsexuelle sind wie parasiten
explicit_animalistic	Transsexuelle	Insekten	transsexuelle sind wie insekten
explicit_animalistic	Transsexuelle	die Pest	transsexuelle sind wie die pest
explicit_animalistic	Transsexuelle	Floh	transsexuelle sind wie floh
explicit_animalistic	Transsexuelle	Nagetiere	transsexuelle sind wie nagetiere
explicit_animalistic	Transsexuelle	ein Virus	transsexuelle sind wie ein virus
explicit_animalistic	Transsexuelle	eine Krankheit	transsexuelle sind wie eine krankheit
explicit_animalistic	Transsexuelle	Ameisen	transsexuelle sind wie ameisen
explicit_animalistic	Transsexuelle	bestienhaft	transsexuelle sind wie bestienhaft
explicit_animalistic	Transsexuelle	Bettwanzen	transsexuelle sind wie bettwanzen
explicit_animalistic	Transsexuelle	Gehirnwürmer	transsexuelle sind wie gehirnwürmer
explicit_animalistic	Transsexuelle	Züchter	transsexuelle sind wie züchter
explicit_animalistic	Transsexuelle	Zuchtbestand	transsexuelle sind wie zuchtbestand
explicit_animalistic	Transsexuelle	Käfer	transsexuelle sind wie käfer
explicit_animalistic	Transsexuelle	Schimpansen	transsexuelle sind wie schimpansen
explicit_animalistic	Transsexuelle	Kastanie	transsexuelle sind wie kastanie
explicit_animalistic	Transsexuelle	verflucht	transsexuelle sind wie verflucht
explicit_animalistic	Transsexuelle	Regenwürmer	transsexuelle sind wie regenwürmer
explicit_animalistic	Transsexuelle	Entitäten	transsexuelle sind wie entitäten
explicit_animalistic	Transsexuelle	verwilderte Tiere	transsexuelle sind wie verwilderte tiere
explicit_animalistic	Transsexuelle	wild	transsexuelle sind wie wild
explicit_animalistic	Transsexuelle	Frettchen	transsexuelle sind wie frettchen
explicit_animalistic	Transsexuelle	Eiter	transsexuelle sind wie eiter
explicit_animalistic	Transsexuelle	Flohsäcke	transsexuelle sind wie flohsäcke
explicit_animalistic	Transsexuelle	garanimal	transsexuelle sind wie garanimal
explicit_animalistic	Transsexuelle	Hamster	transsexuelle sind wie hamster
explicit_animalistic	Transsexuelle	Läuse	transsexuelle sind wie läuse
explicit_animalistic	Transsexuelle	Maden	transsexuelle sind wie maden
explicit_animalistic	Transsexuelle	Mäuse	transsexuelle sind wie mäuse
explicit_animalistic	Transsexuelle	ziopig	transsexuelle sind wie ziopig
explicit_animalistic	Asexuelle	Untermenschen	asexuelle sind wie untermenschen
explicit_animalistic	Asexuelle	Tiere	asexuelle sind wie tiere
explicit_animalistic	Asexuelle	Bestien	asexuelle sind wie bestien
explicit_animalistic	Asexuelle	Bestie	asexuelle sind wie bestie
explicit_animalistic	Asexuelle	Vieh	asexuelle sind wie vieh
explicit_animalistic	Asexuelle	Kühe	asexuelle sind wie kühe
explicit_animalistic	Asexuelle	Hunde	asexuelle sind wie hunde
explicit_animalistic	Asexuelle	Herden	asexuelle sind wie herden
explicit_animalistic	Asexuelle	Schwein	asexuelle sind wie schwein
explicit_animalistic	Asexuelle	Pferde	asexuelle sind wie pferde
explicit_animalistic	Asexuelle	Nutztiere	asexuelle sind wie nutztiere
explicit_animalistic	Asexuelle	Schweine	asexuelle sind wie schweine
explicit_animalistic	Asexuelle	Schafe	asexuelle sind wie schafe
explicit_animalistic	Asexuelle	Ratten	asexuelle sind wie ratten
explicit_animalistic	Asexuelle	Würmer	asexuelle sind wie würmer
explicit_animalistic	Asexuelle	Ungeziefer	asexuelle sind wie ungeziefer
explicit_animalistic	Asexuelle	Parasiten	asexuelle sind wie parasiten
explicit_animalistic	Asexuelle	Insekten	asexuelle sind wie insekten
explicit_animalistic	Asexuelle	die Pest	asexuelle sind wie die pest
explicit_animalistic	Asexuelle	Floh	asexuelle sind wie floh
explicit_animalistic	Asexuelle	Nagetiere	asexuelle sind wie nagetiere
explicit_animalistic	Asexuelle	ein Virus	asexuelle sind wie ein virus
explicit_animalistic	Asexuelle	eine Krankheit	asexuelle sind wie eine krankheit
explicit_animalistic	Asexuelle	Ameisen	asexuelle sind wie ameisen
explicit_animalistic	Asexuelle	bestienhaft	asexuelle sind wie bestienhaft
explicit_animalistic	Asexuelle	Bettwanzen	asexuelle sind wie bettwanzen
explicit_animalistic	Asexuelle	Gehirnwürmer	asexuelle sind wie gehirnwürmer
explicit_animalistic	Asexuelle	Züchter	asexuelle sind wie züchter
explicit_animalistic	Asexuelle	Zuchtbestand	asexuelle sind wie zuchtbestand
explicit_animalistic	Asexuelle	Käfer	asexuelle sind wie käfer
explicit_animalistic	Asexuelle	Schimpansen	asexuelle sind wie schimpansen
explicit_animalistic	Asexuelle	Kastanie	asexuelle sind wie kastanie
explicit_animalistic	Asexuelle	verflucht	asexuelle sind wie verflucht
explicit_animalistic	Asexuelle	Regenwürmer	asexuelle sind wie regenwürmer
explicit_animalistic	Asexuelle	Entitäten	asexuelle sind wie entitäten
explicit_animalistic	Asexuelle	verwilderte Tiere	asexuelle sind wie verwilderte tiere
explicit_animalistic	Asexuelle	wild	asexuelle sind wie wild
explicit_animalistic	Asexuelle	Frettchen	asexuelle sind wie frettchen
explicit_animalistic	Asexuelle	Eiter	asexuelle sind wie eiter
explicit_animalistic	Asexuelle	Flohsäcke	asexuelle sind wie flohsäcke
explicit_animalistic	Asexuelle	garanimal	asexuelle sind wie garanimal
explicit_animalistic	Asexuelle	Hamster	asexuelle sind wie hamster
explicit_animalistic	Asexuelle	Läuse	asexuelle sind wie läuse
explicit_animalistic	Asexuelle	Maden	asexuelle sind wie maden
explicit_animalistic	Asexuelle	Mäuse	asexuelle sind wie mäuse
explicit_animalistic	Asexuelle	ziopig	asexuelle sind wie ziopig
explicit_animalistic	Schwuchteln	Untermenschen	schwuchteln sind wie untermenschen
explicit_animalistic	Schwuchteln	Tiere	schwuchteln sind wie tiere
explicit_animalistic	Schwuchteln	Bestien	schwuchteln sind wie bestien
explicit_animalistic	Schwuchteln	Bestie	schwuchteln sind wie bestie
explicit_animalistic	Schwuchteln	Vieh	schwuchteln sind wie vieh
explicit_animalistic	Schwuchteln	Kühe	schwuchteln sind wie kühe
explicit_animalistic	Schwuchteln	Hunde	schwuchteln sind wie hunde
explicit_animalistic	Schwuchteln	Herden	schwuchteln sind wie herden
explicit_animalistic	Schwuchteln	Schwein	schwuchteln sind wie schwein
explicit_animalistic	Schwuchteln	Pferde	schwuchteln sind wie pferde
explicit_animalistic	Schwuchteln	Nutztiere	schwuchteln sind wie nutztiere
explicit_animalistic	Schwuchteln	Schweine	schwuchteln sind wie schweine
explicit_animalistic	Schwuchteln	Schafe	schwuchteln sind wie schafe
explicit_animalistic	Schwuchteln	Ratten	schwuchteln sind wie ratten
explicit_animalistic	Schwuchteln	Würmer	schwuchteln sind wie würmer
explicit_animalistic	Schwuchteln	Ungeziefer	schwuchteln sind wie ungeziefer
explicit_animalistic	Schwuchteln	Parasiten	schwuchteln sind wie parasiten
explicit_animalistic	Schwuchteln	Insekten	schwuchteln sind wie insekten
explicit_animalistic	Schwuchteln	die Pest	schwuchteln sind wie die pest
explicit_animalistic	Schwuchteln	Floh	schwuchteln sind wie floh
explicit_animalistic	Schwuchteln	Nagetiere	schwuchteln sind wie nagetiere
explicit_animalistic	Schwuchteln	ein Virus	schwuchteln sind wie ein virus
explicit_animalistic	Schwuchteln	eine Krankheit	schwuchteln sind wie eine krankheit
explicit_animalistic	Schwuchteln	Ameisen	schwuchteln sind wie ameisen
explicit_animalistic	Schwuchteln	bestienhaft	schwuchteln sind wie bestienhaft
explicit_animalistic	Schwuchteln	Bettwanzen	schwuchteln sind wie bettwanzen
explicit_animalistic	Schwuchteln	Gehirnwürmer	schwuchteln sind wie gehirnwürmer
explicit_animalistic	Schwuchteln	Züchter	schwuchteln sind wie züchter
explicit_animalistic	Schwuchteln	Zuchtbestand	schwuchteln sind wie zuchtbestand
explicit_animalistic	Schwuchteln	Käfer	schwuchteln sind wie käfer
explicit_animalistic	Schwuchteln	Schimpansen	schwuchteln sind wie schimpansen
explicit_animalistic	Schwuchteln	Kastanie	schwuchteln sind wie kastanie
explicit_animalistic	Schwuchteln	verflucht	schwuchteln sind wie verflucht
explicit_animalistic	Schwuchteln	Regenwürmer	schwuchteln sind wie regenwürmer
explicit_animalistic	Schwuchteln	Entitäten	schwuchteln sind wie entitäten
explicit_animalistic	Schwuchteln	verwilderte Tiere	schwuchteln sind wie verwilderte tiere
explicit_animalistic	Schwuchteln	wild	schwuchteln sind wie wild
explicit_animalistic	Schwuchteln	Frettchen	schwuchteln sind wie frettchen
explicit_animalistic	Schwuchteln	Eiter	schwuchteln sind wie eiter
explicit_animalistic	Schwuchteln	Flohsäcke	schwuchteln sind wie flohsäcke
explicit_animalistic	Schwuchteln	garanimal	schwuchteln sind wie garanimal
explicit_animalistic	Schwuchteln	Hamster	schwuchteln sind wie hamster
explicit_animalistic	Schwuchteln	Läuse	schwuchteln sind wie läuse
explicit_animalistic	Schwuchteln	Maden	schwuchteln sind wie maden
explicit_animalistic	Schwuchteln	Mäuse	schwuchteln sind wie mäuse
explicit_animalistic	Schwuchteln	ziopig	schwuchteln sind wie ziopig
explicit_animalistic	Homosexuelle	Untermenschen	homosexuelle sind wie untermenschen
explicit_animalistic	Homosexuelle	Tiere	homosexuelle sind wie tiere
explicit_animalistic	Homosexuelle	Bestien	homosexuelle sind wie bestien
explicit_animalistic	Homosexuelle	Bestie	homosexuelle sind wie bestie
explicit_animalistic	Homosexuelle	Vieh	homosexuelle sind wie vieh
explicit_animalistic	Homosexuelle	Kühe	homosexuelle sind wie kühe
explicit_animalistic	Homosexuelle	Hunde	homosexuelle sind wie hunde
explicit_animalistic	Homosexuelle	Herden	homosexuelle sind wie herden
explicit_animalistic	Homosexuelle	Schwein	homosexuelle sind wie schwein
explicit_animalistic	Homosexuelle	Pferde	homosexuelle sind wie pferde
explicit_animalistic	Homosexuelle	Nutztiere	homosexuelle sind wie nutztiere
explicit_animalistic	Homosexuelle	Schweine	homosexuelle sind wie schweine
explicit_animalistic	Homosexuelle	Schafe	homosexuelle sind wie schafe
explicit_animalistic	Homosexuelle	Ratten	homosexuelle sind wie ratten
explicit_animalistic	Homosexuelle	Würmer	homosexuelle sind wie würmer
explicit_animalistic	Homosexuelle	Ungeziefer	homosexuelle sind wie ungeziefer
explicit_animalistic	Homosexuelle	Parasiten	homosexuelle sind wie parasiten
explicit_animalistic	Homosexuelle	Insekten	homosexuelle sind wie insekten
explicit_animalistic	Homosexuelle	die Pest	homosexuelle sind wie die pest
explicit_animalistic	Homosexuelle	Floh	homosexuelle sind wie floh
explicit_animalistic	Homosexuelle	Nagetiere	homosexuelle sind wie nagetiere
explicit_animalistic	Homosexuelle	ein Virus	homosexuelle sind wie ein virus
explicit_animalistic	Homosexuelle	eine Krankheit	homosexuelle sind wie eine krankheit
explicit_animalistic	Homosexuelle	Ameisen	homosexuelle sind wie ameisen
explicit_animalistic	Homosexuelle	bestienhaft	homosexuelle sind wie bestienhaft
explicit_animalistic	Homosexuelle	Bettwanzen	homosexuelle sind wie bettwanzen
explicit_animalistic	Homosexuelle	Gehirnwürmer	homosexuelle sind wie gehirnwürmer
explicit_animalistic	Homosexuelle	Züchter	homosexuelle sind wie züchter
explicit_animalistic	Homosexuelle	Zuchtbestand	homosexuelle sind wie zuchtbestand
explicit_animalistic	Homosexuelle	Käfer	homosexuelle sind wie käfer
explicit_animalistic	Homosexuelle	Schimpansen	homosexuelle sind wie schimpansen
explicit_animalistic	Homosexuelle	Kastanie	homosexuelle sind wie kastanie
explicit_animalistic	Homosexuelle	verflucht	homosexuelle sind wie verflucht
explicit_animalistic	Homosexuelle	Regenwürmer	homosexuelle sind wie regenwürmer
explicit_animalistic	Homosexuelle	Entitäten	homosexuelle sind wie entitäten
explicit_animalistic	Homosexuelle	verwilderte Tiere	homosexuelle sind wie verwilderte tiere
explicit_animalistic	Homosexuelle	wild	homosexuelle sind wie wild
explicit_animalistic	Homosexuelle	Frettchen	homosexuelle sind wie frettchen
explicit_animalistic	Homosexuelle	Eiter	homosexuelle sind wie eiter
explicit_animalistic	Homosexuelle	Flohsäcke	homosexuelle sind wie flohsäcke
explicit_animalistic	Homosexuelle	garanimal	homosexuelle sind wie garanimal
explicit_animalistic	Homosexuelle	Hamster	homosexuelle sind wie hamster
explicit_animalistic	Homosexuelle	Läuse	homosexuelle sind wie läuse
explicit_animalistic	Homosexuelle	Maden	homosexuelle sind wie maden
explicit_animalistic	Homosexuelle	Mäuse	homosexuelle sind wie mäuse
explicit_animalistic	Homosexuelle	ziopig	homosexuelle sind wie ziopig
explicit_animalistic	Schwule	Untermenschen	schwule sind wie untermenschen
explicit_animalistic	Schwule	Tiere	schwule sind wie tiere
explicit_animalistic	Schwule	Bestien	schwule sind wie bestien
explicit_animalistic	Schwule	Bestie	schwule sind wie bestie
explicit_animalistic	Schwule	Vieh	schwule sind wie vieh
explicit_animalistic	Schwule	Kühe	schwule sind wie kühe
explicit_animalistic	Schwule	Hunde	schwule sind wie hunde
explicit_animalistic	Schwule	Herden	schwule sind wie herden
explicit_animalistic	Schwule	Schwein	schwule sind wie schwein
explicit_animalistic	Schwule	Pferde	schwule sind wie pferde
explicit_animalistic	Schwule	Nutztiere	schwule sind wie nutztiere
explicit_animalistic	Schwule	Schweine	schwule sind wie schweine
explicit_animalistic	Schwule	Schafe	schwule sind wie schafe
explicit_animalistic	Schwule	Ratten	schwule sind wie ratten
explicit_animalistic	Schwule	Würmer	schwule sind wie würmer
explicit_animalistic	Schwule	Ungeziefer	schwule sind wie ungeziefer
explicit_animalistic	Schwule	Parasiten	schwule sind wie parasiten
explicit_animalistic	Schwule	Insekten	schwule sind wie insekten
explicit_animalistic	Schwule	die Pest	schwule sind wie die pest
explicit_animalistic	Schwule	Floh	schwule sind wie floh
explicit_animalistic	Schwule	Nagetiere	schwule sind wie nagetiere
explicit_animalistic	Schwule	ein Virus	schwule sind wie ein virus
explicit_animalistic	Schwule	eine Krankheit	schwule sind wie eine krankheit
explicit_animalistic	Schwule	Ameisen	schwule sind wie ameisen
explicit_animalistic	Schwule	bestienhaft	schwule sind wie bestienhaft
explicit_animalistic	Schwule	Bettwanzen	schwule sind wie bettwanzen
explicit_animalistic	Schwule	Gehirnwürmer	schwule sind wie gehirnwürmer
explicit_animalistic	Schwule	Züchter	schwule sind wie züchter
explicit_animalistic	Schwule	Zuchtbestand	schwule sind wie zuchtbestand
explicit_animalistic	Schwule	Käfer	schwule sind wie käfer
explicit_animalistic	Schwule	Schimpansen	schwule sind wie schimpansen
explicit_animalistic	Schwule	Kastanie	schwule sind wie kastanie
explicit_animalistic	Schwule	verflucht	schwule sind wie verflucht
explicit_animalistic	Schwule	Regenwürmer	schwule sind wie regenwürmer
explicit_animalistic	Schwule	Entitäten	schwule sind wie entitäten
explicit_animalistic	Schwule	verwilderte Tiere	schwule sind wie verwilderte tiere
explicit_animalistic	Schwule	wild	schwule sind wie wild
explicit_animalistic	Schwule	Frettchen	schwule sind wie frettchen
explicit_animalistic	Schwule	Eiter	schwule sind wie eiter
explicit_animalistic	Schwule	Flohsäcke	schwule sind wie flohsäcke
explicit_animalistic	Schwule	garanimal	schwule sind wie garanimal
explicit_animalistic	Schwule	Hamster	schwule sind wie hamster
explicit_animalistic	Schwule	Läuse	schwule sind wie läuse
explicit_animalistic	Schwule	Maden	schwule sind wie maden
explicit_animalistic	Schwule	Mäuse	schwule sind wie mäuse
explicit_animalistic	Schwule	ziopig	schwule sind wie ziopig
explicit_animalistic	Schwule Menschen	Untermenschen	schwule menschen sind wie untermenschen
explicit_animalistic	Schwule Menschen	Tiere	schwule menschen sind wie tiere
explicit_animalistic	Schwule Menschen	Bestien	schwule menschen sind wie bestien
explicit_animalistic	Schwule Menschen	Bestie	schwule menschen sind wie bestie
explicit_animalistic	Schwule Menschen	Vieh	schwule menschen sind wie vieh
explicit_animalistic	Schwule Menschen	Kühe	schwule menschen sind wie kühe
explicit_animalistic	Schwule Menschen	Hunde	schwule menschen sind wie hunde
explicit_animalistic	Schwule Menschen	Herden	schwule menschen sind wie herden
explicit_animalistic	Schwule Menschen	Schwein	schwule menschen sind wie schwein
explicit_animalistic	Schwule Menschen	Pferde	schwule menschen sind wie pferde
explicit_animalistic	Schwule Menschen	Nutztiere	schwule menschen sind wie nutztiere
explicit_animalistic	Schwule Menschen	Schweine	schwule menschen sind wie schweine
explicit_animalistic	Schwule Menschen	Schafe	schwule menschen sind wie schafe
explicit_animalistic	Schwule Menschen	Ratten	schwule menschen sind wie ratten
explicit_animalistic	Schwule Menschen	Würmer	schwule menschen sind wie würmer
explicit_animalistic	Schwule Menschen	Ungeziefer	schwule menschen sind wie ungeziefer
explicit_animalistic	Schwule Menschen	Parasiten	schwule menschen sind wie parasiten
explicit_animalistic	Schwule Menschen	Insekten	schwule menschen sind wie insekten
explicit_animalistic	Schwule Menschen	die Pest	schwule menschen sind wie die pest
explicit_animalistic	Schwule Menschen	Floh	schwule menschen sind wie floh
explicit_animalistic	Schwule Menschen	Nagetiere	schwule menschen sind wie nagetiere
explicit_animalistic	Schwule Menschen	ein Virus	schwule menschen sind wie ein virus
explicit_animalistic	Schwule Menschen	eine Krankheit	schwule menschen sind wie eine krankheit
explicit_animalistic	Schwule Menschen	Ameisen	schwule menschen sind wie ameisen
explicit_animalistic	Schwule Menschen	bestienhaft	schwule menschen sind wie bestienhaft
explicit_animalistic	Schwule Menschen	Bettwanzen	schwule menschen sind wie bettwanzen
explicit_animalistic	Schwule Menschen	Gehirnwürmer	schwule menschen sind wie gehirnwürmer
explicit_animalistic	Schwule Menschen	Züchter	schwule menschen sind wie züchter
explicit_animalistic	Schwule Menschen	Zuchtbestand	schwule menschen sind wie zuchtbestand
explicit_animalistic	Schwule Menschen	Käfer	schwule menschen sind wie käfer
explicit_animalistic	Schwule Menschen	Schimpansen	schwule menschen sind wie schimpansen
explicit_animalistic	Schwule Menschen	Kastanie	schwule menschen sind wie kastanie
explicit_animalistic	Schwule Menschen	verflucht	schwule menschen sind wie verflucht
explicit_animalistic	Schwule Menschen	Regenwürmer	schwule menschen sind wie regenwürmer
explicit_animalistic	Schwule Menschen	Entitäten	schwule menschen sind wie entitäten
explicit_animalistic	Schwule Menschen	verwilderte Tiere	schwule menschen sind wie verwilderte tiere
explicit_animalistic	Schwule Menschen	wild	schwule menschen sind wie wild
explicit_animalistic	Schwule Menschen	Frettchen	schwule menschen sind wie frettchen
explicit_animalistic	Schwule Menschen	Eiter	schwule menschen sind wie eiter
explicit_animalistic	Schwule Menschen	Flohsäcke	schwule menschen sind wie flohsäcke
explicit_animalistic	Schwule Menschen	garanimal	schwule menschen sind wie garanimal
explicit_animalistic	Schwule Menschen	Hamster	schwule menschen sind wie hamster
explicit_animalistic	Schwule Menschen	Läuse	schwule menschen sind wie läuse
explicit_animalistic	Schwule Menschen	Maden	schwule menschen sind wie maden
explicit_animalistic	Schwule Menschen	Mäuse	schwule menschen sind wie mäuse
explicit_animalistic	Schwule Menschen	ziopig	schwule menschen sind wie ziopig
explicit_animalistic	Deutsche	Untermenschen	deutsche sind wie untermenschen
explicit_animalistic	Deutsche	Tiere	deutsche sind wie tiere
explicit_animalistic	Deutsche	Bestien	deutsche sind wie bestien
explicit_animalistic	Deutsche	Bestie	deutsche sind wie bestie
explicit_animalistic	Deutsche	Vieh	deutsche sind wie vieh
explicit_animalistic	Deutsche	Kühe	deutsche sind wie kühe
explicit_animalistic	Deutsche	Hunde	deutsche sind wie hunde
explicit_animalistic	Deutsche	Herden	deutsche sind wie herden
explicit_animalistic	Deutsche	Schwein	deutsche sind wie schwein
explicit_animalistic	Deutsche	Pferde	deutsche sind wie pferde
explicit_animalistic	Deutsche	Nutztiere	deutsche sind wie nutztiere
explicit_animalistic	Deutsche	Schweine	deutsche sind wie schweine
explicit_animalistic	Deutsche	Schafe	deutsche sind wie schafe
explicit_animalistic	Deutsche	Ratten	deutsche sind wie ratten
explicit_animalistic	Deutsche	Würmer	deutsche sind wie würmer
explicit_animalistic	Deutsche	Ungeziefer	deutsche sind wie ungeziefer
explicit_animalistic	Deutsche	Parasiten	deutsche sind wie parasiten
explicit_animalistic	Deutsche	Insekten	deutsche sind wie insekten
explicit_animalistic	Deutsche	die Pest	deutsche sind wie die pest
explicit_animalistic	Deutsche	Floh	deutsche sind wie floh
explicit_animalistic	Deutsche	Nagetiere	deutsche sind wie nagetiere
explicit_animalistic	Deutsche	ein Virus	deutsche sind wie ein virus
explicit_animalistic	Deutsche	eine Krankheit	deutsche sind wie eine krankheit
explicit_animalistic	Deutsche	Ameisen	deutsche sind wie ameisen
explicit_animalistic	Deutsche	bestienhaft	deutsche sind wie bestienhaft
explicit_animalistic	Deutsche	Bettwanzen	deutsche sind wie bettwanzen
explicit_animalistic	Deutsche	Gehirnwürmer	deutsche sind wie gehirnwürmer
explicit_animalistic	Deutsche	Züchter	deutsche sind wie züchter
explicit_animalistic	Deutsche	Zuchtbestand	deutsche sind wie zuchtbestand
explicit_animalistic	Deutsche	Käfer	deutsche sind wie käfer
explicit_animalistic	Deutsche	Schimpansen	deutsche sind wie schimpansen
explicit_animalistic	Deutsche	Kastanie	deutsche sind wie kastanie
explicit_animalistic	Deutsche	verflucht	deutsche sind wie verflucht
explicit_animalistic	Deutsche	Regenwürmer	deutsche sind wie regenwürmer
explicit_animalistic	Deutsche	Entitäten	deutsche sind wie entitäten
explicit_animalistic	Deutsche	verwilderte Tiere	deutsche sind wie verwilderte tiere
explicit_animalistic	Deutsche	wild	deutsche sind wie wild
explicit_animalistic	Deutsche	Frettchen	deutsche sind wie frettchen
explicit_animalistic	Deutsche	Eiter	deutsche sind wie eiter
explicit_animalistic	Deutsche	Flohsäcke	deutsche sind wie flohsäcke
explicit_animalistic	Deutsche	garanimal	deutsche sind wie garanimal
explicit_animalistic	Deutsche	Hamster	deutsche sind wie hamster
explicit_animalistic	Deutsche	Läuse	deutsche sind wie läuse
explicit_animalistic	Deutsche	Maden	deutsche sind wie maden
explicit_animalistic	Deutsche	Mäuse	deutsche sind wie mäuse
explicit_animalistic	Deutsche	ziopig	deutsche sind wie ziopig
explicit_animalistic	Asiaten	Untermenschen	asiaten sind wie untermenschen
explicit_animalistic	Asiaten	Tiere	asiaten sind wie tiere
explicit_animalistic	Asiaten	Bestien	asiaten sind wie bestien
explicit_animalistic	Asiaten	Bestie	asiaten sind wie bestie
explicit_animalistic	Asiaten	Vieh	asiaten sind wie vieh
explicit_animalistic	Asiaten	Kühe	asiaten sind wie kühe
explicit_animalistic	Asiaten	Hunde	asiaten sind wie hunde
explicit_animalistic	Asiaten	Herden	asiaten sind wie herden
explicit_animalistic	Asiaten	Schwein	asiaten sind wie schwein
explicit_animalistic	Asiaten	Pferde	asiaten sind wie pferde
explicit_animalistic	Asiaten	Nutztiere	asiaten sind wie nutztiere
explicit_animalistic	Asiaten	Schweine	asiaten sind wie schweine
explicit_animalistic	Asiaten	Schafe	asiaten sind wie schafe
explicit_animalistic	Asiaten	Ratten	asiaten sind wie ratten
explicit_animalistic	Asiaten	Würmer	asiaten sind wie würmer
explicit_animalistic	Asiaten	Ungeziefer	asiaten sind wie ungeziefer
explicit_animalistic	Asiaten	Parasiten	asiaten sind wie parasiten
explicit_animalistic	Asiaten	Insekten	asiaten sind wie insekten
explicit_animalistic	Asiaten	die Pest	asiaten sind wie die pest
explicit_animalistic	Asiaten	Floh	asiaten sind wie floh
explicit_animalistic	Asiaten	Nagetiere	asiaten sind wie nagetiere
explicit_animalistic	Asiaten	ein Virus	asiaten sind wie ein virus
explicit_animalistic	Asiaten	eine Krankheit	asiaten sind wie eine krankheit
explicit_animalistic	Asiaten	Ameisen	asiaten sind wie ameisen
explicit_animalistic	Asiaten	bestienhaft	asiaten sind wie bestienhaft
explicit_animalistic	Asiaten	Bettwanzen	asiaten sind wie bettwanzen
explicit_animalistic	Asiaten	Gehirnwürmer	asiaten sind wie gehirnwürmer
explicit_animalistic	Asiaten	Züchter	asiaten sind wie züchter
explicit_animalistic	Asiaten	Zuchtbestand	asiaten sind wie zuchtbestand
explicit_animalistic	Asiaten	Käfer	asiaten sind wie käfer
explicit_animalistic	Asiaten	Schimpansen	asiaten sind wie schimpansen
explicit_animalistic	Asiaten	Kastanie	asiaten sind wie kastanie
explicit_animalistic	Asiaten	verflucht	asiaten sind wie verflucht
explicit_animalistic	Asiaten	Regenwürmer	asiaten sind wie regenwürmer
explicit_animalistic	Asiaten	Entitäten	asiaten sind wie entitäten
explicit_animalistic	Asiaten	verwilderte Tiere	asiaten sind wie verwilderte tiere
explicit_animalistic	Asiaten	wild	asiaten sind wie wild
explicit_animalistic	Asiaten	Frettchen	asiaten sind wie frettchen
explicit_animalistic	Asiaten	Eiter	asiaten sind wie eiter
explicit_animalistic	Asiaten	Flohsäcke	asiaten sind wie flohsäcke
explicit_animalistic	Asiaten	garanimal	asiaten sind wie garanimal
explicit_animalistic	Asiaten	Hamster	asiaten sind wie hamster
explicit_animalistic	Asiaten	Läuse	asiaten sind wie läuse
explicit_animalistic	Asiaten	Maden	asiaten sind wie maden
explicit_animalistic	Asiaten	Mäuse	asiaten sind wie mäuse
explicit_animalistic	Asiaten	ziopig	asiaten sind wie ziopig
explicit_animalistic	Türken	Untermenschen	türken sind wie untermenschen
explicit_animalistic	Türken	Tiere	türken sind wie tiere
explicit_animalistic	Türken	Bestien	türken sind wie bestien
explicit_animalistic	Türken	Bestie	türken sind wie bestie
explicit_animalistic	Türken	Vieh	türken sind wie vieh
explicit_animalistic	Türken	Kühe	türken sind wie kühe
explicit_animalistic	Türken	Hunde	türken sind wie hunde
explicit_animalistic	Türken	Herden	türken sind wie herden
explicit_animalistic	Türken	Schwein	türken sind wie schwein
explicit_animalistic	Türken	Pferde	türken sind wie pferde
explicit_animalistic	Türken	Nutztiere	türken sind wie nutztiere
explicit_animalistic	Türken	Schweine	türken sind wie schweine
explicit_animalistic	Türken	Schafe	türken sind wie schafe
explicit_animalistic	Türken	Ratten	türken sind wie ratten
explicit_animalistic	Türken	Würmer	türken sind wie würmer
explicit_animalistic	Türken	Ungeziefer	türken sind wie ungeziefer
explicit_animalistic	Türken	Parasiten	türken sind wie parasiten
explicit_animalistic	Türken	Insekten	türken sind wie insekten
explicit_animalistic	Türken	die Pest	türken sind wie die pest
explicit_animalistic	Türken	Floh	türken sind wie floh
explicit_animalistic	Türken	Nagetiere	türken sind wie nagetiere
explicit_animalistic	Türken	ein Virus	türken sind wie ein virus
explicit_animalistic	Türken	eine Krankheit	türken sind wie eine krankheit
explicit_animalistic	Türken	Ameisen	türken sind wie ameisen
explicit_animalistic	Türken	bestienhaft	türken sind wie bestienhaft
explicit_animalistic	Türken	Bettwanzen	türken sind wie bettwanzen
explicit_animalistic	Türken	Gehirnwürmer	türken sind wie gehirnwürmer
explicit_animalistic	Türken	Züchter	türken sind wie züchter
explicit_animalistic	Türken	Zuchtbestand	türken sind wie zuchtbestand
explicit_animalistic	Türken	Käfer	türken sind wie käfer
explicit_animalistic	Türken	Schimpansen	türken sind wie schimpansen
explicit_animalistic	Türken	Kastanie	türken sind wie kastanie
explicit_animalistic	Türken	verflucht	türken sind wie verflucht
explicit_animalistic	Türken	Regenwürmer	türken sind wie regenwürmer
explicit_animalistic	Türken	Entitäten	türken sind wie entitäten
explicit_animalistic	Türken	verwilderte Tiere	türken sind wie verwilderte tiere
explicit_animalistic	Türken	wild	türken sind wie wild
explicit_animalistic	Türken	Frettchen	türken sind wie frettchen
explicit_animalistic	Türken	Eiter	türken sind wie eiter
explicit_animalistic	Türken	Flohsäcke	türken sind wie flohsäcke
explicit_animalistic	Türken	garanimal	türken sind wie garanimal
explicit_animalistic	Türken	Hamster	türken sind wie hamster
explicit_animalistic	Türken	Läuse	türken sind wie läuse
explicit_animalistic	Türken	Maden	türken sind wie maden
explicit_animalistic	Türken	Mäuse	türken sind wie mäuse
explicit_animalistic	Türken	ziopig	türken sind wie ziopig
explicit_animalistic	Araber	Untermenschen	araber sind wie untermenschen
explicit_animalistic	Araber	Tiere	araber sind wie tiere
explicit_animalistic	Araber	Bestien	araber sind wie bestien
explicit_animalistic	Araber	Bestie	araber sind wie bestie
explicit_animalistic	Araber	Vieh	araber sind wie vieh
explicit_animalistic	Araber	Kühe	araber sind wie kühe
explicit_animalistic	Araber	Hunde	araber sind wie hunde
explicit_animalistic	Araber	Herden	araber sind wie herden
explicit_animalistic	Araber	Schwein	araber sind wie schwein
explicit_animalistic	Araber	Pferde	araber sind wie pferde
explicit_animalistic	Araber	Nutztiere	araber sind wie nutztiere
explicit_animalistic	Araber	Schweine	araber sind wie schweine
explicit_animalistic	Araber	Schafe	araber sind wie schafe
explicit_animalistic	Araber	Ratten	araber sind wie ratten
explicit_animalistic	Araber	Würmer	araber sind wie würmer
explicit_animalistic	Araber	Ungeziefer	araber sind wie ungeziefer
explicit_animalistic	Araber	Parasiten	araber sind wie parasiten
explicit_animalistic	Araber	Insekten	araber sind wie insekten
explicit_animalistic	Araber	die Pest	araber sind wie die pest
explicit_animalistic	Araber	Floh	araber sind wie floh
explicit_animalistic	Araber	Nagetiere	araber sind wie nagetiere
explicit_animalistic	Araber	ein Virus	araber sind wie ein virus
explicit_animalistic	Araber	eine Krankheit	araber sind wie eine krankheit
explicit_animalistic	Araber	Ameisen	araber sind wie ameisen
explicit_animalistic	Araber	bestienhaft	araber sind wie bestienhaft
explicit_animalistic	Araber	Bettwanzen	araber sind wie bettwanzen
explicit_animalistic	Araber	Gehirnwürmer	araber sind wie gehirnwürmer
explicit_animalistic	Araber	Züchter	araber sind wie züchter
explicit_animalistic	Araber	Zuchtbestand	araber sind wie zuchtbestand
explicit_animalistic	Araber	Käfer	araber sind wie käfer
explicit_animalistic	Araber	Schimpansen	araber sind wie schimpansen
explicit_animalistic	Araber	Kastanie	araber sind wie kastanie
explicit_animalistic	Araber	verflucht	araber sind wie verflucht
explicit_animalistic	Araber	Regenwürmer	araber sind wie regenwürmer
explicit_animalistic	Araber	Entitäten	araber sind wie entitäten
explicit_animalistic	Araber	verwilderte Tiere	araber sind wie verwilderte tiere
explicit_animalistic	Araber	wild	araber sind wie wild
explicit_animalistic	Araber	Frettchen	araber sind wie frettchen
explicit_animalistic	Araber	Eiter	araber sind wie eiter
explicit_animalistic	Araber	Flohsäcke	araber sind wie flohsäcke
explicit_animalistic	Araber	garanimal	araber sind wie garanimal
explicit_animalistic	Araber	Hamster	araber sind wie hamster
explicit_animalistic	Araber	Läuse	araber sind wie läuse
explicit_animalistic	Araber	Maden	araber sind wie maden
explicit_animalistic	Araber	Mäuse	araber sind wie mäuse
explicit_animalistic	Araber	ziopig	araber sind wie ziopig
explicit_animalistic	Mexikaner	Untermenschen	mexikaner sind wie untermenschen
explicit_animalistic	Mexikaner	Tiere	mexikaner sind wie tiere
explicit_animalistic	Mexikaner	Bestien	mexikaner sind wie bestien
explicit_animalistic	Mexikaner	Bestie	mexikaner sind wie bestie
explicit_animalistic	Mexikaner	Vieh	mexikaner sind wie vieh
explicit_animalistic	Mexikaner	Kühe	mexikaner sind wie kühe
explicit_animalistic	Mexikaner	Hunde	mexikaner sind wie hunde
explicit_animalistic	Mexikaner	Herden	mexikaner sind wie herden
explicit_animalistic	Mexikaner	Schwein	mexikaner sind wie schwein
explicit_animalistic	Mexikaner	Pferde	mexikaner sind wie pferde
explicit_animalistic	Mexikaner	Nutztiere	mexikaner sind wie nutztiere
explicit_animalistic	Mexikaner	Schweine	mexikaner sind wie schweine
explicit_animalistic	Mexikaner	Schafe	mexikaner sind wie schafe
explicit_animalistic	Mexikaner	Ratten	mexikaner sind wie ratten
explicit_animalistic	Mexikaner	Würmer	mexikaner sind wie würmer
explicit_animalistic	Mexikaner	Ungeziefer	mexikaner sind wie ungeziefer
explicit_animalistic	Mexikaner	Parasiten	mexikaner sind wie parasiten
explicit_animalistic	Mexikaner	Insekten	mexikaner sind wie insekten
explicit_animalistic	Mexikaner	die Pest	mexikaner sind wie die pest
explicit_animalistic	Mexikaner	Floh	mexikaner sind wie floh
explicit_animalistic	Mexikaner	Nagetiere	mexikaner sind wie nagetiere
explicit_animalistic	Mexikaner	ein Virus	mexikaner sind wie ein virus
explicit_animalistic	Mexikaner	eine Krankheit	mexikaner sind wie eine krankheit
explicit_animalistic	Mexikaner	Ameisen	mexikaner sind wie ameisen
explicit_animalistic	Mexikaner	bestienhaft	mexikaner sind wie bestienhaft
explicit_animalistic	Mexikaner	Bettwanzen	mexikaner sind wie bettwanzen
explicit_animalistic	Mexikaner	Gehirnwürmer	mexikaner sind wie gehirnwürmer
explicit_animalistic	Mexikaner	Züchter	mexikaner sind wie züchter
explicit_animalistic	Mexikaner	Zuchtbestand	mexikaner sind wie zuchtbestand
explicit_animalistic	Mexikaner	Käfer	mexikaner sind wie käfer
explicit_animalistic	Mexikaner	Schimpansen	mexikaner sind wie schimpansen
explicit_animalistic	Mexikaner	Kastanie	mexikaner sind wie kastanie
explicit_animalistic	Mexikaner	verflucht	mexikaner sind wie verflucht
explicit_animalistic	Mexikaner	Regenwürmer	mexikaner sind wie regenwürmer
explicit_animalistic	Mexikaner	Entitäten	mexikaner sind wie entitäten
explicit_animalistic	Mexikaner	verwilderte Tiere	mexikaner sind wie verwilderte tiere
explicit_animalistic	Mexikaner	wild	mexikaner sind wie wild
explicit_animalistic	Mexikaner	Frettchen	mexikaner sind wie frettchen
explicit_animalistic	Mexikaner	Eiter	mexikaner sind wie eiter
explicit_animalistic	Mexikaner	Flohsäcke	mexikaner sind wie flohsäcke
explicit_animalistic	Mexikaner	garanimal	mexikaner sind wie garanimal
explicit_animalistic	Mexikaner	Hamster	mexikaner sind wie hamster
explicit_animalistic	Mexikaner	Läuse	mexikaner sind wie läuse
explicit_animalistic	Mexikaner	Maden	mexikaner sind wie maden
explicit_animalistic	Mexikaner	Mäuse	mexikaner sind wie mäuse
explicit_animalistic	Mexikaner	ziopig	mexikaner sind wie ziopig
explicit_animalistic	Afrikaner	Untermenschen	afrikaner sind wie untermenschen
explicit_animalistic	Afrikaner	Tiere	afrikaner sind wie tiere
explicit_animalistic	Afrikaner	Bestien	afrikaner sind wie bestien
explicit_animalistic	Afrikaner	Bestie	afrikaner sind wie bestie
explicit_animalistic	Afrikaner	Vieh	afrikaner sind wie vieh
explicit_animalistic	Afrikaner	Kühe	afrikaner sind wie kühe
explicit_animalistic	Afrikaner	Hunde	afrikaner sind wie hunde
explicit_animalistic	Afrikaner	Herden	afrikaner sind wie herden
explicit_animalistic	Afrikaner	Schwein	afrikaner sind wie schwein
explicit_animalistic	Afrikaner	Pferde	afrikaner sind wie pferde
explicit_animalistic	Afrikaner	Nutztiere	afrikaner sind wie nutztiere
explicit_animalistic	Afrikaner	Schweine	afrikaner sind wie schweine
explicit_animalistic	Afrikaner	Schafe	afrikaner sind wie schafe
explicit_animalistic	Afrikaner	Ratten	afrikaner sind wie ratten
explicit_animalistic	Afrikaner	Würmer	afrikaner sind wie würmer
explicit_animalistic	Afrikaner	Ungeziefer	afrikaner sind wie ungeziefer
explicit_animalistic	Afrikaner	Parasiten	afrikaner sind wie parasiten
explicit_animalistic	Afrikaner	Insekten	afrikaner sind wie insekten
explicit_animalistic	Afrikaner	die Pest	afrikaner sind wie die pest
explicit_animalistic	Afrikaner	Floh	afrikaner sind wie floh
explicit_animalistic	Afrikaner	Nagetiere	afrikaner sind wie nagetiere
explicit_animalistic	Afrikaner	ein Virus	afrikaner sind wie ein virus
explicit_animalistic	Afrikaner	eine Krankheit	afrikaner sind wie eine krankheit
explicit_animalistic	Afrikaner	Ameisen	afrikaner sind wie ameisen
explicit_animalistic	Afrikaner	bestienhaft	afrikaner sind wie bestienhaft
explicit_animalistic	Afrikaner	Bettwanzen	afrikaner sind wie bettwanzen
explicit_animalistic	Afrikaner	Gehirnwürmer	afrikaner sind wie gehirnwürmer
explicit_animalistic	Afrikaner	Züchter	afrikaner sind wie züchter
explicit_animalistic	Afrikaner	Zuchtbestand	afrikaner sind wie zuchtbestand
explicit_animalistic	Afrikaner	Käfer	afrikaner sind wie käfer
explicit_animalistic	Afrikaner	Schimpansen	afrikaner sind wie schimpansen
explicit_animalistic	Afrikaner	Kastanie	afrikaner sind wie kastanie
explicit_animalistic	Afrikaner	verflucht	afrikaner sind wie verflucht
explicit_animalistic	Afrikaner	Regenwürmer	afrikaner sind wie regenwürmer
explicit_animalistic	Afrikaner	Entitäten	afrikaner sind wie entitäten
explicit_animalistic	Afrikaner	verwilderte Tiere	afrikaner sind wie verwilderte tiere
explicit_animalistic	Afrikaner	wild	afrikaner sind wie wild
explicit_animalistic	Afrikaner	Frettchen	afrikaner sind wie frettchen
explicit_animalistic	Afrikaner	Eiter	afrikaner sind wie eiter
explicit_animalistic	Afrikaner	Flohsäcke	afrikaner sind wie flohsäcke
explicit_animalistic	Afrikaner	garanimal	afrikaner sind wie garanimal
explicit_animalistic	Afrikaner	Hamster	afrikaner sind wie hamster
explicit_animalistic	Afrikaner	Läuse	afrikaner sind wie läuse
explicit_animalistic	Afrikaner	Maden	afrikaner sind wie maden
explicit_animalistic	Afrikaner	Mäuse	afrikaner sind wie mäuse
explicit_animalistic	Afrikaner	ziopig	afrikaner sind wie ziopig
explicit_animalistic	Amerindianer	Untermenschen	amerindianer sind wie untermenschen
explicit_animalistic	Amerindianer	Tiere	amerindianer sind wie tiere
explicit_animalistic	Amerindianer	Bestien	amerindianer sind wie bestien
explicit_animalistic	Amerindianer	Bestie	amerindianer sind wie bestie
explicit_animalistic	Amerindianer	Vieh	amerindianer sind wie vieh
explicit_animalistic	Amerindianer	Kühe	amerindianer sind wie kühe
explicit_animalistic	Amerindianer	Hunde	amerindianer sind wie hunde
explicit_animalistic	Amerindianer	Herden	amerindianer sind wie herden
explicit_animalistic	Amerindianer	Schwein	amerindianer sind wie schwein
explicit_animalistic	Amerindianer	Pferde	amerindianer sind wie pferde
explicit_animalistic	Amerindianer	Nutztiere	amerindianer sind wie nutztiere
explicit_animalistic	Amerindianer	Schweine	amerindianer sind wie schweine
explicit_animalistic	Amerindianer	Schafe	amerindianer sind wie schafe
explicit_animalistic	Amerindianer	Ratten	amerindianer sind wie ratten
explicit_animalistic	Amerindianer	Würmer	amerindianer sind wie würmer
explicit_animalistic	Amerindianer	Ungeziefer	amerindianer sind wie ungeziefer
explicit_animalistic	Amerindianer	Parasiten	amerindianer sind wie parasiten
explicit_animalistic	Amerindianer	Insekten	amerindianer sind wie insekten
explicit_animalistic	Amerindianer	die Pest	amerindianer sind wie die pest
explicit_animalistic	Amerindianer	Floh	amerindianer sind wie floh
explicit_animalistic	Amerindianer	Nagetiere	amerindianer sind wie nagetiere
explicit_animalistic	Amerindianer	ein Virus	amerindianer sind wie ein virus
explicit_animalistic	Amerindianer	eine Krankheit	amerindianer sind wie eine krankheit
explicit_animalistic	Amerindianer	Ameisen	amerindianer sind wie ameisen
explicit_animalistic	Amerindianer	bestienhaft	amerindianer sind wie bestienhaft
explicit_animalistic	Amerindianer	Bettwanzen	amerindianer sind wie bettwanzen
explicit_animalistic	Amerindianer	Gehirnwürmer	amerindianer sind wie gehirnwürmer
explicit_animalistic	Amerindianer	Züchter	amerindianer sind wie züchter
explicit_animalistic	Amerindianer	Zuchtbestand	amerindianer sind wie zuchtbestand
explicit_animalistic	Amerindianer	Käfer	amerindianer sind wie käfer
explicit_animalistic	Amerindianer	Schimpansen	amerindianer sind wie schimpansen
explicit_animalistic	Amerindianer	Kastanie	amerindianer sind wie kastanie
explicit_animalistic	Amerindianer	verflucht	amerindianer sind wie verflucht
explicit_animalistic	Amerindianer	Regenwürmer	amerindianer sind wie regenwürmer
explicit_animalistic	Amerindianer	Entitäten	amerindianer sind wie entitäten
explicit_animalistic	Amerindianer	verwilderte Tiere	amerindianer sind wie verwilderte tiere
explicit_animalistic	Amerindianer	wild	amerindianer sind wie wild
explicit_animalistic	Amerindianer	Frettchen	amerindianer sind wie frettchen
explicit_animalistic	Amerindianer	Eiter	amerindianer sind wie eiter
explicit_animalistic	Amerindianer	Flohsäcke	amerindianer sind wie flohsäcke
explicit_animalistic	Amerindianer	garanimal	amerindianer sind wie garanimal
explicit_animalistic	Amerindianer	Hamster	amerindianer sind wie hamster
explicit_animalistic	Amerindianer	Läuse	amerindianer sind wie läuse
explicit_animalistic	Amerindianer	Maden	amerindianer sind wie maden
explicit_animalistic	Amerindianer	Mäuse	amerindianer sind wie mäuse
explicit_animalistic	Amerindianer	ziopig	amerindianer sind wie ziopig
explicit_animalistic	Russen	Untermenschen	russen sind wie untermenschen
explicit_animalistic	Russen	Tiere	russen sind wie tiere
explicit_animalistic	Russen	Bestien	russen sind wie bestien
explicit_animalistic	Russen	Bestie	russen sind wie bestie
explicit_animalistic	Russen	Vieh	russen sind wie vieh
explicit_animalistic	Russen	Kühe	russen sind wie kühe
explicit_animalistic	Russen	Hunde	russen sind wie hunde
explicit_animalistic	Russen	Herden	russen sind wie herden
explicit_animalistic	Russen	Schwein	russen sind wie schwein
explicit_animalistic	Russen	Pferde	russen sind wie pferde
explicit_animalistic	Russen	Nutztiere	russen sind wie nutztiere
explicit_animalistic	Russen	Schweine	russen sind wie schweine
explicit_animalistic	Russen	Schafe	russen sind wie schafe
explicit_animalistic	Russen	Ratten	russen sind wie ratten
explicit_animalistic	Russen	Würmer	russen sind wie würmer
explicit_animalistic	Russen	Ungeziefer	russen sind wie ungeziefer
explicit_animalistic	Russen	Parasiten	russen sind wie parasiten
explicit_animalistic	Russen	Insekten	russen sind wie insekten
explicit_animalistic	Russen	die Pest	russen sind wie die pest
explicit_animalistic	Russen	Floh	russen sind wie floh
explicit_animalistic	Russen	Nagetiere	russen sind wie nagetiere
explicit_animalistic	Russen	ein Virus	russen sind wie ein virus
explicit_animalistic	Russen	eine Krankheit	russen sind wie eine krankheit
explicit_animalistic	Russen	Ameisen	russen sind wie ameisen
explicit_animalistic	Russen	bestienhaft	russen sind wie bestienhaft
explicit_animalistic	Russen	Bettwanzen	russen sind wie bettwanzen
explicit_animalistic	Russen	Gehirnwürmer	russen sind wie gehirnwürmer
explicit_animalistic	Russen	Züchter	russen sind wie züchter
explicit_animalistic	Russen	Zuchtbestand	russen sind wie zuchtbestand
explicit_animalistic	Russen	Käfer	russen sind wie käfer
explicit_animalistic	Russen	Schimpansen	russen sind wie schimpansen
explicit_animalistic	Russen	Kastanie	russen sind wie kastanie
explicit_animalistic	Russen	verflucht	russen sind wie verflucht
explicit_animalistic	Russen	Regenwürmer	russen sind wie regenwürmer
explicit_animalistic	Russen	Entitäten	russen sind wie entitäten
explicit_animalistic	Russen	verwilderte Tiere	russen sind wie verwilderte tiere
explicit_animalistic	Russen	wild	russen sind wie wild
explicit_animalistic	Russen	Frettchen	russen sind wie frettchen
explicit_animalistic	Russen	Eiter	russen sind wie eiter
explicit_animalistic	Russen	Flohsäcke	russen sind wie flohsäcke
explicit_animalistic	Russen	garanimal	russen sind wie garanimal
explicit_animalistic	Russen	Hamster	russen sind wie hamster
explicit_animalistic	Russen	Läuse	russen sind wie läuse
explicit_animalistic	Russen	Maden	russen sind wie maden
explicit_animalistic	Russen	Mäuse	russen sind wie mäuse
explicit_animalistic	Russen	ziopig	russen sind wie ziopig
explicit_animalistic	Schotten	Untermenschen	schotten sind wie untermenschen
explicit_animalistic	Schotten	Tiere	schotten sind wie tiere
explicit_animalistic	Schotten	Bestien	schotten sind wie bestien
explicit_animalistic	Schotten	Bestie	schotten sind wie bestie
explicit_animalistic	Schotten	Vieh	schotten sind wie vieh
explicit_animalistic	Schotten	Kühe	schotten sind wie kühe
explicit_animalistic	Schotten	Hunde	schotten sind wie hunde
explicit_animalistic	Schotten	Herden	schotten sind wie herden
explicit_animalistic	Schotten	Schwein	schotten sind wie schwein
explicit_animalistic	Schotten	Pferde	schotten sind wie pferde
explicit_animalistic	Schotten	Nutztiere	schotten sind wie nutztiere
explicit_animalistic	Schotten	Schweine	schotten sind wie schweine
explicit_animalistic	Schotten	Schafe	schotten sind wie schafe
explicit_animalistic	Schotten	Ratten	schotten sind wie ratten
explicit_animalistic	Schotten	Würmer	schotten sind wie würmer
explicit_animalistic	Schotten	Ungeziefer	schotten sind wie ungeziefer
explicit_animalistic	Schotten	Parasiten	schotten sind wie parasiten
explicit_animalistic	Schotten	Insekten	schotten sind wie insekten
explicit_animalistic	Schotten	die Pest	schotten sind wie die pest
explicit_animalistic	Schotten	Floh	schotten sind wie floh
explicit_animalistic	Schotten	Nagetiere	schotten sind wie nagetiere
explicit_animalistic	Schotten	ein Virus	schotten sind wie ein virus
explicit_animalistic	Schotten	eine Krankheit	schotten sind wie eine krankheit
explicit_animalistic	Schotten	Ameisen	schotten sind wie ameisen
explicit_animalistic	Schotten	bestienhaft	schotten sind wie bestienhaft
explicit_animalistic	Schotten	Bettwanzen	schotten sind wie bettwanzen
explicit_animalistic	Schotten	Gehirnwürmer	schotten sind wie gehirnwürmer
explicit_animalistic	Schotten	Züchter	schotten sind wie züchter
explicit_animalistic	Schotten	Zuchtbestand	schotten sind wie zuchtbestand
explicit_animalistic	Schotten	Käfer	schotten sind wie käfer
explicit_animalistic	Schotten	Schimpansen	schotten sind wie schimpansen
explicit_animalistic	Schotten	Kastanie	schotten sind wie kastanie
explicit_animalistic	Schotten	verflucht	schotten sind wie verflucht
explicit_animalistic	Schotten	Regenwürmer	schotten sind wie regenwürmer
explicit_animalistic	Schotten	Entitäten	schotten sind wie entitäten
explicit_animalistic	Schotten	verwilderte Tiere	schotten sind wie verwilderte tiere
explicit_animalistic	Schotten	wild	schotten sind wie wild
explicit_animalistic	Schotten	Frettchen	schotten sind wie frettchen
explicit_animalistic	Schotten	Eiter	schotten sind wie eiter
explicit_animalistic	Schotten	Flohsäcke	schotten sind wie flohsäcke
explicit_animalistic	Schotten	garanimal	schotten sind wie garanimal
explicit_animalistic	Schotten	Hamster	schotten sind wie hamster
explicit_animalistic	Schotten	Läuse	schotten sind wie läuse
explicit_animalistic	Schotten	Maden	schotten sind wie maden
explicit_animalistic	Schotten	Mäuse	schotten sind wie mäuse
explicit_animalistic	Schotten	ziopig	schotten sind wie ziopig
explicit_animalistic	Franzosen	Untermenschen	franzosen sind wie untermenschen
explicit_animalistic	Franzosen	Tiere	franzosen sind wie tiere
explicit_animalistic	Franzosen	Bestien	franzosen sind wie bestien
explicit_animalistic	Franzosen	Bestie	franzosen sind wie bestie
explicit_animalistic	Franzosen	Vieh	franzosen sind wie vieh
explicit_animalistic	Franzosen	Kühe	franzosen sind wie kühe
explicit_animalistic	Franzosen	Hunde	franzosen sind wie hunde
explicit_animalistic	Franzosen	Herden	franzosen sind wie herden
explicit_animalistic	Franzosen	Schwein	franzosen sind wie schwein
explicit_animalistic	Franzosen	Pferde	franzosen sind wie pferde
explicit_animalistic	Franzosen	Nutztiere	franzosen sind wie nutztiere
explicit_animalistic	Franzosen	Schweine	franzosen sind wie schweine
explicit_animalistic	Franzosen	Schafe	franzosen sind wie schafe
explicit_animalistic	Franzosen	Ratten	franzosen sind wie ratten
explicit_animalistic	Franzosen	Würmer	franzosen sind wie würmer
explicit_animalistic	Franzosen	Ungeziefer	franzosen sind wie ungeziefer
explicit_animalistic	Franzosen	Parasiten	franzosen sind wie parasiten
explicit_animalistic	Franzosen	Insekten	franzosen sind wie insekten
explicit_animalistic	Franzosen	die Pest	franzosen sind wie die pest
explicit_animalistic	Franzosen	Floh	franzosen sind wie floh
explicit_animalistic	Franzosen	Nagetiere	franzosen sind wie nagetiere
explicit_animalistic	Franzosen	ein Virus	franzosen sind wie ein virus
explicit_animalistic	Franzosen	eine Krankheit	franzosen sind wie eine krankheit
explicit_animalistic	Franzosen	Ameisen	franzosen sind wie ameisen
explicit_animalistic	Franzosen	bestienhaft	franzosen sind wie bestienhaft
explicit_animalistic	Franzosen	Bettwanzen	franzosen sind wie bettwanzen
explicit_animalistic	Franzosen	Gehirnwürmer	franzosen sind wie gehirnwürmer
explicit_animalistic	Franzosen	Züchter	franzosen sind wie züchter
explicit_animalistic	Franzosen	Zuchtbestand	franzosen sind wie zuchtbestand
explicit_animalistic	Franzosen	Käfer	franzosen sind wie käfer
explicit_animalistic	Franzosen	Schimpansen	franzosen sind wie schimpansen
explicit_animalistic	Franzosen	Kastanie	franzosen sind wie kastanie
explicit_animalistic	Franzosen	verflucht	franzosen sind wie verflucht
explicit_animalistic	Franzosen	Regenwürmer	franzosen sind wie regenwürmer
explicit_animalistic	Franzosen	Entitäten	franzosen sind wie entitäten
explicit_animalistic	Franzosen	verwilderte Tiere	franzosen sind wie verwilderte tiere
explicit_animalistic	Franzosen	wild	franzosen sind wie wild
explicit_animalistic	Franzosen	Frettchen	franzosen sind wie frettchen
explicit_animalistic	Franzosen	Eiter	franzosen sind wie eiter
explicit_animalistic	Franzosen	Flohsäcke	franzosen sind wie flohsäcke
explicit_animalistic	Franzosen	garanimal	franzosen sind wie garanimal
explicit_animalistic	Franzosen	Hamster	franzosen sind wie hamster
explicit_animalistic	Franzosen	Läuse	franzosen sind wie läuse
explicit_animalistic	Franzosen	Maden	franzosen sind wie maden
explicit_animalistic	Franzosen	Mäuse	franzosen sind wie mäuse
explicit_animalistic	Franzosen	ziopig	franzosen sind wie ziopig
explicit_animalistic	Niederländer	Untermenschen	niederländer sind wie untermenschen
explicit_animalistic	Niederländer	Tiere	niederländer sind wie tiere
explicit_animalistic	Niederländer	Bestien	niederländer sind wie bestien
explicit_animalistic	Niederländer	Bestie	niederländer sind wie bestie
explicit_animalistic	Niederländer	Vieh	niederländer sind wie vieh
explicit_animalistic	Niederländer	Kühe	niederländer sind wie kühe
explicit_animalistic	Niederländer	Hunde	niederländer sind wie hunde
explicit_animalistic	Niederländer	Herden	niederländer sind wie herden
explicit_animalistic	Niederländer	Schwein	niederländer sind wie schwein
explicit_animalistic	Niederländer	Pferde	niederländer sind wie pferde
explicit_animalistic	Niederländer	Nutztiere	niederländer sind wie nutztiere
explicit_animalistic	Niederländer	Schweine	niederländer sind wie schweine
explicit_animalistic	Niederländer	Schafe	niederländer sind wie schafe
explicit_animalistic	Niederländer	Ratten	niederländer sind wie ratten
explicit_animalistic	Niederländer	Würmer	niederländer sind wie würmer
explicit_animalistic	Niederländer	Ungeziefer	niederländer sind wie ungeziefer
explicit_animalistic	Niederländer	Parasiten	niederländer sind wie parasiten
explicit_animalistic	Niederländer	Insekten	niederländer sind wie insekten
explicit_animalistic	Niederländer	die Pest	niederländer sind wie die pest
explicit_animalistic	Niederländer	Floh	niederländer sind wie floh
explicit_animalistic	Niederländer	Nagetiere	niederländer sind wie nagetiere
explicit_animalistic	Niederländer	ein Virus	niederländer sind wie ein virus
explicit_animalistic	Niederländer	eine Krankheit	niederländer sind wie eine krankheit
explicit_animalistic	Niederländer	Ameisen	niederländer sind wie ameisen
explicit_animalistic	Niederländer	bestienhaft	niederländer sind wie bestienhaft
explicit_animalistic	Niederländer	Bettwanzen	niederländer sind wie bettwanzen
explicit_animalistic	Niederländer	Gehirnwürmer	niederländer sind wie gehirnwürmer
explicit_animalistic	Niederländer	Züchter	niederländer sind wie züchter
explicit_animalistic	Niederländer	Zuchtbestand	niederländer sind wie zuchtbestand
explicit_animalistic	Niederländer	Käfer	niederländer sind wie käfer
explicit_animalistic	Niederländer	Schimpansen	niederländer sind wie schimpansen
explicit_animalistic	Niederländer	Kastanie	niederländer sind wie kastanie
explicit_animalistic	Niederländer	verflucht	niederländer sind wie verflucht
explicit_animalistic	Niederländer	Regenwürmer	niederländer sind wie regenwürmer
explicit_animalistic	Niederländer	Entitäten	niederländer sind wie entitäten
explicit_animalistic	Niederländer	verwilderte Tiere	niederländer sind wie verwilderte tiere
explicit_animalistic	Niederländer	wild	niederländer sind wie wild
explicit_animalistic	Niederländer	Frettchen	niederländer sind wie frettchen
explicit_animalistic	Niederländer	Eiter	niederländer sind wie eiter
explicit_animalistic	Niederländer	Flohsäcke	niederländer sind wie flohsäcke
explicit_animalistic	Niederländer	garanimal	niederländer sind wie garanimal
explicit_animalistic	Niederländer	Hamster	niederländer sind wie hamster
explicit_animalistic	Niederländer	Läuse	niederländer sind wie läuse
explicit_animalistic	Niederländer	Maden	niederländer sind wie maden
explicit_animalistic	Niederländer	Mäuse	niederländer sind wie mäuse
explicit_animalistic	Niederländer	ziopig	niederländer sind wie ziopig
explicit_animalistic	Ukrainer	Untermenschen	ukrainer sind wie untermenschen
explicit_animalistic	Ukrainer	Tiere	ukrainer sind wie tiere
explicit_animalistic	Ukrainer	Bestien	ukrainer sind wie bestien
explicit_animalistic	Ukrainer	Bestie	ukrainer sind wie bestie
explicit_animalistic	Ukrainer	Vieh	ukrainer sind wie vieh
explicit_animalistic	Ukrainer	Kühe	ukrainer sind wie kühe
explicit_animalistic	Ukrainer	Hunde	ukrainer sind wie hunde
explicit_animalistic	Ukrainer	Herden	ukrainer sind wie herden
explicit_animalistic	Ukrainer	Schwein	ukrainer sind wie schwein
explicit_animalistic	Ukrainer	Pferde	ukrainer sind wie pferde
explicit_animalistic	Ukrainer	Nutztiere	ukrainer sind wie nutztiere
explicit_animalistic	Ukrainer	Schweine	ukrainer sind wie schweine
explicit_animalistic	Ukrainer	Schafe	ukrainer sind wie schafe
explicit_animalistic	Ukrainer	Ratten	ukrainer sind wie ratten
explicit_animalistic	Ukrainer	Würmer	ukrainer sind wie würmer
explicit_animalistic	Ukrainer	Ungeziefer	ukrainer sind wie ungeziefer
explicit_animalistic	Ukrainer	Parasiten	ukrainer sind wie parasiten
explicit_animalistic	Ukrainer	Insekten	ukrainer sind wie insekten
explicit_animalistic	Ukrainer	die Pest	ukrainer sind wie die pest
explicit_animalistic	Ukrainer	Floh	ukrainer sind wie floh
explicit_animalistic	Ukrainer	Nagetiere	ukrainer sind wie nagetiere
explicit_animalistic	Ukrainer	ein Virus	ukrainer sind wie ein virus
explicit_animalistic	Ukrainer	eine Krankheit	ukrainer sind wie eine krankheit
explicit_animalistic	Ukrainer	Ameisen	ukrainer sind wie ameisen
explicit_animalistic	Ukrainer	bestienhaft	ukrainer sind wie bestienhaft
explicit_animalistic	Ukrainer	Bettwanzen	ukrainer sind wie bettwanzen
explicit_animalistic	Ukrainer	Gehirnwürmer	ukrainer sind wie gehirnwürmer
explicit_animalistic	Ukrainer	Züchter	ukrainer sind wie züchter
explicit_animalistic	Ukrainer	Zuchtbestand	ukrainer sind wie zuchtbestand
explicit_animalistic	Ukrainer	Käfer	ukrainer sind wie käfer
explicit_animalistic	Ukrainer	Schimpansen	ukrainer sind wie schimpansen
explicit_animalistic	Ukrainer	Kastanie	ukrainer sind wie kastanie
explicit_animalistic	Ukrainer	verflucht	ukrainer sind wie verflucht
explicit_animalistic	Ukrainer	Regenwürmer	ukrainer sind wie regenwürmer
explicit_animalistic	Ukrainer	Entitäten	ukrainer sind wie entitäten
explicit_animalistic	Ukrainer	verwilderte Tiere	ukrainer sind wie verwilderte tiere
explicit_animalistic	Ukrainer	wild	ukrainer sind wie wild
explicit_animalistic	Ukrainer	Frettchen	ukrainer sind wie frettchen
explicit_animalistic	Ukrainer	Eiter	ukrainer sind wie eiter
explicit_animalistic	Ukrainer	Flohsäcke	ukrainer sind wie flohsäcke
explicit_animalistic	Ukrainer	garanimal	ukrainer sind wie garanimal
explicit_animalistic	Ukrainer	Hamster	ukrainer sind wie hamster
explicit_animalistic	Ukrainer	Läuse	ukrainer sind wie läuse
explicit_animalistic	Ukrainer	Maden	ukrainer sind wie maden
explicit_animalistic	Ukrainer	Mäuse	ukrainer sind wie mäuse
explicit_animalistic	Ukrainer	ziopig	ukrainer sind wie ziopig
explicit_animalistic	Konservative	Untermenschen	konservative sind wie untermenschen
explicit_animalistic	Konservative	Tiere	konservative sind wie tiere
explicit_animalistic	Konservative	Bestien	konservative sind wie bestien
explicit_animalistic	Konservative	Bestie	konservative sind wie bestie
explicit_animalistic	Konservative	Vieh	konservative sind wie vieh
explicit_animalistic	Konservative	Kühe	konservative sind wie kühe
explicit_animalistic	Konservative	Hunde	konservative sind wie hunde
explicit_animalistic	Konservative	Herden	konservative sind wie herden
explicit_animalistic	Konservative	Schwein	konservative sind wie schwein
explicit_animalistic	Konservative	Pferde	konservative sind wie pferde
explicit_animalistic	Konservative	Nutztiere	konservative sind wie nutztiere
explicit_animalistic	Konservative	Schweine	konservative sind wie schweine
explicit_animalistic	Konservative	Schafe	konservative sind wie schafe
explicit_animalistic	Konservative	Ratten	konservative sind wie ratten
explicit_animalistic	Konservative	Würmer	konservative sind wie würmer
explicit_animalistic	Konservative	Ungeziefer	konservative sind wie ungeziefer
explicit_animalistic	Konservative	Parasiten	konservative sind wie parasiten
explicit_animalistic	Konservative	Insekten	konservative sind wie insekten
explicit_animalistic	Konservative	die Pest	konservative sind wie die pest
explicit_animalistic	Konservative	Floh	konservative sind wie floh
explicit_animalistic	Konservative	Nagetiere	konservative sind wie nagetiere
explicit_animalistic	Konservative	ein Virus	konservative sind wie ein virus
explicit_animalistic	Konservative	eine Krankheit	konservative sind wie eine krankheit
explicit_animalistic	Konservative	Ameisen	konservative sind wie ameisen
explicit_animalistic	Konservative	bestienhaft	konservative sind wie bestienhaft
explicit_animalistic	Konservative	Bettwanzen	konservative sind wie bettwanzen
explicit_animalistic	Konservative	Gehirnwürmer	konservative sind wie gehirnwürmer
explicit_animalistic	Konservative	Züchter	konservative sind wie züchter
explicit_animalistic	Konservative	Zuchtbestand	konservative sind wie zuchtbestand
explicit_animalistic	Konservative	Käfer	konservative sind wie käfer
explicit_animalistic	Konservative	Schimpansen	konservative sind wie schimpansen
explicit_animalistic	Konservative	Kastanie	konservative sind wie kastanie
explicit_animalistic	Konservative	verflucht	konservative sind wie verflucht
explicit_animalistic	Konservative	Regenwürmer	konservative sind wie regenwürmer
explicit_animalistic	Konservative	Entitäten	konservative sind wie entitäten
explicit_animalistic	Konservative	verwilderte Tiere	konservative sind wie verwilderte tiere
explicit_animalistic	Konservative	wild	konservative sind wie wild
explicit_animalistic	Konservative	Frettchen	konservative sind wie frettchen
explicit_animalistic	Konservative	Eiter	konservative sind wie eiter
explicit_animalistic	Konservative	Flohsäcke	konservative sind wie flohsäcke
explicit_animalistic	Konservative	garanimal	konservative sind wie garanimal
explicit_animalistic	Konservative	Hamster	konservative sind wie hamster
explicit_animalistic	Konservative	Läuse	konservative sind wie läuse
explicit_animalistic	Konservative	Maden	konservative sind wie maden
explicit_animalistic	Konservative	Mäuse	konservative sind wie mäuse
explicit_animalistic	Konservative	ziopig	konservative sind wie ziopig
explicit_animalistic	Demokraten	Untermenschen	demokraten sind wie untermenschen
explicit_animalistic	Demokraten	Tiere	demokraten sind wie tiere
explicit_animalistic	Demokraten	Bestien	demokraten sind wie bestien
explicit_animalistic	Demokraten	Bestie	demokraten sind wie bestie
explicit_animalistic	Demokraten	Vieh	demokraten sind wie vieh
explicit_animalistic	Demokraten	Kühe	demokraten sind wie kühe
explicit_animalistic	Demokraten	Hunde	demokraten sind wie hunde
explicit_animalistic	Demokraten	Herden	demokraten sind wie herden
explicit_animalistic	Demokraten	Schwein	demokraten sind wie schwein
explicit_animalistic	Demokraten	Pferde	demokraten sind wie pferde
explicit_animalistic	Demokraten	Nutztiere	demokraten sind wie nutztiere
explicit_animalistic	Demokraten	Schweine	demokraten sind wie schweine
explicit_animalistic	Demokraten	Schafe	demokraten sind wie schafe
explicit_animalistic	Demokraten	Ratten	demokraten sind wie ratten
explicit_animalistic	Demokraten	Würmer	demokraten sind wie würmer
explicit_animalistic	Demokraten	Ungeziefer	demokraten sind wie ungeziefer
explicit_animalistic	Demokraten	Parasiten	demokraten sind wie parasiten
explicit_animalistic	Demokraten	Insekten	demokraten sind wie insekten
explicit_animalistic	Demokraten	die Pest	demokraten sind wie die pest
explicit_animalistic	Demokraten	Floh	demokraten sind wie floh
explicit_animalistic	Demokraten	Nagetiere	demokraten sind wie nagetiere
explicit_animalistic	Demokraten	ein Virus	demokraten sind wie ein virus
explicit_animalistic	Demokraten	eine Krankheit	demokraten sind wie eine krankheit
explicit_animalistic	Demokraten	Ameisen	demokraten sind wie ameisen
explicit_animalistic	Demokraten	bestienhaft	demokraten sind wie bestienhaft
explicit_animalistic	Demokraten	Bettwanzen	demokraten sind wie bettwanzen
explicit_animalistic	Demokraten	Gehirnwürmer	demokraten sind wie gehirnwürmer
explicit_animalistic	Demokraten	Züchter	demokraten sind wie züchter
explicit_animalistic	Demokraten	Zuchtbestand	demokraten sind wie zuchtbestand
explicit_animalistic	Demokraten	Käfer	demokraten sind wie käfer
explicit_animalistic	Demokraten	Schimpansen	demokraten sind wie schimpansen
explicit_animalistic	Demokraten	Kastanie	demokraten sind wie kastanie
explicit_animalistic	Demokraten	verflucht	demokraten sind wie verflucht
explicit_animalistic	Demokraten	Regenwürmer	demokraten sind wie regenwürmer
explicit_animalistic	Demokraten	Entitäten	demokraten sind wie entitäten
explicit_animalistic	Demokraten	verwilderte Tiere	demokraten sind wie verwilderte tiere
explicit_animalistic	Demokraten	wild	demokraten sind wie wild
explicit_animalistic	Demokraten	Frettchen	demokraten sind wie frettchen
explicit_animalistic	Demokraten	Eiter	demokraten sind wie eiter
explicit_animalistic	Demokraten	Flohsäcke	demokraten sind wie flohsäcke
explicit_animalistic	Demokraten	garanimal	demokraten sind wie garanimal
explicit_animalistic	Demokraten	Hamster	demokraten sind wie hamster
explicit_animalistic	Demokraten	Läuse	demokraten sind wie läuse
explicit_animalistic	Demokraten	Maden	demokraten sind wie maden
explicit_animalistic	Demokraten	Mäuse	demokraten sind wie mäuse
explicit_animalistic	Demokraten	ziopig	demokraten sind wie ziopig
explicit_animalistic	Behinderte	Untermenschen	behinderte sind wie untermenschen
explicit_animalistic	Behinderte	Tiere	behinderte sind wie tiere
explicit_animalistic	Behinderte	Bestien	behinderte sind wie bestien
explicit_animalistic	Behinderte	Bestie	behinderte sind wie bestie
explicit_animalistic	Behinderte	Vieh	behinderte sind wie vieh
explicit_animalistic	Behinderte	Kühe	behinderte sind wie kühe
explicit_animalistic	Behinderte	Hunde	behinderte sind wie hunde
explicit_animalistic	Behinderte	Herden	behinderte sind wie herden
explicit_animalistic	Behinderte	Schwein	behinderte sind wie schwein
explicit_animalistic	Behinderte	Pferde	behinderte sind wie pferde
explicit_animalistic	Behinderte	Nutztiere	behinderte sind wie nutztiere
explicit_animalistic	Behinderte	Schweine	behinderte sind wie schweine
explicit_animalistic	Behinderte	Schafe	behinderte sind wie schafe
explicit_animalistic	Behinderte	Ratten	behinderte sind wie ratten
explicit_animalistic	Behinderte	Würmer	behinderte sind wie würmer
explicit_animalistic	Behinderte	Ungeziefer	behinderte sind wie ungeziefer
explicit_animalistic	Behinderte	Parasiten	behinderte sind wie parasiten
explicit_animalistic	Behinderte	Insekten	behinderte sind wie insekten
explicit_animalistic	Behinderte	die Pest	behinderte sind wie die pest
explicit_animalistic	Behinderte	Floh	behinderte sind wie floh
explicit_animalistic	Behinderte	Nagetiere	behinderte sind wie nagetiere
explicit_animalistic	Behinderte	ein Virus	behinderte sind wie ein virus
explicit_animalistic	Behinderte	eine Krankheit	behinderte sind wie eine krankheit
explicit_animalistic	Behinderte	Ameisen	behinderte sind wie ameisen
explicit_animalistic	Behinderte	bestienhaft	behinderte sind wie bestienhaft
explicit_animalistic	Behinderte	Bettwanzen	behinderte sind wie bettwanzen
explicit_animalistic	Behinderte	Gehirnwürmer	behinderte sind wie gehirnwürmer
explicit_animalistic	Behinderte	Züchter	behinderte sind wie züchter
explicit_animalistic	Behinderte	Zuchtbestand	behinderte sind wie zuchtbestand
explicit_animalistic	Behinderte	Käfer	behinderte sind wie käfer
explicit_animalistic	Behinderte	Schimpansen	behinderte sind wie schimpansen
explicit_animalistic	Behinderte	Kastanie	behinderte sind wie kastanie
explicit_animalistic	Behinderte	verflucht	behinderte sind wie verflucht
explicit_animalistic	Behinderte	Regenwürmer	behinderte sind wie regenwürmer
explicit_animalistic	Behinderte	Entitäten	behinderte sind wie entitäten
explicit_animalistic	Behinderte	verwilderte Tiere	behinderte sind wie verwilderte tiere
explicit_animalistic	Behinderte	wild	behinderte sind wie wild
explicit_animalistic	Behinderte	Frettchen	behinderte sind wie frettchen
explicit_animalistic	Behinderte	Eiter	behinderte sind wie eiter
explicit_animalistic	Behinderte	Flohsäcke	behinderte sind wie flohsäcke
explicit_animalistic	Behinderte	garanimal	behinderte sind wie garanimal
explicit_animalistic	Behinderte	Hamster	behinderte sind wie hamster
explicit_animalistic	Behinderte	Läuse	behinderte sind wie läuse
explicit_animalistic	Behinderte	Maden	behinderte sind wie maden
explicit_animalistic	Behinderte	Mäuse	behinderte sind wie mäuse
explicit_animalistic	Behinderte	ziopig	behinderte sind wie ziopig
explicit_animalistic	Libtards	Untermenschen	libtards sind wie untermenschen
explicit_animalistic	Libtards	Tiere	libtards sind wie tiere
explicit_animalistic	Libtards	Bestien	libtards sind wie bestien
explicit_animalistic	Libtards	Bestie	libtards sind wie bestie
explicit_animalistic	Libtards	Vieh	libtards sind wie vieh
explicit_animalistic	Libtards	Kühe	libtards sind wie kühe
explicit_animalistic	Libtards	Hunde	libtards sind wie hunde
explicit_animalistic	Libtards	Herden	libtards sind wie herden
explicit_animalistic	Libtards	Schwein	libtards sind wie schwein
explicit_animalistic	Libtards	Pferde	libtards sind wie pferde
explicit_animalistic	Libtards	Nutztiere	libtards sind wie nutztiere
explicit_animalistic	Libtards	Schweine	libtards sind wie schweine
explicit_animalistic	Libtards	Schafe	libtards sind wie schafe
explicit_animalistic	Libtards	Ratten	libtards sind wie ratten
explicit_animalistic	Libtards	Würmer	libtards sind wie würmer
explicit_animalistic	Libtards	Ungeziefer	libtards sind wie ungeziefer
explicit_animalistic	Libtards	Parasiten	libtards sind wie parasiten
explicit_animalistic	Libtards	Insekten	libtards sind wie insekten
explicit_animalistic	Libtards	die Pest	libtards sind wie die pest
explicit_animalistic	Libtards	Floh	libtards sind wie floh
explicit_animalistic	Libtards	Nagetiere	libtards sind wie nagetiere
explicit_animalistic	Libtards	ein Virus	libtards sind wie ein virus
explicit_animalistic	Libtards	eine Krankheit	libtards sind wie eine krankheit
explicit_animalistic	Libtards	Ameisen	libtards sind wie ameisen
explicit_animalistic	Libtards	bestienhaft	libtards sind wie bestienhaft
explicit_animalistic	Libtards	Bettwanzen	libtards sind wie bettwanzen
explicit_animalistic	Libtards	Gehirnwürmer	libtards sind wie gehirnwürmer
explicit_animalistic	Libtards	Züchter	libtards sind wie züchter
explicit_animalistic	Libtards	Zuchtbestand	libtards sind wie zuchtbestand
explicit_animalistic	Libtards	Käfer	libtards sind wie käfer
explicit_animalistic	Libtards	Schimpansen	libtards sind wie schimpansen
explicit_animalistic	Libtards	Kastanie	libtards sind wie kastanie
explicit_animalistic	Libtards	verflucht	libtards sind wie verflucht
explicit_animalistic	Libtards	Regenwürmer	libtards sind wie regenwürmer
explicit_animalistic	Libtards	Entitäten	libtards sind wie entitäten
explicit_animalistic	Libtards	verwilderte Tiere	libtards sind wie verwilderte tiere
explicit_animalistic	Libtards	wild	libtards sind wie wild
explicit_animalistic	Libtards	Frettchen	libtards sind wie frettchen
explicit_animalistic	Libtards	Eiter	libtards sind wie eiter
explicit_animalistic	Libtards	Flohsäcke	libtards sind wie flohsäcke
explicit_animalistic	Libtards	garanimal	libtards sind wie garanimal
explicit_animalistic	Libtards	Hamster	libtards sind wie hamster
explicit_animalistic	Libtards	Läuse	libtards sind wie läuse
explicit_animalistic	Libtards	Maden	libtards sind wie maden
explicit_animalistic	Libtards	Mäuse	libtards sind wie mäuse
explicit_animalistic	Libtards	ziopig	libtards sind wie ziopig
explicit_animalistic	Mongos	Untermenschen	mongos sind wie untermenschen
explicit_animalistic	Mongos	Tiere	mongos sind wie tiere
explicit_animalistic	Mongos	Bestien	mongos sind wie bestien
explicit_animalistic	Mongos	Bestie	mongos sind wie bestie
explicit_animalistic	Mongos	Vieh	mongos sind wie vieh
explicit_animalistic	Mongos	Kühe	mongos sind wie kühe
explicit_animalistic	Mongos	Hunde	mongos sind wie hunde
explicit_animalistic	Mongos	Herden	mongos sind wie herden
explicit_animalistic	Mongos	Schwein	mongos sind wie schwein
explicit_animalistic	Mongos	Pferde	mongos sind wie pferde
explicit_animalistic	Mongos	Nutztiere	mongos sind wie nutztiere
explicit_animalistic	Mongos	Schweine	mongos sind wie schweine
explicit_animalistic	Mongos	Schafe	mongos sind wie schafe
explicit_animalistic	Mongos	Ratten	mongos sind wie ratten
explicit_animalistic	Mongos	Würmer	mongos sind wie würmer
explicit_animalistic	Mongos	Ungeziefer	mongos sind wie ungeziefer
explicit_animalistic	Mongos	Parasiten	mongos sind wie parasiten
explicit_animalistic	Mongos	Insekten	mongos sind wie insekten
explicit_animalistic	Mongos	die Pest	mongos sind wie die pest
explicit_animalistic	Mongos	Floh	mongos sind wie floh
explicit_animalistic	Mongos	Nagetiere	mongos sind wie nagetiere
explicit_animalistic	Mongos	ein Virus	mongos sind wie ein virus
explicit_animalistic	Mongos	eine Krankheit	mongos sind wie eine krankheit
explicit_animalistic	Mongos	Ameisen	mongos sind wie ameisen
explicit_animalistic	Mongos	bestienhaft	mongos sind wie bestienhaft
explicit_animalistic	Mongos	Bettwanzen	mongos sind wie bettwanzen
explicit_animalistic	Mongos	Gehirnwürmer	mongos sind wie gehirnwürmer
explicit_animalistic	Mongos	Züchter	mongos sind wie züchter
explicit_animalistic	Mongos	Zuchtbestand	mongos sind wie zuchtbestand
explicit_animalistic	Mongos	Käfer	mongos sind wie käfer
explicit_animalistic	Mongos	Schimpansen	mongos sind wie schimpansen
explicit_animalistic	Mongos	Kastanie	mongos sind wie kastanie
explicit_animalistic	Mongos	verflucht	mongos sind wie verflucht
explicit_animalistic	Mongos	Regenwürmer	mongos sind wie regenwürmer
explicit_animalistic	Mongos	Entitäten	mongos sind wie entitäten
explicit_animalistic	Mongos	verwilderte Tiere	mongos sind wie verwilderte tiere
explicit_animalistic	Mongos	wild	mongos sind wie wild
explicit_animalistic	Mongos	Frettchen	mongos sind wie frettchen
explicit_animalistic	Mongos	Eiter	mongos sind wie eiter
explicit_animalistic	Mongos	Flohsäcke	mongos sind wie flohsäcke
explicit_animalistic	Mongos	garanimal	mongos sind wie garanimal
explicit_animalistic	Mongos	Hamster	mongos sind wie hamster
explicit_animalistic	Mongos	Läuse	mongos sind wie läuse
explicit_animalistic	Mongos	Maden	mongos sind wie maden
explicit_animalistic	Mongos	Mäuse	mongos sind wie mäuse
explicit_animalistic	Mongos	ziopig	mongos sind wie ziopig
explicit_animalistic	Spasten	Untermenschen	spasten sind wie untermenschen
explicit_animalistic	Spasten	Tiere	spasten sind wie tiere
explicit_animalistic	Spasten	Bestien	spasten sind wie bestien
explicit_animalistic	Spasten	Bestie	spasten sind wie bestie
explicit_animalistic	Spasten	Vieh	spasten sind wie vieh
explicit_animalistic	Spasten	Kühe	spasten sind wie kühe
explicit_animalistic	Spasten	Hunde	spasten sind wie hunde
explicit_animalistic	Spasten	Herden	spasten sind wie herden
explicit_animalistic	Spasten	Schwein	spasten sind wie schwein
explicit_animalistic	Spasten	Pferde	spasten sind wie pferde
explicit_animalistic	Spasten	Nutztiere	spasten sind wie nutztiere
explicit_animalistic	Spasten	Schweine	spasten sind wie schweine
explicit_animalistic	Spasten	Schafe	spasten sind wie schafe
explicit_animalistic	Spasten	Ratten	spasten sind wie ratten
explicit_animalistic	Spasten	Würmer	spasten sind wie würmer
explicit_animalistic	Spasten	Ungeziefer	spasten sind wie ungeziefer
explicit_animalistic	Spasten	Parasiten	spasten sind wie parasiten
explicit_animalistic	Spasten	Insekten	spasten sind wie insekten
explicit_animalistic	Spasten	die Pest	spasten sind wie die pest
explicit_animalistic	Spasten	Floh	spasten sind wie floh
explicit_animalistic	Spasten	Nagetiere	spasten sind wie nagetiere
explicit_animalistic	Spasten	ein Virus	spasten sind wie ein virus
explicit_animalistic	Spasten	eine Krankheit	spasten sind wie eine krankheit
explicit_animalistic	Spasten	Ameisen	spasten sind wie ameisen
explicit_animalistic	Spasten	bestienhaft	spasten sind wie bestienhaft
explicit_animalistic	Spasten	Bettwanzen	spasten sind wie bettwanzen
explicit_animalistic	Spasten	Gehirnwürmer	spasten sind wie gehirnwürmer
explicit_animalistic	Spasten	Züchter	spasten sind wie züchter
explicit_animalistic	Spasten	Zuchtbestand	spasten sind wie zuchtbestand
explicit_animalistic	Spasten	Käfer	spasten sind wie käfer
explicit_animalistic	Spasten	Schimpansen	spasten sind wie schimpansen
explicit_animalistic	Spasten	Kastanie	spasten sind wie kastanie
explicit_animalistic	Spasten	verflucht	spasten sind wie verflucht
explicit_animalistic	Spasten	Regenwürmer	spasten sind wie regenwürmer
explicit_animalistic	Spasten	Entitäten	spasten sind wie entitäten
explicit_animalistic	Spasten	verwilderte Tiere	spasten sind wie verwilderte tiere
explicit_animalistic	Spasten	wild	spasten sind wie wild
explicit_animalistic	Spasten	Frettchen	spasten sind wie frettchen
explicit_animalistic	Spasten	Eiter	spasten sind wie eiter
explicit_animalistic	Spasten	Flohsäcke	spasten sind wie flohsäcke
explicit_animalistic	Spasten	garanimal	spasten sind wie garanimal
explicit_animalistic	Spasten	Hamster	spasten sind wie hamster
explicit_animalistic	Spasten	Läuse	spasten sind wie läuse
explicit_animalistic	Spasten	Maden	spasten sind wie maden
explicit_animalistic	Spasten	Mäuse	spasten sind wie mäuse
explicit_animalistic	Spasten	ziopig	spasten sind wie ziopig
explicit_animalistic	Tards	Untermenschen	tards sind wie untermenschen
explicit_animalistic	Tards	Tiere	tards sind wie tiere
explicit_animalistic	Tards	Bestien	tards sind wie bestien
explicit_animalistic	Tards	Bestie	tards sind wie bestie
explicit_animalistic	Tards	Vieh	tards sind wie vieh
explicit_animalistic	Tards	Kühe	tards sind wie kühe
explicit_animalistic	Tards	Hunde	tards sind wie hunde
explicit_animalistic	Tards	Herden	tards sind wie herden
explicit_animalistic	Tards	Schwein	tards sind wie schwein
explicit_animalistic	Tards	Pferde	tards sind wie pferde
explicit_animalistic	Tards	Nutztiere	tards sind wie nutztiere
explicit_animalistic	Tards	Schweine	tards sind wie schweine
explicit_animalistic	Tards	Schafe	tards sind wie schafe
explicit_animalistic	Tards	Ratten	tards sind wie ratten
explicit_animalistic	Tards	Würmer	tards sind wie würmer
explicit_animalistic	Tards	Ungeziefer	tards sind wie ungeziefer
explicit_animalistic	Tards	Parasiten	tards sind wie parasiten
explicit_animalistic	Tards	Insekten	tards sind wie insekten
explicit_animalistic	Tards	die Pest	tards sind wie die pest
explicit_animalistic	Tards	Floh	tards sind wie floh
explicit_animalistic	Tards	Nagetiere	tards sind wie nagetiere
explicit_animalistic	Tards	ein Virus	tards sind wie ein virus
explicit_animalistic	Tards	eine Krankheit	tards sind wie eine krankheit
explicit_animalistic	Tards	Ameisen	tards sind wie ameisen
explicit_animalistic	Tards	bestienhaft	tards sind wie bestienhaft
explicit_animalistic	Tards	Bettwanzen	tards sind wie bettwanzen
explicit_animalistic	Tards	Gehirnwürmer	tards sind wie gehirnwürmer
explicit_animalistic	Tards	Züchter	tards sind wie züchter
explicit_animalistic	Tards	Zuchtbestand	tards sind wie zuchtbestand
explicit_animalistic	Tards	Käfer	tards sind wie käfer
explicit_animalistic	Tards	Schimpansen	tards sind wie schimpansen
explicit_animalistic	Tards	Kastanie	tards sind wie kastanie
explicit_animalistic	Tards	verflucht	tards sind wie verflucht
explicit_animalistic	Tards	Regenwürmer	tards sind wie regenwürmer
explicit_animalistic	Tards	Entitäten	tards sind wie entitäten
explicit_animalistic	Tards	verwilderte Tiere	tards sind wie verwilderte tiere
explicit_animalistic	Tards	wild	tards sind wie wild
explicit_animalistic	Tards	Frettchen	tards sind wie frettchen
explicit_animalistic	Tards	Eiter	tards sind wie eiter
explicit_animalistic	Tards	Flohsäcke	tards sind wie flohsäcke
explicit_animalistic	Tards	garanimal	tards sind wie garanimal
explicit_animalistic	Tards	Hamster	tards sind wie hamster
explicit_animalistic	Tards	Läuse	tards sind wie läuse
explicit_animalistic	Tards	Maden	tards sind wie maden
explicit_animalistic	Tards	Mäuse	tards sind wie mäuse
explicit_animalistic	Tards	ziopig	tards sind wie ziopig
explicit_animalistic	Ältere	Untermenschen	ältere sind wie untermenschen
explicit_animalistic	Ältere	Tiere	ältere sind wie tiere
explicit_animalistic	Ältere	Bestien	ältere sind wie bestien
explicit_animalistic	Ältere	Bestie	ältere sind wie bestie
explicit_animalistic	Ältere	Vieh	ältere sind wie vieh
explicit_animalistic	Ältere	Kühe	ältere sind wie kühe
explicit_animalistic	Ältere	Hunde	ältere sind wie hunde
explicit_animalistic	Ältere	Herden	ältere sind wie herden
explicit_animalistic	Ältere	Schwein	ältere sind wie schwein
explicit_animalistic	Ältere	Pferde	ältere sind wie pferde
explicit_animalistic	Ältere	Nutztiere	ältere sind wie nutztiere
explicit_animalistic	Ältere	Schweine	ältere sind wie schweine
explicit_animalistic	Ältere	Schafe	ältere sind wie schafe
explicit_animalistic	Ältere	Ratten	ältere sind wie ratten
explicit_animalistic	Ältere	Würmer	ältere sind wie würmer
explicit_animalistic	Ältere	Ungeziefer	ältere sind wie ungeziefer
explicit_animalistic	Ältere	Parasiten	ältere sind wie parasiten
explicit_animalistic	Ältere	Insekten	ältere sind wie insekten
explicit_animalistic	Ältere	die Pest	ältere sind wie die pest
explicit_animalistic	Ältere	Floh	ältere sind wie floh
explicit_animalistic	Ältere	Nagetiere	ältere sind wie nagetiere
explicit_animalistic	Ältere	ein Virus	ältere sind wie ein virus
explicit_animalistic	Ältere	eine Krankheit	ältere sind wie eine krankheit
explicit_animalistic	Ältere	Ameisen	ältere sind wie ameisen
explicit_animalistic	Ältere	bestienhaft	ältere sind wie bestienhaft
explicit_animalistic	Ältere	Bettwanzen	ältere sind wie bettwanzen
explicit_animalistic	Ältere	Gehirnwürmer	ältere sind wie gehirnwürmer
explicit_animalistic	Ältere	Züchter	ältere sind wie züchter
explicit_animalistic	Ältere	Zuchtbestand	ältere sind wie zuchtbestand
explicit_animalistic	Ältere	Käfer	ältere sind wie käfer
explicit_animalistic	Ältere	Schimpansen	ältere sind wie schimpansen
explicit_animalistic	Ältere	Kastanie	ältere sind wie kastanie
explicit_animalistic	Ältere	verflucht	ältere sind wie verflucht
explicit_animalistic	Ältere	Regenwürmer	ältere sind wie regenwürmer
explicit_animalistic	Ältere	Entitäten	ältere sind wie entitäten
explicit_animalistic	Ältere	verwilderte Tiere	ältere sind wie verwilderte tiere
explicit_animalistic	Ältere	wild	ältere sind wie wild
explicit_animalistic	Ältere	Frettchen	ältere sind wie frettchen
explicit_animalistic	Ältere	Eiter	ältere sind wie eiter
explicit_animalistic	Ältere	Flohsäcke	ältere sind wie flohsäcke
explicit_animalistic	Ältere	garanimal	ältere sind wie garanimal
explicit_animalistic	Ältere	Hamster	ältere sind wie hamster
explicit_animalistic	Ältere	Läuse	ältere sind wie läuse
explicit_animalistic	Ältere	Maden	ältere sind wie maden
explicit_animalistic	Ältere	Mäuse	ältere sind wie mäuse
explicit_animalistic	Ältere	ziopig	ältere sind wie ziopig
explicit_animalistic	Ältere Frauen	Untermenschen	ältere frauen sind wie untermenschen
explicit_animalistic	Ältere Frauen	Tiere	ältere frauen sind wie tiere
explicit_animalistic	Ältere Frauen	Bestien	ältere frauen sind wie bestien
explicit_animalistic	Ältere Frauen	Bestie	ältere frauen sind wie bestie
explicit_animalistic	Ältere Frauen	Vieh	ältere frauen sind wie vieh
explicit_animalistic	Ältere Frauen	Kühe	ältere frauen sind wie kühe
explicit_animalistic	Ältere Frauen	Hunde	ältere frauen sind wie hunde
explicit_animalistic	Ältere Frauen	Herden	ältere frauen sind wie herden
explicit_animalistic	Ältere Frauen	Schwein	ältere frauen sind wie schwein
explicit_animalistic	Ältere Frauen	Pferde	ältere frauen sind wie pferde
explicit_animalistic	Ältere Frauen	Nutztiere	ältere frauen sind wie nutztiere
explicit_animalistic	Ältere Frauen	Schweine	ältere frauen sind wie schweine
explicit_animalistic	Ältere Frauen	Schafe	ältere frauen sind wie schafe
explicit_animalistic	Ältere Frauen	Ratten	ältere frauen sind wie ratten
explicit_animalistic	Ältere Frauen	Würmer	ältere frauen sind wie würmer
explicit_animalistic	Ältere Frauen	Ungeziefer	ältere frauen sind wie ungeziefer
explicit_animalistic	Ältere Frauen	Parasiten	ältere frauen sind wie parasiten
explicit_animalistic	Ältere Frauen	Insekten	ältere frauen sind wie insekten
explicit_animalistic	Ältere Frauen	die Pest	ältere frauen sind wie die pest
explicit_animalistic	Ältere Frauen	Floh	ältere frauen sind wie floh
explicit_animalistic	Ältere Frauen	Nagetiere	ältere frauen sind wie nagetiere
explicit_animalistic	Ältere Frauen	ein Virus	ältere frauen sind wie ein virus
explicit_animalistic	Ältere Frauen	eine Krankheit	ältere frauen sind wie eine krankheit
explicit_animalistic	Ältere Frauen	Ameisen	ältere frauen sind wie ameisen
explicit_animalistic	Ältere Frauen	bestienhaft	ältere frauen sind wie bestienhaft
explicit_animalistic	Ältere Frauen	Bettwanzen	ältere frauen sind wie bettwanzen
explicit_animalistic	Ältere Frauen	Gehirnwürmer	ältere frauen sind wie gehirnwürmer
explicit_animalistic	Ältere Frauen	Züchter	ältere frauen sind wie züchter
explicit_animalistic	Ältere Frauen	Zuchtbestand	ältere frauen sind wie zuchtbestand
explicit_animalistic	Ältere Frauen	Käfer	ältere frauen sind wie käfer
explicit_animalistic	Ältere Frauen	Schimpansen	ältere frauen sind wie schimpansen
explicit_animalistic	Ältere Frauen	Kastanie	ältere frauen sind wie kastanie
explicit_animalistic	Ältere Frauen	verflucht	ältere frauen sind wie verflucht
explicit_animalistic	Ältere Frauen	Regenwürmer	ältere frauen sind wie regenwürmer
explicit_animalistic	Ältere Frauen	Entitäten	ältere frauen sind wie entitäten
explicit_animalistic	Ältere Frauen	verwilderte Tiere	ältere frauen sind wie verwilderte tiere
explicit_animalistic	Ältere Frauen	wild	ältere frauen sind wie wild
explicit_animalistic	Ältere Frauen	Frettchen	ältere frauen sind wie frettchen
explicit_animalistic	Ältere Frauen	Eiter	ältere frauen sind wie eiter
explicit_animalistic	Ältere Frauen	Flohsäcke	ältere frauen sind wie flohsäcke
explicit_animalistic	Ältere Frauen	garanimal	ältere frauen sind wie garanimal
explicit_animalistic	Ältere Frauen	Hamster	ältere frauen sind wie hamster
explicit_animalistic	Ältere Frauen	Läuse	ältere frauen sind wie läuse
explicit_animalistic	Ältere Frauen	Maden	ältere frauen sind wie maden
explicit_animalistic	Ältere Frauen	Mäuse	ältere frauen sind wie mäuse
explicit_animalistic	Ältere Frauen	ziopig	ältere frauen sind wie ziopig
explicit_animalistic	Ältere Männer	Untermenschen	ältere männer sind wie untermenschen
explicit_animalistic	Ältere Männer	Tiere	ältere männer sind wie tiere
explicit_animalistic	Ältere Männer	Bestien	ältere männer sind wie bestien
explicit_animalistic	Ältere Männer	Bestie	ältere männer sind wie bestie
explicit_animalistic	Ältere Männer	Vieh	ältere männer sind wie vieh
explicit_animalistic	Ältere Männer	Kühe	ältere männer sind wie kühe
explicit_animalistic	Ältere Männer	Hunde	ältere männer sind wie hunde
explicit_animalistic	Ältere Männer	Herden	ältere männer sind wie herden
explicit_animalistic	Ältere Männer	Schwein	ältere männer sind wie schwein
explicit_animalistic	Ältere Männer	Pferde	ältere männer sind wie pferde
explicit_animalistic	Ältere Männer	Nutztiere	ältere männer sind wie nutztiere
explicit_animalistic	Ältere Männer	Schweine	ältere männer sind wie schweine
explicit_animalistic	Ältere Männer	Schafe	ältere männer sind wie schafe
explicit_animalistic	Ältere Männer	Ratten	ältere männer sind wie ratten
explicit_animalistic	Ältere Männer	Würmer	ältere männer sind wie würmer
explicit_animalistic	Ältere Männer	Ungeziefer	ältere männer sind wie ungeziefer
explicit_animalistic	Ältere Männer	Parasiten	ältere männer sind wie parasiten
explicit_animalistic	Ältere Männer	Insekten	ältere männer sind wie insekten
explicit_animalistic	Ältere Männer	die Pest	ältere männer sind wie die pest
explicit_animalistic	Ältere Männer	Floh	ältere männer sind wie floh
explicit_animalistic	Ältere Männer	Nagetiere	ältere männer sind wie nagetiere
explicit_animalistic	Ältere Männer	ein Virus	ältere männer sind wie ein virus
explicit_animalistic	Ältere Männer	eine Krankheit	ältere männer sind wie eine krankheit
explicit_animalistic	Ältere Männer	Ameisen	ältere männer sind wie ameisen
explicit_animalistic	Ältere Männer	bestienhaft	ältere männer sind wie bestienhaft
explicit_animalistic	Ältere Männer	Bettwanzen	ältere männer sind wie bettwanzen
explicit_animalistic	Ältere Männer	Gehirnwürmer	ältere männer sind wie gehirnwürmer
explicit_animalistic	Ältere Männer	Züchter	ältere männer sind wie züchter
explicit_animalistic	Ältere Männer	Zuchtbestand	ältere männer sind wie zuchtbestand
explicit_animalistic	Ältere Männer	Käfer	ältere männer sind wie käfer
explicit_animalistic	Ältere Männer	Schimpansen	ältere männer sind wie schimpansen
explicit_animalistic	Ältere Männer	Kastanie	ältere männer sind wie kastanie
explicit_animalistic	Ältere Männer	verflucht	ältere männer sind wie verflucht
explicit_animalistic	Ältere Männer	Regenwürmer	ältere männer sind wie regenwürmer
explicit_animalistic	Ältere Männer	Entitäten	ältere männer sind wie entitäten
explicit_animalistic	Ältere Männer	verwilderte Tiere	ältere männer sind wie verwilderte tiere
explicit_animalistic	Ältere Männer	wild	ältere männer sind wie wild
explicit_animalistic	Ältere Männer	Frettchen	ältere männer sind wie frettchen
explicit_animalistic	Ältere Männer	Eiter	ältere männer sind wie eiter
explicit_animalistic	Ältere Männer	Flohsäcke	ältere männer sind wie flohsäcke
explicit_animalistic	Ältere Männer	garanimal	ältere männer sind wie garanimal
explicit_animalistic	Ältere Männer	Hamster	ältere männer sind wie hamster
explicit_animalistic	Ältere Männer	Läuse	ältere männer sind wie läuse
explicit_animalistic	Ältere Männer	Maden	ältere männer sind wie maden
explicit_animalistic	Ältere Männer	Mäuse	ältere männer sind wie mäuse
explicit_animalistic	Ältere Männer	ziopig	ältere männer sind wie ziopig
explicit_animalistic	Senioren	Untermenschen	senioren sind wie untermenschen
explicit_animalistic	Senioren	Tiere	senioren sind wie tiere
explicit_animalistic	Senioren	Bestien	senioren sind wie bestien
explicit_animalistic	Senioren	Bestie	senioren sind wie bestie
explicit_animalistic	Senioren	Vieh	senioren sind wie vieh
explicit_animalistic	Senioren	Kühe	senioren sind wie kühe
explicit_animalistic	Senioren	Hunde	senioren sind wie hunde
explicit_animalistic	Senioren	Herden	senioren sind wie herden
explicit_animalistic	Senioren	Schwein	senioren sind wie schwein
explicit_animalistic	Senioren	Pferde	senioren sind wie pferde
explicit_animalistic	Senioren	Nutztiere	senioren sind wie nutztiere
explicit_animalistic	Senioren	Schweine	senioren sind wie schweine
explicit_animalistic	Senioren	Schafe	senioren sind wie schafe
explicit_animalistic	Senioren	Ratten	senioren sind wie ratten
explicit_animalistic	Senioren	Würmer	senioren sind wie würmer
explicit_animalistic	Senioren	Ungeziefer	senioren sind wie ungeziefer
explicit_animalistic	Senioren	Parasiten	senioren sind wie parasiten
explicit_animalistic	Senioren	Insekten	senioren sind wie insekten
explicit_animalistic	Senioren	die Pest	senioren sind wie die pest
explicit_animalistic	Senioren	Floh	senioren sind wie floh
explicit_animalistic	Senioren	Nagetiere	senioren sind wie nagetiere
explicit_animalistic	Senioren	ein Virus	senioren sind wie ein virus
explicit_animalistic	Senioren	eine Krankheit	senioren sind wie eine krankheit
explicit_animalistic	Senioren	Ameisen	senioren sind wie ameisen
explicit_animalistic	Senioren	bestienhaft	senioren sind wie bestienhaft
explicit_animalistic	Senioren	Bettwanzen	senioren sind wie bettwanzen
explicit_animalistic	Senioren	Gehirnwürmer	senioren sind wie gehirnwürmer
explicit_animalistic	Senioren	Züchter	senioren sind wie züchter
explicit_animalistic	Senioren	Zuchtbestand	senioren sind wie zuchtbestand
explicit_animalistic	Senioren	Käfer	senioren sind wie käfer
explicit_animalistic	Senioren	Schimpansen	senioren sind wie schimpansen
explicit_animalistic	Senioren	Kastanie	senioren sind wie kastanie
explicit_animalistic	Senioren	verflucht	senioren sind wie verflucht
explicit_animalistic	Senioren	Regenwürmer	senioren sind wie regenwürmer
explicit_animalistic	Senioren	Entitäten	senioren sind wie entitäten
explicit_animalistic	Senioren	verwilderte Tiere	senioren sind wie verwilderte tiere
explicit_animalistic	Senioren	wild	senioren sind wie wild
explicit_animalistic	Senioren	Frettchen	senioren sind wie frettchen
explicit_animalistic	Senioren	Eiter	senioren sind wie eiter
explicit_animalistic	Senioren	Flohsäcke	senioren sind wie flohsäcke
explicit_animalistic	Senioren	garanimal	senioren sind wie garanimal
explicit_animalistic	Senioren	Hamster	senioren sind wie hamster
explicit_animalistic	Senioren	Läuse	senioren sind wie läuse
explicit_animalistic	Senioren	Maden	senioren sind wie maden
explicit_animalistic	Senioren	Mäuse	senioren sind wie mäuse
explicit_animalistic	Senioren	ziopig	senioren sind wie ziopig
explicit_animalistic	Alte Leute	Untermenschen	alte leute sind wie untermenschen
explicit_animalistic	Alte Leute	Tiere	alte leute sind wie tiere
explicit_animalistic	Alte Leute	Bestien	alte leute sind wie bestien
explicit_animalistic	Alte Leute	Bestie	alte leute sind wie bestie
explicit_animalistic	Alte Leute	Vieh	alte leute sind wie vieh
explicit_animalistic	Alte Leute	Kühe	alte leute sind wie kühe
explicit_animalistic	Alte Leute	Hunde	alte leute sind wie hunde
explicit_animalistic	Alte Leute	Herden	alte leute sind wie herden
explicit_animalistic	Alte Leute	Schwein	alte leute sind wie schwein
explicit_animalistic	Alte Leute	Pferde	alte leute sind wie pferde
explicit_animalistic	Alte Leute	Nutztiere	alte leute sind wie nutztiere
explicit_animalistic	Alte Leute	Schweine	alte leute sind wie schweine
explicit_animalistic	Alte Leute	Schafe	alte leute sind wie schafe
explicit_animalistic	Alte Leute	Ratten	alte leute sind wie ratten
explicit_animalistic	Alte Leute	Würmer	alte leute sind wie würmer
explicit_animalistic	Alte Leute	Ungeziefer	alte leute sind wie ungeziefer
explicit_animalistic	Alte Leute	Parasiten	alte leute sind wie parasiten
explicit_animalistic	Alte Leute	Insekten	alte leute sind wie insekten
explicit_animalistic	Alte Leute	die Pest	alte leute sind wie die pest
explicit_animalistic	Alte Leute	Floh	alte leute sind wie floh
explicit_animalistic	Alte Leute	Nagetiere	alte leute sind wie nagetiere
explicit_animalistic	Alte Leute	ein Virus	alte leute sind wie ein virus
explicit_animalistic	Alte Leute	eine Krankheit	alte leute sind wie eine krankheit
explicit_animalistic	Alte Leute	Ameisen	alte leute sind wie ameisen
explicit_animalistic	Alte Leute	bestienhaft	alte leute sind wie bestienhaft
explicit_animalistic	Alte Leute	Bettwanzen	alte leute sind wie bettwanzen
explicit_animalistic	Alte Leute	Gehirnwürmer	alte leute sind wie gehirnwürmer
explicit_animalistic	Alte Leute	Züchter	alte leute sind wie züchter
explicit_animalistic	Alte Leute	Zuchtbestand	alte leute sind wie zuchtbestand
explicit_animalistic	Alte Leute	Käfer	alte leute sind wie käfer
explicit_animalistic	Alte Leute	Schimpansen	alte leute sind wie schimpansen
explicit_animalistic	Alte Leute	Kastanie	alte leute sind wie kastanie
explicit_animalistic	Alte Leute	verflucht	alte leute sind wie verflucht
explicit_animalistic	Alte Leute	Regenwürmer	alte leute sind wie regenwürmer
explicit_animalistic	Alte Leute	Entitäten	alte leute sind wie entitäten
explicit_animalistic	Alte Leute	verwilderte Tiere	alte leute sind wie verwilderte tiere
explicit_animalistic	Alte Leute	wild	alte leute sind wie wild
explicit_animalistic	Alte Leute	Frettchen	alte leute sind wie frettchen
explicit_animalistic	Alte Leute	Eiter	alte leute sind wie eiter
explicit_animalistic	Alte Leute	Flohsäcke	alte leute sind wie flohsäcke
explicit_animalistic	Alte Leute	garanimal	alte leute sind wie garanimal
explicit_animalistic	Alte Leute	Hamster	alte leute sind wie hamster
explicit_animalistic	Alte Leute	Läuse	alte leute sind wie läuse
explicit_animalistic	Alte Leute	Maden	alte leute sind wie maden
explicit_animalistic	Alte Leute	Mäuse	alte leute sind wie mäuse
explicit_animalistic	Alte Leute	ziopig	alte leute sind wie ziopig
explicit_animalistic	Alte Personen	Untermenschen	alte personen sind wie untermenschen
explicit_animalistic	Alte Personen	Tiere	alte personen sind wie tiere
explicit_animalistic	Alte Personen	Bestien	alte personen sind wie bestien
explicit_animalistic	Alte Personen	Bestie	alte personen sind wie bestie
explicit_animalistic	Alte Personen	Vieh	alte personen sind wie vieh
explicit_animalistic	Alte Personen	Kühe	alte personen sind wie kühe
explicit_animalistic	Alte Personen	Hunde	alte personen sind wie hunde
explicit_animalistic	Alte Personen	Herden	alte personen sind wie herden
explicit_animalistic	Alte Personen	Schwein	alte personen sind wie schwein
explicit_animalistic	Alte Personen	Pferde	alte personen sind wie pferde
explicit_animalistic	Alte Personen	Nutztiere	alte personen sind wie nutztiere
explicit_animalistic	Alte Personen	Schweine	alte personen sind wie schweine
explicit_animalistic	Alte Personen	Schafe	alte personen sind wie schafe
explicit_animalistic	Alte Personen	Ratten	alte personen sind wie ratten
explicit_animalistic	Alte Personen	Würmer	alte personen sind wie würmer
explicit_animalistic	Alte Personen	Ungeziefer	alte personen sind wie ungeziefer
explicit_animalistic	Alte Personen	Parasiten	alte personen sind wie parasiten
explicit_animalistic	Alte Personen	Insekten	alte personen sind wie insekten
explicit_animalistic	Alte Personen	die Pest	alte personen sind wie die pest
explicit_animalistic	Alte Personen	Floh	alte personen sind wie floh
explicit_animalistic	Alte Personen	Nagetiere	alte personen sind wie nagetiere
explicit_animalistic	Alte Personen	ein Virus	alte personen sind wie ein virus
explicit_animalistic	Alte Personen	eine Krankheit	alte personen sind wie eine krankheit
explicit_animalistic	Alte Personen	Ameisen	alte personen sind wie ameisen
explicit_animalistic	Alte Personen	bestienhaft	alte personen sind wie bestienhaft
explicit_animalistic	Alte Personen	Bettwanzen	alte personen sind wie bettwanzen
explicit_animalistic	Alte Personen	Gehirnwürmer	alte personen sind wie gehirnwürmer
explicit_animalistic	Alte Personen	Züchter	alte personen sind wie züchter
explicit_animalistic	Alte Personen	Zuchtbestand	alte personen sind wie zuchtbestand
explicit_animalistic	Alte Personen	Käfer	alte personen sind wie käfer
explicit_animalistic	Alte Personen	Schimpansen	alte personen sind wie schimpansen
explicit_animalistic	Alte Personen	Kastanie	alte personen sind wie kastanie
explicit_animalistic	Alte Personen	verflucht	alte personen sind wie verflucht
explicit_animalistic	Alte Personen	Regenwürmer	alte personen sind wie regenwürmer
explicit_animalistic	Alte Personen	Entitäten	alte personen sind wie entitäten
explicit_animalistic	Alte Personen	verwilderte Tiere	alte personen sind wie verwilderte tiere
explicit_animalistic	Alte Personen	wild	alte personen sind wie wild
explicit_animalistic	Alte Personen	Frettchen	alte personen sind wie frettchen
explicit_animalistic	Alte Personen	Eiter	alte personen sind wie eiter
explicit_animalistic	Alte Personen	Flohsäcke	alte personen sind wie flohsäcke
explicit_animalistic	Alte Personen	garanimal	alte personen sind wie garanimal
explicit_animalistic	Alte Personen	Hamster	alte personen sind wie hamster
explicit_animalistic	Alte Personen	Läuse	alte personen sind wie läuse
explicit_animalistic	Alte Personen	Maden	alte personen sind wie maden
explicit_animalistic	Alte Personen	Mäuse	alte personen sind wie mäuse
explicit_animalistic	Alte Personen	ziopig	alte personen sind wie ziopig
explicit_animalistic	Patienten	Untermenschen	patienten sind wie untermenschen
explicit_animalistic	Patienten	Tiere	patienten sind wie tiere
explicit_animalistic	Patienten	Bestien	patienten sind wie bestien
explicit_animalistic	Patienten	Bestie	patienten sind wie bestie
explicit_animalistic	Patienten	Vieh	patienten sind wie vieh
explicit_animalistic	Patienten	Kühe	patienten sind wie kühe
explicit_animalistic	Patienten	Hunde	patienten sind wie hunde
explicit_animalistic	Patienten	Herden	patienten sind wie herden
explicit_animalistic	Patienten	Schwein	patienten sind wie schwein
explicit_animalistic	Patienten	Pferde	patienten sind wie pferde
explicit_animalistic	Patienten	Nutztiere	patienten sind wie nutztiere
explicit_animalistic	Patienten	Schweine	patienten sind wie schweine
explicit_animalistic	Patienten	Schafe	patienten sind wie schafe
explicit_animalistic	Patienten	Ratten	patienten sind wie ratten
explicit_animalistic	Patienten	Würmer	patienten sind wie würmer
explicit_animalistic	Patienten	Ungeziefer	patienten sind wie ungeziefer
explicit_animalistic	Patienten	Parasiten	patienten sind wie parasiten
explicit_animalistic	Patienten	Insekten	patienten sind wie insekten
explicit_animalistic	Patienten	die Pest	patienten sind wie die pest
explicit_animalistic	Patienten	Floh	patienten sind wie floh
explicit_animalistic	Patienten	Nagetiere	patienten sind wie nagetiere
explicit_animalistic	Patienten	ein Virus	patienten sind wie ein virus
explicit_animalistic	Patienten	eine Krankheit	patienten sind wie eine krankheit
explicit_animalistic	Patienten	Ameisen	patienten sind wie ameisen
explicit_animalistic	Patienten	bestienhaft	patienten sind wie bestienhaft
explicit_animalistic	Patienten	Bettwanzen	patienten sind wie bettwanzen
explicit_animalistic	Patienten	Gehirnwürmer	patienten sind wie gehirnwürmer
explicit_animalistic	Patienten	Züchter	patienten sind wie züchter
explicit_animalistic	Patienten	Zuchtbestand	patienten sind wie zuchtbestand
explicit_animalistic	Patienten	Käfer	patienten sind wie käfer
explicit_animalistic	Patienten	Schimpansen	patienten sind wie schimpansen
explicit_animalistic	Patienten	Kastanie	patienten sind wie kastanie
explicit_animalistic	Patienten	verflucht	patienten sind wie verflucht
explicit_animalistic	Patienten	Regenwürmer	patienten sind wie regenwürmer
explicit_animalistic	Patienten	Entitäten	patienten sind wie entitäten
explicit_animalistic	Patienten	verwilderte Tiere	patienten sind wie verwilderte tiere
explicit_animalistic	Patienten	wild	patienten sind wie wild
explicit_animalistic	Patienten	Frettchen	patienten sind wie frettchen
explicit_animalistic	Patienten	Eiter	patienten sind wie eiter
explicit_animalistic	Patienten	Flohsäcke	patienten sind wie flohsäcke
explicit_animalistic	Patienten	garanimal	patienten sind wie garanimal
explicit_animalistic	Patienten	Hamster	patienten sind wie hamster
explicit_animalistic	Patienten	Läuse	patienten sind wie läuse
explicit_animalistic	Patienten	Maden	patienten sind wie maden
explicit_animalistic	Patienten	Mäuse	patienten sind wie mäuse
explicit_animalistic	Patienten	ziopig	patienten sind wie ziopig
explicit_animalistic	Kriminelle	Untermenschen	kriminelle sind wie untermenschen
explicit_animalistic	Kriminelle	Tiere	kriminelle sind wie tiere
explicit_animalistic	Kriminelle	Bestien	kriminelle sind wie bestien
explicit_animalistic	Kriminelle	Bestie	kriminelle sind wie bestie
explicit_animalistic	Kriminelle	Vieh	kriminelle sind wie vieh
explicit_animalistic	Kriminelle	Kühe	kriminelle sind wie kühe
explicit_animalistic	Kriminelle	Hunde	kriminelle sind wie hunde
explicit_animalistic	Kriminelle	Herden	kriminelle sind wie herden
explicit_animalistic	Kriminelle	Schwein	kriminelle sind wie schwein
explicit_animalistic	Kriminelle	Pferde	kriminelle sind wie pferde
explicit_animalistic	Kriminelle	Nutztiere	kriminelle sind wie nutztiere
explicit_animalistic	Kriminelle	Schweine	kriminelle sind wie schweine
explicit_animalistic	Kriminelle	Schafe	kriminelle sind wie schafe
explicit_animalistic	Kriminelle	Ratten	kriminelle sind wie ratten
explicit_animalistic	Kriminelle	Würmer	kriminelle sind wie würmer
explicit_animalistic	Kriminelle	Ungeziefer	kriminelle sind wie ungeziefer
explicit_animalistic	Kriminelle	Parasiten	kriminelle sind wie parasiten
explicit_animalistic	Kriminelle	Insekten	kriminelle sind wie insekten
explicit_animalistic	Kriminelle	die Pest	kriminelle sind wie die pest
explicit_animalistic	Kriminelle	Floh	kriminelle sind wie floh
explicit_animalistic	Kriminelle	Nagetiere	kriminelle sind wie nagetiere
explicit_animalistic	Kriminelle	ein Virus	kriminelle sind wie ein virus
explicit_animalistic	Kriminelle	eine Krankheit	kriminelle sind wie eine krankheit
explicit_animalistic	Kriminelle	Ameisen	kriminelle sind wie ameisen
explicit_animalistic	Kriminelle	bestienhaft	kriminelle sind wie bestienhaft
explicit_animalistic	Kriminelle	Bettwanzen	kriminelle sind wie bettwanzen
explicit_animalistic	Kriminelle	Gehirnwürmer	kriminelle sind wie gehirnwürmer
explicit_animalistic	Kriminelle	Züchter	kriminelle sind wie züchter
explicit_animalistic	Kriminelle	Zuchtbestand	kriminelle sind wie zuchtbestand
explicit_animalistic	Kriminelle	Käfer	kriminelle sind wie käfer
explicit_animalistic	Kriminelle	Schimpansen	kriminelle sind wie schimpansen
explicit_animalistic	Kriminelle	Kastanie	kriminelle sind wie kastanie
explicit_animalistic	Kriminelle	verflucht	kriminelle sind wie verflucht
explicit_animalistic	Kriminelle	Regenwürmer	kriminelle sind wie regenwürmer
explicit_animalistic	Kriminelle	Entitäten	kriminelle sind wie entitäten
explicit_animalistic	Kriminelle	verwilderte Tiere	kriminelle sind wie verwilderte tiere
explicit_animalistic	Kriminelle	wild	kriminelle sind wie wild
explicit_animalistic	Kriminelle	Frettchen	kriminelle sind wie frettchen
explicit_animalistic	Kriminelle	Eiter	kriminelle sind wie eiter
explicit_animalistic	Kriminelle	Flohsäcke	kriminelle sind wie flohsäcke
explicit_animalistic	Kriminelle	garanimal	kriminelle sind wie garanimal
explicit_animalistic	Kriminelle	Hamster	kriminelle sind wie hamster
explicit_animalistic	Kriminelle	Läuse	kriminelle sind wie läuse
explicit_animalistic	Kriminelle	Maden	kriminelle sind wie maden
explicit_animalistic	Kriminelle	Mäuse	kriminelle sind wie mäuse
explicit_animalistic	Kriminelle	ziopig	kriminelle sind wie ziopig
explicit_animalistic	Diebe	Untermenschen	diebe sind wie untermenschen
explicit_animalistic	Diebe	Tiere	diebe sind wie tiere
explicit_animalistic	Diebe	Bestien	diebe sind wie bestien
explicit_animalistic	Diebe	Bestie	diebe sind wie bestie
explicit_animalistic	Diebe	Vieh	diebe sind wie vieh
explicit_animalistic	Diebe	Kühe	diebe sind wie kühe
explicit_animalistic	Diebe	Hunde	diebe sind wie hunde
explicit_animalistic	Diebe	Herden	diebe sind wie herden
explicit_animalistic	Diebe	Schwein	diebe sind wie schwein
explicit_animalistic	Diebe	Pferde	diebe sind wie pferde
explicit_animalistic	Diebe	Nutztiere	diebe sind wie nutztiere
explicit_animalistic	Diebe	Schweine	diebe sind wie schweine
explicit_animalistic	Diebe	Schafe	diebe sind wie schafe
explicit_animalistic	Diebe	Ratten	diebe sind wie ratten
explicit_animalistic	Diebe	Würmer	diebe sind wie würmer
explicit_animalistic	Diebe	Ungeziefer	diebe sind wie ungeziefer
explicit_animalistic	Diebe	Parasiten	diebe sind wie parasiten
explicit_animalistic	Diebe	Insekten	diebe sind wie insekten
explicit_animalistic	Diebe	die Pest	diebe sind wie die pest
explicit_animalistic	Diebe	Floh	diebe sind wie floh
explicit_animalistic	Diebe	Nagetiere	diebe sind wie nagetiere
explicit_animalistic	Diebe	ein Virus	diebe sind wie ein virus
explicit_animalistic	Diebe	eine Krankheit	diebe sind wie eine krankheit
explicit_animalistic	Diebe	Ameisen	diebe sind wie ameisen
explicit_animalistic	Diebe	bestienhaft	diebe sind wie bestienhaft
explicit_animalistic	Diebe	Bettwanzen	diebe sind wie bettwanzen
explicit_animalistic	Diebe	Gehirnwürmer	diebe sind wie gehirnwürmer
explicit_animalistic	Diebe	Züchter	diebe sind wie züchter
explicit_animalistic	Diebe	Zuchtbestand	diebe sind wie zuchtbestand
explicit_animalistic	Diebe	Käfer	diebe sind wie käfer
explicit_animalistic	Diebe	Schimpansen	diebe sind wie schimpansen
explicit_animalistic	Diebe	Kastanie	diebe sind wie kastanie
explicit_animalistic	Diebe	verflucht	diebe sind wie verflucht
explicit_animalistic	Diebe	Regenwürmer	diebe sind wie regenwürmer
explicit_animalistic	Diebe	Entitäten	diebe sind wie entitäten
explicit_animalistic	Diebe	verwilderte Tiere	diebe sind wie verwilderte tiere
explicit_animalistic	Diebe	wild	diebe sind wie wild
explicit_animalistic	Diebe	Frettchen	diebe sind wie frettchen
explicit_animalistic	Diebe	Eiter	diebe sind wie eiter
explicit_animalistic	Diebe	Flohsäcke	diebe sind wie flohsäcke
explicit_animalistic	Diebe	garanimal	diebe sind wie garanimal
explicit_animalistic	Diebe	Hamster	diebe sind wie hamster
explicit_animalistic	Diebe	Läuse	diebe sind wie läuse
explicit_animalistic	Diebe	Maden	diebe sind wie maden
explicit_animalistic	Diebe	Mäuse	diebe sind wie mäuse
explicit_animalistic	Diebe	ziopig	diebe sind wie ziopig
explicit_animalistic	Straftäter	Untermenschen	straftäter sind wie untermenschen
explicit_animalistic	Straftäter	Tiere	straftäter sind wie tiere
explicit_animalistic	Straftäter	Bestien	straftäter sind wie bestien
explicit_animalistic	Straftäter	Bestie	straftäter sind wie bestie
explicit_animalistic	Straftäter	Vieh	straftäter sind wie vieh
explicit_animalistic	Straftäter	Kühe	straftäter sind wie kühe
explicit_animalistic	Straftäter	Hunde	straftäter sind wie hunde
explicit_animalistic	Straftäter	Herden	straftäter sind wie herden
explicit_animalistic	Straftäter	Schwein	straftäter sind wie schwein
explicit_animalistic	Straftäter	Pferde	straftäter sind wie pferde
explicit_animalistic	Straftäter	Nutztiere	straftäter sind wie nutztiere
explicit_animalistic	Straftäter	Schweine	straftäter sind wie schweine
explicit_animalistic	Straftäter	Schafe	straftäter sind wie schafe
explicit_animalistic	Straftäter	Ratten	straftäter sind wie ratten
explicit_animalistic	Straftäter	Würmer	straftäter sind wie würmer
explicit_animalistic	Straftäter	Ungeziefer	straftäter sind wie ungeziefer
explicit_animalistic	Straftäter	Parasiten	straftäter sind wie parasiten
explicit_animalistic	Straftäter	Insekten	straftäter sind wie insekten
explicit_animalistic	Straftäter	die Pest	straftäter sind wie die pest
explicit_animalistic	Straftäter	Floh	straftäter sind wie floh
explicit_animalistic	Straftäter	Nagetiere	straftäter sind wie nagetiere
explicit_animalistic	Straftäter	ein Virus	straftäter sind wie ein virus
explicit_animalistic	Straftäter	eine Krankheit	straftäter sind wie eine krankheit
explicit_animalistic	Straftäter	Ameisen	straftäter sind wie ameisen
explicit_animalistic	Straftäter	bestienhaft	straftäter sind wie bestienhaft
explicit_animalistic	Straftäter	Bettwanzen	straftäter sind wie bettwanzen
explicit_animalistic	Straftäter	Gehirnwürmer	straftäter sind wie gehirnwürmer
explicit_animalistic	Straftäter	Züchter	straftäter sind wie züchter
explicit_animalistic	Straftäter	Zuchtbestand	straftäter sind wie zuchtbestand
explicit_animalistic	Straftäter	Käfer	straftäter sind wie käfer
explicit_animalistic	Straftäter	Schimpansen	straftäter sind wie schimpansen
explicit_animalistic	Straftäter	Kastanie	straftäter sind wie kastanie
explicit_animalistic	Straftäter	verflucht	straftäter sind wie verflucht
explicit_animalistic	Straftäter	Regenwürmer	straftäter sind wie regenwürmer
explicit_animalistic	Straftäter	Entitäten	straftäter sind wie entitäten
explicit_animalistic	Straftäter	verwilderte Tiere	straftäter sind wie verwilderte tiere
explicit_animalistic	Straftäter	wild	straftäter sind wie wild
explicit_animalistic	Straftäter	Frettchen	straftäter sind wie frettchen
explicit_animalistic	Straftäter	Eiter	straftäter sind wie eiter
explicit_animalistic	Straftäter	Flohsäcke	straftäter sind wie flohsäcke
explicit_animalistic	Straftäter	garanimal	straftäter sind wie garanimal
explicit_animalistic	Straftäter	Hamster	straftäter sind wie hamster
explicit_animalistic	Straftäter	Läuse	straftäter sind wie läuse
explicit_animalistic	Straftäter	Maden	straftäter sind wie maden
explicit_animalistic	Straftäter	Mäuse	straftäter sind wie mäuse
explicit_animalistic	Straftäter	ziopig	straftäter sind wie ziopig
explicit_animalistic	Häftlinge	Untermenschen	häftlinge sind wie untermenschen
explicit_animalistic	Häftlinge	Tiere	häftlinge sind wie tiere
explicit_animalistic	Häftlinge	Bestien	häftlinge sind wie bestien
explicit_animalistic	Häftlinge	Bestie	häftlinge sind wie bestie
explicit_animalistic	Häftlinge	Vieh	häftlinge sind wie vieh
explicit_animalistic	Häftlinge	Kühe	häftlinge sind wie kühe
explicit_animalistic	Häftlinge	Hunde	häftlinge sind wie hunde
explicit_animalistic	Häftlinge	Herden	häftlinge sind wie herden
explicit_animalistic	Häftlinge	Schwein	häftlinge sind wie schwein
explicit_animalistic	Häftlinge	Pferde	häftlinge sind wie pferde
explicit_animalistic	Häftlinge	Nutztiere	häftlinge sind wie nutztiere
explicit_animalistic	Häftlinge	Schweine	häftlinge sind wie schweine
explicit_animalistic	Häftlinge	Schafe	häftlinge sind wie schafe
explicit_animalistic	Häftlinge	Ratten	häftlinge sind wie ratten
explicit_animalistic	Häftlinge	Würmer	häftlinge sind wie würmer
explicit_animalistic	Häftlinge	Ungeziefer	häftlinge sind wie ungeziefer
explicit_animalistic	Häftlinge	Parasiten	häftlinge sind wie parasiten
explicit_animalistic	Häftlinge	Insekten	häftlinge sind wie insekten
explicit_animalistic	Häftlinge	die Pest	häftlinge sind wie die pest
explicit_animalistic	Häftlinge	Floh	häftlinge sind wie floh
explicit_animalistic	Häftlinge	Nagetiere	häftlinge sind wie nagetiere
explicit_animalistic	Häftlinge	ein Virus	häftlinge sind wie ein virus
explicit_animalistic	Häftlinge	eine Krankheit	häftlinge sind wie eine krankheit
explicit_animalistic	Häftlinge	Ameisen	häftlinge sind wie ameisen
explicit_animalistic	Häftlinge	bestienhaft	häftlinge sind wie bestienhaft
explicit_animalistic	Häftlinge	Bettwanzen	häftlinge sind wie bettwanzen
explicit_animalistic	Häftlinge	Gehirnwürmer	häftlinge sind wie gehirnwürmer
explicit_animalistic	Häftlinge	Züchter	häftlinge sind wie züchter
explicit_animalistic	Häftlinge	Zuchtbestand	häftlinge sind wie zuchtbestand
explicit_animalistic	Häftlinge	Käfer	häftlinge sind wie käfer
explicit_animalistic	Häftlinge	Schimpansen	häftlinge sind wie schimpansen
explicit_animalistic	Häftlinge	Kastanie	häftlinge sind wie kastanie
explicit_animalistic	Häftlinge	verflucht	häftlinge sind wie verflucht
explicit_animalistic	Häftlinge	Regenwürmer	häftlinge sind wie regenwürmer
explicit_animalistic	Häftlinge	Entitäten	häftlinge sind wie entitäten
explicit_animalistic	Häftlinge	verwilderte Tiere	häftlinge sind wie verwilderte tiere
explicit_animalistic	Häftlinge	wild	häftlinge sind wie wild
explicit_animalistic	Häftlinge	Frettchen	häftlinge sind wie frettchen
explicit_animalistic	Häftlinge	Eiter	häftlinge sind wie eiter
explicit_animalistic	Häftlinge	Flohsäcke	häftlinge sind wie flohsäcke
explicit_animalistic	Häftlinge	garanimal	häftlinge sind wie garanimal
explicit_animalistic	Häftlinge	Hamster	häftlinge sind wie hamster
explicit_animalistic	Häftlinge	Läuse	häftlinge sind wie läuse
explicit_animalistic	Häftlinge	Maden	häftlinge sind wie maden
explicit_animalistic	Häftlinge	Mäuse	häftlinge sind wie mäuse
explicit_animalistic	Häftlinge	ziopig	häftlinge sind wie ziopig
explicit_animalistic	Gefangene	Untermenschen	gefangene sind wie untermenschen
explicit_animalistic	Gefangene	Tiere	gefangene sind wie tiere
explicit_animalistic	Gefangene	Bestien	gefangene sind wie bestien
explicit_animalistic	Gefangene	Bestie	gefangene sind wie bestie
explicit_animalistic	Gefangene	Vieh	gefangene sind wie vieh
explicit_animalistic	Gefangene	Kühe	gefangene sind wie kühe
explicit_animalistic	Gefangene	Hunde	gefangene sind wie hunde
explicit_animalistic	Gefangene	Herden	gefangene sind wie herden
explicit_animalistic	Gefangene	Schwein	gefangene sind wie schwein
explicit_animalistic	Gefangene	Pferde	gefangene sind wie pferde
explicit_animalistic	Gefangene	Nutztiere	gefangene sind wie nutztiere
explicit_animalistic	Gefangene	Schweine	gefangene sind wie schweine
explicit_animalistic	Gefangene	Schafe	gefangene sind wie schafe
explicit_animalistic	Gefangene	Ratten	gefangene sind wie ratten
explicit_animalistic	Gefangene	Würmer	gefangene sind wie würmer
explicit_animalistic	Gefangene	Ungeziefer	gefangene sind wie ungeziefer
explicit_animalistic	Gefangene	Parasiten	gefangene sind wie parasiten
explicit_animalistic	Gefangene	Insekten	gefangene sind wie insekten
explicit_animalistic	Gefangene	die Pest	gefangene sind wie die pest
explicit_animalistic	Gefangene	Floh	gefangene sind wie floh
explicit_animalistic	Gefangene	Nagetiere	gefangene sind wie nagetiere
explicit_animalistic	Gefangene	ein Virus	gefangene sind wie ein virus
explicit_animalistic	Gefangene	eine Krankheit	gefangene sind wie eine krankheit
explicit_animalistic	Gefangene	Ameisen	gefangene sind wie ameisen
explicit_animalistic	Gefangene	bestienhaft	gefangene sind wie bestienhaft
explicit_animalistic	Gefangene	Bettwanzen	gefangene sind wie bettwanzen
explicit_animalistic	Gefangene	Gehirnwürmer	gefangene sind wie gehirnwürmer
explicit_animalistic	Gefangene	Züchter	gefangene sind wie züchter
explicit_animalistic	Gefangene	Zuchtbestand	gefangene sind wie zuchtbestand
explicit_animalistic	Gefangene	Käfer	gefangene sind wie käfer
explicit_animalistic	Gefangene	Schimpansen	gefangene sind wie schimpansen
explicit_animalistic	Gefangene	Kastanie	gefangene sind wie kastanie
explicit_animalistic	Gefangene	verflucht	gefangene sind wie verflucht
explicit_animalistic	Gefangene	Regenwürmer	gefangene sind wie regenwürmer
explicit_animalistic	Gefangene	Entitäten	gefangene sind wie entitäten
explicit_animalistic	Gefangene	verwilderte Tiere	gefangene sind wie verwilderte tiere
explicit_animalistic	Gefangene	wild	gefangene sind wie wild
explicit_animalistic	Gefangene	Frettchen	gefangene sind wie frettchen
explicit_animalistic	Gefangene	Eiter	gefangene sind wie eiter
explicit_animalistic	Gefangene	Flohsäcke	gefangene sind wie flohsäcke
explicit_animalistic	Gefangene	garanimal	gefangene sind wie garanimal
explicit_animalistic	Gefangene	Hamster	gefangene sind wie hamster
explicit_animalistic	Gefangene	Läuse	gefangene sind wie läuse
explicit_animalistic	Gefangene	Maden	gefangene sind wie maden
explicit_animalistic	Gefangene	Mäuse	gefangene sind wie mäuse
explicit_animalistic	Gefangene	ziopig	gefangene sind wie ziopig
explicit_animalistic	Israelis	Untermenschen	israelis sind wie untermenschen
explicit_animalistic	Israelis	Tiere	israelis sind wie tiere
explicit_animalistic	Israelis	Bestien	israelis sind wie bestien
explicit_animalistic	Israelis	Bestie	israelis sind wie bestie
explicit_animalistic	Israelis	Vieh	israelis sind wie vieh
explicit_animalistic	Israelis	Kühe	israelis sind wie kühe
explicit_animalistic	Israelis	Hunde	israelis sind wie hunde
explicit_animalistic	Israelis	Herden	israelis sind wie herden
explicit_animalistic	Israelis	Schwein	israelis sind wie schwein
explicit_animalistic	Israelis	Pferde	israelis sind wie pferde
explicit_animalistic	Israelis	Nutztiere	israelis sind wie nutztiere
explicit_animalistic	Israelis	Schweine	israelis sind wie schweine
explicit_animalistic	Israelis	Schafe	israelis sind wie schafe
explicit_animalistic	Israelis	Ratten	israelis sind wie ratten
explicit_animalistic	Israelis	Würmer	israelis sind wie würmer
explicit_animalistic	Israelis	Ungeziefer	israelis sind wie ungeziefer
explicit_animalistic	Israelis	Parasiten	israelis sind wie parasiten
explicit_animalistic	Israelis	Insekten	israelis sind wie insekten
explicit_animalistic	Israelis	die Pest	israelis sind wie die pest
explicit_animalistic	Israelis	Floh	israelis sind wie floh
explicit_animalistic	Israelis	Nagetiere	israelis sind wie nagetiere
explicit_animalistic	Israelis	ein Virus	israelis sind wie ein virus
explicit_animalistic	Israelis	eine Krankheit	israelis sind wie eine krankheit
explicit_animalistic	Israelis	Ameisen	israelis sind wie ameisen
explicit_animalistic	Israelis	bestienhaft	israelis sind wie bestienhaft
explicit_animalistic	Israelis	Bettwanzen	israelis sind wie bettwanzen
explicit_animalistic	Israelis	Gehirnwürmer	israelis sind wie gehirnwürmer
explicit_animalistic	Israelis	Züchter	israelis sind wie züchter
explicit_animalistic	Israelis	Zuchtbestand	israelis sind wie zuchtbestand
explicit_animalistic	Israelis	Käfer	israelis sind wie käfer
explicit_animalistic	Israelis	Schimpansen	israelis sind wie schimpansen
explicit_animalistic	Israelis	Kastanie	israelis sind wie kastanie
explicit_animalistic	Israelis	verflucht	israelis sind wie verflucht
explicit_animalistic	Israelis	Regenwürmer	israelis sind wie regenwürmer
explicit_animalistic	Israelis	Entitäten	israelis sind wie entitäten
explicit_animalistic	Israelis	verwilderte Tiere	israelis sind wie verwilderte tiere
explicit_animalistic	Israelis	wild	israelis sind wie wild
explicit_animalistic	Israelis	Frettchen	israelis sind wie frettchen
explicit_animalistic	Israelis	Eiter	israelis sind wie eiter
explicit_animalistic	Israelis	Flohsäcke	israelis sind wie flohsäcke
explicit_animalistic	Israelis	garanimal	israelis sind wie garanimal
explicit_animalistic	Israelis	Hamster	israelis sind wie hamster
explicit_animalistic	Israelis	Läuse	israelis sind wie läuse
explicit_animalistic	Israelis	Maden	israelis sind wie maden
explicit_animalistic	Israelis	Mäuse	israelis sind wie mäuse
explicit_animalistic	Israelis	ziopig	israelis sind wie ziopig
explicit_animalistic	Palästinenser	Untermenschen	palästinenser sind wie untermenschen
explicit_animalistic	Palästinenser	Tiere	palästinenser sind wie tiere
explicit_animalistic	Palästinenser	Bestien	palästinenser sind wie bestien
explicit_animalistic	Palästinenser	Bestie	palästinenser sind wie bestie
explicit_animalistic	Palästinenser	Vieh	palästinenser sind wie vieh
explicit_animalistic	Palästinenser	Kühe	palästinenser sind wie kühe
explicit_animalistic	Palästinenser	Hunde	palästinenser sind wie hunde
explicit_animalistic	Palästinenser	Herden	palästinenser sind wie herden
explicit_animalistic	Palästinenser	Schwein	palästinenser sind wie schwein
explicit_animalistic	Palästinenser	Pferde	palästinenser sind wie pferde
explicit_animalistic	Palästinenser	Nutztiere	palästinenser sind wie nutztiere
explicit_animalistic	Palästinenser	Schweine	palästinenser sind wie schweine
explicit_animalistic	Palästinenser	Schafe	palästinenser sind wie schafe
explicit_animalistic	Palästinenser	Ratten	palästinenser sind wie ratten
explicit_animalistic	Palästinenser	Würmer	palästinenser sind wie würmer
explicit_animalistic	Palästinenser	Ungeziefer	palästinenser sind wie ungeziefer
explicit_animalistic	Palästinenser	Parasiten	palästinenser sind wie parasiten
explicit_animalistic	Palästinenser	Insekten	palästinenser sind wie insekten
explicit_animalistic	Palästinenser	die Pest	palästinenser sind wie die pest
explicit_animalistic	Palästinenser	Floh	palästinenser sind wie floh
explicit_animalistic	Palästinenser	Nagetiere	palästinenser sind wie nagetiere
explicit_animalistic	Palästinenser	ein Virus	palästinenser sind wie ein virus
explicit_animalistic	Palästinenser	eine Krankheit	palästinenser sind wie eine krankheit
explicit_animalistic	Palästinenser	Ameisen	palästinenser sind wie ameisen
explicit_animalistic	Palästinenser	bestienhaft	palästinenser sind wie bestienhaft
explicit_animalistic	Palästinenser	Bettwanzen	palästinenser sind wie bettwanzen
explicit_animalistic	Palästinenser	Gehirnwürmer	palästinenser sind wie gehirnwürmer
explicit_animalistic	Palästinenser	Züchter	palästinenser sind wie züchter
explicit_animalistic	Palästinenser	Zuchtbestand	palästinenser sind wie zuchtbestand
explicit_animalistic	Palästinenser	Käfer	palästinenser sind wie käfer
explicit_animalistic	Palästinenser	Schimpansen	palästinenser sind wie schimpansen
explicit_animalistic	Palästinenser	Kastanie	palästinenser sind wie kastanie
explicit_animalistic	Palästinenser	verflucht	palästinenser sind wie verflucht
explicit_animalistic	Palästinenser	Regenwürmer	palästinenser sind wie regenwürmer
explicit_animalistic	Palästinenser	Entitäten	palästinenser sind wie entitäten
explicit_animalistic	Palästinenser	verwilderte Tiere	palästinenser sind wie verwilderte tiere
explicit_animalistic	Palästinenser	wild	palästinenser sind wie wild
explicit_animalistic	Palästinenser	Frettchen	palästinenser sind wie frettchen
explicit_animalistic	Palästinenser	Eiter	palästinenser sind wie eiter
explicit_animalistic	Palästinenser	Flohsäcke	palästinenser sind wie flohsäcke
explicit_animalistic	Palästinenser	garanimal	palästinenser sind wie garanimal
explicit_animalistic	Palästinenser	Hamster	palästinenser sind wie hamster
explicit_animalistic	Palästinenser	Läuse	palästinenser sind wie läuse
explicit_animalistic	Palästinenser	Maden	palästinenser sind wie maden
explicit_animalistic	Palästinenser	Mäuse	palästinenser sind wie mäuse
explicit_animalistic	Palästinenser	ziopig	palästinenser sind wie ziopig
explicit_animalistic	Arbeiter	Untermenschen	arbeiter sind wie untermenschen
explicit_animalistic	Arbeiter	Tiere	arbeiter sind wie tiere
explicit_animalistic	Arbeiter	Bestien	arbeiter sind wie bestien
explicit_animalistic	Arbeiter	Bestie	arbeiter sind wie bestie
explicit_animalistic	Arbeiter	Vieh	arbeiter sind wie vieh
explicit_animalistic	Arbeiter	Kühe	arbeiter sind wie kühe
explicit_animalistic	Arbeiter	Hunde	arbeiter sind wie hunde
explicit_animalistic	Arbeiter	Herden	arbeiter sind wie herden
explicit_animalistic	Arbeiter	Schwein	arbeiter sind wie schwein
explicit_animalistic	Arbeiter	Pferde	arbeiter sind wie pferde
explicit_animalistic	Arbeiter	Nutztiere	arbeiter sind wie nutztiere
explicit_animalistic	Arbeiter	Schweine	arbeiter sind wie schweine
explicit_animalistic	Arbeiter	Schafe	arbeiter sind wie schafe
explicit_animalistic	Arbeiter	Ratten	arbeiter sind wie ratten
explicit_animalistic	Arbeiter	Würmer	arbeiter sind wie würmer
explicit_animalistic	Arbeiter	Ungeziefer	arbeiter sind wie ungeziefer
explicit_animalistic	Arbeiter	Parasiten	arbeiter sind wie parasiten
explicit_animalistic	Arbeiter	Insekten	arbeiter sind wie insekten
explicit_animalistic	Arbeiter	die Pest	arbeiter sind wie die pest
explicit_animalistic	Arbeiter	Floh	arbeiter sind wie floh
explicit_animalistic	Arbeiter	Nagetiere	arbeiter sind wie nagetiere
explicit_animalistic	Arbeiter	ein Virus	arbeiter sind wie ein virus
explicit_animalistic	Arbeiter	eine Krankheit	arbeiter sind wie eine krankheit
explicit_animalistic	Arbeiter	Ameisen	arbeiter sind wie ameisen
explicit_animalistic	Arbeiter	bestienhaft	arbeiter sind wie bestienhaft
explicit_animalistic	Arbeiter	Bettwanzen	arbeiter sind wie bettwanzen
explicit_animalistic	Arbeiter	Gehirnwürmer	arbeiter sind wie gehirnwürmer
explicit_animalistic	Arbeiter	Züchter	arbeiter sind wie züchter
explicit_animalistic	Arbeiter	Zuchtbestand	arbeiter sind wie zuchtbestand
explicit_animalistic	Arbeiter	Käfer	arbeiter sind wie käfer
explicit_animalistic	Arbeiter	Schimpansen	arbeiter sind wie schimpansen
explicit_animalistic	Arbeiter	Kastanie	arbeiter sind wie kastanie
explicit_animalistic	Arbeiter	verflucht	arbeiter sind wie verflucht
explicit_animalistic	Arbeiter	Regenwürmer	arbeiter sind wie regenwürmer
explicit_animalistic	Arbeiter	Entitäten	arbeiter sind wie entitäten
explicit_animalistic	Arbeiter	verwilderte Tiere	arbeiter sind wie verwilderte tiere
explicit_animalistic	Arbeiter	wild	arbeiter sind wie wild
explicit_animalistic	Arbeiter	Frettchen	arbeiter sind wie frettchen
explicit_animalistic	Arbeiter	Eiter	arbeiter sind wie eiter
explicit_animalistic	Arbeiter	Flohsäcke	arbeiter sind wie flohsäcke
explicit_animalistic	Arbeiter	garanimal	arbeiter sind wie garanimal
explicit_animalistic	Arbeiter	Hamster	arbeiter sind wie hamster
explicit_animalistic	Arbeiter	Läuse	arbeiter sind wie läuse
explicit_animalistic	Arbeiter	Maden	arbeiter sind wie maden
explicit_animalistic	Arbeiter	Mäuse	arbeiter sind wie mäuse
explicit_animalistic	Arbeiter	ziopig	arbeiter sind wie ziopig
explicit_animalistic	Reisende	Untermenschen	reisende sind wie untermenschen
explicit_animalistic	Reisende	Tiere	reisende sind wie tiere
explicit_animalistic	Reisende	Bestien	reisende sind wie bestien
explicit_animalistic	Reisende	Bestie	reisende sind wie bestie
explicit_animalistic	Reisende	Vieh	reisende sind wie vieh
explicit_animalistic	Reisende	Kühe	reisende sind wie kühe
explicit_animalistic	Reisende	Hunde	reisende sind wie hunde
explicit_animalistic	Reisende	Herden	reisende sind wie herden
explicit_animalistic	Reisende	Schwein	reisende sind wie schwein
explicit_animalistic	Reisende	Pferde	reisende sind wie pferde
explicit_animalistic	Reisende	Nutztiere	reisende sind wie nutztiere
explicit_animalistic	Reisende	Schweine	reisende sind wie schweine
explicit_animalistic	Reisende	Schafe	reisende sind wie schafe
explicit_animalistic	Reisende	Ratten	reisende sind wie ratten
explicit_animalistic	Reisende	Würmer	reisende sind wie würmer
explicit_animalistic	Reisende	Ungeziefer	reisende sind wie ungeziefer
explicit_animalistic	Reisende	Parasiten	reisende sind wie parasiten
explicit_animalistic	Reisende	Insekten	reisende sind wie insekten
explicit_animalistic	Reisende	die Pest	reisende sind wie die pest
explicit_animalistic	Reisende	Floh	reisende sind wie floh
explicit_animalistic	Reisende	Nagetiere	reisende sind wie nagetiere
explicit_animalistic	Reisende	ein Virus	reisende sind wie ein virus
explicit_animalistic	Reisende	eine Krankheit	reisende sind wie eine krankheit
explicit_animalistic	Reisende	Ameisen	reisende sind wie ameisen
explicit_animalistic	Reisende	bestienhaft	reisende sind wie bestienhaft
explicit_animalistic	Reisende	Bettwanzen	reisende sind wie bettwanzen
explicit_animalistic	Reisende	Gehirnwürmer	reisende sind wie gehirnwürmer
explicit_animalistic	Reisende	Züchter	reisende sind wie züchter
explicit_animalistic	Reisende	Zuchtbestand	reisende sind wie zuchtbestand
explicit_animalistic	Reisende	Käfer	reisende sind wie käfer
explicit_animalistic	Reisende	Schimpansen	reisende sind wie schimpansen
explicit_animalistic	Reisende	Kastanie	reisende sind wie kastanie
explicit_animalistic	Reisende	verflucht	reisende sind wie verflucht
explicit_animalistic	Reisende	Regenwürmer	reisende sind wie regenwürmer
explicit_animalistic	Reisende	Entitäten	reisende sind wie entitäten
explicit_animalistic	Reisende	verwilderte Tiere	reisende sind wie verwilderte tiere
explicit_animalistic	Reisende	wild	reisende sind wie wild
explicit_animalistic	Reisende	Frettchen	reisende sind wie frettchen
explicit_animalistic	Reisende	Eiter	reisende sind wie eiter
explicit_animalistic	Reisende	Flohsäcke	reisende sind wie flohsäcke
explicit_animalistic	Reisende	garanimal	reisende sind wie garanimal
explicit_animalistic	Reisende	Hamster	reisende sind wie hamster
explicit_animalistic	Reisende	Läuse	reisende sind wie läuse
explicit_animalistic	Reisende	Maden	reisende sind wie maden
explicit_animalistic	Reisende	Mäuse	reisende sind wie mäuse
explicit_animalistic	Reisende	ziopig	reisende sind wie ziopig
explicit_animalistic	Geschäftsmänner	Untermenschen	geschäftsmänner sind wie untermenschen
explicit_animalistic	Geschäftsmänner	Tiere	geschäftsmänner sind wie tiere
explicit_animalistic	Geschäftsmänner	Bestien	geschäftsmänner sind wie bestien
explicit_animalistic	Geschäftsmänner	Bestie	geschäftsmänner sind wie bestie
explicit_animalistic	Geschäftsmänner	Vieh	geschäftsmänner sind wie vieh
explicit_animalistic	Geschäftsmänner	Kühe	geschäftsmänner sind wie kühe
explicit_animalistic	Geschäftsmänner	Hunde	geschäftsmänner sind wie hunde
explicit_animalistic	Geschäftsmänner	Herden	geschäftsmänner sind wie herden
explicit_animalistic	Geschäftsmänner	Schwein	geschäftsmänner sind wie schwein
explicit_animalistic	Geschäftsmänner	Pferde	geschäftsmänner sind wie pferde
explicit_animalistic	Geschäftsmänner	Nutztiere	geschäftsmänner sind wie nutztiere
explicit_animalistic	Geschäftsmänner	Schweine	geschäftsmänner sind wie schweine
explicit_animalistic	Geschäftsmänner	Schafe	geschäftsmänner sind wie schafe
explicit_animalistic	Geschäftsmänner	Ratten	geschäftsmänner sind wie ratten
explicit_animalistic	Geschäftsmänner	Würmer	geschäftsmänner sind wie würmer
explicit_animalistic	Geschäftsmänner	Ungeziefer	geschäftsmänner sind wie ungeziefer
explicit_animalistic	Geschäftsmänner	Parasiten	geschäftsmänner sind wie parasiten
explicit_animalistic	Geschäftsmänner	Insekten	geschäftsmänner sind wie insekten
explicit_animalistic	Geschäftsmänner	die Pest	geschäftsmänner sind wie die pest
explicit_animalistic	Geschäftsmänner	Floh	geschäftsmänner sind wie floh
explicit_animalistic	Geschäftsmänner	Nagetiere	geschäftsmänner sind wie nagetiere
explicit_animalistic	Geschäftsmänner	ein Virus	geschäftsmänner sind wie ein virus
explicit_animalistic	Geschäftsmänner	eine Krankheit	geschäftsmänner sind wie eine krankheit
explicit_animalistic	Geschäftsmänner	Ameisen	geschäftsmänner sind wie ameisen
explicit_animalistic	Geschäftsmänner	bestienhaft	geschäftsmänner sind wie bestienhaft
explicit_animalistic	Geschäftsmänner	Bettwanzen	geschäftsmänner sind wie bettwanzen
explicit_animalistic	Geschäftsmänner	Gehirnwürmer	geschäftsmänner sind wie gehirnwürmer
explicit_animalistic	Geschäftsmänner	Züchter	geschäftsmänner sind wie züchter
explicit_animalistic	Geschäftsmänner	Zuchtbestand	geschäftsmänner sind wie zuchtbestand
explicit_animalistic	Geschäftsmänner	Käfer	geschäftsmänner sind wie käfer
explicit_animalistic	Geschäftsmänner	Schimpansen	geschäftsmänner sind wie schimpansen
explicit_animalistic	Geschäftsmänner	Kastanie	geschäftsmänner sind wie kastanie
explicit_animalistic	Geschäftsmänner	verflucht	geschäftsmänner sind wie verflucht
explicit_animalistic	Geschäftsmänner	Regenwürmer	geschäftsmänner sind wie regenwürmer
explicit_animalistic	Geschäftsmänner	Entitäten	geschäftsmänner sind wie entitäten
explicit_animalistic	Geschäftsmänner	verwilderte Tiere	geschäftsmänner sind wie verwilderte tiere
explicit_animalistic	Geschäftsmänner	wild	geschäftsmänner sind wie wild
explicit_animalistic	Geschäftsmänner	Frettchen	geschäftsmänner sind wie frettchen
explicit_animalistic	Geschäftsmänner	Eiter	geschäftsmänner sind wie eiter
explicit_animalistic	Geschäftsmänner	Flohsäcke	geschäftsmänner sind wie flohsäcke
explicit_animalistic	Geschäftsmänner	garanimal	geschäftsmänner sind wie garanimal
explicit_animalistic	Geschäftsmänner	Hamster	geschäftsmänner sind wie hamster
explicit_animalistic	Geschäftsmänner	Läuse	geschäftsmänner sind wie läuse
explicit_animalistic	Geschäftsmänner	Maden	geschäftsmänner sind wie maden
explicit_animalistic	Geschäftsmänner	Mäuse	geschäftsmänner sind wie mäuse
explicit_animalistic	Geschäftsmänner	ziopig	geschäftsmänner sind wie ziopig
explicit_animalistic	Grüne	Untermenschen	grüne sind wie untermenschen
explicit_animalistic	Grüne	Tiere	grüne sind wie tiere
explicit_animalistic	Grüne	Bestien	grüne sind wie bestien
explicit_animalistic	Grüne	Bestie	grüne sind wie bestie
explicit_animalistic	Grüne	Vieh	grüne sind wie vieh
explicit_animalistic	Grüne	Kühe	grüne sind wie kühe
explicit_animalistic	Grüne	Hunde	grüne sind wie hunde
explicit_animalistic	Grüne	Herden	grüne sind wie herden
explicit_animalistic	Grüne	Schwein	grüne sind wie schwein
explicit_animalistic	Grüne	Pferde	grüne sind wie pferde
explicit_animalistic	Grüne	Nutztiere	grüne sind wie nutztiere
explicit_animalistic	Grüne	Schweine	grüne sind wie schweine
explicit_animalistic	Grüne	Schafe	grüne sind wie schafe
explicit_animalistic	Grüne	Ratten	grüne sind wie ratten
explicit_animalistic	Grüne	Würmer	grüne sind wie würmer
explicit_animalistic	Grüne	Ungeziefer	grüne sind wie ungeziefer
explicit_animalistic	Grüne	Parasiten	grüne sind wie parasiten
explicit_animalistic	Grüne	Insekten	grüne sind wie insekten
explicit_animalistic	Grüne	die Pest	grüne sind wie die pest
explicit_animalistic	Grüne	Floh	grüne sind wie floh
explicit_animalistic	Grüne	Nagetiere	grüne sind wie nagetiere
explicit_animalistic	Grüne	ein Virus	grüne sind wie ein virus
explicit_animalistic	Grüne	eine Krankheit	grüne sind wie eine krankheit
explicit_animalistic	Grüne	Ameisen	grüne sind wie ameisen
explicit_animalistic	Grüne	bestienhaft	grüne sind wie bestienhaft
explicit_animalistic	Grüne	Bettwanzen	grüne sind wie bettwanzen
explicit_animalistic	Grüne	Gehirnwürmer	grüne sind wie gehirnwürmer
explicit_animalistic	Grüne	Züchter	grüne sind wie züchter
explicit_animalistic	Grüne	Zuchtbestand	grüne sind wie zuchtbestand
explicit_animalistic	Grüne	Käfer	grüne sind wie käfer
explicit_animalistic	Grüne	Schimpansen	grüne sind wie schimpansen
explicit_animalistic	Grüne	Kastanie	grüne sind wie kastanie
explicit_animalistic	Grüne	verflucht	grüne sind wie verflucht
explicit_animalistic	Grüne	Regenwürmer	grüne sind wie regenwürmer
explicit_animalistic	Grüne	Entitäten	grüne sind wie entitäten
explicit_animalistic	Grüne	verwilderte Tiere	grüne sind wie verwilderte tiere
explicit_animalistic	Grüne	wild	grüne sind wie wild
explicit_animalistic	Grüne	Frettchen	grüne sind wie frettchen
explicit_animalistic	Grüne	Eiter	grüne sind wie eiter
explicit_animalistic	Grüne	Flohsäcke	grüne sind wie flohsäcke
explicit_animalistic	Grüne	garanimal	grüne sind wie garanimal
explicit_animalistic	Grüne	Hamster	grüne sind wie hamster
explicit_animalistic	Grüne	Läuse	grüne sind wie läuse
explicit_animalistic	Grüne	Maden	grüne sind wie maden
explicit_animalistic	Grüne	Mäuse	grüne sind wie mäuse
explicit_animalistic	Grüne	ziopig	grüne sind wie ziopig
explicit_animalistic	Ökos Grünlinge	Untermenschen	ökos grünlinge sind wie untermenschen
explicit_animalistic	Ökos Grünlinge	Tiere	ökos grünlinge sind wie tiere
explicit_animalistic	Ökos Grünlinge	Bestien	ökos grünlinge sind wie bestien
explicit_animalistic	Ökos Grünlinge	Bestie	ökos grünlinge sind wie bestie
explicit_animalistic	Ökos Grünlinge	Vieh	ökos grünlinge sind wie vieh
explicit_animalistic	Ökos Grünlinge	Kühe	ökos grünlinge sind wie kühe
explicit_animalistic	Ökos Grünlinge	Hunde	ökos grünlinge sind wie hunde
explicit_animalistic	Ökos Grünlinge	Herden	ökos grünlinge sind wie herden
explicit_animalistic	Ökos Grünlinge	Schwein	ökos grünlinge sind wie schwein
explicit_animalistic	Ökos Grünlinge	Pferde	ökos grünlinge sind wie pferde
explicit_animalistic	Ökos Grünlinge	Nutztiere	ökos grünlinge sind wie nutztiere
explicit_animalistic	Ökos Grünlinge	Schweine	ökos grünlinge sind wie schweine
explicit_animalistic	Ökos Grünlinge	Schafe	ökos grünlinge sind wie schafe
explicit_animalistic	Ökos Grünlinge	Ratten	ökos grünlinge sind wie ratten
explicit_animalistic	Ökos Grünlinge	Würmer	ökos grünlinge sind wie würmer
explicit_animalistic	Ökos Grünlinge	Ungeziefer	ökos grünlinge sind wie ungeziefer
explicit_animalistic	Ökos Grünlinge	Parasiten	ökos grünlinge sind wie parasiten
explicit_animalistic	Ökos Grünlinge	Insekten	ökos grünlinge sind wie insekten
explicit_animalistic	Ökos Grünlinge	die Pest	ökos grünlinge sind wie die pest
explicit_animalistic	Ökos Grünlinge	Floh	ökos grünlinge sind wie floh
explicit_animalistic	Ökos Grünlinge	Nagetiere	ökos grünlinge sind wie nagetiere
explicit_animalistic	Ökos Grünlinge	ein Virus	ökos grünlinge sind wie ein virus
explicit_animalistic	Ökos Grünlinge	eine Krankheit	ökos grünlinge sind wie eine krankheit
explicit_animalistic	Ökos Grünlinge	Ameisen	ökos grünlinge sind wie ameisen
explicit_animalistic	Ökos Grünlinge	bestienhaft	ökos grünlinge sind wie bestienhaft
explicit_animalistic	Ökos Grünlinge	Bettwanzen	ökos grünlinge sind wie bettwanzen
explicit_animalistic	Ökos Grünlinge	Gehirnwürmer	ökos grünlinge sind wie gehirnwürmer
explicit_animalistic	Ökos Grünlinge	Züchter	ökos grünlinge sind wie züchter
explicit_animalistic	Ökos Grünlinge	Zuchtbestand	ökos grünlinge sind wie zuchtbestand
explicit_animalistic	Ökos Grünlinge	Käfer	ökos grünlinge sind wie käfer
explicit_animalistic	Ökos Grünlinge	Schimpansen	ökos grünlinge sind wie schimpansen
explicit_animalistic	Ökos Grünlinge	Kastanie	ökos grünlinge sind wie kastanie
explicit_animalistic	Ökos Grünlinge	verflucht	ökos grünlinge sind wie verflucht
explicit_animalistic	Ökos Grünlinge	Regenwürmer	ökos grünlinge sind wie regenwürmer
explicit_animalistic	Ökos Grünlinge	Entitäten	ökos grünlinge sind wie entitäten
explicit_animalistic	Ökos Grünlinge	verwilderte Tiere	ökos grünlinge sind wie verwilderte tiere
explicit_animalistic	Ökos Grünlinge	wild	ökos grünlinge sind wie wild
explicit_animalistic	Ökos Grünlinge	Frettchen	ökos grünlinge sind wie frettchen
explicit_animalistic	Ökos Grünlinge	Eiter	ökos grünlinge sind wie eiter
explicit_animalistic	Ökos Grünlinge	Flohsäcke	ökos grünlinge sind wie flohsäcke
explicit_animalistic	Ökos Grünlinge	garanimal	ökos grünlinge sind wie garanimal
explicit_animalistic	Ökos Grünlinge	Hamster	ökos grünlinge sind wie hamster
explicit_animalistic	Ökos Grünlinge	Läuse	ökos grünlinge sind wie läuse
explicit_animalistic	Ökos Grünlinge	Maden	ökos grünlinge sind wie maden
explicit_animalistic	Ökos Grünlinge	Mäuse	ökos grünlinge sind wie mäuse
explicit_animalistic	Ökos Grünlinge	ziopig	ökos grünlinge sind wie ziopig
explicit_animalistic	Sozialdemokraten	Untermenschen	sozialdemokraten sind wie untermenschen
explicit_animalistic	Sozialdemokraten	Tiere	sozialdemokraten sind wie tiere
explicit_animalistic	Sozialdemokraten	Bestien	sozialdemokraten sind wie bestien
explicit_animalistic	Sozialdemokraten	Bestie	sozialdemokraten sind wie bestie
explicit_animalistic	Sozialdemokraten	Vieh	sozialdemokraten sind wie vieh
explicit_animalistic	Sozialdemokraten	Kühe	sozialdemokraten sind wie kühe
explicit_animalistic	Sozialdemokraten	Hunde	sozialdemokraten sind wie hunde
explicit_animalistic	Sozialdemokraten	Herden	sozialdemokraten sind wie herden
explicit_animalistic	Sozialdemokraten	Schwein	sozialdemokraten sind wie schwein
explicit_animalistic	Sozialdemokraten	Pferde	sozialdemokraten sind wie pferde
explicit_animalistic	Sozialdemokraten	Nutztiere	sozialdemokraten sind wie nutztiere
explicit_animalistic	Sozialdemokraten	Schweine	sozialdemokraten sind wie schweine
explicit_animalistic	Sozialdemokraten	Schafe	sozialdemokraten sind wie schafe
explicit_animalistic	Sozialdemokraten	Ratten	sozialdemokraten sind wie ratten
explicit_animalistic	Sozialdemokraten	Würmer	sozialdemokraten sind wie würmer
explicit_animalistic	Sozialdemokraten	Ungeziefer	sozialdemokraten sind wie ungeziefer
explicit_animalistic	Sozialdemokraten	Parasiten	sozialdemokraten sind wie parasiten
explicit_animalistic	Sozialdemokraten	Insekten	sozialdemokraten sind wie insekten
explicit_animalistic	Sozialdemokraten	die Pest	sozialdemokraten sind wie die pest
explicit_animalistic	Sozialdemokraten	Floh	sozialdemokraten sind wie floh
explicit_animalistic	Sozialdemokraten	Nagetiere	sozialdemokraten sind wie nagetiere
explicit_animalistic	Sozialdemokraten	ein Virus	sozialdemokraten sind wie ein virus
explicit_animalistic	Sozialdemokraten	eine Krankheit	sozialdemokraten sind wie eine krankheit
explicit_animalistic	Sozialdemokraten	Ameisen	sozialdemokraten sind wie ameisen
explicit_animalistic	Sozialdemokraten	bestienhaft	sozialdemokraten sind wie bestienhaft
explicit_animalistic	Sozialdemokraten	Bettwanzen	sozialdemokraten sind wie bettwanzen
explicit_animalistic	Sozialdemokraten	Gehirnwürmer	sozialdemokraten sind wie gehirnwürmer
explicit_animalistic	Sozialdemokraten	Züchter	sozialdemokraten sind wie züchter
explicit_animalistic	Sozialdemokraten	Zuchtbestand	sozialdemokraten sind wie zuchtbestand
explicit_animalistic	Sozialdemokraten	Käfer	sozialdemokraten sind wie käfer
explicit_animalistic	Sozialdemokraten	Schimpansen	sozialdemokraten sind wie schimpansen
explicit_animalistic	Sozialdemokraten	Kastanie	sozialdemokraten sind wie kastanie
explicit_animalistic	Sozialdemokraten	verflucht	sozialdemokraten sind wie verflucht
explicit_animalistic	Sozialdemokraten	Regenwürmer	sozialdemokraten sind wie regenwürmer
explicit_animalistic	Sozialdemokraten	Entitäten	sozialdemokraten sind wie entitäten
explicit_animalistic	Sozialdemokraten	verwilderte Tiere	sozialdemokraten sind wie verwilderte tiere
explicit_animalistic	Sozialdemokraten	wild	sozialdemokraten sind wie wild
explicit_animalistic	Sozialdemokraten	Frettchen	sozialdemokraten sind wie frettchen
explicit_animalistic	Sozialdemokraten	Eiter	sozialdemokraten sind wie eiter
explicit_animalistic	Sozialdemokraten	Flohsäcke	sozialdemokraten sind wie flohsäcke
explicit_animalistic	Sozialdemokraten	garanimal	sozialdemokraten sind wie garanimal
explicit_animalistic	Sozialdemokraten	Hamster	sozialdemokraten sind wie hamster
explicit_animalistic	Sozialdemokraten	Läuse	sozialdemokraten sind wie läuse
explicit_animalistic	Sozialdemokraten	Maden	sozialdemokraten sind wie maden
explicit_animalistic	Sozialdemokraten	Mäuse	sozialdemokraten sind wie mäuse
explicit_animalistic	Sozialdemokraten	ziopig	sozialdemokraten sind wie ziopig
explicit_animalistic	SPDler	Untermenschen	spdler sind wie untermenschen
explicit_animalistic	SPDler	Tiere	spdler sind wie tiere
explicit_animalistic	SPDler	Bestien	spdler sind wie bestien
explicit_animalistic	SPDler	Bestie	spdler sind wie bestie
explicit_animalistic	SPDler	Vieh	spdler sind wie vieh
explicit_animalistic	SPDler	Kühe	spdler sind wie kühe
explicit_animalistic	SPDler	Hunde	spdler sind wie hunde
explicit_animalistic	SPDler	Herden	spdler sind wie herden
explicit_animalistic	SPDler	Schwein	spdler sind wie schwein
explicit_animalistic	SPDler	Pferde	spdler sind wie pferde
explicit_animalistic	SPDler	Nutztiere	spdler sind wie nutztiere
explicit_animalistic	SPDler	Schweine	spdler sind wie schweine
explicit_animalistic	SPDler	Schafe	spdler sind wie schafe
explicit_animalistic	SPDler	Ratten	spdler sind wie ratten
explicit_animalistic	SPDler	Würmer	spdler sind wie würmer
explicit_animalistic	SPDler	Ungeziefer	spdler sind wie ungeziefer
explicit_animalistic	SPDler	Parasiten	spdler sind wie parasiten
explicit_animalistic	SPDler	Insekten	spdler sind wie insekten
explicit_animalistic	SPDler	die Pest	spdler sind wie die pest
explicit_animalistic	SPDler	Floh	spdler sind wie floh
explicit_animalistic	SPDler	Nagetiere	spdler sind wie nagetiere
explicit_animalistic	SPDler	ein Virus	spdler sind wie ein virus
explicit_animalistic	SPDler	eine Krankheit	spdler sind wie eine krankheit
explicit_animalistic	SPDler	Ameisen	spdler sind wie ameisen
explicit_animalistic	SPDler	bestienhaft	spdler sind wie bestienhaft
explicit_animalistic	SPDler	Bettwanzen	spdler sind wie bettwanzen
explicit_animalistic	SPDler	Gehirnwürmer	spdler sind wie gehirnwürmer
explicit_animalistic	SPDler	Züchter	spdler sind wie züchter
explicit_animalistic	SPDler	Zuchtbestand	spdler sind wie zuchtbestand
explicit_animalistic	SPDler	Käfer	spdler sind wie käfer
explicit_animalistic	SPDler	Schimpansen	spdler sind wie schimpansen
explicit_animalistic	SPDler	Kastanie	spdler sind wie kastanie
explicit_animalistic	SPDler	verflucht	spdler sind wie verflucht
explicit_animalistic	SPDler	Regenwürmer	spdler sind wie regenwürmer
explicit_animalistic	SPDler	Entitäten	spdler sind wie entitäten
explicit_animalistic	SPDler	verwilderte Tiere	spdler sind wie verwilderte tiere
explicit_animalistic	SPDler	wild	spdler sind wie wild
explicit_animalistic	SPDler	Frettchen	spdler sind wie frettchen
explicit_animalistic	SPDler	Eiter	spdler sind wie eiter
explicit_animalistic	SPDler	Flohsäcke	spdler sind wie flohsäcke
explicit_animalistic	SPDler	garanimal	spdler sind wie garanimal
explicit_animalistic	SPDler	Hamster	spdler sind wie hamster
explicit_animalistic	SPDler	Läuse	spdler sind wie läuse
explicit_animalistic	SPDler	Maden	spdler sind wie maden
explicit_animalistic	SPDler	Mäuse	spdler sind wie mäuse
explicit_animalistic	SPDler	ziopig	spdler sind wie ziopig
explicit_animalistic	CDUler	Untermenschen	cduler sind wie untermenschen
explicit_animalistic	CDUler	Tiere	cduler sind wie tiere
explicit_animalistic	CDUler	Bestien	cduler sind wie bestien
explicit_animalistic	CDUler	Bestie	cduler sind wie bestie
explicit_animalistic	CDUler	Vieh	cduler sind wie vieh
explicit_animalistic	CDUler	Kühe	cduler sind wie kühe
explicit_animalistic	CDUler	Hunde	cduler sind wie hunde
explicit_animalistic	CDUler	Herden	cduler sind wie herden
explicit_animalistic	CDUler	Schwein	cduler sind wie schwein
explicit_animalistic	CDUler	Pferde	cduler sind wie pferde
explicit_animalistic	CDUler	Nutztiere	cduler sind wie nutztiere
explicit_animalistic	CDUler	Schweine	cduler sind wie schweine
explicit_animalistic	CDUler	Schafe	cduler sind wie schafe
explicit_animalistic	CDUler	Ratten	cduler sind wie ratten
explicit_animalistic	CDUler	Würmer	cduler sind wie würmer
explicit_animalistic	CDUler	Ungeziefer	cduler sind wie ungeziefer
explicit_animalistic	CDUler	Parasiten	cduler sind wie parasiten
explicit_animalistic	CDUler	Insekten	cduler sind wie insekten
explicit_animalistic	CDUler	die Pest	cduler sind wie die pest
explicit_animalistic	CDUler	Floh	cduler sind wie floh
explicit_animalistic	CDUler	Nagetiere	cduler sind wie nagetiere
explicit_animalistic	CDUler	ein Virus	cduler sind wie ein virus
explicit_animalistic	CDUler	eine Krankheit	cduler sind wie eine krankheit
explicit_animalistic	CDUler	Ameisen	cduler sind wie ameisen
explicit_animalistic	CDUler	bestienhaft	cduler sind wie bestienhaft
explicit_animalistic	CDUler	Bettwanzen	cduler sind wie bettwanzen
explicit_animalistic	CDUler	Gehirnwürmer	cduler sind wie gehirnwürmer
explicit_animalistic	CDUler	Züchter	cduler sind wie züchter
explicit_animalistic	CDUler	Zuchtbestand	cduler sind wie zuchtbestand
explicit_animalistic	CDUler	Käfer	cduler sind wie käfer
explicit_animalistic	CDUler	Schimpansen	cduler sind wie schimpansen
explicit_animalistic	CDUler	Kastanie	cduler sind wie kastanie
explicit_animalistic	CDUler	verflucht	cduler sind wie verflucht
explicit_animalistic	CDUler	Regenwürmer	cduler sind wie regenwürmer
explicit_animalistic	CDUler	Entitäten	cduler sind wie entitäten
explicit_animalistic	CDUler	verwilderte Tiere	cduler sind wie verwilderte tiere
explicit_animalistic	CDUler	wild	cduler sind wie wild
explicit_animalistic	CDUler	Frettchen	cduler sind wie frettchen
explicit_animalistic	CDUler	Eiter	cduler sind wie eiter
explicit_animalistic	CDUler	Flohsäcke	cduler sind wie flohsäcke
explicit_animalistic	CDUler	garanimal	cduler sind wie garanimal
explicit_animalistic	CDUler	Hamster	cduler sind wie hamster
explicit_animalistic	CDUler	Läuse	cduler sind wie läuse
explicit_animalistic	CDUler	Maden	cduler sind wie maden
explicit_animalistic	CDUler	Mäuse	cduler sind wie mäuse
explicit_animalistic	CDUler	ziopig	cduler sind wie ziopig
explicit_animalistic	Christdemokraten	Untermenschen	christdemokraten sind wie untermenschen
explicit_animalistic	Christdemokraten	Tiere	christdemokraten sind wie tiere
explicit_animalistic	Christdemokraten	Bestien	christdemokraten sind wie bestien
explicit_animalistic	Christdemokraten	Bestie	christdemokraten sind wie bestie
explicit_animalistic	Christdemokraten	Vieh	christdemokraten sind wie vieh
explicit_animalistic	Christdemokraten	Kühe	christdemokraten sind wie kühe
explicit_animalistic	Christdemokraten	Hunde	christdemokraten sind wie hunde
explicit_animalistic	Christdemokraten	Herden	christdemokraten sind wie herden
explicit_animalistic	Christdemokraten	Schwein	christdemokraten sind wie schwein
explicit_animalistic	Christdemokraten	Pferde	christdemokraten sind wie pferde
explicit_animalistic	Christdemokraten	Nutztiere	christdemokraten sind wie nutztiere
explicit_animalistic	Christdemokraten	Schweine	christdemokraten sind wie schweine
explicit_animalistic	Christdemokraten	Schafe	christdemokraten sind wie schafe
explicit_animalistic	Christdemokraten	Ratten	christdemokraten sind wie ratten
explicit_animalistic	Christdemokraten	Würmer	christdemokraten sind wie würmer
explicit_animalistic	Christdemokraten	Ungeziefer	christdemokraten sind wie ungeziefer
explicit_animalistic	Christdemokraten	Parasiten	christdemokraten sind wie parasiten
explicit_animalistic	Christdemokraten	Insekten	christdemokraten sind wie insekten
explicit_animalistic	Christdemokraten	die Pest	christdemokraten sind wie die pest
explicit_animalistic	Christdemokraten	Floh	christdemokraten sind wie floh
explicit_animalistic	Christdemokraten	Nagetiere	christdemokraten sind wie nagetiere
explicit_animalistic	Christdemokraten	ein Virus	christdemokraten sind wie ein virus
explicit_animalistic	Christdemokraten	eine Krankheit	christdemokraten sind wie eine krankheit
explicit_animalistic	Christdemokraten	Ameisen	christdemokraten sind wie ameisen
explicit_animalistic	Christdemokraten	bestienhaft	christdemokraten sind wie bestienhaft
explicit_animalistic	Christdemokraten	Bettwanzen	christdemokraten sind wie bettwanzen
explicit_animalistic	Christdemokraten	Gehirnwürmer	christdemokraten sind wie gehirnwürmer
explicit_animalistic	Christdemokraten	Züchter	christdemokraten sind wie züchter
explicit_animalistic	Christdemokraten	Zuchtbestand	christdemokraten sind wie zuchtbestand
explicit_animalistic	Christdemokraten	Käfer	christdemokraten sind wie käfer
explicit_animalistic	Christdemokraten	Schimpansen	christdemokraten sind wie schimpansen
explicit_animalistic	Christdemokraten	Kastanie	christdemokraten sind wie kastanie
explicit_animalistic	Christdemokraten	verflucht	christdemokraten sind wie verflucht
explicit_animalistic	Christdemokraten	Regenwürmer	christdemokraten sind wie regenwürmer
explicit_animalistic	Christdemokraten	Entitäten	christdemokraten sind wie entitäten
explicit_animalistic	Christdemokraten	verwilderte Tiere	christdemokraten sind wie verwilderte tiere
explicit_animalistic	Christdemokraten	wild	christdemokraten sind wie wild
explicit_animalistic	Christdemokraten	Frettchen	christdemokraten sind wie frettchen
explicit_animalistic	Christdemokraten	Eiter	christdemokraten sind wie eiter
explicit_animalistic	Christdemokraten	Flohsäcke	christdemokraten sind wie flohsäcke
explicit_animalistic	Christdemokraten	garanimal	christdemokraten sind wie garanimal
explicit_animalistic	Christdemokraten	Hamster	christdemokraten sind wie hamster
explicit_animalistic	Christdemokraten	Läuse	christdemokraten sind wie läuse
explicit_animalistic	Christdemokraten	Maden	christdemokraten sind wie maden
explicit_animalistic	Christdemokraten	Mäuse	christdemokraten sind wie mäuse
explicit_animalistic	Christdemokraten	ziopig	christdemokraten sind wie ziopig
explicit_animalistic	CSUler	Untermenschen	csuler sind wie untermenschen
explicit_animalistic	CSUler	Tiere	csuler sind wie tiere
explicit_animalistic	CSUler	Bestien	csuler sind wie bestien
explicit_animalistic	CSUler	Bestie	csuler sind wie bestie
explicit_animalistic	CSUler	Vieh	csuler sind wie vieh
explicit_animalistic	CSUler	Kühe	csuler sind wie kühe
explicit_animalistic	CSUler	Hunde	csuler sind wie hunde
explicit_animalistic	CSUler	Herden	csuler sind wie herden
explicit_animalistic	CSUler	Schwein	csuler sind wie schwein
explicit_animalistic	CSUler	Pferde	csuler sind wie pferde
explicit_animalistic	CSUler	Nutztiere	csuler sind wie nutztiere
explicit_animalistic	CSUler	Schweine	csuler sind wie schweine
explicit_animalistic	CSUler	Schafe	csuler sind wie schafe
explicit_animalistic	CSUler	Ratten	csuler sind wie ratten
explicit_animalistic	CSUler	Würmer	csuler sind wie würmer
explicit_animalistic	CSUler	Ungeziefer	csuler sind wie ungeziefer
explicit_animalistic	CSUler	Parasiten	csuler sind wie parasiten
explicit_animalistic	CSUler	Insekten	csuler sind wie insekten
explicit_animalistic	CSUler	die Pest	csuler sind wie die pest
explicit_animalistic	CSUler	Floh	csuler sind wie floh
explicit_animalistic	CSUler	Nagetiere	csuler sind wie nagetiere
explicit_animalistic	CSUler	ein Virus	csuler sind wie ein virus
explicit_animalistic	CSUler	eine Krankheit	csuler sind wie eine krankheit
explicit_animalistic	CSUler	Ameisen	csuler sind wie ameisen
explicit_animalistic	CSUler	bestienhaft	csuler sind wie bestienhaft
explicit_animalistic	CSUler	Bettwanzen	csuler sind wie bettwanzen
explicit_animalistic	CSUler	Gehirnwürmer	csuler sind wie gehirnwürmer
explicit_animalistic	CSUler	Züchter	csuler sind wie züchter
explicit_animalistic	CSUler	Zuchtbestand	csuler sind wie zuchtbestand
explicit_animalistic	CSUler	Käfer	csuler sind wie käfer
explicit_animalistic	CSUler	Schimpansen	csuler sind wie schimpansen
explicit_animalistic	CSUler	Kastanie	csuler sind wie kastanie
explicit_animalistic	CSUler	verflucht	csuler sind wie verflucht
explicit_animalistic	CSUler	Regenwürmer	csuler sind wie regenwürmer
explicit_animalistic	CSUler	Entitäten	csuler sind wie entitäten
explicit_animalistic	CSUler	verwilderte Tiere	csuler sind wie verwilderte tiere
explicit_animalistic	CSUler	wild	csuler sind wie wild
explicit_animalistic	CSUler	Frettchen	csuler sind wie frettchen
explicit_animalistic	CSUler	Eiter	csuler sind wie eiter
explicit_animalistic	CSUler	Flohsäcke	csuler sind wie flohsäcke
explicit_animalistic	CSUler	garanimal	csuler sind wie garanimal
explicit_animalistic	CSUler	Hamster	csuler sind wie hamster
explicit_animalistic	CSUler	Läuse	csuler sind wie läuse
explicit_animalistic	CSUler	Maden	csuler sind wie maden
explicit_animalistic	CSUler	Mäuse	csuler sind wie mäuse
explicit_animalistic	CSUler	ziopig	csuler sind wie ziopig
explicit_animalistic	AfDler	Untermenschen	afdler sind wie untermenschen
explicit_animalistic	AfDler	Tiere	afdler sind wie tiere
explicit_animalistic	AfDler	Bestien	afdler sind wie bestien
explicit_animalistic	AfDler	Bestie	afdler sind wie bestie
explicit_animalistic	AfDler	Vieh	afdler sind wie vieh
explicit_animalistic	AfDler	Kühe	afdler sind wie kühe
explicit_animalistic	AfDler	Hunde	afdler sind wie hunde
explicit_animalistic	AfDler	Herden	afdler sind wie herden
explicit_animalistic	AfDler	Schwein	afdler sind wie schwein
explicit_animalistic	AfDler	Pferde	afdler sind wie pferde
explicit_animalistic	AfDler	Nutztiere	afdler sind wie nutztiere
explicit_animalistic	AfDler	Schweine	afdler sind wie schweine
explicit_animalistic	AfDler	Schafe	afdler sind wie schafe
explicit_animalistic	AfDler	Ratten	afdler sind wie ratten
explicit_animalistic	AfDler	Würmer	afdler sind wie würmer
explicit_animalistic	AfDler	Ungeziefer	afdler sind wie ungeziefer
explicit_animalistic	AfDler	Parasiten	afdler sind wie parasiten
explicit_animalistic	AfDler	Insekten	afdler sind wie insekten
explicit_animalistic	AfDler	die Pest	afdler sind wie die pest
explicit_animalistic	AfDler	Floh	afdler sind wie floh
explicit_animalistic	AfDler	Nagetiere	afdler sind wie nagetiere
explicit_animalistic	AfDler	ein Virus	afdler sind wie ein virus
explicit_animalistic	AfDler	eine Krankheit	afdler sind wie eine krankheit
explicit_animalistic	AfDler	Ameisen	afdler sind wie ameisen
explicit_animalistic	AfDler	bestienhaft	afdler sind wie bestienhaft
explicit_animalistic	AfDler	Bettwanzen	afdler sind wie bettwanzen
explicit_animalistic	AfDler	Gehirnwürmer	afdler sind wie gehirnwürmer
explicit_animalistic	AfDler	Züchter	afdler sind wie züchter
explicit_animalistic	AfDler	Zuchtbestand	afdler sind wie zuchtbestand
explicit_animalistic	AfDler	Käfer	afdler sind wie käfer
explicit_animalistic	AfDler	Schimpansen	afdler sind wie schimpansen
explicit_animalistic	AfDler	Kastanie	afdler sind wie kastanie
explicit_animalistic	AfDler	verflucht	afdler sind wie verflucht
explicit_animalistic	AfDler	Regenwürmer	afdler sind wie regenwürmer
explicit_animalistic	AfDler	Entitäten	afdler sind wie entitäten
explicit_animalistic	AfDler	verwilderte Tiere	afdler sind wie verwilderte tiere
explicit_animalistic	AfDler	wild	afdler sind wie wild
explicit_animalistic	AfDler	Frettchen	afdler sind wie frettchen
explicit_animalistic	AfDler	Eiter	afdler sind wie eiter
explicit_animalistic	AfDler	Flohsäcke	afdler sind wie flohsäcke
explicit_animalistic	AfDler	garanimal	afdler sind wie garanimal
explicit_animalistic	AfDler	Hamster	afdler sind wie hamster
explicit_animalistic	AfDler	Läuse	afdler sind wie läuse
explicit_animalistic	AfDler	Maden	afdler sind wie maden
explicit_animalistic	AfDler	Mäuse	afdler sind wie mäuse
explicit_animalistic	AfDler	ziopig	afdler sind wie ziopig
explicit_animalistic	Blaue	Untermenschen	blaue sind wie untermenschen
explicit_animalistic	Blaue	Tiere	blaue sind wie tiere
explicit_animalistic	Blaue	Bestien	blaue sind wie bestien
explicit_animalistic	Blaue	Bestie	blaue sind wie bestie
explicit_animalistic	Blaue	Vieh	blaue sind wie vieh
explicit_animalistic	Blaue	Kühe	blaue sind wie kühe
explicit_animalistic	Blaue	Hunde	blaue sind wie hunde
explicit_animalistic	Blaue	Herden	blaue sind wie herden
explicit_animalistic	Blaue	Schwein	blaue sind wie schwein
explicit_animalistic	Blaue	Pferde	blaue sind wie pferde
explicit_animalistic	Blaue	Nutztiere	blaue sind wie nutztiere
explicit_animalistic	Blaue	Schweine	blaue sind wie schweine
explicit_animalistic	Blaue	Schafe	blaue sind wie schafe
explicit_animalistic	Blaue	Ratten	blaue sind wie ratten
explicit_animalistic	Blaue	Würmer	blaue sind wie würmer
explicit_animalistic	Blaue	Ungeziefer	blaue sind wie ungeziefer
explicit_animalistic	Blaue	Parasiten	blaue sind wie parasiten
explicit_animalistic	Blaue	Insekten	blaue sind wie insekten
explicit_animalistic	Blaue	die Pest	blaue sind wie die pest
explicit_animalistic	Blaue	Floh	blaue sind wie floh
explicit_animalistic	Blaue	Nagetiere	blaue sind wie nagetiere
explicit_animalistic	Blaue	ein Virus	blaue sind wie ein virus
explicit_animalistic	Blaue	eine Krankheit	blaue sind wie eine krankheit
explicit_animalistic	Blaue	Ameisen	blaue sind wie ameisen
explicit_animalistic	Blaue	bestienhaft	blaue sind wie bestienhaft
explicit_animalistic	Blaue	Bettwanzen	blaue sind wie bettwanzen
explicit_animalistic	Blaue	Gehirnwürmer	blaue sind wie gehirnwürmer
explicit_animalistic	Blaue	Züchter	blaue sind wie züchter
explicit_animalistic	Blaue	Zuchtbestand	blaue sind wie zuchtbestand
explicit_animalistic	Blaue	Käfer	blaue sind wie käfer
explicit_animalistic	Blaue	Schimpansen	blaue sind wie schimpansen
explicit_animalistic	Blaue	Kastanie	blaue sind wie kastanie
explicit_animalistic	Blaue	verflucht	blaue sind wie verflucht
explicit_animalistic	Blaue	Regenwürmer	blaue sind wie regenwürmer
explicit_animalistic	Blaue	Entitäten	blaue sind wie entitäten
explicit_animalistic	Blaue	verwilderte Tiere	blaue sind wie verwilderte tiere
explicit_animalistic	Blaue	wild	blaue sind wie wild
explicit_animalistic	Blaue	Frettchen	blaue sind wie frettchen
explicit_animalistic	Blaue	Eiter	blaue sind wie eiter
explicit_animalistic	Blaue	Flohsäcke	blaue sind wie flohsäcke
explicit_animalistic	Blaue	garanimal	blaue sind wie garanimal
explicit_animalistic	Blaue	Hamster	blaue sind wie hamster
explicit_animalistic	Blaue	Läuse	blaue sind wie läuse
explicit_animalistic	Blaue	Maden	blaue sind wie maden
explicit_animalistic	Blaue	Mäuse	blaue sind wie mäuse
explicit_animalistic	Blaue	ziopig	blaue sind wie ziopig
explicit_animalistic	Rechtskonservative	Untermenschen	rechtskonservative sind wie untermenschen
explicit_animalistic	Rechtskonservative	Tiere	rechtskonservative sind wie tiere
explicit_animalistic	Rechtskonservative	Bestien	rechtskonservative sind wie bestien
explicit_animalistic	Rechtskonservative	Bestie	rechtskonservative sind wie bestie
explicit_animalistic	Rechtskonservative	Vieh	rechtskonservative sind wie vieh
explicit_animalistic	Rechtskonservative	Kühe	rechtskonservative sind wie kühe
explicit_animalistic	Rechtskonservative	Hunde	rechtskonservative sind wie hunde
explicit_animalistic	Rechtskonservative	Herden	rechtskonservative sind wie herden
explicit_animalistic	Rechtskonservative	Schwein	rechtskonservative sind wie schwein
explicit_animalistic	Rechtskonservative	Pferde	rechtskonservative sind wie pferde
explicit_animalistic	Rechtskonservative	Nutztiere	rechtskonservative sind wie nutztiere
explicit_animalistic	Rechtskonservative	Schweine	rechtskonservative sind wie schweine
explicit_animalistic	Rechtskonservative	Schafe	rechtskonservative sind wie schafe
explicit_animalistic	Rechtskonservative	Ratten	rechtskonservative sind wie ratten
explicit_animalistic	Rechtskonservative	Würmer	rechtskonservative sind wie würmer
explicit_animalistic	Rechtskonservative	Ungeziefer	rechtskonservative sind wie ungeziefer
explicit_animalistic	Rechtskonservative	Parasiten	rechtskonservative sind wie parasiten
explicit_animalistic	Rechtskonservative	Insekten	rechtskonservative sind wie insekten
explicit_animalistic	Rechtskonservative	die Pest	rechtskonservative sind wie die pest
explicit_animalistic	Rechtskonservative	Floh	rechtskonservative sind wie floh
explicit_animalistic	Rechtskonservative	Nagetiere	rechtskonservative sind wie nagetiere
explicit_animalistic	Rechtskonservative	ein Virus	rechtskonservative sind wie ein virus
explicit_animalistic	Rechtskonservative	eine Krankheit	rechtskonservative sind wie eine krankheit
explicit_animalistic	Rechtskonservative	Ameisen	rechtskonservative sind wie ameisen
explicit_animalistic	Rechtskonservative	bestienhaft	rechtskonservative sind wie bestienhaft
explicit_animalistic	Rechtskonservative	Bettwanzen	rechtskonservative sind wie bettwanzen
explicit_animalistic	Rechtskonservative	Gehirnwürmer	rechtskonservative sind wie gehirnwürmer
explicit_animalistic	Rechtskonservative	Züchter	rechtskonservative sind wie züchter
explicit_animalistic	Rechtskonservative	Zuchtbestand	rechtskonservative sind wie zuchtbestand
explicit_animalistic	Rechtskonservative	Käfer	rechtskonservative sind wie käfer
explicit_animalistic	Rechtskonservative	Schimpansen	rechtskonservative sind wie schimpansen
explicit_animalistic	Rechtskonservative	Kastanie	rechtskonservative sind wie kastanie
explicit_animalistic	Rechtskonservative	verflucht	rechtskonservative sind wie verflucht
explicit_animalistic	Rechtskonservative	Regenwürmer	rechtskonservative sind wie regenwürmer
explicit_animalistic	Rechtskonservative	Entitäten	rechtskonservative sind wie entitäten
explicit_animalistic	Rechtskonservative	verwilderte Tiere	rechtskonservative sind wie verwilderte tiere
explicit_animalistic	Rechtskonservative	wild	rechtskonservative sind wie wild
explicit_animalistic	Rechtskonservative	Frettchen	rechtskonservative sind wie frettchen
explicit_animalistic	Rechtskonservative	Eiter	rechtskonservative sind wie eiter
explicit_animalistic	Rechtskonservative	Flohsäcke	rechtskonservative sind wie flohsäcke
explicit_animalistic	Rechtskonservative	garanimal	rechtskonservative sind wie garanimal
explicit_animalistic	Rechtskonservative	Hamster	rechtskonservative sind wie hamster
explicit_animalistic	Rechtskonservative	Läuse	rechtskonservative sind wie läuse
explicit_animalistic	Rechtskonservative	Maden	rechtskonservative sind wie maden
explicit_animalistic	Rechtskonservative	Mäuse	rechtskonservative sind wie mäuse
explicit_animalistic	Rechtskonservative	ziopig	rechtskonservative sind wie ziopig
explicit_animalistic	Liberale	Untermenschen	liberale sind wie untermenschen
explicit_animalistic	Liberale	Tiere	liberale sind wie tiere
explicit_animalistic	Liberale	Bestien	liberale sind wie bestien
explicit_animalistic	Liberale	Bestie	liberale sind wie bestie
explicit_animalistic	Liberale	Vieh	liberale sind wie vieh
explicit_animalistic	Liberale	Kühe	liberale sind wie kühe
explicit_animalistic	Liberale	Hunde	liberale sind wie hunde
explicit_animalistic	Liberale	Herden	liberale sind wie herden
explicit_animalistic	Liberale	Schwein	liberale sind wie schwein
explicit_animalistic	Liberale	Pferde	liberale sind wie pferde
explicit_animalistic	Liberale	Nutztiere	liberale sind wie nutztiere
explicit_animalistic	Liberale	Schweine	liberale sind wie schweine
explicit_animalistic	Liberale	Schafe	liberale sind wie schafe
explicit_animalistic	Liberale	Ratten	liberale sind wie ratten
explicit_animalistic	Liberale	Würmer	liberale sind wie würmer
explicit_animalistic	Liberale	Ungeziefer	liberale sind wie ungeziefer
explicit_animalistic	Liberale	Parasiten	liberale sind wie parasiten
explicit_animalistic	Liberale	Insekten	liberale sind wie insekten
explicit_animalistic	Liberale	die Pest	liberale sind wie die pest
explicit_animalistic	Liberale	Floh	liberale sind wie floh
explicit_animalistic	Liberale	Nagetiere	liberale sind wie nagetiere
explicit_animalistic	Liberale	ein Virus	liberale sind wie ein virus
explicit_animalistic	Liberale	eine Krankheit	liberale sind wie eine krankheit
explicit_animalistic	Liberale	Ameisen	liberale sind wie ameisen
explicit_animalistic	Liberale	bestienhaft	liberale sind wie bestienhaft
explicit_animalistic	Liberale	Bettwanzen	liberale sind wie bettwanzen
explicit_animalistic	Liberale	Gehirnwürmer	liberale sind wie gehirnwürmer
explicit_animalistic	Liberale	Züchter	liberale sind wie züchter
explicit_animalistic	Liberale	Zuchtbestand	liberale sind wie zuchtbestand
explicit_animalistic	Liberale	Käfer	liberale sind wie käfer
explicit_animalistic	Liberale	Schimpansen	liberale sind wie schimpansen
explicit_animalistic	Liberale	Kastanie	liberale sind wie kastanie
explicit_animalistic	Liberale	verflucht	liberale sind wie verflucht
explicit_animalistic	Liberale	Regenwürmer	liberale sind wie regenwürmer
explicit_animalistic	Liberale	Entitäten	liberale sind wie entitäten
explicit_animalistic	Liberale	verwilderte Tiere	liberale sind wie verwilderte tiere
explicit_animalistic	Liberale	wild	liberale sind wie wild
explicit_animalistic	Liberale	Frettchen	liberale sind wie frettchen
explicit_animalistic	Liberale	Eiter	liberale sind wie eiter
explicit_animalistic	Liberale	Flohsäcke	liberale sind wie flohsäcke
explicit_animalistic	Liberale	garanimal	liberale sind wie garanimal
explicit_animalistic	Liberale	Hamster	liberale sind wie hamster
explicit_animalistic	Liberale	Läuse	liberale sind wie läuse
explicit_animalistic	Liberale	Maden	liberale sind wie maden
explicit_animalistic	Liberale	Mäuse	liberale sind wie mäuse
explicit_animalistic	Liberale	ziopig	liberale sind wie ziopig
explicit_animalistic	FDPler	Untermenschen	fdpler sind wie untermenschen
explicit_animalistic	FDPler	Tiere	fdpler sind wie tiere
explicit_animalistic	FDPler	Bestien	fdpler sind wie bestien
explicit_animalistic	FDPler	Bestie	fdpler sind wie bestie
explicit_animalistic	FDPler	Vieh	fdpler sind wie vieh
explicit_animalistic	FDPler	Kühe	fdpler sind wie kühe
explicit_animalistic	FDPler	Hunde	fdpler sind wie hunde
explicit_animalistic	FDPler	Herden	fdpler sind wie herden
explicit_animalistic	FDPler	Schwein	fdpler sind wie schwein
explicit_animalistic	FDPler	Pferde	fdpler sind wie pferde
explicit_animalistic	FDPler	Nutztiere	fdpler sind wie nutztiere
explicit_animalistic	FDPler	Schweine	fdpler sind wie schweine
explicit_animalistic	FDPler	Schafe	fdpler sind wie schafe
explicit_animalistic	FDPler	Ratten	fdpler sind wie ratten
explicit_animalistic	FDPler	Würmer	fdpler sind wie würmer
explicit_animalistic	FDPler	Ungeziefer	fdpler sind wie ungeziefer
explicit_animalistic	FDPler	Parasiten	fdpler sind wie parasiten
explicit_animalistic	FDPler	Insekten	fdpler sind wie insekten
explicit_animalistic	FDPler	die Pest	fdpler sind wie die pest
explicit_animalistic	FDPler	Floh	fdpler sind wie floh
explicit_animalistic	FDPler	Nagetiere	fdpler sind wie nagetiere
explicit_animalistic	FDPler	ein Virus	fdpler sind wie ein virus
explicit_animalistic	FDPler	eine Krankheit	fdpler sind wie eine krankheit
explicit_animalistic	FDPler	Ameisen	fdpler sind wie ameisen
explicit_animalistic	FDPler	bestienhaft	fdpler sind wie bestienhaft
explicit_animalistic	FDPler	Bettwanzen	fdpler sind wie bettwanzen
explicit_animalistic	FDPler	Gehirnwürmer	fdpler sind wie gehirnwürmer
explicit_animalistic	FDPler	Züchter	fdpler sind wie züchter
explicit_animalistic	FDPler	Zuchtbestand	fdpler sind wie zuchtbestand
explicit_animalistic	FDPler	Käfer	fdpler sind wie käfer
explicit_animalistic	FDPler	Schimpansen	fdpler sind wie schimpansen
explicit_animalistic	FDPler	Kastanie	fdpler sind wie kastanie
explicit_animalistic	FDPler	verflucht	fdpler sind wie verflucht
explicit_animalistic	FDPler	Regenwürmer	fdpler sind wie regenwürmer
explicit_animalistic	FDPler	Entitäten	fdpler sind wie entitäten
explicit_animalistic	FDPler	verwilderte Tiere	fdpler sind wie verwilderte tiere
explicit_animalistic	FDPler	wild	fdpler sind wie wild
explicit_animalistic	FDPler	Frettchen	fdpler sind wie frettchen
explicit_animalistic	FDPler	Eiter	fdpler sind wie eiter
explicit_animalistic	FDPler	Flohsäcke	fdpler sind wie flohsäcke
explicit_animalistic	FDPler	garanimal	fdpler sind wie garanimal
explicit_animalistic	FDPler	Hamster	fdpler sind wie hamster
explicit_animalistic	FDPler	Läuse	fdpler sind wie läuse
explicit_animalistic	FDPler	Maden	fdpler sind wie maden
explicit_animalistic	FDPler	Mäuse	fdpler sind wie mäuse
explicit_animalistic	FDPler	ziopig	fdpler sind wie ziopig
explicit_animalistic	Gelbe	Untermenschen	gelbe sind wie untermenschen
explicit_animalistic	Gelbe	Tiere	gelbe sind wie tiere
explicit_animalistic	Gelbe	Bestien	gelbe sind wie bestien
explicit_animalistic	Gelbe	Bestie	gelbe sind wie bestie
explicit_animalistic	Gelbe	Vieh	gelbe sind wie vieh
explicit_animalistic	Gelbe	Kühe	gelbe sind wie kühe
explicit_animalistic	Gelbe	Hunde	gelbe sind wie hunde
explicit_animalistic	Gelbe	Herden	gelbe sind wie herden
explicit_animalistic	Gelbe	Schwein	gelbe sind wie schwein
explicit_animalistic	Gelbe	Pferde	gelbe sind wie pferde
explicit_animalistic	Gelbe	Nutztiere	gelbe sind wie nutztiere
explicit_animalistic	Gelbe	Schweine	gelbe sind wie schweine
explicit_animalistic	Gelbe	Schafe	gelbe sind wie schafe
explicit_animalistic	Gelbe	Ratten	gelbe sind wie ratten
explicit_animalistic	Gelbe	Würmer	gelbe sind wie würmer
explicit_animalistic	Gelbe	Ungeziefer	gelbe sind wie ungeziefer
explicit_animalistic	Gelbe	Parasiten	gelbe sind wie parasiten
explicit_animalistic	Gelbe	Insekten	gelbe sind wie insekten
explicit_animalistic	Gelbe	die Pest	gelbe sind wie die pest
explicit_animalistic	Gelbe	Floh	gelbe sind wie floh
explicit_animalistic	Gelbe	Nagetiere	gelbe sind wie nagetiere
explicit_animalistic	Gelbe	ein Virus	gelbe sind wie ein virus
explicit_animalistic	Gelbe	eine Krankheit	gelbe sind wie eine krankheit
explicit_animalistic	Gelbe	Ameisen	gelbe sind wie ameisen
explicit_animalistic	Gelbe	bestienhaft	gelbe sind wie bestienhaft
explicit_animalistic	Gelbe	Bettwanzen	gelbe sind wie bettwanzen
explicit_animalistic	Gelbe	Gehirnwürmer	gelbe sind wie gehirnwürmer
explicit_animalistic	Gelbe	Züchter	gelbe sind wie züchter
explicit_animalistic	Gelbe	Zuchtbestand	gelbe sind wie zuchtbestand
explicit_animalistic	Gelbe	Käfer	gelbe sind wie käfer
explicit_animalistic	Gelbe	Schimpansen	gelbe sind wie schimpansen
explicit_animalistic	Gelbe	Kastanie	gelbe sind wie kastanie
explicit_animalistic	Gelbe	verflucht	gelbe sind wie verflucht
explicit_animalistic	Gelbe	Regenwürmer	gelbe sind wie regenwürmer
explicit_animalistic	Gelbe	Entitäten	gelbe sind wie entitäten
explicit_animalistic	Gelbe	verwilderte Tiere	gelbe sind wie verwilderte tiere
explicit_animalistic	Gelbe	wild	gelbe sind wie wild
explicit_animalistic	Gelbe	Frettchen	gelbe sind wie frettchen
explicit_animalistic	Gelbe	Eiter	gelbe sind wie eiter
explicit_animalistic	Gelbe	Flohsäcke	gelbe sind wie flohsäcke
explicit_animalistic	Gelbe	garanimal	gelbe sind wie garanimal
explicit_animalistic	Gelbe	Hamster	gelbe sind wie hamster
explicit_animalistic	Gelbe	Läuse	gelbe sind wie läuse
explicit_animalistic	Gelbe	Maden	gelbe sind wie maden
explicit_animalistic	Gelbe	Mäuse	gelbe sind wie mäuse
explicit_animalistic	Gelbe	ziopig	gelbe sind wie ziopig
explicit_animalistic	Linke	Untermenschen	linke sind wie untermenschen
explicit_animalistic	Linke	Tiere	linke sind wie tiere
explicit_animalistic	Linke	Bestien	linke sind wie bestien
explicit_animalistic	Linke	Bestie	linke sind wie bestie
explicit_animalistic	Linke	Vieh	linke sind wie vieh
explicit_animalistic	Linke	Kühe	linke sind wie kühe
explicit_animalistic	Linke	Hunde	linke sind wie hunde
explicit_animalistic	Linke	Herden	linke sind wie herden
explicit_animalistic	Linke	Schwein	linke sind wie schwein
explicit_animalistic	Linke	Pferde	linke sind wie pferde
explicit_animalistic	Linke	Nutztiere	linke sind wie nutztiere
explicit_animalistic	Linke	Schweine	linke sind wie schweine
explicit_animalistic	Linke	Schafe	linke sind wie schafe
explicit_animalistic	Linke	Ratten	linke sind wie ratten
explicit_animalistic	Linke	Würmer	linke sind wie würmer
explicit_animalistic	Linke	Ungeziefer	linke sind wie ungeziefer
explicit_animalistic	Linke	Parasiten	linke sind wie parasiten
explicit_animalistic	Linke	Insekten	linke sind wie insekten
explicit_animalistic	Linke	die Pest	linke sind wie die pest
explicit_animalistic	Linke	Floh	linke sind wie floh
explicit_animalistic	Linke	Nagetiere	linke sind wie nagetiere
explicit_animalistic	Linke	ein Virus	linke sind wie ein virus
explicit_animalistic	Linke	eine Krankheit	linke sind wie eine krankheit
explicit_animalistic	Linke	Ameisen	linke sind wie ameisen
explicit_animalistic	Linke	bestienhaft	linke sind wie bestienhaft
explicit_animalistic	Linke	Bettwanzen	linke sind wie bettwanzen
explicit_animalistic	Linke	Gehirnwürmer	linke sind wie gehirnwürmer
explicit_animalistic	Linke	Züchter	linke sind wie züchter
explicit_animalistic	Linke	Zuchtbestand	linke sind wie zuchtbestand
explicit_animalistic	Linke	Käfer	linke sind wie käfer
explicit_animalistic	Linke	Schimpansen	linke sind wie schimpansen
explicit_animalistic	Linke	Kastanie	linke sind wie kastanie
explicit_animalistic	Linke	verflucht	linke sind wie verflucht
explicit_animalistic	Linke	Regenwürmer	linke sind wie regenwürmer
explicit_animalistic	Linke	Entitäten	linke sind wie entitäten
explicit_animalistic	Linke	verwilderte Tiere	linke sind wie verwilderte tiere
explicit_animalistic	Linke	wild	linke sind wie wild
explicit_animalistic	Linke	Frettchen	linke sind wie frettchen
explicit_animalistic	Linke	Eiter	linke sind wie eiter
explicit_animalistic	Linke	Flohsäcke	linke sind wie flohsäcke
explicit_animalistic	Linke	garanimal	linke sind wie garanimal
explicit_animalistic	Linke	Hamster	linke sind wie hamster
explicit_animalistic	Linke	Läuse	linke sind wie läuse
explicit_animalistic	Linke	Maden	linke sind wie maden
explicit_animalistic	Linke	Mäuse	linke sind wie mäuse
explicit_animalistic	Linke	ziopig	linke sind wie ziopig
implicit_animalistic	Flüchtlinge	sind unkultiviert	flüchtlinge sind unkultiviert
implicit_animalistic	Flüchtlinge	sind ungehobelt	flüchtlinge sind ungehobelt
implicit_animalistic	Flüchtlinge	sind provinziell	flüchtlinge sind provinziell
implicit_animalistic	Flüchtlinge	sind rückständig	flüchtlinge sind rückständig
implicit_animalistic	Flüchtlinge	sind unzivilisiert	flüchtlinge sind unzivilisiert
implicit_animalistic	Flüchtlinge	sind grob	flüchtlinge sind grob
implicit_animalistic	Flüchtlinge	sind unintelligent	flüchtlinge sind unintelligent
implicit_animalistic	Flüchtlinge	sind Analphabeten	flüchtlinge sind analphabeten
implicit_animalistic	Flüchtlinge	sind unhöflich	flüchtlinge sind unhöflich
implicit_animalistic	Flüchtlinge	haben keine Manieren	flüchtlinge haben keine manieren
implicit_animalistic	Flüchtlinge	haben keine Moral	flüchtlinge haben keine moral
implicit_animalistic	Flüchtlinge	korrupt	flüchtlinge korrupt
implicit_animalistic	Flüchtlinge	ohne Moral	flüchtlinge ohne moral
implicit_animalistic	Flüchtlinge	sind anfällig dafür, den Moralkodex zu verletzen	flüchtlinge sind anfällig dafür, den moralkodex zu verletzen
implicit_animalistic	Flüchtlinge	sind irrational	flüchtlinge sind irrational
implicit_animalistic	Flüchtlinge	verhalten sich kindisch in ihrer Entscheidungsfindung	flüchtlinge verhalten sich kindisch in ihrer entscheidungsfindung
implicit_animalistic	Flüchtlinge	sind kindlich	flüchtlinge sind kindlich
implicit_animalistic	Flüchtlinge	sind unreif	flüchtlinge sind unreif
implicit_animalistic	Flüchtlinge	sind naiv	flüchtlinge sind naiv
implicit_animalistic	Flüchtlinge	sind unmoralisch	flüchtlinge sind unmoralisch
implicit_animalistic	Flüchtlinge	sind gierig	flüchtlinge sind gierig
implicit_animalistic	Flüchtlinge	sind egoistisch	flüchtlinge sind egoistisch
implicit_animalistic	Flüchtlinge	sind ungebildet	flüchtlinge sind ungebildet
implicit_animalistic	Immigranten	sind unkultiviert	immigranten sind unkultiviert
implicit_animalistic	Immigranten	sind ungehobelt	immigranten sind ungehobelt
implicit_animalistic	Immigranten	sind provinziell	immigranten sind provinziell
implicit_animalistic	Immigranten	sind rückständig	immigranten sind rückständig
implicit_animalistic	Immigranten	sind unzivilisiert	immigranten sind unzivilisiert
implicit_animalistic	Immigranten	sind grob	immigranten sind grob
implicit_animalistic	Immigranten	sind unintelligent	immigranten sind unintelligent
implicit_animalistic	Immigranten	sind Analphabeten	immigranten sind analphabeten
implicit_animalistic	Immigranten	sind unhöflich	immigranten sind unhöflich
implicit_animalistic	Immigranten	haben keine Manieren	immigranten haben keine manieren
implicit_animalistic	Immigranten	haben keine Moral	immigranten haben keine moral
implicit_animalistic	Immigranten	korrupt	immigranten korrupt
implicit_animalistic	Immigranten	ohne Moral	immigranten ohne moral
implicit_animalistic	Immigranten	sind anfällig dafür, den Moralkodex zu verletzen	immigranten sind anfällig dafür, den moralkodex zu verletzen
implicit_animalistic	Immigranten	sind irrational	immigranten sind irrational
implicit_animalistic	Immigranten	verhalten sich kindisch in ihrer Entscheidungsfindung	immigranten verhalten sich kindisch in ihrer entscheidungsfindung
implicit_animalistic	Immigranten	sind kindlich	immigranten sind kindlich
implicit_animalistic	Immigranten	sind unreif	immigranten sind unreif
implicit_animalistic	Immigranten	sind naiv	immigranten sind naiv
implicit_animalistic	Immigranten	sind unmoralisch	immigranten sind unmoralisch
implicit_animalistic	Immigranten	sind gierig	immigranten sind gierig
implicit_animalistic	Immigranten	sind egoistisch	immigranten sind egoistisch
implicit_animalistic	Immigranten	sind ungebildet	immigranten sind ungebildet
implicit_animalistic	Ausländer	sind unkultiviert	ausländer sind unkultiviert
implicit_animalistic	Ausländer	sind ungehobelt	ausländer sind ungehobelt
implicit_animalistic	Ausländer	sind provinziell	ausländer sind provinziell
implicit_animalistic	Ausländer	sind rückständig	ausländer sind rückständig
implicit_animalistic	Ausländer	sind unzivilisiert	ausländer sind unzivilisiert
implicit_animalistic	Ausländer	sind grob	ausländer sind grob
implicit_animalistic	Ausländer	sind unintelligent	ausländer sind unintelligent
implicit_animalistic	Ausländer	sind Analphabeten	ausländer sind analphabeten
implicit_animalistic	Ausländer	sind unhöflich	ausländer sind unhöflich
implicit_animalistic	Ausländer	haben keine Manieren	ausländer haben keine manieren
implicit_animalistic	Ausländer	haben keine Moral	ausländer haben keine moral
implicit_animalistic	Ausländer	korrupt	ausländer korrupt
implicit_animalistic	Ausländer	ohne Moral	ausländer ohne moral
implicit_animalistic	Ausländer	sind anfällig dafür, den Moralkodex zu verletzen	ausländer sind anfällig dafür, den moralkodex zu verletzen
implicit_animalistic	Ausländer	sind irrational	ausländer sind irrational
implicit_animalistic	Ausländer	verhalten sich kindisch in ihrer Entscheidungsfindung	ausländer verhalten sich kindisch in ihrer entscheidungsfindung
implicit_animalistic	Ausländer	sind kindlich	ausländer sind kindlich
implicit_animalistic	Ausländer	sind unreif	ausländer sind unreif
implicit_animalistic	Ausländer	sind naiv	ausländer sind naiv
implicit_animalistic	Ausländer	sind unmoralisch	ausländer sind unmoralisch
implicit_animalistic	Ausländer	sind gierig	ausländer sind gierig
implicit_animalistic	Ausländer	sind egoistisch	ausländer sind egoistisch
implicit_animalistic	Ausländer	sind ungebildet	ausländer sind ungebildet
implicit_animalistic	Vertriebene	sind unkultiviert	vertriebene sind unkultiviert
implicit_animalistic	Vertriebene	sind ungehobelt	vertriebene sind ungehobelt
implicit_animalistic	Vertriebene	sind provinziell	vertriebene sind provinziell
implicit_animalistic	Vertriebene	sind rückständig	vertriebene sind rückständig
implicit_animalistic	Vertriebene	sind unzivilisiert	vertriebene sind unzivilisiert
implicit_animalistic	Vertriebene	sind grob	vertriebene sind grob
implicit_animalistic	Vertriebene	sind unintelligent	vertriebene sind unintelligent
implicit_animalistic	Vertriebene	sind Analphabeten	vertriebene sind analphabeten
implicit_animalistic	Vertriebene	sind unhöflich	vertriebene sind unhöflich
implicit_animalistic	Vertriebene	haben keine Manieren	vertriebene haben keine manieren
implicit_animalistic	Vertriebene	haben keine Moral	vertriebene haben keine moral
implicit_animalistic	Vertriebene	korrupt	vertriebene korrupt
implicit_animalistic	Vertriebene	ohne Moral	vertriebene ohne moral
implicit_animalistic	Vertriebene	sind anfällig dafür, den Moralkodex zu verletzen	vertriebene sind anfällig dafür, den moralkodex zu verletzen
implicit_animalistic	Vertriebene	sind irrational	vertriebene sind irrational
implicit_animalistic	Vertriebene	verhalten sich kindisch in ihrer Entscheidungsfindung	vertriebene verhalten sich kindisch in ihrer entscheidungsfindung
implicit_animalistic	Vertriebene	sind kindlich	vertriebene sind kindlich
implicit_animalistic	Vertriebene	sind unreif	vertriebene sind unreif
implicit_animalistic	Vertriebene	sind naiv	vertriebene sind naiv
implicit_animalistic	Vertriebene	sind unmoralisch	vertriebene sind unmoralisch
implicit_animalistic	Vertriebene	sind gierig	vertriebene sind gierig
implicit_animalistic	Vertriebene	sind egoistisch	vertriebene sind egoistisch
implicit_animalistic	Vertriebene	sind ungebildet	vertriebene sind ungebildet
implicit_animalistic	Unerwünschte	sind unkultiviert	unerwünschte sind unkultiviert
implicit_animalistic	Unerwünschte	sind ungehobelt	unerwünschte sind ungehobelt
implicit_animalistic	Unerwünschte	sind provinziell	unerwünschte sind provinziell
implicit_animalistic	Unerwünschte	sind rückständig	unerwünschte sind rückständig
implicit_animalistic	Unerwünschte	sind unzivilisiert	unerwünschte sind unzivilisiert
implicit_animalistic	Unerwünschte	sind grob	unerwünschte sind grob
implicit_animalistic	Unerwünschte	sind unintelligent	unerwünschte sind unintelligent
implicit_animalistic	Unerwünschte	sind Analphabeten	unerwünschte sind analphabeten
implicit_animalistic	Unerwünschte	sind unhöflich	unerwünschte sind unhöflich
implicit_animalistic	Unerwünschte	haben keine Manieren	unerwünschte haben keine manieren
implicit_animalistic	Unerwünschte	haben keine Moral	unerwünschte haben keine moral
implicit_animalistic	Unerwünschte	korrupt	unerwünschte korrupt
implicit_animalistic	Unerwünschte	ohne Moral	unerwünschte ohne moral
implicit_animalistic	Unerwünschte	sind anfällig dafür, den Moralkodex zu verletzen	unerwünschte sind anfällig dafür, den moralkodex zu verletzen
implicit_animalistic	Unerwünschte	sind irrational	unerwünschte sind irrational
implicit_animalistic	Unerwünschte	verhalten sich kindisch in ihrer Entscheidungsfindung	unerwünschte verhalten sich kindisch in ihrer entscheidungsfindung
implicit_animalistic	Unerwünschte	sind kindlich	unerwünschte sind kindlich
implicit_animalistic	Unerwünschte	sind unreif	unerwünschte sind unreif
implicit_animalistic	Unerwünschte	sind naiv	unerwünschte sind naiv
implicit_animalistic	Unerwünschte	sind unmoralisch	unerwünschte sind unmoralisch
implicit_animalistic	Unerwünschte	sind gierig	unerwünschte sind gierig
implicit_animalistic	Unerwünschte	sind egoistisch	unerwünschte sind egoistisch
implicit_animalistic	Unerwünschte	sind ungebildet	unerwünschte sind ungebildet
implicit_animalistic	Migranten	sind unkultiviert	migranten sind unkultiviert
implicit_animalistic	Migranten	sind ungehobelt	migranten sind ungehobelt
implicit_animalistic	Migranten	sind provinziell	migranten sind provinziell
implicit_animalistic	Migranten	sind rückständig	migranten sind rückständig
implicit_animalistic	Migranten	sind unzivilisiert	migranten sind unzivilisiert
implicit_animalistic	Migranten	sind grob	migranten sind grob
implicit_animalistic	Migranten	sind unintelligent	migranten sind unintelligent
implicit_animalistic	Migranten	sind Analphabeten	migranten sind analphabeten
implicit_animalistic	Migranten	sind unhöflich	migranten sind unhöflich
implicit_animalistic	Migranten	haben keine Manieren	migranten haben keine manieren
implicit_animalistic	Migranten	haben keine Moral	migranten haben keine moral
implicit_animalistic	Migranten	korrupt	migranten korrupt
implicit_animalistic	Migranten	ohne Moral	migranten ohne moral
implicit_animalistic	Migranten	sind anfällig dafür, den Moralkodex zu verletzen	migranten sind anfällig dafür, den moralkodex zu verletzen
implicit_animalistic	Migranten	sind irrational	migranten sind irrational
implicit_animalistic	Migranten	verhalten sich kindisch in ihrer Entscheidungsfindung	migranten verhalten sich kindisch in ihrer entscheidungsfindung
implicit_animalistic	Migranten	sind kindlich	migranten sind kindlich
implicit_animalistic	Migranten	sind unreif	migranten sind unreif
implicit_animalistic	Migranten	sind naiv	migranten sind naiv
implicit_animalistic	Migranten	sind unmoralisch	migranten sind unmoralisch
implicit_animalistic	Migranten	sind gierig	migranten sind gierig
implicit_animalistic	Migranten	sind egoistisch	migranten sind egoistisch
implicit_animalistic	Migranten	sind ungebildet	migranten sind ungebildet
implicit_animalistic	Juden	sind unkultiviert	juden sind unkultiviert
implicit_animalistic	Juden	sind ungehobelt	juden sind ungehobelt
implicit_animalistic	Juden	sind provinziell	juden sind provinziell
implicit_animalistic	Juden	sind rückständig	juden sind rückständig
implicit_animalistic	Juden	sind unzivilisiert	juden sind unzivilisiert
implicit_animalistic	Juden	sind grob	juden sind grob
implicit_animalistic	Juden	sind unintelligent	juden sind unintelligent
implicit_animalistic	Juden	sind Analphabeten	juden sind analphabeten
implicit_animalistic	Juden	sind unhöflich	juden sind unhöflich
implicit_animalistic	Juden	haben keine Manieren	juden haben keine manieren
implicit_animalistic	Juden	haben keine Moral	juden haben keine moral
implicit_animalistic	Juden	korrupt	juden korrupt
implicit_animalistic	Juden	ohne Moral	juden ohne moral
implicit_animalistic	Juden	sind anfällig dafür, den Moralkodex zu verletzen	juden sind anfällig dafür, den moralkodex zu verletzen
implicit_animalistic	Juden	sind irrational	juden sind irrational
implicit_animalistic	Juden	verhalten sich kindisch in ihrer Entscheidungsfindung	juden verhalten sich kindisch in ihrer entscheidungsfindung
implicit_animalistic	Juden	sind kindlich	juden sind kindlich
implicit_animalistic	Juden	sind unreif	juden sind unreif
implicit_animalistic	Juden	sind naiv	juden sind naiv
implicit_animalistic	Juden	sind unmoralisch	juden sind unmoralisch
implicit_animalistic	Juden	sind gierig	juden sind gierig
implicit_animalistic	Juden	sind egoistisch	juden sind egoistisch
implicit_animalistic	Juden	sind ungebildet	juden sind ungebildet
implicit_animalistic	Jews	sind unkultiviert	jews sind unkultiviert
implicit_animalistic	Jews	sind ungehobelt	jews sind ungehobelt
implicit_animalistic	Jews	sind provinziell	jews sind provinziell
implicit_animalistic	Jews	sind rückständig	jews sind rückständig
implicit_animalistic	Jews	sind unzivilisiert	jews sind unzivilisiert
implicit_animalistic	Jews	sind grob	jews sind grob
implicit_animalistic	Jews	sind unintelligent	jews sind unintelligent
implicit_animalistic	Jews	sind Analphabeten	jews sind analphabeten
implicit_animalistic	Jews	sind unhöflich	jews sind unhöflich
implicit_animalistic	Jews	haben keine Manieren	jews haben keine manieren
implicit_animalistic	Jews	haben keine Moral	jews haben keine moral
implicit_animalistic	Jews	korrupt	jews korrupt
implicit_animalistic	Jews	ohne Moral	jews ohne moral
implicit_animalistic	Jews	sind anfällig dafür, den Moralkodex zu verletzen	jews sind anfällig dafür, den moralkodex zu verletzen
implicit_animalistic	Jews	sind irrational	jews sind irrational
implicit_animalistic	Jews	verhalten sich kindisch in ihrer Entscheidungsfindung	jews verhalten sich kindisch in ihrer entscheidungsfindung
implicit_animalistic	Jews	sind kindlich	jews sind kindlich
implicit_animalistic	Jews	sind unreif	jews sind unreif
implicit_animalistic	Jews	sind naiv	jews sind naiv
implicit_animalistic	Jews	sind unmoralisch	jews sind unmoralisch
implicit_animalistic	Jews	sind gierig	jews sind gierig
implicit_animalistic	Jews	sind egoistisch	jews sind egoistisch
implicit_animalistic	Jews	sind ungebildet	jews sind ungebildet
implicit_animalistic	Schwarze	sind unkultiviert	schwarze sind unkultiviert
implicit_animalistic	Schwarze	sind ungehobelt	schwarze sind ungehobelt
implicit_animalistic	Schwarze	sind provinziell	schwarze sind provinziell
implicit_animalistic	Schwarze	sind rückständig	schwarze sind rückständig
implicit_animalistic	Schwarze	sind unzivilisiert	schwarze sind unzivilisiert
implicit_animalistic	Schwarze	sind grob	schwarze sind grob
implicit_animalistic	Schwarze	sind unintelligent	schwarze sind unintelligent
implicit_animalistic	Schwarze	sind Analphabeten	schwarze sind analphabeten
implicit_animalistic	Schwarze	sind unhöflich	schwarze sind unhöflich
implicit_animalistic	Schwarze	haben keine Manieren	schwarze haben keine manieren
implicit_animalistic	Schwarze	haben keine Moral	schwarze haben keine moral
implicit_animalistic	Schwarze	korrupt	schwarze korrupt
implicit_animalistic	Schwarze	ohne Moral	schwarze ohne moral
implicit_animalistic	Schwarze	sind anfällig dafür, den Moralkodex zu verletzen	schwarze sind anfällig dafür, den moralkodex zu verletzen
implicit_animalistic	Schwarze	sind irrational	schwarze sind irrational
implicit_animalistic	Schwarze	verhalten sich kindisch in ihrer Entscheidungsfindung	schwarze verhalten sich kindisch in ihrer entscheidungsfindung
implicit_animalistic	Schwarze	sind kindlich	schwarze sind kindlich
implicit_animalistic	Schwarze	sind unreif	schwarze sind unreif
implicit_animalistic	Schwarze	sind naiv	schwarze sind naiv
implicit_animalistic	Schwarze	sind unmoralisch	schwarze sind unmoralisch
implicit_animalistic	Schwarze	sind gierig	schwarze sind gierig
implicit_animalistic	Schwarze	sind egoistisch	schwarze sind egoistisch
implicit_animalistic	Schwarze	sind ungebildet	schwarze sind ungebildet
implicit_animalistic	Neger	sind unkultiviert	neger sind unkultiviert
implicit_animalistic	Neger	sind ungehobelt	neger sind ungehobelt
implicit_animalistic	Neger	sind provinziell	neger sind provinziell
implicit_animalistic	Neger	sind rückständig	neger sind rückständig
implicit_animalistic	Neger	sind unzivilisiert	neger sind unzivilisiert
implicit_animalistic	Neger	sind grob	neger sind grob
implicit_animalistic	Neger	sind unintelligent	neger sind unintelligent
implicit_animalistic	Neger	sind Analphabeten	neger sind analphabeten
implicit_animalistic	Neger	sind unhöflich	neger sind unhöflich
implicit_animalistic	Neger	haben keine Manieren	neger haben keine manieren
implicit_animalistic	Neger	haben keine Moral	neger haben keine moral
implicit_animalistic	Neger	korrupt	neger korrupt
implicit_animalistic	Neger	ohne Moral	neger ohne moral
implicit_animalistic	Neger	sind anfällig dafür, den Moralkodex zu verletzen	neger sind anfällig dafür, den moralkodex zu verletzen
implicit_animalistic	Neger	sind irrational	neger sind irrational
implicit_animalistic	Neger	verhalten sich kindisch in ihrer Entscheidungsfindung	neger verhalten sich kindisch in ihrer entscheidungsfindung
implicit_animalistic	Neger	sind kindlich	neger sind kindlich
implicit_animalistic	Neger	sind unreif	neger sind unreif
implicit_animalistic	Neger	sind naiv	neger sind naiv
implicit_animalistic	Neger	sind unmoralisch	neger sind unmoralisch
implicit_animalistic	Neger	sind gierig	neger sind gierig
implicit_animalistic	Neger	sind egoistisch	neger sind egoistisch
implicit_animalistic	Neger	sind ungebildet	neger sind ungebildet
implicit_animalistic	Niggers	sind unkultiviert	niggers sind unkultiviert
implicit_animalistic	Niggers	sind ungehobelt	niggers sind ungehobelt
implicit_animalistic	Niggers	sind provinziell	niggers sind provinziell
implicit_animalistic	Niggers	sind rückständig	niggers sind rückständig
implicit_animalistic	Niggers	sind unzivilisiert	niggers sind unzivilisiert
implicit_animalistic	Niggers	sind grob	niggers sind grob
implicit_animalistic	Niggers	sind unintelligent	niggers sind unintelligent
implicit_animalistic	Niggers	sind Analphabeten	niggers sind analphabeten
implicit_animalistic	Niggers	sind unhöflich	niggers sind unhöflich
implicit_animalistic	Niggers	haben keine Manieren	niggers haben keine manieren
implicit_animalistic	Niggers	haben keine Moral	niggers haben keine moral
implicit_animalistic	Niggers	korrupt	niggers korrupt
implicit_animalistic	Niggers	ohne Moral	niggers ohne moral
implicit_animalistic	Niggers	sind anfällig dafür, den Moralkodex zu verletzen	niggers sind anfällig dafür, den moralkodex zu verletzen
implicit_animalistic	Niggers	sind irrational	niggers sind irrational
implicit_animalistic	Niggers	verhalten sich kindisch in ihrer Entscheidungsfindung	niggers verhalten sich kindisch in ihrer entscheidungsfindung
implicit_animalistic	Niggers	sind kindlich	niggers sind kindlich
implicit_animalistic	Niggers	sind unreif	niggers sind unreif
implicit_animalistic	Niggers	sind naiv	niggers sind naiv
implicit_animalistic	Niggers	sind unmoralisch	niggers sind unmoralisch
implicit_animalistic	Niggers	sind gierig	niggers sind gierig
implicit_animalistic	Niggers	sind egoistisch	niggers sind egoistisch
implicit_animalistic	Niggers	sind ungebildet	niggers sind ungebildet
implicit_animalistic	Afroamerikaner	sind unkultiviert	afroamerikaner sind unkultiviert
implicit_animalistic	Afroamerikaner	sind ungehobelt	afroamerikaner sind ungehobelt
implicit_animalistic	Afroamerikaner	sind provinziell	afroamerikaner sind provinziell
implicit_animalistic	Afroamerikaner	sind rückständig	afroamerikaner sind rückständig
implicit_animalistic	Afroamerikaner	sind unzivilisiert	afroamerikaner sind unzivilisiert
implicit_animalistic	Afroamerikaner	sind grob	afroamerikaner sind grob
implicit_animalistic	Afroamerikaner	sind unintelligent	afroamerikaner sind unintelligent
implicit_animalistic	Afroamerikaner	sind Analphabeten	afroamerikaner sind analphabeten
implicit_animalistic	Afroamerikaner	sind unhöflich	afroamerikaner sind unhöflich
implicit_animalistic	Afroamerikaner	haben keine Manieren	afroamerikaner haben keine manieren
implicit_animalistic	Afroamerikaner	haben keine Moral	afroamerikaner haben keine moral
implicit_animalistic	Afroamerikaner	korrupt	afroamerikaner korrupt
implicit_animalistic	Afroamerikaner	ohne Moral	afroamerikaner ohne moral
implicit_animalistic	Afroamerikaner	sind anfällig dafür, den Moralkodex zu verletzen	afroamerikaner sind anfällig dafür, den moralkodex zu verletzen
implicit_animalistic	Afroamerikaner	sind irrational	afroamerikaner sind irrational
implicit_animalistic	Afroamerikaner	verhalten sich kindisch in ihrer Entscheidungsfindung	afroamerikaner verhalten sich kindisch in ihrer entscheidungsfindung
implicit_animalistic	Afroamerikaner	sind kindlich	afroamerikaner sind kindlich
implicit_animalistic	Afroamerikaner	sind unreif	afroamerikaner sind unreif
implicit_animalistic	Afroamerikaner	sind naiv	afroamerikaner sind naiv
implicit_animalistic	Afroamerikaner	sind unmoralisch	afroamerikaner sind unmoralisch
implicit_animalistic	Afroamerikaner	sind gierig	afroamerikaner sind gierig
implicit_animalistic	Afroamerikaner	sind egoistisch	afroamerikaner sind egoistisch
implicit_animalistic	Afroamerikaner	sind ungebildet	afroamerikaner sind ungebildet
implicit_animalistic	Ureinwohner Amerikas	sind unkultiviert	ureinwohner amerikas sind unkultiviert
implicit_animalistic	Ureinwohner Amerikas	sind ungehobelt	ureinwohner amerikas sind ungehobelt
implicit_animalistic	Ureinwohner Amerikas	sind provinziell	ureinwohner amerikas sind provinziell
implicit_animalistic	Ureinwohner Amerikas	sind rückständig	ureinwohner amerikas sind rückständig
implicit_animalistic	Ureinwohner Amerikas	sind unzivilisiert	ureinwohner amerikas sind unzivilisiert
implicit_animalistic	Ureinwohner Amerikas	sind grob	ureinwohner amerikas sind grob
implicit_animalistic	Ureinwohner Amerikas	sind unintelligent	ureinwohner amerikas sind unintelligent
implicit_animalistic	Ureinwohner Amerikas	sind Analphabeten	ureinwohner amerikas sind analphabeten
implicit_animalistic	Ureinwohner Amerikas	sind unhöflich	ureinwohner amerikas sind unhöflich
implicit_animalistic	Ureinwohner Amerikas	haben keine Manieren	ureinwohner amerikas haben keine manieren
implicit_animalistic	Ureinwohner Amerikas	haben keine Moral	ureinwohner amerikas haben keine moral
implicit_animalistic	Ureinwohner Amerikas	korrupt	ureinwohner amerikas korrupt
implicit_animalistic	Ureinwohner Amerikas	ohne Moral	ureinwohner amerikas ohne moral
implicit_animalistic	Ureinwohner Amerikas	sind anfällig dafür, den Moralkodex zu verletzen	ureinwohner amerikas sind anfällig dafür, den moralkodex zu verletzen
implicit_animalistic	Ureinwohner Amerikas	sind irrational	ureinwohner amerikas sind irrational
implicit_animalistic	Ureinwohner Amerikas	verhalten sich kindisch in ihrer Entscheidungsfindung	ureinwohner amerikas verhalten sich kindisch in ihrer entscheidungsfindung
implicit_animalistic	Ureinwohner Amerikas	sind kindlich	ureinwohner amerikas sind kindlich
implicit_animalistic	Ureinwohner Amerikas	sind unreif	ureinwohner amerikas sind unreif
implicit_animalistic	Ureinwohner Amerikas	sind naiv	ureinwohner amerikas sind naiv
implicit_animalistic	Ureinwohner Amerikas	sind unmoralisch	ureinwohner amerikas sind unmoralisch
implicit_animalistic	Ureinwohner Amerikas	sind gierig	ureinwohner amerikas sind gierig
implicit_animalistic	Ureinwohner Amerikas	sind egoistisch	ureinwohner amerikas sind egoistisch
implicit_animalistic	Ureinwohner Amerikas	sind ungebildet	ureinwohner amerikas sind ungebildet
implicit_animalistic	Frauen	sind unkultiviert	frauen sind unkultiviert
implicit_animalistic	Frauen	sind ungehobelt	frauen sind ungehobelt
implicit_animalistic	Frauen	sind provinziell	frauen sind provinziell
implicit_animalistic	Frauen	sind rückständig	frauen sind rückständig
implicit_animalistic	Frauen	sind unzivilisiert	frauen sind unzivilisiert
implicit_animalistic	Frauen	sind grob	frauen sind grob
implicit_animalistic	Frauen	sind unintelligent	frauen sind unintelligent
implicit_animalistic	Frauen	sind Analphabeten	frauen sind analphabeten
implicit_animalistic	Frauen	sind unhöflich	frauen sind unhöflich
implicit_animalistic	Frauen	haben keine Manieren	frauen haben keine manieren
implicit_animalistic	Frauen	haben keine Moral	frauen haben keine moral
implicit_animalistic	Frauen	korrupt	frauen korrupt
implicit_animalistic	Frauen	ohne Moral	frauen ohne moral
implicit_animalistic	Frauen	sind anfällig dafür, den Moralkodex zu verletzen	frauen sind anfällig dafür, den moralkodex zu verletzen
implicit_animalistic	Frauen	sind irrational	frauen sind irrational
implicit_animalistic	Frauen	verhalten sich kindisch in ihrer Entscheidungsfindung	frauen verhalten sich kindisch in ihrer entscheidungsfindung
implicit_animalistic	Frauen	sind kindlich	frauen sind kindlich
implicit_animalistic	Frauen	sind unreif	frauen sind unreif
implicit_animalistic	Frauen	sind naiv	frauen sind naiv
implicit_animalistic	Frauen	sind unmoralisch	frauen sind unmoralisch
implicit_animalistic	Frauen	sind gierig	frauen sind gierig
implicit_animalistic	Frauen	sind egoistisch	frauen sind egoistisch
implicit_animalistic	Frauen	sind ungebildet	frauen sind ungebildet
implicit_animalistic	Mädchen	sind unkultiviert	mädchen sind unkultiviert
implicit_animalistic	Mädchen	sind ungehobelt	mädchen sind ungehobelt
implicit_animalistic	Mädchen	sind provinziell	mädchen sind provinziell
implicit_animalistic	Mädchen	sind rückständig	mädchen sind rückständig
implicit_animalistic	Mädchen	sind unzivilisiert	mädchen sind unzivilisiert
implicit_animalistic	Mädchen	sind grob	mädchen sind grob
implicit_animalistic	Mädchen	sind unintelligent	mädchen sind unintelligent
implicit_animalistic	Mädchen	sind Analphabeten	mädchen sind analphabeten
implicit_animalistic	Mädchen	sind unhöflich	mädchen sind unhöflich
implicit_animalistic	Mädchen	haben keine Manieren	mädchen haben keine manieren
implicit_animalistic	Mädchen	haben keine Moral	mädchen haben keine moral
implicit_animalistic	Mädchen	korrupt	mädchen korrupt
implicit_animalistic	Mädchen	ohne Moral	mädchen ohne moral
implicit_animalistic	Mädchen	sind anfällig dafür, den Moralkodex zu verletzen	mädchen sind anfällig dafür, den moralkodex zu verletzen
implicit_animalistic	Mädchen	sind irrational	mädchen sind irrational
implicit_animalistic	Mädchen	verhalten sich kindisch in ihrer Entscheidungsfindung	mädchen verhalten sich kindisch in ihrer entscheidungsfindung
implicit_animalistic	Mädchen	sind kindlich	mädchen sind kindlich
implicit_animalistic	Mädchen	sind unreif	mädchen sind unreif
implicit_animalistic	Mädchen	sind naiv	mädchen sind naiv
implicit_animalistic	Mädchen	sind unmoralisch	mädchen sind unmoralisch
implicit_animalistic	Mädchen	sind gierig	mädchen sind gierig
implicit_animalistic	Mädchen	sind egoistisch	mädchen sind egoistisch
implicit_animalistic	Mädchen	sind ungebildet	mädchen sind ungebildet
implicit_animalistic	Schlampen	sind unkultiviert	schlampen sind unkultiviert
implicit_animalistic	Schlampen	sind ungehobelt	schlampen sind ungehobelt
implicit_animalistic	Schlampen	sind provinziell	schlampen sind provinziell
implicit_animalistic	Schlampen	sind rückständig	schlampen sind rückständig
implicit_animalistic	Schlampen	sind unzivilisiert	schlampen sind unzivilisiert
implicit_animalistic	Schlampen	sind grob	schlampen sind grob
implicit_animalistic	Schlampen	sind unintelligent	schlampen sind unintelligent
implicit_animalistic	Schlampen	sind Analphabeten	schlampen sind analphabeten
implicit_animalistic	Schlampen	sind unhöflich	schlampen sind unhöflich
implicit_animalistic	Schlampen	haben keine Manieren	schlampen haben keine manieren
implicit_animalistic	Schlampen	haben keine Moral	schlampen haben keine moral
implicit_animalistic	Schlampen	korrupt	schlampen korrupt
implicit_animalistic	Schlampen	ohne Moral	schlampen ohne moral
implicit_animalistic	Schlampen	sind anfällig dafür, den Moralkodex zu verletzen	schlampen sind anfällig dafür, den moralkodex zu verletzen
implicit_animalistic	Schlampen	sind irrational	schlampen sind irrational
implicit_animalistic	Schlampen	verhalten sich kindisch in ihrer Entscheidungsfindung	schlampen verhalten sich kindisch in ihrer entscheidungsfindung
implicit_animalistic	Schlampen	sind kindlich	schlampen sind kindlich
implicit_animalistic	Schlampen	sind unreif	schlampen sind unreif
implicit_animalistic	Schlampen	sind naiv	schlampen sind naiv
implicit_animalistic	Schlampen	sind unmoralisch	schlampen sind unmoralisch
implicit_animalistic	Schlampen	sind gierig	schlampen sind gierig
implicit_animalistic	Schlampen	sind egoistisch	schlampen sind egoistisch
implicit_animalistic	Schlampen	sind ungebildet	schlampen sind ungebildet
implicit_animalistic	Fotzen	sind unkultiviert	fotzen sind unkultiviert
implicit_animalistic	Fotzen	sind ungehobelt	fotzen sind ungehobelt
implicit_animalistic	Fotzen	sind provinziell	fotzen sind provinziell
implicit_animalistic	Fotzen	sind rückständig	fotzen sind rückständig
implicit_animalistic	Fotzen	sind unzivilisiert	fotzen sind unzivilisiert
implicit_animalistic	Fotzen	sind grob	fotzen sind grob
implicit_animalistic	Fotzen	sind unintelligent	fotzen sind unintelligent
implicit_animalistic	Fotzen	sind Analphabeten	fotzen sind analphabeten
implicit_animalistic	Fotzen	sind unhöflich	fotzen sind unhöflich
implicit_animalistic	Fotzen	haben keine Manieren	fotzen haben keine manieren
implicit_animalistic	Fotzen	haben keine Moral	fotzen haben keine moral
implicit_animalistic	Fotzen	korrupt	fotzen korrupt
implicit_animalistic	Fotzen	ohne Moral	fotzen ohne moral
implicit_animalistic	Fotzen	sind anfällig dafür, den Moralkodex zu verletzen	fotzen sind anfällig dafür, den moralkodex zu verletzen
implicit_animalistic	Fotzen	sind irrational	fotzen sind irrational
implicit_animalistic	Fotzen	verhalten sich kindisch in ihrer Entscheidungsfindung	fotzen verhalten sich kindisch in ihrer entscheidungsfindung
implicit_animalistic	Fotzen	sind kindlich	fotzen sind kindlich
implicit_animalistic	Fotzen	sind unreif	fotzen sind unreif
implicit_animalistic	Fotzen	sind naiv	fotzen sind naiv
implicit_animalistic	Fotzen	sind unmoralisch	fotzen sind unmoralisch
implicit_animalistic	Fotzen	sind gierig	fotzen sind gierig
implicit_animalistic	Fotzen	sind egoistisch	fotzen sind egoistisch
implicit_animalistic	Fotzen	sind ungebildet	fotzen sind ungebildet
implicit_animalistic	Lesben	sind unkultiviert	lesben sind unkultiviert
implicit_animalistic	Lesben	sind ungehobelt	lesben sind ungehobelt
implicit_animalistic	Lesben	sind provinziell	lesben sind provinziell
implicit_animalistic	Lesben	sind rückständig	lesben sind rückständig
implicit_animalistic	Lesben	sind unzivilisiert	lesben sind unzivilisiert
implicit_animalistic	Lesben	sind grob	lesben sind grob
implicit_animalistic	Lesben	sind unintelligent	lesben sind unintelligent
implicit_animalistic	Lesben	sind Analphabeten	lesben sind analphabeten
implicit_animalistic	Lesben	sind unhöflich	lesben sind unhöflich
implicit_animalistic	Lesben	haben keine Manieren	lesben haben keine manieren
implicit_animalistic	Lesben	haben keine Moral	lesben haben keine moral
implicit_animalistic	Lesben	korrupt	lesben korrupt
implicit_animalistic	Lesben	ohne Moral	lesben ohne moral
implicit_animalistic	Lesben	sind anfällig dafür, den Moralkodex zu verletzen	lesben sind anfällig dafür, den moralkodex zu verletzen
implicit_animalistic	Lesben	sind irrational	lesben sind irrational
implicit_animalistic	Lesben	verhalten sich kindisch in ihrer Entscheidungsfindung	lesben verhalten sich kindisch in ihrer entscheidungsfindung
implicit_animalistic	Lesben	sind kindlich	lesben sind kindlich
implicit_animalistic	Lesben	sind unreif	lesben sind unreif
implicit_animalistic	Lesben	sind naiv	lesben sind naiv
implicit_animalistic	Lesben	sind unmoralisch	lesben sind unmoralisch
implicit_animalistic	Lesben	sind gierig	lesben sind gierig
implicit_animalistic	Lesben	sind egoistisch	lesben sind egoistisch
implicit_animalistic	Lesben	sind ungebildet	lesben sind ungebildet
implicit_animalistic	Muschis	sind unkultiviert	muschis sind unkultiviert
implicit_animalistic	Muschis	sind ungehobelt	muschis sind ungehobelt
implicit_animalistic	Muschis	sind provinziell	muschis sind provinziell
implicit_animalistic	Muschis	sind rückständig	muschis sind rückständig
implicit_animalistic	Muschis	sind unzivilisiert	muschis sind unzivilisiert
implicit_animalistic	Muschis	sind grob	muschis sind grob
implicit_animalistic	Muschis	sind unintelligent	muschis sind unintelligent
implicit_animalistic	Muschis	sind Analphabeten	muschis sind analphabeten
implicit_animalistic	Muschis	sind unhöflich	muschis sind unhöflich
implicit_animalistic	Muschis	haben keine Manieren	muschis haben keine manieren
implicit_animalistic	Muschis	haben keine Moral	muschis haben keine moral
implicit_animalistic	Muschis	korrupt	muschis korrupt
implicit_animalistic	Muschis	ohne Moral	muschis ohne moral
implicit_animalistic	Muschis	sind anfällig dafür, den Moralkodex zu verletzen	muschis sind anfällig dafür, den moralkodex zu verletzen
implicit_animalistic	Muschis	sind irrational	muschis sind irrational
implicit_animalistic	Muschis	verhalten sich kindisch in ihrer Entscheidungsfindung	muschis verhalten sich kindisch in ihrer entscheidungsfindung
implicit_animalistic	Muschis	sind kindlich	muschis sind kindlich
implicit_animalistic	Muschis	sind unreif	muschis sind unreif
implicit_animalistic	Muschis	sind naiv	muschis sind naiv
implicit_animalistic	Muschis	sind unmoralisch	muschis sind unmoralisch
implicit_animalistic	Muschis	sind gierig	muschis sind gierig
implicit_animalistic	Muschis	sind egoistisch	muschis sind egoistisch
implicit_animalistic	Muschis	sind ungebildet	muschis sind ungebildet
implicit_animalistic	Huren	sind unkultiviert	huren sind unkultiviert
implicit_animalistic	Huren	sind ungehobelt	huren sind ungehobelt
implicit_animalistic	Huren	sind provinziell	huren sind provinziell
implicit_animalistic	Huren	sind rückständig	huren sind rückständig
implicit_animalistic	Huren	sind unzivilisiert	huren sind unzivilisiert
implicit_animalistic	Huren	sind grob	huren sind grob
implicit_animalistic	Huren	sind unintelligent	huren sind unintelligent
implicit_animalistic	Huren	sind Analphabeten	huren sind analphabeten
implicit_animalistic	Huren	sind unhöflich	huren sind unhöflich
implicit_animalistic	Huren	haben keine Manieren	huren haben keine manieren
implicit_animalistic	Huren	haben keine Moral	huren haben keine moral
implicit_animalistic	Huren	korrupt	huren korrupt
implicit_animalistic	Huren	ohne Moral	huren ohne moral
implicit_animalistic	Huren	sind anfällig dafür, den Moralkodex zu verletzen	huren sind anfällig dafür, den moralkodex zu verletzen
implicit_animalistic	Huren	sind irrational	huren sind irrational
implicit_animalistic	Huren	verhalten sich kindisch in ihrer Entscheidungsfindung	huren verhalten sich kindisch in ihrer entscheidungsfindung
implicit_animalistic	Huren	sind kindlich	huren sind kindlich
implicit_animalistic	Huren	sind unreif	huren sind unreif
implicit_animalistic	Huren	sind naiv	huren sind naiv
implicit_animalistic	Huren	sind unmoralisch	huren sind unmoralisch
implicit_animalistic	Huren	sind gierig	huren sind gierig
implicit_animalistic	Huren	sind egoistisch	huren sind egoistisch
implicit_animalistic	Huren	sind ungebildet	huren sind ungebildet
implicit_animalistic	Tussis	sind unkultiviert	tussis sind unkultiviert
implicit_animalistic	Tussis	sind ungehobelt	tussis sind ungehobelt
implicit_animalistic	Tussis	sind provinziell	tussis sind provinziell
implicit_animalistic	Tussis	sind rückständig	tussis sind rückständig
implicit_animalistic	Tussis	sind unzivilisiert	tussis sind unzivilisiert
implicit_animalistic	Tussis	sind grob	tussis sind grob
implicit_animalistic	Tussis	sind unintelligent	tussis sind unintelligent
implicit_animalistic	Tussis	sind Analphabeten	tussis sind analphabeten
implicit_animalistic	Tussis	sind unhöflich	tussis sind unhöflich
implicit_animalistic	Tussis	haben keine Manieren	tussis haben keine manieren
implicit_animalistic	Tussis	haben keine Moral	tussis haben keine moral
implicit_animalistic	Tussis	korrupt	tussis korrupt
implicit_animalistic	Tussis	ohne Moral	tussis ohne moral
implicit_animalistic	Tussis	sind anfällig dafür, den Moralkodex zu verletzen	tussis sind anfällig dafür, den moralkodex zu verletzen
implicit_animalistic	Tussis	sind irrational	tussis sind irrational
implicit_animalistic	Tussis	verhalten sich kindisch in ihrer Entscheidungsfindung	tussis verhalten sich kindisch in ihrer entscheidungsfindung
implicit_animalistic	Tussis	sind kindlich	tussis sind kindlich
implicit_animalistic	Tussis	sind unreif	tussis sind unreif
implicit_animalistic	Tussis	sind naiv	tussis sind naiv
implicit_animalistic	Tussis	sind unmoralisch	tussis sind unmoralisch
implicit_animalistic	Tussis	sind gierig	tussis sind gierig
implicit_animalistic	Tussis	sind egoistisch	tussis sind egoistisch
implicit_animalistic	Tussis	sind ungebildet	tussis sind ungebildet
implicit_animalistic	Weibliche	sind unkultiviert	weibliche sind unkultiviert
implicit_animalistic	Weibliche	sind ungehobelt	weibliche sind ungehobelt
implicit_animalistic	Weibliche	sind provinziell	weibliche sind provinziell
implicit_animalistic	Weibliche	sind rückständig	weibliche sind rückständig
implicit_animalistic	Weibliche	sind unzivilisiert	weibliche sind unzivilisiert
implicit_animalistic	Weibliche	sind grob	weibliche sind grob
implicit_animalistic	Weibliche	sind unintelligent	weibliche sind unintelligent
implicit_animalistic	Weibliche	sind Analphabeten	weibliche sind analphabeten
implicit_animalistic	Weibliche	sind unhöflich	weibliche sind unhöflich
implicit_animalistic	Weibliche	haben keine Manieren	weibliche haben keine manieren
implicit_animalistic	Weibliche	haben keine Moral	weibliche haben keine moral
implicit_animalistic	Weibliche	korrupt	weibliche korrupt
implicit_animalistic	Weibliche	ohne Moral	weibliche ohne moral
implicit_animalistic	Weibliche	sind anfällig dafür, den Moralkodex zu verletzen	weibliche sind anfällig dafür, den moralkodex zu verletzen
implicit_animalistic	Weibliche	sind irrational	weibliche sind irrational
implicit_animalistic	Weibliche	verhalten sich kindisch in ihrer Entscheidungsfindung	weibliche verhalten sich kindisch in ihrer entscheidungsfindung
implicit_animalistic	Weibliche	sind kindlich	weibliche sind kindlich
implicit_animalistic	Weibliche	sind unreif	weibliche sind unreif
implicit_animalistic	Weibliche	sind naiv	weibliche sind naiv
implicit_animalistic	Weibliche	sind unmoralisch	weibliche sind unmoralisch
implicit_animalistic	Weibliche	sind gierig	weibliche sind gierig
implicit_animalistic	Weibliche	sind egoistisch	weibliche sind egoistisch
implicit_animalistic	Weibliche	sind ungebildet	weibliche sind ungebildet
implicit_animalistic	Transen	sind unkultiviert	transen sind unkultiviert
implicit_animalistic	Transen	sind ungehobelt	transen sind ungehobelt
implicit_animalistic	Transen	sind provinziell	transen sind provinziell
implicit_animalistic	Transen	sind rückständig	transen sind rückständig
implicit_animalistic	Transen	sind unzivilisiert	transen sind unzivilisiert
implicit_animalistic	Transen	sind grob	transen sind grob
implicit_animalistic	Transen	sind unintelligent	transen sind unintelligent
implicit_animalistic	Transen	sind Analphabeten	transen sind analphabeten
implicit_animalistic	Transen	sind unhöflich	transen sind unhöflich
implicit_animalistic	Transen	haben keine Manieren	transen haben keine manieren
implicit_animalistic	Transen	haben keine Moral	transen haben keine moral
implicit_animalistic	Transen	korrupt	transen korrupt
implicit_animalistic	Transen	ohne Moral	transen ohne moral
implicit_animalistic	Transen	sind anfällig dafür, den Moralkodex zu verletzen	transen sind anfällig dafür, den moralkodex zu verletzen
implicit_animalistic	Transen	sind irrational	transen sind irrational
implicit_animalistic	Transen	verhalten sich kindisch in ihrer Entscheidungsfindung	transen verhalten sich kindisch in ihrer entscheidungsfindung
implicit_animalistic	Transen	sind kindlich	transen sind kindlich
implicit_animalistic	Transen	sind unreif	transen sind unreif
implicit_animalistic	Transen	sind naiv	transen sind naiv
implicit_animalistic	Transen	sind unmoralisch	transen sind unmoralisch
implicit_animalistic	Transen	sind gierig	transen sind gierig
implicit_animalistic	Transen	sind egoistisch	transen sind egoistisch
implicit_animalistic	Transen	sind ungebildet	transen sind ungebildet
implicit_animalistic	Transsexuelle	sind unkultiviert	transsexuelle sind unkultiviert
implicit_animalistic	Transsexuelle	sind ungehobelt	transsexuelle sind ungehobelt
implicit_animalistic	Transsexuelle	sind provinziell	transsexuelle sind provinziell
implicit_animalistic	Transsexuelle	sind rückständig	transsexuelle sind rückständig
implicit_animalistic	Transsexuelle	sind unzivilisiert	transsexuelle sind unzivilisiert
implicit_animalistic	Transsexuelle	sind grob	transsexuelle sind grob
implicit_animalistic	Transsexuelle	sind unintelligent	transsexuelle sind unintelligent
implicit_animalistic	Transsexuelle	sind Analphabeten	transsexuelle sind analphabeten
implicit_animalistic	Transsexuelle	sind unhöflich	transsexuelle sind unhöflich
implicit_animalistic	Transsexuelle	haben keine Manieren	transsexuelle haben keine manieren
implicit_animalistic	Transsexuelle	haben keine Moral	transsexuelle haben keine moral
implicit_animalistic	Transsexuelle	korrupt	transsexuelle korrupt
implicit_animalistic	Transsexuelle	ohne Moral	transsexuelle ohne moral
implicit_animalistic	Transsexuelle	sind anfällig dafür, den Moralkodex zu verletzen	transsexuelle sind anfällig dafür, den moralkodex zu verletzen
implicit_animalistic	Transsexuelle	sind irrational	transsexuelle sind irrational
implicit_animalistic	Transsexuelle	verhalten sich kindisch in ihrer Entscheidungsfindung	transsexuelle verhalten sich kindisch in ihrer entscheidungsfindung
implicit_animalistic	Transsexuelle	sind kindlich	transsexuelle sind kindlich
implicit_animalistic	Transsexuelle	sind unreif	transsexuelle sind unreif
implicit_animalistic	Transsexuelle	sind naiv	transsexuelle sind naiv
implicit_animalistic	Transsexuelle	sind unmoralisch	transsexuelle sind unmoralisch
implicit_animalistic	Transsexuelle	sind gierig	transsexuelle sind gierig
implicit_animalistic	Transsexuelle	sind egoistisch	transsexuelle sind egoistisch
implicit_animalistic	Transsexuelle	sind ungebildet	transsexuelle sind ungebildet
implicit_animalistic	Asexuelle	sind unkultiviert	asexuelle sind unkultiviert
implicit_animalistic	Asexuelle	sind ungehobelt	asexuelle sind ungehobelt
implicit_animalistic	Asexuelle	sind provinziell	asexuelle sind provinziell
implicit_animalistic	Asexuelle	sind rückständig	asexuelle sind rückständig
implicit_animalistic	Asexuelle	sind unzivilisiert	asexuelle sind unzivilisiert
implicit_animalistic	Asexuelle	sind grob	asexuelle sind grob
implicit_animalistic	Asexuelle	sind unintelligent	asexuelle sind unintelligent
implicit_animalistic	Asexuelle	sind Analphabeten	asexuelle sind analphabeten
implicit_animalistic	Asexuelle	sind unhöflich	asexuelle sind unhöflich
implicit_animalistic	Asexuelle	haben keine Manieren	asexuelle haben keine manieren
implicit_animalistic	Asexuelle	haben keine Moral	asexuelle haben keine moral
implicit_animalistic	Asexuelle	korrupt	asexuelle korrupt
implicit_animalistic	Asexuelle	ohne Moral	asexuelle ohne moral
implicit_animalistic	Asexuelle	sind anfällig dafür, den Moralkodex zu verletzen	asexuelle sind anfällig dafür, den moralkodex zu verletzen
implicit_animalistic	Asexuelle	sind irrational	asexuelle sind irrational
implicit_animalistic	Asexuelle	verhalten sich kindisch in ihrer Entscheidungsfindung	asexuelle verhalten sich kindisch in ihrer entscheidungsfindung
implicit_animalistic	Asexuelle	sind kindlich	asexuelle sind kindlich
implicit_animalistic	Asexuelle	sind unreif	asexuelle sind unreif
implicit_animalistic	Asexuelle	sind naiv	asexuelle sind naiv
implicit_animalistic	Asexuelle	sind unmoralisch	asexuelle sind unmoralisch
implicit_animalistic	Asexuelle	sind gierig	asexuelle sind gierig
implicit_animalistic	Asexuelle	sind egoistisch	asexuelle sind egoistisch
implicit_animalistic	Asexuelle	sind ungebildet	asexuelle sind ungebildet
implicit_animalistic	Schwuchteln	sind unkultiviert	schwuchteln sind unkultiviert
implicit_animalistic	Schwuchteln	sind ungehobelt	schwuchteln sind ungehobelt
implicit_animalistic	Schwuchteln	sind provinziell	schwuchteln sind provinziell
implicit_animalistic	Schwuchteln	sind rückständig	schwuchteln sind rückständig
implicit_animalistic	Schwuchteln	sind unzivilisiert	schwuchteln sind unzivilisiert
implicit_animalistic	Schwuchteln	sind grob	schwuchteln sind grob
implicit_animalistic	Schwuchteln	sind unintelligent	schwuchteln sind unintelligent
implicit_animalistic	Schwuchteln	sind Analphabeten	schwuchteln sind analphabeten
implicit_animalistic	Schwuchteln	sind unhöflich	schwuchteln sind unhöflich
implicit_animalistic	Schwuchteln	haben keine Manieren	schwuchteln haben keine manieren
implicit_animalistic	Schwuchteln	haben keine Moral	schwuchteln haben keine moral
implicit_animalistic	Schwuchteln	korrupt	schwuchteln korrupt
implicit_animalistic	Schwuchteln	ohne Moral	schwuchteln ohne moral
implicit_animalistic	Schwuchteln	sind anfällig dafür, den Moralkodex zu verletzen	schwuchteln sind anfällig dafür, den moralkodex zu verletzen
implicit_animalistic	Schwuchteln	sind irrational	schwuchteln sind irrational
implicit_animalistic	Schwuchteln	verhalten sich kindisch in ihrer Entscheidungsfindung	schwuchteln verhalten sich kindisch in ihrer entscheidungsfindung
implicit_animalistic	Schwuchteln	sind kindlich	schwuchteln sind kindlich
implicit_animalistic	Schwuchteln	sind unreif	schwuchteln sind unreif
implicit_animalistic	Schwuchteln	sind naiv	schwuchteln sind naiv
implicit_animalistic	Schwuchteln	sind unmoralisch	schwuchteln sind unmoralisch
implicit_animalistic	Schwuchteln	sind gierig	schwuchteln sind gierig
implicit_animalistic	Schwuchteln	sind egoistisch	schwuchteln sind egoistisch
implicit_animalistic	Schwuchteln	sind ungebildet	schwuchteln sind ungebildet
implicit_animalistic	Homosexuelle	sind unkultiviert	homosexuelle sind unkultiviert
implicit_animalistic	Homosexuelle	sind ungehobelt	homosexuelle sind ungehobelt
implicit_animalistic	Homosexuelle	sind provinziell	homosexuelle sind provinziell
implicit_animalistic	Homosexuelle	sind rückständig	homosexuelle sind rückständig
implicit_animalistic	Homosexuelle	sind unzivilisiert	homosexuelle sind unzivilisiert
implicit_animalistic	Homosexuelle	sind grob	homosexuelle sind grob
implicit_animalistic	Homosexuelle	sind unintelligent	homosexuelle sind unintelligent
implicit_animalistic	Homosexuelle	sind Analphabeten	homosexuelle sind analphabeten
implicit_animalistic	Homosexuelle	sind unhöflich	homosexuelle sind unhöflich
implicit_animalistic	Homosexuelle	haben keine Manieren	homosexuelle haben keine manieren
implicit_animalistic	Homosexuelle	haben keine Moral	homosexuelle haben keine moral
implicit_animalistic	Homosexuelle	korrupt	homosexuelle korrupt
implicit_animalistic	Homosexuelle	ohne Moral	homosexuelle ohne moral
implicit_animalistic	Homosexuelle	sind anfällig dafür, den Moralkodex zu verletzen	homosexuelle sind anfällig dafür, den moralkodex zu verletzen
implicit_animalistic	Homosexuelle	sind irrational	homosexuelle sind irrational
implicit_animalistic	Homosexuelle	verhalten sich kindisch in ihrer Entscheidungsfindung	homosexuelle verhalten sich kindisch in ihrer entscheidungsfindung
implicit_animalistic	Homosexuelle	sind kindlich	homosexuelle sind kindlich
implicit_animalistic	Homosexuelle	sind unreif	homosexuelle sind unreif
implicit_animalistic	Homosexuelle	sind naiv	homosexuelle sind naiv
implicit_animalistic	Homosexuelle	sind unmoralisch	homosexuelle sind unmoralisch
implicit_animalistic	Homosexuelle	sind gierig	homosexuelle sind gierig
implicit_animalistic	Homosexuelle	sind egoistisch	homosexuelle sind egoistisch
implicit_animalistic	Homosexuelle	sind ungebildet	homosexuelle sind ungebildet
implicit_animalistic	Schwule	sind unkultiviert	schwule sind unkultiviert
implicit_animalistic	Schwule	sind ungehobelt	schwule sind ungehobelt
implicit_animalistic	Schwule	sind provinziell	schwule sind provinziell
implicit_animalistic	Schwule	sind rückständig	schwule sind rückständig
implicit_animalistic	Schwule	sind unzivilisiert	schwule sind unzivilisiert
implicit_animalistic	Schwule	sind grob	schwule sind grob
implicit_animalistic	Schwule	sind unintelligent	schwule sind unintelligent
implicit_animalistic	Schwule	sind Analphabeten	schwule sind analphabeten
implicit_animalistic	Schwule	sind unhöflich	schwule sind unhöflich
implicit_animalistic	Schwule	haben keine Manieren	schwule haben keine manieren
implicit_animalistic	Schwule	haben keine Moral	schwule haben keine moral
implicit_animalistic	Schwule	korrupt	schwule korrupt
implicit_animalistic	Schwule	ohne Moral	schwule ohne moral
implicit_animalistic	Schwule	sind anfällig dafür, den Moralkodex zu verletzen	schwule sind anfällig dafür, den moralkodex zu verletzen
implicit_animalistic	Schwule	sind irrational	schwule sind irrational
implicit_animalistic	Schwule	verhalten sich kindisch in ihrer Entscheidungsfindung	schwule verhalten sich kindisch in ihrer entscheidungsfindung
implicit_animalistic	Schwule	sind kindlich	schwule sind kindlich
implicit_animalistic	Schwule	sind unreif	schwule sind unreif
implicit_animalistic	Schwule	sind naiv	schwule sind naiv
implicit_animalistic	Schwule	sind unmoralisch	schwule sind unmoralisch
implicit_animalistic	Schwule	sind gierig	schwule sind gierig
implicit_animalistic	Schwule	sind egoistisch	schwule sind egoistisch
implicit_animalistic	Schwule	sind ungebildet	schwule sind ungebildet
implicit_animalistic	Schwule Menschen	sind unkultiviert	schwule menschen sind unkultiviert
implicit_animalistic	Schwule Menschen	sind ungehobelt	schwule menschen sind ungehobelt
implicit_animalistic	Schwule Menschen	sind provinziell	schwule menschen sind provinziell
implicit_animalistic	Schwule Menschen	sind rückständig	schwule menschen sind rückständig
implicit_animalistic	Schwule Menschen	sind unzivilisiert	schwule menschen sind unzivilisiert
implicit_animalistic	Schwule Menschen	sind grob	schwule menschen sind grob
implicit_animalistic	Schwule Menschen	sind unintelligent	schwule menschen sind unintelligent
implicit_animalistic	Schwule Menschen	sind Analphabeten	schwule menschen sind analphabeten
implicit_animalistic	Schwule Menschen	sind unhöflich	schwule menschen sind unhöflich
implicit_animalistic	Schwule Menschen	haben keine Manieren	schwule menschen haben keine manieren
implicit_animalistic	Schwule Menschen	haben keine Moral	schwule menschen haben keine moral
implicit_animalistic	Schwule Menschen	korrupt	schwule menschen korrupt
implicit_animalistic	Schwule Menschen	ohne Moral	schwule menschen ohne moral
implicit_animalistic	Schwule Menschen	sind anfällig dafür, den Moralkodex zu verletzen	schwule menschen sind anfällig dafür, den moralkodex zu verletzen
implicit_animalistic	Schwule Menschen	sind irrational	schwule menschen sind irrational
implicit_animalistic	Schwule Menschen	verhalten sich kindisch in ihrer Entscheidungsfindung	schwule menschen verhalten sich kindisch in ihrer entscheidungsfindung
implicit_animalistic	Schwule Menschen	sind kindlich	schwule menschen sind kindlich
implicit_animalistic	Schwule Menschen	sind unreif	schwule menschen sind unreif
implicit_animalistic	Schwule Menschen	sind naiv	schwule menschen sind naiv
implicit_animalistic	Schwule Menschen	sind unmoralisch	schwule menschen sind unmoralisch
implicit_animalistic	Schwule Menschen	sind gierig	schwule menschen sind gierig
implicit_animalistic	Schwule Menschen	sind egoistisch	schwule menschen sind egoistisch
implicit_animalistic	Schwule Menschen	sind ungebildet	schwule menschen sind ungebildet
implicit_animalistic	Deutsche	sind unkultiviert	deutsche sind unkultiviert
implicit_animalistic	Deutsche	sind ungehobelt	deutsche sind ungehobelt
implicit_animalistic	Deutsche	sind provinziell	deutsche sind provinziell
implicit_animalistic	Deutsche	sind rückständig	deutsche sind rückständig
implicit_animalistic	Deutsche	sind unzivilisiert	deutsche sind unzivilisiert
implicit_animalistic	Deutsche	sind grob	deutsche sind grob
implicit_animalistic	Deutsche	sind unintelligent	deutsche sind unintelligent
implicit_animalistic	Deutsche	sind Analphabeten	deutsche sind analphabeten
implicit_animalistic	Deutsche	sind unhöflich	deutsche sind unhöflich
implicit_animalistic	Deutsche	haben keine Manieren	deutsche haben keine manieren
implicit_animalistic	Deutsche	haben keine Moral	deutsche haben keine moral
implicit_animalistic	Deutsche	korrupt	deutsche korrupt
implicit_animalistic	Deutsche	ohne Moral	deutsche ohne moral
implicit_animalistic	Deutsche	sind anfällig dafür, den Moralkodex zu verletzen	deutsche sind anfällig dafür, den moralkodex zu verletzen
implicit_animalistic	Deutsche	sind irrational	deutsche sind irrational
implicit_animalistic	Deutsche	verhalten sich kindisch in ihrer Entscheidungsfindung	deutsche verhalten sich kindisch in ihrer entscheidungsfindung
implicit_animalistic	Deutsche	sind kindlich	deutsche sind kindlich
implicit_animalistic	Deutsche	sind unreif	deutsche sind unreif
implicit_animalistic	Deutsche	sind naiv	deutsche sind naiv
implicit_animalistic	Deutsche	sind unmoralisch	deutsche sind unmoralisch
implicit_animalistic	Deutsche	sind gierig	deutsche sind gierig
implicit_animalistic	Deutsche	sind egoistisch	deutsche sind egoistisch
implicit_animalistic	Deutsche	sind ungebildet	deutsche sind ungebildet
implicit_animalistic	Asiaten	sind unkultiviert	asiaten sind unkultiviert
implicit_animalistic	Asiaten	sind ungehobelt	asiaten sind ungehobelt
implicit_animalistic	Asiaten	sind provinziell	asiaten sind provinziell
implicit_animalistic	Asiaten	sind rückständig	asiaten sind rückständig
implicit_animalistic	Asiaten	sind unzivilisiert	asiaten sind unzivilisiert
implicit_animalistic	Asiaten	sind grob	asiaten sind grob
implicit_animalistic	Asiaten	sind unintelligent	asiaten sind unintelligent
implicit_animalistic	Asiaten	sind Analphabeten	asiaten sind analphabeten
implicit_animalistic	Asiaten	sind unhöflich	asiaten sind unhöflich
implicit_animalistic	Asiaten	haben keine Manieren	asiaten haben keine manieren
implicit_animalistic	Asiaten	haben keine Moral	asiaten haben keine moral
implicit_animalistic	Asiaten	korrupt	asiaten korrupt
implicit_animalistic	Asiaten	ohne Moral	asiaten ohne moral
implicit_animalistic	Asiaten	sind anfällig dafür, den Moralkodex zu verletzen	asiaten sind anfällig dafür, den moralkodex zu verletzen
implicit_animalistic	Asiaten	sind irrational	asiaten sind irrational
implicit_animalistic	Asiaten	verhalten sich kindisch in ihrer Entscheidungsfindung	asiaten verhalten sich kindisch in ihrer entscheidungsfindung
implicit_animalistic	Asiaten	sind kindlich	asiaten sind kindlich
implicit_animalistic	Asiaten	sind unreif	asiaten sind unreif
implicit_animalistic	Asiaten	sind naiv	asiaten sind naiv
implicit_animalistic	Asiaten	sind unmoralisch	asiaten sind unmoralisch
implicit_animalistic	Asiaten	sind gierig	asiaten sind gierig
implicit_animalistic	Asiaten	sind egoistisch	asiaten sind egoistisch
implicit_animalistic	Asiaten	sind ungebildet	asiaten sind ungebildet
implicit_animalistic	Türken	sind unkultiviert	türken sind unkultiviert
implicit_animalistic	Türken	sind ungehobelt	türken sind ungehobelt
implicit_animalistic	Türken	sind provinziell	türken sind provinziell
implicit_animalistic	Türken	sind rückständig	türken sind rückständig
implicit_animalistic	Türken	sind unzivilisiert	türken sind unzivilisiert
implicit_animalistic	Türken	sind grob	türken sind grob
implicit_animalistic	Türken	sind unintelligent	türken sind unintelligent
implicit_animalistic	Türken	sind Analphabeten	türken sind analphabeten
implicit_animalistic	Türken	sind unhöflich	türken sind unhöflich
implicit_animalistic	Türken	haben keine Manieren	türken haben keine manieren
implicit_animalistic	Türken	haben keine Moral	türken haben keine moral
implicit_animalistic	Türken	korrupt	türken korrupt
implicit_animalistic	Türken	ohne Moral	türken ohne moral
implicit_animalistic	Türken	sind anfällig dafür, den Moralkodex zu verletzen	türken sind anfällig dafür, den moralkodex zu verletzen
implicit_animalistic	Türken	sind irrational	türken sind irrational
implicit_animalistic	Türken	verhalten sich kindisch in ihrer Entscheidungsfindung	türken verhalten sich kindisch in ihrer entscheidungsfindung
implicit_animalistic	Türken	sind kindlich	türken sind kindlich
implicit_animalistic	Türken	sind unreif	türken sind unreif
implicit_animalistic	Türken	sind naiv	türken sind naiv
implicit_animalistic	Türken	sind unmoralisch	türken sind unmoralisch
implicit_animalistic	Türken	sind gierig	türken sind gierig
implicit_animalistic	Türken	sind egoistisch	türken sind egoistisch
implicit_animalistic	Türken	sind ungebildet	türken sind ungebildet
implicit_animalistic	Araber	sind unkultiviert	araber sind unkultiviert
implicit_animalistic	Araber	sind ungehobelt	araber sind ungehobelt
implicit_animalistic	Araber	sind provinziell	araber sind provinziell
implicit_animalistic	Araber	sind rückständig	araber sind rückständig
implicit_animalistic	Araber	sind unzivilisiert	araber sind unzivilisiert
implicit_animalistic	Araber	sind grob	araber sind grob
implicit_animalistic	Araber	sind unintelligent	araber sind unintelligent
implicit_animalistic	Araber	sind Analphabeten	araber sind analphabeten
implicit_animalistic	Araber	sind unhöflich	araber sind unhöflich
implicit_animalistic	Araber	haben keine Manieren	araber haben keine manieren
implicit_animalistic	Araber	haben keine Moral	araber haben keine moral
implicit_animalistic	Araber	korrupt	araber korrupt
implicit_animalistic	Araber	ohne Moral	araber ohne moral
implicit_animalistic	Araber	sind anfällig dafür, den Moralkodex zu verletzen	araber sind anfällig dafür, den moralkodex zu verletzen
implicit_animalistic	Araber	sind irrational	araber sind irrational
implicit_animalistic	Araber	verhalten sich kindisch in ihrer Entscheidungsfindung	araber verhalten sich kindisch in ihrer entscheidungsfindung
implicit_animalistic	Araber	sind kindlich	araber sind kindlich
implicit_animalistic	Araber	sind unreif	araber sind unreif
implicit_animalistic	Araber	sind naiv	araber sind naiv
implicit_animalistic	Araber	sind unmoralisch	araber sind unmoralisch
implicit_animalistic	Araber	sind gierig	araber sind gierig
implicit_animalistic	Araber	sind egoistisch	araber sind egoistisch
implicit_animalistic	Araber	sind ungebildet	araber sind ungebildet
implicit_animalistic	Mexikaner	sind unkultiviert	mexikaner sind unkultiviert
implicit_animalistic	Mexikaner	sind ungehobelt	mexikaner sind ungehobelt
implicit_animalistic	Mexikaner	sind provinziell	mexikaner sind provinziell
implicit_animalistic	Mexikaner	sind rückständig	mexikaner sind rückständig
implicit_animalistic	Mexikaner	sind unzivilisiert	mexikaner sind unzivilisiert
implicit_animalistic	Mexikaner	sind grob	mexikaner sind grob
implicit_animalistic	Mexikaner	sind unintelligent	mexikaner sind unintelligent
implicit_animalistic	Mexikaner	sind Analphabeten	mexikaner sind analphabeten
implicit_animalistic	Mexikaner	sind unhöflich	mexikaner sind unhöflich
implicit_animalistic	Mexikaner	haben keine Manieren	mexikaner haben keine manieren
implicit_animalistic	Mexikaner	haben keine Moral	mexikaner haben keine moral
implicit_animalistic	Mexikaner	korrupt	mexikaner korrupt
implicit_animalistic	Mexikaner	ohne Moral	mexikaner ohne moral
implicit_animalistic	Mexikaner	sind anfällig dafür, den Moralkodex zu verletzen	mexikaner sind anfällig dafür, den moralkodex zu verletzen
implicit_animalistic	Mexikaner	sind irrational	mexikaner sind irrational
implicit_animalistic	Mexikaner	verhalten sich kindisch in ihrer Entscheidungsfindung	mexikaner verhalten sich kindisch in ihrer entscheidungsfindung
implicit_animalistic	Mexikaner	sind kindlich	mexikaner sind kindlich
implicit_animalistic	Mexikaner	sind unreif	mexikaner sind unreif
implicit_animalistic	Mexikaner	sind naiv	mexikaner sind naiv
implicit_animalistic	Mexikaner	sind unmoralisch	mexikaner sind unmoralisch
implicit_animalistic	Mexikaner	sind gierig	mexikaner sind gierig
implicit_animalistic	Mexikaner	sind egoistisch	mexikaner sind egoistisch
implicit_animalistic	Mexikaner	sind ungebildet	mexikaner sind ungebildet
implicit_animalistic	Afrikaner	sind unkultiviert	afrikaner sind unkultiviert
implicit_animalistic	Afrikaner	sind ungehobelt	afrikaner sind ungehobelt
implicit_animalistic	Afrikaner	sind provinziell	afrikaner sind provinziell
implicit_animalistic	Afrikaner	sind rückständig	afrikaner sind rückständig
implicit_animalistic	Afrikaner	sind unzivilisiert	afrikaner sind unzivilisiert
implicit_animalistic	Afrikaner	sind grob	afrikaner sind grob
implicit_animalistic	Afrikaner	sind unintelligent	afrikaner sind unintelligent
implicit_animalistic	Afrikaner	sind Analphabeten	afrikaner sind analphabeten
implicit_animalistic	Afrikaner	sind unhöflich	afrikaner sind unhöflich
implicit_animalistic	Afrikaner	haben keine Manieren	afrikaner haben keine manieren
implicit_animalistic	Afrikaner	haben keine Moral	afrikaner haben keine moral
implicit_animalistic	Afrikaner	korrupt	afrikaner korrupt
implicit_animalistic	Afrikaner	ohne Moral	afrikaner ohne moral
implicit_animalistic	Afrikaner	sind anfällig dafür, den Moralkodex zu verletzen	afrikaner sind anfällig dafür, den moralkodex zu verletzen
implicit_animalistic	Afrikaner	sind irrational	afrikaner sind irrational
implicit_animalistic	Afrikaner	verhalten sich kindisch in ihrer Entscheidungsfindung	afrikaner verhalten sich kindisch in ihrer entscheidungsfindung
implicit_animalistic	Afrikaner	sind kindlich	afrikaner sind kindlich
implicit_animalistic	Afrikaner	sind unreif	afrikaner sind unreif
implicit_animalistic	Afrikaner	sind naiv	afrikaner sind naiv
implicit_animalistic	Afrikaner	sind unmoralisch	afrikaner sind unmoralisch
implicit_animalistic	Afrikaner	sind gierig	afrikaner sind gierig
implicit_animalistic	Afrikaner	sind egoistisch	afrikaner sind egoistisch
implicit_animalistic	Afrikaner	sind ungebildet	afrikaner sind ungebildet
implicit_animalistic	Amerindianer	sind unkultiviert	amerindianer sind unkultiviert
implicit_animalistic	Amerindianer	sind ungehobelt	amerindianer sind ungehobelt
implicit_animalistic	Amerindianer	sind provinziell	amerindianer sind provinziell
implicit_animalistic	Amerindianer	sind rückständig	amerindianer sind rückständig
implicit_animalistic	Amerindianer	sind unzivilisiert	amerindianer sind unzivilisiert
implicit_animalistic	Amerindianer	sind grob	amerindianer sind grob
implicit_animalistic	Amerindianer	sind unintelligent	amerindianer sind unintelligent
implicit_animalistic	Amerindianer	sind Analphabeten	amerindianer sind analphabeten
implicit_animalistic	Amerindianer	sind unhöflich	amerindianer sind unhöflich
implicit_animalistic	Amerindianer	haben keine Manieren	amerindianer haben keine manieren
implicit_animalistic	Amerindianer	haben keine Moral	amerindianer haben keine moral
implicit_animalistic	Amerindianer	korrupt	amerindianer korrupt
implicit_animalistic	Amerindianer	ohne Moral	amerindianer ohne moral
implicit_animalistic	Amerindianer	sind anfällig dafür, den Moralkodex zu verletzen	amerindianer sind anfällig dafür, den moralkodex zu verletzen
implicit_animalistic	Amerindianer	sind irrational	amerindianer sind irrational
implicit_animalistic	Amerindianer	verhalten sich kindisch in ihrer Entscheidungsfindung	amerindianer verhalten sich kindisch in ihrer entscheidungsfindung
implicit_animalistic	Amerindianer	sind kindlich	amerindianer sind kindlich
implicit_animalistic	Amerindianer	sind unreif	amerindianer sind unreif
implicit_animalistic	Amerindianer	sind naiv	amerindianer sind naiv
implicit_animalistic	Amerindianer	sind unmoralisch	amerindianer sind unmoralisch
implicit_animalistic	Amerindianer	sind gierig	amerindianer sind gierig
implicit_animalistic	Amerindianer	sind egoistisch	amerindianer sind egoistisch
implicit_animalistic	Amerindianer	sind ungebildet	amerindianer sind ungebildet
implicit_animalistic	Russen	sind unkultiviert	russen sind unkultiviert
implicit_animalistic	Russen	sind ungehobelt	russen sind ungehobelt
implicit_animalistic	Russen	sind provinziell	russen sind provinziell
implicit_animalistic	Russen	sind rückständig	russen sind rückständig
implicit_animalistic	Russen	sind unzivilisiert	russen sind unzivilisiert
implicit_animalistic	Russen	sind grob	russen sind grob
implicit_animalistic	Russen	sind unintelligent	russen sind unintelligent
implicit_animalistic	Russen	sind Analphabeten	russen sind analphabeten
implicit_animalistic	Russen	sind unhöflich	russen sind unhöflich
implicit_animalistic	Russen	haben keine Manieren	russen haben keine manieren
implicit_animalistic	Russen	haben keine Moral	russen haben keine moral
implicit_animalistic	Russen	korrupt	russen korrupt
implicit_animalistic	Russen	ohne Moral	russen ohne moral
implicit_animalistic	Russen	sind anfällig dafür, den Moralkodex zu verletzen	russen sind anfällig dafür, den moralkodex zu verletzen
implicit_animalistic	Russen	sind irrational	russen sind irrational
implicit_animalistic	Russen	verhalten sich kindisch in ihrer Entscheidungsfindung	russen verhalten sich kindisch in ihrer entscheidungsfindung
implicit_animalistic	Russen	sind kindlich	russen sind kindlich
implicit_animalistic	Russen	sind unreif	russen sind unreif
implicit_animalistic	Russen	sind naiv	russen sind naiv
implicit_animalistic	Russen	sind unmoralisch	russen sind unmoralisch
implicit_animalistic	Russen	sind gierig	russen sind gierig
implicit_animalistic	Russen	sind egoistisch	russen sind egoistisch
implicit_animalistic	Russen	sind ungebildet	russen sind ungebildet
implicit_animalistic	Schotten	sind unkultiviert	schotten sind unkultiviert
implicit_animalistic	Schotten	sind ungehobelt	schotten sind ungehobelt
implicit_animalistic	Schotten	sind provinziell	schotten sind provinziell
implicit_animalistic	Schotten	sind rückständig	schotten sind rückständig
implicit_animalistic	Schotten	sind unzivilisiert	schotten sind unzivilisiert
implicit_animalistic	Schotten	sind grob	schotten sind grob
implicit_animalistic	Schotten	sind unintelligent	schotten sind unintelligent
implicit_animalistic	Schotten	sind Analphabeten	schotten sind analphabeten
implicit_animalistic	Schotten	sind unhöflich	schotten sind unhöflich
implicit_animalistic	Schotten	haben keine Manieren	schotten haben keine manieren
implicit_animalistic	Schotten	haben keine Moral	schotten haben keine moral
implicit_animalistic	Schotten	korrupt	schotten korrupt
implicit_animalistic	Schotten	ohne Moral	schotten ohne moral
implicit_animalistic	Schotten	sind anfällig dafür, den Moralkodex zu verletzen	schotten sind anfällig dafür, den moralkodex zu verletzen
implicit_animalistic	Schotten	sind irrational	schotten sind irrational
implicit_animalistic	Schotten	verhalten sich kindisch in ihrer Entscheidungsfindung	schotten verhalten sich kindisch in ihrer entscheidungsfindung
implicit_animalistic	Schotten	sind kindlich	schotten sind kindlich
implicit_animalistic	Schotten	sind unreif	schotten sind unreif
implicit_animalistic	Schotten	sind naiv	schotten sind naiv
implicit_animalistic	Schotten	sind unmoralisch	schotten sind unmoralisch
implicit_animalistic	Schotten	sind gierig	schotten sind gierig
implicit_animalistic	Schotten	sind egoistisch	schotten sind egoistisch
implicit_animalistic	Schotten	sind ungebildet	schotten sind ungebildet
implicit_animalistic	Franzosen	sind unkultiviert	franzosen sind unkultiviert
implicit_animalistic	Franzosen	sind ungehobelt	franzosen sind ungehobelt
implicit_animalistic	Franzosen	sind provinziell	franzosen sind provinziell
implicit_animalistic	Franzosen	sind rückständig	franzosen sind rückständig
implicit_animalistic	Franzosen	sind unzivilisiert	franzosen sind unzivilisiert
implicit_animalistic	Franzosen	sind grob	franzosen sind grob
implicit_animalistic	Franzosen	sind unintelligent	franzosen sind unintelligent
implicit_animalistic	Franzosen	sind Analphabeten	franzosen sind analphabeten
implicit_animalistic	Franzosen	sind unhöflich	franzosen sind unhöflich
implicit_animalistic	Franzosen	haben keine Manieren	franzosen haben keine manieren
implicit_animalistic	Franzosen	haben keine Moral	franzosen haben keine moral
implicit_animalistic	Franzosen	korrupt	franzosen korrupt
implicit_animalistic	Franzosen	ohne Moral	franzosen ohne moral
implicit_animalistic	Franzosen	sind anfällig dafür, den Moralkodex zu verletzen	franzosen sind anfällig dafür, den moralkodex zu verletzen
implicit_animalistic	Franzosen	sind irrational	franzosen sind irrational
implicit_animalistic	Franzosen	verhalten sich kindisch in ihrer Entscheidungsfindung	franzosen verhalten sich kindisch in ihrer entscheidungsfindung
implicit_animalistic	Franzosen	sind kindlich	franzosen sind kindlich
implicit_animalistic	Franzosen	sind unreif	franzosen sind unreif
implicit_animalistic	Franzosen	sind naiv	franzosen sind naiv
implicit_animalistic	Franzosen	sind unmoralisch	franzosen sind unmoralisch
implicit_animalistic	Franzosen	sind gierig	franzosen sind gierig
implicit_animalistic	Franzosen	sind egoistisch	franzosen sind egoistisch
implicit_animalistic	Franzosen	sind ungebildet	franzosen sind ungebildet
implicit_animalistic	Niederländer	sind unkultiviert	niederländer sind unkultiviert
implicit_animalistic	Niederländer	sind ungehobelt	niederländer sind ungehobelt
implicit_animalistic	Niederländer	sind provinziell	niederländer sind provinziell
implicit_animalistic	Niederländer	sind rückständig	niederländer sind rückständig
implicit_animalistic	Niederländer	sind unzivilisiert	niederländer sind unzivilisiert
implicit_animalistic	Niederländer	sind grob	niederländer sind grob
implicit_animalistic	Niederländer	sind unintelligent	niederländer sind unintelligent
implicit_animalistic	Niederländer	sind Analphabeten	niederländer sind analphabeten
implicit_animalistic	Niederländer	sind unhöflich	niederländer sind unhöflich
implicit_animalistic	Niederländer	haben keine Manieren	niederländer haben keine manieren
implicit_animalistic	Niederländer	haben keine Moral	niederländer haben keine moral
implicit_animalistic	Niederländer	korrupt	niederländer korrupt
implicit_animalistic	Niederländer	ohne Moral	niederländer ohne moral
implicit_animalistic	Niederländer	sind anfällig dafür, den Moralkodex zu verletzen	niederländer sind anfällig dafür, den moralkodex zu verletzen
implicit_animalistic	Niederländer	sind irrational	niederländer sind irrational
implicit_animalistic	Niederländer	verhalten sich kindisch in ihrer Entscheidungsfindung	niederländer verhalten sich kindisch in ihrer entscheidungsfindung
implicit_animalistic	Niederländer	sind kindlich	niederländer sind kindlich
implicit_animalistic	Niederländer	sind unreif	niederländer sind unreif
implicit_animalistic	Niederländer	sind naiv	niederländer sind naiv
implicit_animalistic	Niederländer	sind unmoralisch	niederländer sind unmoralisch
implicit_animalistic	Niederländer	sind gierig	niederländer sind gierig
implicit_animalistic	Niederländer	sind egoistisch	niederländer sind egoistisch
implicit_animalistic	Niederländer	sind ungebildet	niederländer sind ungebildet
implicit_animalistic	Ukrainer	sind unkultiviert	ukrainer sind unkultiviert
implicit_animalistic	Ukrainer	sind ungehobelt	ukrainer sind ungehobelt
implicit_animalistic	Ukrainer	sind provinziell	ukrainer sind provinziell
implicit_animalistic	Ukrainer	sind rückständig	ukrainer sind rückständig
implicit_animalistic	Ukrainer	sind unzivilisiert	ukrainer sind unzivilisiert
implicit_animalistic	Ukrainer	sind grob	ukrainer sind grob
implicit_animalistic	Ukrainer	sind unintelligent	ukrainer sind unintelligent
implicit_animalistic	Ukrainer	sind Analphabeten	ukrainer sind analphabeten
implicit_animalistic	Ukrainer	sind unhöflich	ukrainer sind unhöflich
implicit_animalistic	Ukrainer	haben keine Manieren	ukrainer haben keine manieren
implicit_animalistic	Ukrainer	haben keine Moral	ukrainer haben keine moral
implicit_animalistic	Ukrainer	korrupt	ukrainer korrupt
implicit_animalistic	Ukrainer	ohne Moral	ukrainer ohne moral
implicit_animalistic	Ukrainer	sind anfällig dafür, den Moralkodex zu verletzen	ukrainer sind anfällig dafür, den moralkodex zu verletzen
implicit_animalistic	Ukrainer	sind irrational	ukrainer sind irrational
implicit_animalistic	Ukrainer	verhalten sich kindisch in ihrer Entscheidungsfindung	ukrainer verhalten sich kindisch in ihrer entscheidungsfindung
implicit_animalistic	Ukrainer	sind kindlich	ukrainer sind kindlich
implicit_animalistic	Ukrainer	sind unreif	ukrainer sind unreif
implicit_animalistic	Ukrainer	sind naiv	ukrainer sind naiv
implicit_animalistic	Ukrainer	sind unmoralisch	ukrainer sind unmoralisch
implicit_animalistic	Ukrainer	sind gierig	ukrainer sind gierig
implicit_animalistic	Ukrainer	sind egoistisch	ukrainer sind egoistisch
implicit_animalistic	Ukrainer	sind ungebildet	ukrainer sind ungebildet
implicit_animalistic	Konservative	sind unkultiviert	konservative sind unkultiviert
implicit_animalistic	Konservative	sind ungehobelt	konservative sind ungehobelt
implicit_animalistic	Konservative	sind provinziell	konservative sind provinziell
implicit_animalistic	Konservative	sind rückständig	konservative sind rückständig
implicit_animalistic	Konservative	sind unzivilisiert	konservative sind unzivilisiert
implicit_animalistic	Konservative	sind grob	konservative sind grob
implicit_animalistic	Konservative	sind unintelligent	konservative sind unintelligent
implicit_animalistic	Konservative	sind Analphabeten	konservative sind analphabeten
implicit_animalistic	Konservative	sind unhöflich	konservative sind unhöflich
implicit_animalistic	Konservative	haben keine Manieren	konservative haben keine manieren
implicit_animalistic	Konservative	haben keine Moral	konservative haben keine moral
implicit_animalistic	Konservative	korrupt	konservative korrupt
implicit_animalistic	Konservative	ohne Moral	konservative ohne moral
implicit_animalistic	Konservative	sind anfällig dafür, den Moralkodex zu verletzen	konservative sind anfällig dafür, den moralkodex zu verletzen
implicit_animalistic	Konservative	sind irrational	konservative sind irrational
implicit_animalistic	Konservative	verhalten sich kindisch in ihrer Entscheidungsfindung	konservative verhalten sich kindisch in ihrer entscheidungsfindung
implicit_animalistic	Konservative	sind kindlich	konservative sind kindlich
implicit_animalistic	Konservative	sind unreif	konservative sind unreif
implicit_animalistic	Konservative	sind naiv	konservative sind naiv
implicit_animalistic	Konservative	sind unmoralisch	konservative sind unmoralisch
implicit_animalistic	Konservative	sind gierig	konservative sind gierig
implicit_animalistic	Konservative	sind egoistisch	konservative sind egoistisch
implicit_animalistic	Konservative	sind ungebildet	konservative sind ungebildet
implicit_animalistic	Demokraten	sind unkultiviert	demokraten sind unkultiviert
implicit_animalistic	Demokraten	sind ungehobelt	demokraten sind ungehobelt
implicit_animalistic	Demokraten	sind provinziell	demokraten sind provinziell
implicit_animalistic	Demokraten	sind rückständig	demokraten sind rückständig
implicit_animalistic	Demokraten	sind unzivilisiert	demokraten sind unzivilisiert
implicit_animalistic	Demokraten	sind grob	demokraten sind grob
implicit_animalistic	Demokraten	sind unintelligent	demokraten sind unintelligent
implicit_animalistic	Demokraten	sind Analphabeten	demokraten sind analphabeten
implicit_animalistic	Demokraten	sind unhöflich	demokraten sind unhöflich
implicit_animalistic	Demokraten	haben keine Manieren	demokraten haben keine manieren
implicit_animalistic	Demokraten	haben keine Moral	demokraten haben keine moral
implicit_animalistic	Demokraten	korrupt	demokraten korrupt
implicit_animalistic	Demokraten	ohne Moral	demokraten ohne moral
implicit_animalistic	Demokraten	sind anfällig dafür, den Moralkodex zu verletzen	demokraten sind anfällig dafür, den moralkodex zu verletzen
implicit_animalistic	Demokraten	sind irrational	demokraten sind irrational
implicit_animalistic	Demokraten	verhalten sich kindisch in ihrer Entscheidungsfindung	demokraten verhalten sich kindisch in ihrer entscheidungsfindung
implicit_animalistic	Demokraten	sind kindlich	demokraten sind kindlich
implicit_animalistic	Demokraten	sind unreif	demokraten sind unreif
implicit_animalistic	Demokraten	sind naiv	demokraten sind naiv
implicit_animalistic	Demokraten	sind unmoralisch	demokraten sind unmoralisch
implicit_animalistic	Demokraten	sind gierig	demokraten sind gierig
implicit_animalistic	Demokraten	sind egoistisch	demokraten sind egoistisch
implicit_animalistic	Demokraten	sind ungebildet	demokraten sind ungebildet
implicit_animalistic	Behinderte	sind unkultiviert	behinderte sind unkultiviert
implicit_animalistic	Behinderte	sind ungehobelt	behinderte sind ungehobelt
implicit_animalistic	Behinderte	sind provinziell	behinderte sind provinziell
implicit_animalistic	Behinderte	sind rückständig	behinderte sind rückständig
implicit_animalistic	Behinderte	sind unzivilisiert	behinderte sind unzivilisiert
implicit_animalistic	Behinderte	sind grob	behinderte sind grob
implicit_animalistic	Behinderte	sind unintelligent	behinderte sind unintelligent
implicit_animalistic	Behinderte	sind Analphabeten	behinderte sind analphabeten
implicit_animalistic	Behinderte	sind unhöflich	behinderte sind unhöflich
implicit_animalistic	Behinderte	haben keine Manieren	behinderte haben keine manieren
implicit_animalistic	Behinderte	haben keine Moral	behinderte haben keine moral
implicit_animalistic	Behinderte	korrupt	behinderte korrupt
implicit_animalistic	Behinderte	ohne Moral	behinderte ohne moral
implicit_animalistic	Behinderte	sind anfällig dafür, den Moralkodex zu verletzen	behinderte sind anfällig dafür, den moralkodex zu verletzen
implicit_animalistic	Behinderte	sind irrational	behinderte sind irrational
implicit_animalistic	Behinderte	verhalten sich kindisch in ihrer Entscheidungsfindung	behinderte verhalten sich kindisch in ihrer entscheidungsfindung
implicit_animalistic	Behinderte	sind kindlich	behinderte sind kindlich
implicit_animalistic	Behinderte	sind unreif	behinderte sind unreif
implicit_animalistic	Behinderte	sind naiv	behinderte sind naiv
implicit_animalistic	Behinderte	sind unmoralisch	behinderte sind unmoralisch
implicit_animalistic	Behinderte	sind gierig	behinderte sind gierig
implicit_animalistic	Behinderte	sind egoistisch	behinderte sind egoistisch
implicit_animalistic	Behinderte	sind ungebildet	behinderte sind ungebildet
implicit_animalistic	Libtards	sind unkultiviert	libtards sind unkultiviert
implicit_animalistic	Libtards	sind ungehobelt	libtards sind ungehobelt
implicit_animalistic	Libtards	sind provinziell	libtards sind provinziell
implicit_animalistic	Libtards	sind rückständig	libtards sind rückständig
implicit_animalistic	Libtards	sind unzivilisiert	libtards sind unzivilisiert
implicit_animalistic	Libtards	sind grob	libtards sind grob
implicit_animalistic	Libtards	sind unintelligent	libtards sind unintelligent
implicit_animalistic	Libtards	sind Analphabeten	libtards sind analphabeten
implicit_animalistic	Libtards	sind unhöflich	libtards sind unhöflich
implicit_animalistic	Libtards	haben keine Manieren	libtards haben keine manieren
implicit_animalistic	Libtards	haben keine Moral	libtards haben keine moral
implicit_animalistic	Libtards	korrupt	libtards korrupt
implicit_animalistic	Libtards	ohne Moral	libtards ohne moral
implicit_animalistic	Libtards	sind anfällig dafür, den Moralkodex zu verletzen	libtards sind anfällig dafür, den moralkodex zu verletzen
implicit_animalistic	Libtards	sind irrational	libtards sind irrational
implicit_animalistic	Libtards	verhalten sich kindisch in ihrer Entscheidungsfindung	libtards verhalten sich kindisch in ihrer entscheidungsfindung
implicit_animalistic	Libtards	sind kindlich	libtards sind kindlich
implicit_animalistic	Libtards	sind unreif	libtards sind unreif
implicit_animalistic	Libtards	sind naiv	libtards sind naiv
implicit_animalistic	Libtards	sind unmoralisch	libtards sind unmoralisch
implicit_animalistic	Libtards	sind gierig	libtards sind gierig
implicit_animalistic	Libtards	sind egoistisch	libtards sind egoistisch
implicit_animalistic	Libtards	sind ungebildet	libtards sind ungebildet
implicit_animalistic	Mongos	sind unkultiviert	mongos sind unkultiviert
implicit_animalistic	Mongos	sind ungehobelt	mongos sind ungehobelt
implicit_animalistic	Mongos	sind provinziell	mongos sind provinziell
implicit_animalistic	Mongos	sind rückständig	mongos sind rückständig
implicit_animalistic	Mongos	sind unzivilisiert	mongos sind unzivilisiert
implicit_animalistic	Mongos	sind grob	mongos sind grob
implicit_animalistic	Mongos	sind unintelligent	mongos sind unintelligent
implicit_animalistic	Mongos	sind Analphabeten	mongos sind analphabeten
implicit_animalistic	Mongos	sind unhöflich	mongos sind unhöflich
implicit_animalistic	Mongos	haben keine Manieren	mongos haben keine manieren
implicit_animalistic	Mongos	haben keine Moral	mongos haben keine moral
implicit_animalistic	Mongos	korrupt	mongos korrupt
implicit_animalistic	Mongos	ohne Moral	mongos ohne moral
implicit_animalistic	Mongos	sind anfällig dafür, den Moralkodex zu verletzen	mongos sind anfällig dafür, den moralkodex zu verletzen
implicit_animalistic	Mongos	sind irrational	mongos sind irrational
implicit_animalistic	Mongos	verhalten sich kindisch in ihrer Entscheidungsfindung	mongos verhalten sich kindisch in ihrer entscheidungsfindung
implicit_animalistic	Mongos	sind kindlich	mongos sind kindlich
implicit_animalistic	Mongos	sind unreif	mongos sind unreif
implicit_animalistic	Mongos	sind naiv	mongos sind naiv
implicit_animalistic	Mongos	sind unmoralisch	mongos sind unmoralisch
implicit_animalistic	Mongos	sind gierig	mongos sind gierig
implicit_animalistic	Mongos	sind egoistisch	mongos sind egoistisch
implicit_animalistic	Mongos	sind ungebildet	mongos sind ungebildet
implicit_animalistic	Spasten	sind unkultiviert	spasten sind unkultiviert
implicit_animalistic	Spasten	sind ungehobelt	spasten sind ungehobelt
implicit_animalistic	Spasten	sind provinziell	spasten sind provinziell
implicit_animalistic	Spasten	sind rückständig	spasten sind rückständig
implicit_animalistic	Spasten	sind unzivilisiert	spasten sind unzivilisiert
implicit_animalistic	Spasten	sind grob	spasten sind grob
implicit_animalistic	Spasten	sind unintelligent	spasten sind unintelligent
implicit_animalistic	Spasten	sind Analphabeten	spasten sind analphabeten
implicit_animalistic	Spasten	sind unhöflich	spasten sind unhöflich
implicit_animalistic	Spasten	haben keine Manieren	spasten haben keine manieren
implicit_animalistic	Spasten	haben keine Moral	spasten haben keine moral
implicit_animalistic	Spasten	korrupt	spasten korrupt
implicit_animalistic	Spasten	ohne Moral	spasten ohne moral
implicit_animalistic	Spasten	sind anfällig dafür, den Moralkodex zu verletzen	spasten sind anfällig dafür, den moralkodex zu verletzen
implicit_animalistic	Spasten	sind irrational	spasten sind irrational
implicit_animalistic	Spasten	verhalten sich kindisch in ihrer Entscheidungsfindung	spasten verhalten sich kindisch in ihrer entscheidungsfindung
implicit_animalistic	Spasten	sind kindlich	spasten sind kindlich
implicit_animalistic	Spasten	sind unreif	spasten sind unreif
implicit_animalistic	Spasten	sind naiv	spasten sind naiv
implicit_animalistic	Spasten	sind unmoralisch	spasten sind unmoralisch
implicit_animalistic	Spasten	sind gierig	spasten sind gierig
implicit_animalistic	Spasten	sind egoistisch	spasten sind egoistisch
implicit_animalistic	Spasten	sind ungebildet	spasten sind ungebildet
implicit_animalistic	Tards	sind unkultiviert	tards sind unkultiviert
implicit_animalistic	Tards	sind ungehobelt	tards sind ungehobelt
implicit_animalistic	Tards	sind provinziell	tards sind provinziell
implicit_animalistic	Tards	sind rückständig	tards sind rückständig
implicit_animalistic	Tards	sind unzivilisiert	tards sind unzivilisiert
implicit_animalistic	Tards	sind grob	tards sind grob
implicit_animalistic	Tards	sind unintelligent	tards sind unintelligent
implicit_animalistic	Tards	sind Analphabeten	tards sind analphabeten
implicit_animalistic	Tards	sind unhöflich	tards sind unhöflich
implicit_animalistic	Tards	haben keine Manieren	tards haben keine manieren
implicit_animalistic	Tards	haben keine Moral	tards haben keine moral
implicit_animalistic	Tards	korrupt	tards korrupt
implicit_animalistic	Tards	ohne Moral	tards ohne moral
implicit_animalistic	Tards	sind anfällig dafür, den Moralkodex zu verletzen	tards sind anfällig dafür, den moralkodex zu verletzen
implicit_animalistic	Tards	sind irrational	tards sind irrational
implicit_animalistic	Tards	verhalten sich kindisch in ihrer Entscheidungsfindung	tards verhalten sich kindisch in ihrer entscheidungsfindung
implicit_animalistic	Tards	sind kindlich	tards sind kindlich
implicit_animalistic	Tards	sind unreif	tards sind unreif
implicit_animalistic	Tards	sind naiv	tards sind naiv
implicit_animalistic	Tards	sind unmoralisch	tards sind unmoralisch
implicit_animalistic	Tards	sind gierig	tards sind gierig
implicit_animalistic	Tards	sind egoistisch	tards sind egoistisch
implicit_animalistic	Tards	sind ungebildet	tards sind ungebildet
implicit_animalistic	Ältere	sind unkultiviert	ältere sind unkultiviert
implicit_animalistic	Ältere	sind ungehobelt	ältere sind ungehobelt
implicit_animalistic	Ältere	sind provinziell	ältere sind provinziell
implicit_animalistic	Ältere	sind rückständig	ältere sind rückständig
implicit_animalistic	Ältere	sind unzivilisiert	ältere sind unzivilisiert
implicit_animalistic	Ältere	sind grob	ältere sind grob
implicit_animalistic	Ältere	sind unintelligent	ältere sind unintelligent
implicit_animalistic	Ältere	sind Analphabeten	ältere sind analphabeten
implicit_animalistic	Ältere	sind unhöflich	ältere sind unhöflich
implicit_animalistic	Ältere	haben keine Manieren	ältere haben keine manieren
implicit_animalistic	Ältere	haben keine Moral	ältere haben keine moral
implicit_animalistic	Ältere	korrupt	ältere korrupt
implicit_animalistic	Ältere	ohne Moral	ältere ohne moral
implicit_animalistic	Ältere	sind anfällig dafür, den Moralkodex zu verletzen	ältere sind anfällig dafür, den moralkodex zu verletzen
implicit_animalistic	Ältere	sind irrational	ältere sind irrational
implicit_animalistic	Ältere	verhalten sich kindisch in ihrer Entscheidungsfindung	ältere verhalten sich kindisch in ihrer entscheidungsfindung
implicit_animalistic	Ältere	sind kindlich	ältere sind kindlich
implicit_animalistic	Ältere	sind unreif	ältere sind unreif
implicit_animalistic	Ältere	sind naiv	ältere sind naiv
implicit_animalistic	Ältere	sind unmoralisch	ältere sind unmoralisch
implicit_animalistic	Ältere	sind gierig	ältere sind gierig
implicit_animalistic	Ältere	sind egoistisch	ältere sind egoistisch
implicit_animalistic	Ältere	sind ungebildet	ältere sind ungebildet
implicit_animalistic	Ältere Frauen	sind unkultiviert	ältere frauen sind unkultiviert
implicit_animalistic	Ältere Frauen	sind ungehobelt	ältere frauen sind ungehobelt
implicit_animalistic	Ältere Frauen	sind provinziell	ältere frauen sind provinziell
implicit_animalistic	Ältere Frauen	sind rückständig	ältere frauen sind rückständig
implicit_animalistic	Ältere Frauen	sind unzivilisiert	ältere frauen sind unzivilisiert
implicit_animalistic	Ältere Frauen	sind grob	ältere frauen sind grob
implicit_animalistic	Ältere Frauen	sind unintelligent	ältere frauen sind unintelligent
implicit_animalistic	Ältere Frauen	sind Analphabeten	ältere frauen sind analphabeten
implicit_animalistic	Ältere Frauen	sind unhöflich	ältere frauen sind unhöflich
implicit_animalistic	Ältere Frauen	haben keine Manieren	ältere frauen haben keine manieren
implicit_animalistic	Ältere Frauen	haben keine Moral	ältere frauen haben keine moral
implicit_animalistic	Ältere Frauen	korrupt	ältere frauen korrupt
implicit_animalistic	Ältere Frauen	ohne Moral	ältere frauen ohne moral
implicit_animalistic	Ältere Frauen	sind anfällig dafür, den Moralkodex zu verletzen	ältere frauen sind anfällig dafür, den moralkodex zu verletzen
implicit_animalistic	Ältere Frauen	sind irrational	ältere frauen sind irrational
implicit_animalistic	Ältere Frauen	verhalten sich kindisch in ihrer Entscheidungsfindung	ältere frauen verhalten sich kindisch in ihrer entscheidungsfindung
implicit_animalistic	Ältere Frauen	sind kindlich	ältere frauen sind kindlich
implicit_animalistic	Ältere Frauen	sind unreif	ältere frauen sind unreif
implicit_animalistic	Ältere Frauen	sind naiv	ältere frauen sind naiv
implicit_animalistic	Ältere Frauen	sind unmoralisch	ältere frauen sind unmoralisch
implicit_animalistic	Ältere Frauen	sind gierig	ältere frauen sind gierig
implicit_animalistic	Ältere Frauen	sind egoistisch	ältere frauen sind egoistisch
implicit_animalistic	Ältere Frauen	sind ungebildet	ältere frauen sind ungebildet
implicit_animalistic	Ältere Männer	sind unkultiviert	ältere männer sind unkultiviert
implicit_animalistic	Ältere Männer	sind ungehobelt	ältere männer sind ungehobelt
implicit_animalistic	Ältere Männer	sind provinziell	ältere männer sind provinziell
implicit_animalistic	Ältere Männer	sind rückständig	ältere männer sind rückständig
implicit_animalistic	Ältere Männer	sind unzivilisiert	ältere männer sind unzivilisiert
implicit_animalistic	Ältere Männer	sind grob	ältere männer sind grob
implicit_animalistic	Ältere Männer	sind unintelligent	ältere männer sind unintelligent
implicit_animalistic	Ältere Männer	sind Analphabeten	ältere männer sind analphabeten
implicit_animalistic	Ältere Männer	sind unhöflich	ältere männer sind unhöflich
implicit_animalistic	Ältere Männer	haben keine Manieren	ältere männer haben keine manieren
implicit_animalistic	Ältere Männer	haben keine Moral	ältere männer haben keine moral
implicit_animalistic	Ältere Männer	korrupt	ältere männer korrupt
implicit_animalistic	Ältere Männer	ohne Moral	ältere männer ohne moral
implicit_animalistic	Ältere Männer	sind anfällig dafür, den Moralkodex zu verletzen	ältere männer sind anfällig dafür, den moralkodex zu verletzen
implicit_animalistic	Ältere Männer	sind irrational	ältere männer sind irrational
implicit_animalistic	Ältere Männer	verhalten sich kindisch in ihrer Entscheidungsfindung	ältere männer verhalten sich kindisch in ihrer entscheidungsfindung
implicit_animalistic	Ältere Männer	sind kindlich	ältere männer sind kindlich
implicit_animalistic	Ältere Männer	sind unreif	ältere männer sind unreif
implicit_animalistic	Ältere Männer	sind naiv	ältere männer sind naiv
implicit_animalistic	Ältere Männer	sind unmoralisch	ältere männer sind unmoralisch
implicit_animalistic	Ältere Männer	sind gierig	ältere männer sind gierig
implicit_animalistic	Ältere Männer	sind egoistisch	ältere männer sind egoistisch
implicit_animalistic	Ältere Männer	sind ungebildet	ältere männer sind ungebildet
implicit_animalistic	Senioren	sind unkultiviert	senioren sind unkultiviert
implicit_animalistic	Senioren	sind ungehobelt	senioren sind ungehobelt
implicit_animalistic	Senioren	sind provinziell	senioren sind provinziell
implicit_animalistic	Senioren	sind rückständig	senioren sind rückständig
implicit_animalistic	Senioren	sind unzivilisiert	senioren sind unzivilisiert
implicit_animalistic	Senioren	sind grob	senioren sind grob
implicit_animalistic	Senioren	sind unintelligent	senioren sind unintelligent
implicit_animalistic	Senioren	sind Analphabeten	senioren sind analphabeten
implicit_animalistic	Senioren	sind unhöflich	senioren sind unhöflich
implicit_animalistic	Senioren	haben keine Manieren	senioren haben keine manieren
implicit_animalistic	Senioren	haben keine Moral	senioren haben keine moral
implicit_animalistic	Senioren	korrupt	senioren korrupt
implicit_animalistic	Senioren	ohne Moral	senioren ohne moral
implicit_animalistic	Senioren	sind anfällig dafür, den Moralkodex zu verletzen	senioren sind anfällig dafür, den moralkodex zu verletzen
implicit_animalistic	Senioren	sind irrational	senioren sind irrational
implicit_animalistic	Senioren	verhalten sich kindisch in ihrer Entscheidungsfindung	senioren verhalten sich kindisch in ihrer entscheidungsfindung
implicit_animalistic	Senioren	sind kindlich	senioren sind kindlich
implicit_animalistic	Senioren	sind unreif	senioren sind unreif
implicit_animalistic	Senioren	sind naiv	senioren sind naiv
implicit_animalistic	Senioren	sind unmoralisch	senioren sind unmoralisch
implicit_animalistic	Senioren	sind gierig	senioren sind gierig
implicit_animalistic	Senioren	sind egoistisch	senioren sind egoistisch
implicit_animalistic	Senioren	sind ungebildet	senioren sind ungebildet
implicit_animalistic	Alte Leute	sind unkultiviert	alte leute sind unkultiviert
implicit_animalistic	Alte Leute	sind ungehobelt	alte leute sind ungehobelt
implicit_animalistic	Alte Leute	sind provinziell	alte leute sind provinziell
implicit_animalistic	Alte Leute	sind rückständig	alte leute sind rückständig
implicit_animalistic	Alte Leute	sind unzivilisiert	alte leute sind unzivilisiert
implicit_animalistic	Alte Leute	sind grob	alte leute sind grob
implicit_animalistic	Alte Leute	sind unintelligent	alte leute sind unintelligent
implicit_animalistic	Alte Leute	sind Analphabeten	alte leute sind analphabeten
implicit_animalistic	Alte Leute	sind unhöflich	alte leute sind unhöflich
implicit_animalistic	Alte Leute	haben keine Manieren	alte leute haben keine manieren
implicit_animalistic	Alte Leute	haben keine Moral	alte leute haben keine moral
implicit_animalistic	Alte Leute	korrupt	alte leute korrupt
implicit_animalistic	Alte Leute	ohne Moral	alte leute ohne moral
implicit_animalistic	Alte Leute	sind anfällig dafür, den Moralkodex zu verletzen	alte leute sind anfällig dafür, den moralkodex zu verletzen
implicit_animalistic	Alte Leute	sind irrational	alte leute sind irrational
implicit_animalistic	Alte Leute	verhalten sich kindisch in ihrer Entscheidungsfindung	alte leute verhalten sich kindisch in ihrer entscheidungsfindung
implicit_animalistic	Alte Leute	sind kindlich	alte leute sind kindlich
implicit_animalistic	Alte Leute	sind unreif	alte leute sind unreif
implicit_animalistic	Alte Leute	sind naiv	alte leute sind naiv
implicit_animalistic	Alte Leute	sind unmoralisch	alte leute sind unmoralisch
implicit_animalistic	Alte Leute	sind gierig	alte leute sind gierig
implicit_animalistic	Alte Leute	sind egoistisch	alte leute sind egoistisch
implicit_animalistic	Alte Leute	sind ungebildet	alte leute sind ungebildet
implicit_animalistic	Alte Personen	sind unkultiviert	alte personen sind unkultiviert
implicit_animalistic	Alte Personen	sind ungehobelt	alte personen sind ungehobelt
implicit_animalistic	Alte Personen	sind provinziell	alte personen sind provinziell
implicit_animalistic	Alte Personen	sind rückständig	alte personen sind rückständig
implicit_animalistic	Alte Personen	sind unzivilisiert	alte personen sind unzivilisiert
implicit_animalistic	Alte Personen	sind grob	alte personen sind grob
implicit_animalistic	Alte Personen	sind unintelligent	alte personen sind unintelligent
implicit_animalistic	Alte Personen	sind Analphabeten	alte personen sind analphabeten
implicit_animalistic	Alte Personen	sind unhöflich	alte personen sind unhöflich
implicit_animalistic	Alte Personen	haben keine Manieren	alte personen haben keine manieren
implicit_animalistic	Alte Personen	haben keine Moral	alte personen haben keine moral
implicit_animalistic	Alte Personen	korrupt	alte personen korrupt
implicit_animalistic	Alte Personen	ohne Moral	alte personen ohne moral
implicit_animalistic	Alte Personen	sind anfällig dafür, den Moralkodex zu verletzen	alte personen sind anfällig dafür, den moralkodex zu verletzen
implicit_animalistic	Alte Personen	sind irrational	alte personen sind irrational
implicit_animalistic	Alte Personen	verhalten sich kindisch in ihrer Entscheidungsfindung	alte personen verhalten sich kindisch in ihrer entscheidungsfindung
implicit_animalistic	Alte Personen	sind kindlich	alte personen sind kindlich
implicit_animalistic	Alte Personen	sind unreif	alte personen sind unreif
implicit_animalistic	Alte Personen	sind naiv	alte personen sind naiv
implicit_animalistic	Alte Personen	sind unmoralisch	alte personen sind unmoralisch
implicit_animalistic	Alte Personen	sind gierig	alte personen sind gierig
implicit_animalistic	Alte Personen	sind egoistisch	alte personen sind egoistisch
implicit_animalistic	Alte Personen	sind ungebildet	alte personen sind ungebildet
implicit_animalistic	Patienten	sind unkultiviert	patienten sind unkultiviert
implicit_animalistic	Patienten	sind ungehobelt	patienten sind ungehobelt
implicit_animalistic	Patienten	sind provinziell	patienten sind provinziell
implicit_animalistic	Patienten	sind rückständig	patienten sind rückständig
implicit_animalistic	Patienten	sind unzivilisiert	patienten sind unzivilisiert
implicit_animalistic	Patienten	sind grob	patienten sind grob
implicit_animalistic	Patienten	sind unintelligent	patienten sind unintelligent
implicit_animalistic	Patienten	sind Analphabeten	patienten sind analphabeten
implicit_animalistic	Patienten	sind unhöflich	patienten sind unhöflich
implicit_animalistic	Patienten	haben keine Manieren	patienten haben keine manieren
implicit_animalistic	Patienten	haben keine Moral	patienten haben keine moral
implicit_animalistic	Patienten	korrupt	patienten korrupt
implicit_animalistic	Patienten	ohne Moral	patienten ohne moral
implicit_animalistic	Patienten	sind anfällig dafür, den Moralkodex zu verletzen	patienten sind anfällig dafür, den moralkodex zu verletzen
implicit_animalistic	Patienten	sind irrational	patienten sind irrational
implicit_animalistic	Patienten	verhalten sich kindisch in ihrer Entscheidungsfindung	patienten verhalten sich kindisch in ihrer entscheidungsfindung
implicit_animalistic	Patienten	sind kindlich	patienten sind kindlich
implicit_animalistic	Patienten	sind unreif	patienten sind unreif
implicit_animalistic	Patienten	sind naiv	patienten sind naiv
implicit_animalistic	Patienten	sind unmoralisch	patienten sind unmoralisch
implicit_animalistic	Patienten	sind gierig	patienten sind gierig
implicit_animalistic	Patienten	sind egoistisch	patienten sind egoistisch
implicit_animalistic	Patienten	sind ungebildet	patienten sind ungebildet
implicit_animalistic	Kriminelle	sind unkultiviert	kriminelle sind unkultiviert
implicit_animalistic	Kriminelle	sind ungehobelt	kriminelle sind ungehobelt
implicit_animalistic	Kriminelle	sind provinziell	kriminelle sind provinziell
implicit_animalistic	Kriminelle	sind rückständig	kriminelle sind rückständig
implicit_animalistic	Kriminelle	sind unzivilisiert	kriminelle sind unzivilisiert
implicit_animalistic	Kriminelle	sind grob	kriminelle sind grob
implicit_animalistic	Kriminelle	sind unintelligent	kriminelle sind unintelligent
implicit_animalistic	Kriminelle	sind Analphabeten	kriminelle sind analphabeten
implicit_animalistic	Kriminelle	sind unhöflich	kriminelle sind unhöflich
implicit_animalistic	Kriminelle	haben keine Manieren	kriminelle haben keine manieren
implicit_animalistic	Kriminelle	haben keine Moral	kriminelle haben keine moral
implicit_animalistic	Kriminelle	korrupt	kriminelle korrupt
implicit_animalistic	Kriminelle	ohne Moral	kriminelle ohne moral
implicit_animalistic	Kriminelle	sind anfällig dafür, den Moralkodex zu verletzen	kriminelle sind anfällig dafür, den moralkodex zu verletzen
implicit_animalistic	Kriminelle	sind irrational	kriminelle sind irrational
implicit_animalistic	Kriminelle	verhalten sich kindisch in ihrer Entscheidungsfindung	kriminelle verhalten sich kindisch in ihrer entscheidungsfindung
implicit_animalistic	Kriminelle	sind kindlich	kriminelle sind kindlich
implicit_animalistic	Kriminelle	sind unreif	kriminelle sind unreif
implicit_animalistic	Kriminelle	sind naiv	kriminelle sind naiv
implicit_animalistic	Kriminelle	sind unmoralisch	kriminelle sind unmoralisch
implicit_animalistic	Kriminelle	sind gierig	kriminelle sind gierig
implicit_animalistic	Kriminelle	sind egoistisch	kriminelle sind egoistisch
implicit_animalistic	Kriminelle	sind ungebildet	kriminelle sind ungebildet
implicit_animalistic	Diebe	sind unkultiviert	diebe sind unkultiviert
implicit_animalistic	Diebe	sind ungehobelt	diebe sind ungehobelt
implicit_animalistic	Diebe	sind provinziell	diebe sind provinziell
implicit_animalistic	Diebe	sind rückständig	diebe sind rückständig
implicit_animalistic	Diebe	sind unzivilisiert	diebe sind unzivilisiert
implicit_animalistic	Diebe	sind grob	diebe sind grob
implicit_animalistic	Diebe	sind unintelligent	diebe sind unintelligent
implicit_animalistic	Diebe	sind Analphabeten	diebe sind analphabeten
implicit_animalistic	Diebe	sind unhöflich	diebe sind unhöflich
implicit_animalistic	Diebe	haben keine Manieren	diebe haben keine manieren
implicit_animalistic	Diebe	haben keine Moral	diebe haben keine moral
implicit_animalistic	Diebe	korrupt	diebe korrupt
implicit_animalistic	Diebe	ohne Moral	diebe ohne moral
implicit_animalistic	Diebe	sind anfällig dafür, den Moralkodex zu verletzen	diebe sind anfällig dafür, den moralkodex zu verletzen
implicit_animalistic	Diebe	sind irrational	diebe sind irrational
implicit_animalistic	Diebe	verhalten sich kindisch in ihrer Entscheidungsfindung	diebe verhalten sich kindisch in ihrer entscheidungsfindung
implicit_animalistic	Diebe	sind kindlich	diebe sind kindlich
implicit_animalistic	Diebe	sind unreif	diebe sind unreif
implicit_animalistic	Diebe	sind naiv	diebe sind naiv
implicit_animalistic	Diebe	sind unmoralisch	diebe sind unmoralisch
implicit_animalistic	Diebe	sind gierig	diebe sind gierig
implicit_animalistic	Diebe	sind egoistisch	diebe sind egoistisch
implicit_animalistic	Diebe	sind ungebildet	diebe sind ungebildet
implicit_animalistic	Straftäter	sind unkultiviert	straftäter sind unkultiviert
implicit_animalistic	Straftäter	sind ungehobelt	straftäter sind ungehobelt
implicit_animalistic	Straftäter	sind provinziell	straftäter sind provinziell
implicit_animalistic	Straftäter	sind rückständig	straftäter sind rückständig
implicit_animalistic	Straftäter	sind unzivilisiert	straftäter sind unzivilisiert
implicit_animalistic	Straftäter	sind grob	straftäter sind grob
implicit_animalistic	Straftäter	sind unintelligent	straftäter sind unintelligent
implicit_animalistic	Straftäter	sind Analphabeten	straftäter sind analphabeten
implicit_animalistic	Straftäter	sind unhöflich	straftäter sind unhöflich
implicit_animalistic	Straftäter	haben keine Manieren	straftäter haben keine manieren
implicit_animalistic	Straftäter	haben keine Moral	straftäter haben keine moral
implicit_animalistic	Straftäter	korrupt	straftäter korrupt
implicit_animalistic	Straftäter	ohne Moral	straftäter ohne moral
implicit_animalistic	Straftäter	sind anfällig dafür, den Moralkodex zu verletzen	straftäter sind anfällig dafür, den moralkodex zu verletzen
implicit_animalistic	Straftäter	sind irrational	straftäter sind irrational
implicit_animalistic	Straftäter	verhalten sich kindisch in ihrer Entscheidungsfindung	straftäter verhalten sich kindisch in ihrer entscheidungsfindung
implicit_animalistic	Straftäter	sind kindlich	straftäter sind kindlich
implicit_animalistic	Straftäter	sind unreif	straftäter sind unreif
implicit_animalistic	Straftäter	sind naiv	straftäter sind naiv
implicit_animalistic	Straftäter	sind unmoralisch	straftäter sind unmoralisch
implicit_animalistic	Straftäter	sind gierig	straftäter sind gierig
implicit_animalistic	Straftäter	sind egoistisch	straftäter sind egoistisch
implicit_animalistic	Straftäter	sind ungebildet	straftäter sind ungebildet
implicit_animalistic	Häftlinge	sind unkultiviert	häftlinge sind unkultiviert
implicit_animalistic	Häftlinge	sind ungehobelt	häftlinge sind ungehobelt
implicit_animalistic	Häftlinge	sind provinziell	häftlinge sind provinziell
implicit_animalistic	Häftlinge	sind rückständig	häftlinge sind rückständig
implicit_animalistic	Häftlinge	sind unzivilisiert	häftlinge sind unzivilisiert
implicit_animalistic	Häftlinge	sind grob	häftlinge sind grob
implicit_animalistic	Häftlinge	sind unintelligent	häftlinge sind unintelligent
implicit_animalistic	Häftlinge	sind Analphabeten	häftlinge sind analphabeten
implicit_animalistic	Häftlinge	sind unhöflich	häftlinge sind unhöflich
implicit_animalistic	Häftlinge	haben keine Manieren	häftlinge haben keine manieren
implicit_animalistic	Häftlinge	haben keine Moral	häftlinge haben keine moral
implicit_animalistic	Häftlinge	korrupt	häftlinge korrupt
implicit_animalistic	Häftlinge	ohne Moral	häftlinge ohne moral
implicit_animalistic	Häftlinge	sind anfällig dafür, den Moralkodex zu verletzen	häftlinge sind anfällig dafür, den moralkodex zu verletzen
implicit_animalistic	Häftlinge	sind irrational	häftlinge sind irrational
implicit_animalistic	Häftlinge	verhalten sich kindisch in ihrer Entscheidungsfindung	häftlinge verhalten sich kindisch in ihrer entscheidungsfindung
implicit_animalistic	Häftlinge	sind kindlich	häftlinge sind kindlich
implicit_animalistic	Häftlinge	sind unreif	häftlinge sind unreif
implicit_animalistic	Häftlinge	sind naiv	häftlinge sind naiv
implicit_animalistic	Häftlinge	sind unmoralisch	häftlinge sind unmoralisch
implicit_animalistic	Häftlinge	sind gierig	häftlinge sind gierig
implicit_animalistic	Häftlinge	sind egoistisch	häftlinge sind egoistisch
implicit_animalistic	Häftlinge	sind ungebildet	häftlinge sind ungebildet
implicit_animalistic	Gefangene	sind unkultiviert	gefangene sind unkultiviert
implicit_animalistic	Gefangene	sind ungehobelt	gefangene sind ungehobelt
implicit_animalistic	Gefangene	sind provinziell	gefangene sind provinziell
implicit_animalistic	Gefangene	sind rückständig	gefangene sind rückständig
implicit_animalistic	Gefangene	sind unzivilisiert	gefangene sind unzivilisiert
implicit_animalistic	Gefangene	sind grob	gefangene sind grob
implicit_animalistic	Gefangene	sind unintelligent	gefangene sind unintelligent
implicit_animalistic	Gefangene	sind Analphabeten	gefangene sind analphabeten
implicit_animalistic	Gefangene	sind unhöflich	gefangene sind unhöflich
implicit_animalistic	Gefangene	haben keine Manieren	gefangene haben keine manieren
implicit_animalistic	Gefangene	haben keine Moral	gefangene haben keine moral
implicit_animalistic	Gefangene	korrupt	gefangene korrupt
implicit_animalistic	Gefangene	ohne Moral	gefangene ohne moral
implicit_animalistic	Gefangene	sind anfällig dafür, den Moralkodex zu verletzen	gefangene sind anfällig dafür, den moralkodex zu verletzen
implicit_animalistic	Gefangene	sind irrational	gefangene sind irrational
implicit_animalistic	Gefangene	verhalten sich kindisch in ihrer Entscheidungsfindung	gefangene verhalten sich kindisch in ihrer entscheidungsfindung
implicit_animalistic	Gefangene	sind kindlich	gefangene sind kindlich
implicit_animalistic	Gefangene	sind unreif	gefangene sind unreif
implicit_animalistic	Gefangene	sind naiv	gefangene sind naiv
implicit_animalistic	Gefangene	sind unmoralisch	gefangene sind unmoralisch
implicit_animalistic	Gefangene	sind gierig	gefangene sind gierig
implicit_animalistic	Gefangene	sind egoistisch	gefangene sind egoistisch
implicit_animalistic	Gefangene	sind ungebildet	gefangene sind ungebildet
implicit_animalistic	Israelis	sind unkultiviert	israelis sind unkultiviert
implicit_animalistic	Israelis	sind ungehobelt	israelis sind ungehobelt
implicit_animalistic	Israelis	sind provinziell	israelis sind provinziell
implicit_animalistic	Israelis	sind rückständig	israelis sind rückständig
implicit_animalistic	Israelis	sind unzivilisiert	israelis sind unzivilisiert
implicit_animalistic	Israelis	sind grob	israelis sind grob
implicit_animalistic	Israelis	sind unintelligent	israelis sind unintelligent
implicit_animalistic	Israelis	sind Analphabeten	israelis sind analphabeten
implicit_animalistic	Israelis	sind unhöflich	israelis sind unhöflich
implicit_animalistic	Israelis	haben keine Manieren	israelis haben keine manieren
implicit_animalistic	Israelis	haben keine Moral	israelis haben keine moral
implicit_animalistic	Israelis	korrupt	israelis korrupt
implicit_animalistic	Israelis	ohne Moral	israelis ohne moral
implicit_animalistic	Israelis	sind anfällig dafür, den Moralkodex zu verletzen	israelis sind anfällig dafür, den moralkodex zu verletzen
implicit_animalistic	Israelis	sind irrational	israelis sind irrational
implicit_animalistic	Israelis	verhalten sich kindisch in ihrer Entscheidungsfindung	israelis verhalten sich kindisch in ihrer entscheidungsfindung
implicit_animalistic	Israelis	sind kindlich	israelis sind kindlich
implicit_animalistic	Israelis	sind unreif	israelis sind unreif
implicit_animalistic	Israelis	sind naiv	israelis sind naiv
implicit_animalistic	Israelis	sind unmoralisch	israelis sind unmoralisch
implicit_animalistic	Israelis	sind gierig	israelis sind gierig
implicit_animalistic	Israelis	sind egoistisch	israelis sind egoistisch
implicit_animalistic	Israelis	sind ungebildet	israelis sind ungebildet
implicit_animalistic	Palästinenser	sind unkultiviert	palästinenser sind unkultiviert
implicit_animalistic	Palästinenser	sind ungehobelt	palästinenser sind ungehobelt
implicit_animalistic	Palästinenser	sind provinziell	palästinenser sind provinziell
implicit_animalistic	Palästinenser	sind rückständig	palästinenser sind rückständig
implicit_animalistic	Palästinenser	sind unzivilisiert	palästinenser sind unzivilisiert
implicit_animalistic	Palästinenser	sind grob	palästinenser sind grob
implicit_animalistic	Palästinenser	sind unintelligent	palästinenser sind unintelligent
implicit_animalistic	Palästinenser	sind Analphabeten	palästinenser sind analphabeten
implicit_animalistic	Palästinenser	sind unhöflich	palästinenser sind unhöflich
implicit_animalistic	Palästinenser	haben keine Manieren	palästinenser haben keine manieren
implicit_animalistic	Palästinenser	haben keine Moral	palästinenser haben keine moral
implicit_animalistic	Palästinenser	korrupt	palästinenser korrupt
implicit_animalistic	Palästinenser	ohne Moral	palästinenser ohne moral
implicit_animalistic	Palästinenser	sind anfällig dafür, den Moralkodex zu verletzen	palästinenser sind anfällig dafür, den moralkodex zu verletzen
implicit_animalistic	Palästinenser	sind irrational	palästinenser sind irrational
implicit_animalistic	Palästinenser	verhalten sich kindisch in ihrer Entscheidungsfindung	palästinenser verhalten sich kindisch in ihrer entscheidungsfindung
implicit_animalistic	Palästinenser	sind kindlich	palästinenser sind kindlich
implicit_animalistic	Palästinenser	sind unreif	palästinenser sind unreif
implicit_animalistic	Palästinenser	sind naiv	palästinenser sind naiv
implicit_animalistic	Palästinenser	sind unmoralisch	palästinenser sind unmoralisch
implicit_animalistic	Palästinenser	sind gierig	palästinenser sind gierig
implicit_animalistic	Palästinenser	sind egoistisch	palästinenser sind egoistisch
implicit_animalistic	Palästinenser	sind ungebildet	palästinenser sind ungebildet
implicit_animalistic	Arbeiter	sind unkultiviert	arbeiter sind unkultiviert
implicit_animalistic	Arbeiter	sind ungehobelt	arbeiter sind ungehobelt
implicit_animalistic	Arbeiter	sind provinziell	arbeiter sind provinziell
implicit_animalistic	Arbeiter	sind rückständig	arbeiter sind rückständig
implicit_animalistic	Arbeiter	sind unzivilisiert	arbeiter sind unzivilisiert
implicit_animalistic	Arbeiter	sind grob	arbeiter sind grob
implicit_animalistic	Arbeiter	sind unintelligent	arbeiter sind unintelligent
implicit_animalistic	Arbeiter	sind Analphabeten	arbeiter sind analphabeten
implicit_animalistic	Arbeiter	sind unhöflich	arbeiter sind unhöflich
implicit_animalistic	Arbeiter	haben keine Manieren	arbeiter haben keine manieren
implicit_animalistic	Arbeiter	haben keine Moral	arbeiter haben keine moral
implicit_animalistic	Arbeiter	korrupt	arbeiter korrupt
implicit_animalistic	Arbeiter	ohne Moral	arbeiter ohne moral
implicit_animalistic	Arbeiter	sind anfällig dafür, den Moralkodex zu verletzen	arbeiter sind anfällig dafür, den moralkodex zu verletzen
implicit_animalistic	Arbeiter	sind irrational	arbeiter sind irrational
implicit_animalistic	Arbeiter	verhalten sich kindisch in ihrer Entscheidungsfindung	arbeiter verhalten sich kindisch in ihrer entscheidungsfindung
implicit_animalistic	Arbeiter	sind kindlich	arbeiter sind kindlich
implicit_animalistic	Arbeiter	sind unreif	arbeiter sind unreif
implicit_animalistic	Arbeiter	sind naiv	arbeiter sind naiv
implicit_animalistic	Arbeiter	sind unmoralisch	arbeiter sind unmoralisch
implicit_animalistic	Arbeiter	sind gierig	arbeiter sind gierig
implicit_animalistic	Arbeiter	sind egoistisch	arbeiter sind egoistisch
implicit_animalistic	Arbeiter	sind ungebildet	arbeiter sind ungebildet
implicit_animalistic	Reisende	sind unkultiviert	reisende sind unkultiviert
implicit_animalistic	Reisende	sind ungehobelt	reisende sind ungehobelt
implicit_animalistic	Reisende	sind provinziell	reisende sind provinziell
implicit_animalistic	Reisende	sind rückständig	reisende sind rückständig
implicit_animalistic	Reisende	sind unzivilisiert	reisende sind unzivilisiert
implicit_animalistic	Reisende	sind grob	reisende sind grob
implicit_animalistic	Reisende	sind unintelligent	reisende sind unintelligent
implicit_animalistic	Reisende	sind Analphabeten	reisende sind analphabeten
implicit_animalistic	Reisende	sind unhöflich	reisende sind unhöflich
implicit_animalistic	Reisende	haben keine Manieren	reisende haben keine manieren
implicit_animalistic	Reisende	haben keine Moral	reisende haben keine moral
implicit_animalistic	Reisende	korrupt	reisende korrupt
implicit_animalistic	Reisende	ohne Moral	reisende ohne moral
implicit_animalistic	Reisende	sind anfällig dafür, den Moralkodex zu verletzen	reisende sind anfällig dafür, den moralkodex zu verletzen
implicit_animalistic	Reisende	sind irrational	reisende sind irrational
implicit_animalistic	Reisende	verhalten sich kindisch in ihrer Entscheidungsfindung	reisende verhalten sich kindisch in ihrer entscheidungsfindung
implicit_animalistic	Reisende	sind kindlich	reisende sind kindlich
implicit_animalistic	Reisende	sind unreif	reisende sind unreif
implicit_animalistic	Reisende	sind naiv	reisende sind naiv
implicit_animalistic	Reisende	sind unmoralisch	reisende sind unmoralisch
implicit_animalistic	Reisende	sind gierig	reisende sind gierig
implicit_animalistic	Reisende	sind egoistisch	reisende sind egoistisch
implicit_animalistic	Reisende	sind ungebildet	reisende sind ungebildet
implicit_animalistic	Geschäftsmänner	sind unkultiviert	geschäftsmänner sind unkultiviert
implicit_animalistic	Geschäftsmänner	sind ungehobelt	geschäftsmänner sind ungehobelt
implicit_animalistic	Geschäftsmänner	sind provinziell	geschäftsmänner sind provinziell
implicit_animalistic	Geschäftsmänner	sind rückständig	geschäftsmänner sind rückständig
implicit_animalistic	Geschäftsmänner	sind unzivilisiert	geschäftsmänner sind unzivilisiert
implicit_animalistic	Geschäftsmänner	sind grob	geschäftsmänner sind grob
implicit_animalistic	Geschäftsmänner	sind unintelligent	geschäftsmänner sind unintelligent
implicit_animalistic	Geschäftsmänner	sind Analphabeten	geschäftsmänner sind analphabeten
implicit_animalistic	Geschäftsmänner	sind unhöflich	geschäftsmänner sind unhöflich
implicit_animalistic	Geschäftsmänner	haben keine Manieren	geschäftsmänner haben keine manieren
implicit_animalistic	Geschäftsmänner	haben keine Moral	geschäftsmänner haben keine moral
implicit_animalistic	Geschäftsmänner	korrupt	geschäftsmänner korrupt
implicit_animalistic	Geschäftsmänner	ohne Moral	geschäftsmänner ohne moral
implicit_animalistic	Geschäftsmänner	sind anfällig dafür, den Moralkodex zu verletzen	geschäftsmänner sind anfällig dafür, den moralkodex zu verletzen
implicit_animalistic	Geschäftsmänner	sind irrational	geschäftsmänner sind irrational
implicit_animalistic	Geschäftsmänner	verhalten sich kindisch in ihrer Entscheidungsfindung	geschäftsmänner verhalten sich kindisch in ihrer entscheidungsfindung
implicit_animalistic	Geschäftsmänner	sind kindlich	geschäftsmänner sind kindlich
implicit_animalistic	Geschäftsmänner	sind unreif	geschäftsmänner sind unreif
implicit_animalistic	Geschäftsmänner	sind naiv	geschäftsmänner sind naiv
implicit_animalistic	Geschäftsmänner	sind unmoralisch	geschäftsmänner sind unmoralisch
implicit_animalistic	Geschäftsmänner	sind gierig	geschäftsmänner sind gierig
implicit_animalistic	Geschäftsmänner	sind egoistisch	geschäftsmänner sind egoistisch
implicit_animalistic	Geschäftsmänner	sind ungebildet	geschäftsmänner sind ungebildet
implicit_animalistic	Grüne	sind unkultiviert	grüne sind unkultiviert
implicit_animalistic	Grüne	sind ungehobelt	grüne sind ungehobelt
implicit_animalistic	Grüne	sind provinziell	grüne sind provinziell
implicit_animalistic	Grüne	sind rückständig	grüne sind rückständig
implicit_animalistic	Grüne	sind unzivilisiert	grüne sind unzivilisiert
implicit_animalistic	Grüne	sind grob	grüne sind grob
implicit_animalistic	Grüne	sind unintelligent	grüne sind unintelligent
implicit_animalistic	Grüne	sind Analphabeten	grüne sind analphabeten
implicit_animalistic	Grüne	sind unhöflich	grüne sind unhöflich
implicit_animalistic	Grüne	haben keine Manieren	grüne haben keine manieren
implicit_animalistic	Grüne	haben keine Moral	grüne haben keine moral
implicit_animalistic	Grüne	korrupt	grüne korrupt
implicit_animalistic	Grüne	ohne Moral	grüne ohne moral
implicit_animalistic	Grüne	sind anfällig dafür, den Moralkodex zu verletzen	grüne sind anfällig dafür, den moralkodex zu verletzen
implicit_animalistic	Grüne	sind irrational	grüne sind irrational
implicit_animalistic	Grüne	verhalten sich kindisch in ihrer Entscheidungsfindung	grüne verhalten sich kindisch in ihrer entscheidungsfindung
implicit_animalistic	Grüne	sind kindlich	grüne sind kindlich
implicit_animalistic	Grüne	sind unreif	grüne sind unreif
implicit_animalistic	Grüne	sind naiv	grüne sind naiv
implicit_animalistic	Grüne	sind unmoralisch	grüne sind unmoralisch
implicit_animalistic	Grüne	sind gierig	grüne sind gierig
implicit_animalistic	Grüne	sind egoistisch	grüne sind egoistisch
implicit_animalistic	Grüne	sind ungebildet	grüne sind ungebildet
implicit_animalistic	Ökos Grünlinge	sind unkultiviert	ökos grünlinge sind unkultiviert
implicit_animalistic	Ökos Grünlinge	sind ungehobelt	ökos grünlinge sind ungehobelt
implicit_animalistic	Ökos Grünlinge	sind provinziell	ökos grünlinge sind provinziell
implicit_animalistic	Ökos Grünlinge	sind rückständig	ökos grünlinge sind rückständig
implicit_animalistic	Ökos Grünlinge	sind unzivilisiert	ökos grünlinge sind unzivilisiert
implicit_animalistic	Ökos Grünlinge	sind grob	ökos grünlinge sind grob
implicit_animalistic	Ökos Grünlinge	sind unintelligent	ökos grünlinge sind unintelligent
implicit_animalistic	Ökos Grünlinge	sind Analphabeten	ökos grünlinge sind analphabeten
implicit_animalistic	Ökos Grünlinge	sind unhöflich	ökos grünlinge sind unhöflich
implicit_animalistic	Ökos Grünlinge	haben keine Manieren	ökos grünlinge haben keine manieren
implicit_animalistic	Ökos Grünlinge	haben keine Moral	ökos grünlinge haben keine moral
implicit_animalistic	Ökos Grünlinge	korrupt	ökos grünlinge korrupt
implicit_animalistic	Ökos Grünlinge	ohne Moral	ökos grünlinge ohne moral
implicit_animalistic	Ökos Grünlinge	sind anfällig dafür, den Moralkodex zu verletzen	ökos grünlinge sind anfällig dafür, den moralkodex zu verletzen
implicit_animalistic	Ökos Grünlinge	sind irrational	ökos grünlinge sind irrational
implicit_animalistic	Ökos Grünlinge	verhalten sich kindisch in ihrer Entscheidungsfindung	ökos grünlinge verhalten sich kindisch in ihrer entscheidungsfindung
implicit_animalistic	Ökos Grünlinge	sind kindlich	ökos grünlinge sind kindlich
implicit_animalistic	Ökos Grünlinge	sind unreif	ökos grünlinge sind unreif
implicit_animalistic	Ökos Grünlinge	sind naiv	ökos grünlinge sind naiv
implicit_animalistic	Ökos Grünlinge	sind unmoralisch	ökos grünlinge sind unmoralisch
implicit_animalistic	Ökos Grünlinge	sind gierig	ökos grünlinge sind gierig
implicit_animalistic	Ökos Grünlinge	sind egoistisch	ökos grünlinge sind egoistisch
implicit_animalistic	Ökos Grünlinge	sind ungebildet	ökos grünlinge sind ungebildet
implicit_animalistic	Sozialdemokraten	sind unkultiviert	sozialdemokraten sind unkultiviert
implicit_animalistic	Sozialdemokraten	sind ungehobelt	sozialdemokraten sind ungehobelt
implicit_animalistic	Sozialdemokraten	sind provinziell	sozialdemokraten sind provinziell
implicit_animalistic	Sozialdemokraten	sind rückständig	sozialdemokraten sind rückständig
implicit_animalistic	Sozialdemokraten	sind unzivilisiert	sozialdemokraten sind unzivilisiert
implicit_animalistic	Sozialdemokraten	sind grob	sozialdemokraten sind grob
implicit_animalistic	Sozialdemokraten	sind unintelligent	sozialdemokraten sind unintelligent
implicit_animalistic	Sozialdemokraten	sind Analphabeten	sozialdemokraten sind analphabeten
implicit_animalistic	Sozialdemokraten	sind unhöflich	sozialdemokraten sind unhöflich
implicit_animalistic	Sozialdemokraten	haben keine Manieren	sozialdemokraten haben keine manieren
implicit_animalistic	Sozialdemokraten	haben keine Moral	sozialdemokraten haben keine moral
implicit_animalistic	Sozialdemokraten	korrupt	sozialdemokraten korrupt
implicit_animalistic	Sozialdemokraten	ohne Moral	sozialdemokraten ohne moral
implicit_animalistic	Sozialdemokraten	sind anfällig dafür, den Moralkodex zu verletzen	sozialdemokraten sind anfällig dafür, den moralkodex zu verletzen
implicit_animalistic	Sozialdemokraten	sind irrational	sozialdemokraten sind irrational
implicit_animalistic	Sozialdemokraten	verhalten sich kindisch in ihrer Entscheidungsfindung	sozialdemokraten verhalten sich kindisch in ihrer entscheidungsfindung
implicit_animalistic	Sozialdemokraten	sind kindlich	sozialdemokraten sind kindlich
implicit_animalistic	Sozialdemokraten	sind unreif	sozialdemokraten sind unreif
implicit_animalistic	Sozialdemokraten	sind naiv	sozialdemokraten sind naiv
implicit_animalistic	Sozialdemokraten	sind unmoralisch	sozialdemokraten sind unmoralisch
implicit_animalistic	Sozialdemokraten	sind gierig	sozialdemokraten sind gierig
implicit_animalistic	Sozialdemokraten	sind egoistisch	sozialdemokraten sind egoistisch
implicit_animalistic	Sozialdemokraten	sind ungebildet	sozialdemokraten sind ungebildet
implicit_animalistic	SPDler	sind unkultiviert	spdler sind unkultiviert
implicit_animalistic	SPDler	sind ungehobelt	spdler sind ungehobelt
implicit_animalistic	SPDler	sind provinziell	spdler sind provinziell
implicit_animalistic	SPDler	sind rückständig	spdler sind rückständig
implicit_animalistic	SPDler	sind unzivilisiert	spdler sind unzivilisiert
implicit_animalistic	SPDler	sind grob	spdler sind grob
implicit_animalistic	SPDler	sind unintelligent	spdler sind unintelligent
implicit_animalistic	SPDler	sind Analphabeten	spdler sind analphabeten
implicit_animalistic	SPDler	sind unhöflich	spdler sind unhöflich
implicit_animalistic	SPDler	haben keine Manieren	spdler haben keine manieren
implicit_animalistic	SPDler	haben keine Moral	spdler haben keine moral
implicit_animalistic	SPDler	korrupt	spdler korrupt
implicit_animalistic	SPDler	ohne Moral	spdler ohne moral
implicit_animalistic	SPDler	sind anfällig dafür, den Moralkodex zu verletzen	spdler sind anfällig dafür, den moralkodex zu verletzen
implicit_animalistic	SPDler	sind irrational	spdler sind irrational
implicit_animalistic	SPDler	verhalten sich kindisch in ihrer Entscheidungsfindung	spdler verhalten sich kindisch in ihrer entscheidungsfindung
implicit_animalistic	SPDler	sind kindlich	spdler sind kindlich
implicit_animalistic	SPDler	sind unreif	spdler sind unreif
implicit_animalistic	SPDler	sind naiv	spdler sind naiv
implicit_animalistic	SPDler	sind unmoralisch	spdler sind unmoralisch
implicit_animalistic	SPDler	sind gierig	spdler sind gierig
implicit_animalistic	SPDler	sind egoistisch	spdler sind egoistisch
implicit_animalistic	SPDler	sind ungebildet	spdler sind ungebildet
implicit_animalistic	CDUler	sind unkultiviert	cduler sind unkultiviert
implicit_animalistic	CDUler	sind ungehobelt	cduler sind ungehobelt
implicit_animalistic	CDUler	sind provinziell	cduler sind provinziell
implicit_animalistic	CDUler	sind rückständig	cduler sind rückständig
implicit_animalistic	CDUler	sind unzivilisiert	cduler sind unzivilisiert
implicit_animalistic	CDUler	sind grob	cduler sind grob
implicit_animalistic	CDUler	sind unintelligent	cduler sind unintelligent
implicit_animalistic	CDUler	sind Analphabeten	cduler sind analphabeten
implicit_animalistic	CDUler	sind unhöflich	cduler sind unhöflich
implicit_animalistic	CDUler	haben keine Manieren	cduler haben keine manieren
implicit_animalistic	CDUler	haben keine Moral	cduler haben keine moral
implicit_animalistic	CDUler	korrupt	cduler korrupt
implicit_animalistic	CDUler	ohne Moral	cduler ohne moral
implicit_animalistic	CDUler	sind anfällig dafür, den Moralkodex zu verletzen	cduler sind anfällig dafür, den moralkodex zu verletzen
implicit_animalistic	CDUler	sind irrational	cduler sind irrational
implicit_animalistic	CDUler	verhalten sich kindisch in ihrer Entscheidungsfindung	cduler verhalten sich kindisch in ihrer entscheidungsfindung
implicit_animalistic	CDUler	sind kindlich	cduler sind kindlich
implicit_animalistic	CDUler	sind unreif	cduler sind unreif
implicit_animalistic	CDUler	sind naiv	cduler sind naiv
implicit_animalistic	CDUler	sind unmoralisch	cduler sind unmoralisch
implicit_animalistic	CDUler	sind gierig	cduler sind gierig
implicit_animalistic	CDUler	sind egoistisch	cduler sind egoistisch
implicit_animalistic	CDUler	sind ungebildet	cduler sind ungebildet
implicit_animalistic	Christdemokraten	sind unkultiviert	christdemokraten sind unkultiviert
implicit_animalistic	Christdemokraten	sind ungehobelt	christdemokraten sind ungehobelt
implicit_animalistic	Christdemokraten	sind provinziell	christdemokraten sind provinziell
implicit_animalistic	Christdemokraten	sind rückständig	christdemokraten sind rückständig
implicit_animalistic	Christdemokraten	sind unzivilisiert	christdemokraten sind unzivilisiert
implicit_animalistic	Christdemokraten	sind grob	christdemokraten sind grob
implicit_animalistic	Christdemokraten	sind unintelligent	christdemokraten sind unintelligent
implicit_animalistic	Christdemokraten	sind Analphabeten	christdemokraten sind analphabeten
implicit_animalistic	Christdemokraten	sind unhöflich	christdemokraten sind unhöflich
implicit_animalistic	Christdemokraten	haben keine Manieren	christdemokraten haben keine manieren
implicit_animalistic	Christdemokraten	haben keine Moral	christdemokraten haben keine moral
implicit_animalistic	Christdemokraten	korrupt	christdemokraten korrupt
implicit_animalistic	Christdemokraten	ohne Moral	christdemokraten ohne moral
implicit_animalistic	Christdemokraten	sind anfällig dafür, den Moralkodex zu verletzen	christdemokraten sind anfällig dafür, den moralkodex zu verletzen
implicit_animalistic	Christdemokraten	sind irrational	christdemokraten sind irrational
implicit_animalistic	Christdemokraten	verhalten sich kindisch in ihrer Entscheidungsfindung	christdemokraten verhalten sich kindisch in ihrer entscheidungsfindung
implicit_animalistic	Christdemokraten	sind kindlich	christdemokraten sind kindlich
implicit_animalistic	Christdemokraten	sind unreif	christdemokraten sind unreif
implicit_animalistic	Christdemokraten	sind naiv	christdemokraten sind naiv
implicit_animalistic	Christdemokraten	sind unmoralisch	christdemokraten sind unmoralisch
implicit_animalistic	Christdemokraten	sind gierig	christdemokraten sind gierig
implicit_animalistic	Christdemokraten	sind egoistisch	christdemokraten sind egoistisch
implicit_animalistic	Christdemokraten	sind ungebildet	christdemokraten sind ungebildet
implicit_animalistic	CSUler	sind unkultiviert	csuler sind unkultiviert
implicit_animalistic	CSUler	sind ungehobelt	csuler sind ungehobelt
implicit_animalistic	CSUler	sind provinziell	csuler sind provinziell
implicit_animalistic	CSUler	sind rückständig	csuler sind rückständig
implicit_animalistic	CSUler	sind unzivilisiert	csuler sind unzivilisiert
implicit_animalistic	CSUler	sind grob	csuler sind grob
implicit_animalistic	CSUler	sind unintelligent	csuler sind unintelligent
implicit_animalistic	CSUler	sind Analphabeten	csuler sind analphabeten
implicit_animalistic	CSUler	sind unhöflich	csuler sind unhöflich
implicit_animalistic	CSUler	haben keine Manieren	csuler haben keine manieren
implicit_animalistic	CSUler	haben keine Moral	csuler haben keine moral
implicit_animalistic	CSUler	korrupt	csuler korrupt
implicit_animalistic	CSUler	ohne Moral	csuler ohne moral
implicit_animalistic	CSUler	sind anfällig dafür, den Moralkodex zu verletzen	csuler sind anfällig dafür, den moralkodex zu verletzen
implicit_animalistic	CSUler	sind irrational	csuler sind irrational
implicit_animalistic	CSUler	verhalten sich kindisch in ihrer Entscheidungsfindung	csuler verhalten sich kindisch in ihrer entscheidungsfindung
implicit_animalistic	CSUler	sind kindlich	csuler sind kindlich
implicit_animalistic	CSUler	sind unreif	csuler sind unreif
implicit_animalistic	CSUler	sind naiv	csuler sind naiv
implicit_animalistic	CSUler	sind unmoralisch	csuler sind unmoralisch
implicit_animalistic	CSUler	sind gierig	csuler sind gierig
implicit_animalistic	CSUler	sind egoistisch	csuler sind egoistisch
implicit_animalistic	CSUler	sind ungebildet	csuler sind ungebildet
implicit_animalistic	AfDler	sind unkultiviert	afdler sind unkultiviert
implicit_animalistic	AfDler	sind ungehobelt	afdler sind ungehobelt
implicit_animalistic	AfDler	sind provinziell	afdler sind provinziell
implicit_animalistic	AfDler	sind rückständig	afdler sind rückständig
implicit_animalistic	AfDler	sind unzivilisiert	afdler sind unzivilisiert
implicit_animalistic	AfDler	sind grob	afdler sind grob
implicit_animalistic	AfDler	sind unintelligent	afdler sind unintelligent
implicit_animalistic	AfDler	sind Analphabeten	afdler sind analphabeten
implicit_animalistic	AfDler	sind unhöflich	afdler sind unhöflich
implicit_animalistic	AfDler	haben keine Manieren	afdler haben keine manieren
implicit_animalistic	AfDler	haben keine Moral	afdler haben keine moral
implicit_animalistic	AfDler	korrupt	afdler korrupt
implicit_animalistic	AfDler	ohne Moral	afdler ohne moral
implicit_animalistic	AfDler	sind anfällig dafür, den Moralkodex zu verletzen	afdler sind anfällig dafür, den moralkodex zu verletzen
implicit_animalistic	AfDler	sind irrational	afdler sind irrational
implicit_animalistic	AfDler	verhalten sich kindisch in ihrer Entscheidungsfindung	afdler verhalten sich kindisch in ihrer entscheidungsfindung
implicit_animalistic	AfDler	sind kindlich	afdler sind kindlich
implicit_animalistic	AfDler	sind unreif	afdler sind unreif
implicit_animalistic	AfDler	sind naiv	afdler sind naiv
implicit_animalistic	AfDler	sind unmoralisch	afdler sind unmoralisch
implicit_animalistic	AfDler	sind gierig	afdler sind gierig
implicit_animalistic	AfDler	sind egoistisch	afdler sind egoistisch
implicit_animalistic	AfDler	sind ungebildet	afdler sind ungebildet
implicit_animalistic	Blaue	sind unkultiviert	blaue sind unkultiviert
implicit_animalistic	Blaue	sind ungehobelt	blaue sind ungehobelt
implicit_animalistic	Blaue	sind provinziell	blaue sind provinziell
implicit_animalistic	Blaue	sind rückständig	blaue sind rückständig
implicit_animalistic	Blaue	sind unzivilisiert	blaue sind unzivilisiert
implicit_animalistic	Blaue	sind grob	blaue sind grob
implicit_animalistic	Blaue	sind unintelligent	blaue sind unintelligent
implicit_animalistic	Blaue	sind Analphabeten	blaue sind analphabeten
implicit_animalistic	Blaue	sind unhöflich	blaue sind unhöflich
implicit_animalistic	Blaue	haben keine Manieren	blaue haben keine manieren
implicit_animalistic	Blaue	haben keine Moral	blaue haben keine moral
implicit_animalistic	Blaue	korrupt	blaue korrupt
implicit_animalistic	Blaue	ohne Moral	blaue ohne moral
implicit_animalistic	Blaue	sind anfällig dafür, den Moralkodex zu verletzen	blaue sind anfällig dafür, den moralkodex zu verletzen
implicit_animalistic	Blaue	sind irrational	blaue sind irrational
implicit_animalistic	Blaue	verhalten sich kindisch in ihrer Entscheidungsfindung	blaue verhalten sich kindisch in ihrer entscheidungsfindung
implicit_animalistic	Blaue	sind kindlich	blaue sind kindlich
implicit_animalistic	Blaue	sind unreif	blaue sind unreif
implicit_animalistic	Blaue	sind naiv	blaue sind naiv
implicit_animalistic	Blaue	sind unmoralisch	blaue sind unmoralisch
implicit_animalistic	Blaue	sind gierig	blaue sind gierig
implicit_animalistic	Blaue	sind egoistisch	blaue sind egoistisch
implicit_animalistic	Blaue	sind ungebildet	blaue sind ungebildet
implicit_animalistic	Rechtskonservative	sind unkultiviert	rechtskonservative sind unkultiviert
implicit_animalistic	Rechtskonservative	sind ungehobelt	rechtskonservative sind ungehobelt
implicit_animalistic	Rechtskonservative	sind provinziell	rechtskonservative sind provinziell
implicit_animalistic	Rechtskonservative	sind rückständig	rechtskonservative sind rückständig
implicit_animalistic	Rechtskonservative	sind unzivilisiert	rechtskonservative sind unzivilisiert
implicit_animalistic	Rechtskonservative	sind grob	rechtskonservative sind grob
implicit_animalistic	Rechtskonservative	sind unintelligent	rechtskonservative sind unintelligent
implicit_animalistic	Rechtskonservative	sind Analphabeten	rechtskonservative sind analphabeten
implicit_animalistic	Rechtskonservative	sind unhöflich	rechtskonservative sind unhöflich
implicit_animalistic	Rechtskonservative	haben keine Manieren	rechtskonservative haben keine manieren
implicit_animalistic	Rechtskonservative	haben keine Moral	rechtskonservative haben keine moral
implicit_animalistic	Rechtskonservative	korrupt	rechtskonservative korrupt
implicit_animalistic	Rechtskonservative	ohne Moral	rechtskonservative ohne moral
implicit_animalistic	Rechtskonservative	sind anfällig dafür, den Moralkodex zu verletzen	rechtskonservative sind anfällig dafür, den moralkodex zu verletzen
implicit_animalistic	Rechtskonservative	sind irrational	rechtskonservative sind irrational
implicit_animalistic	Rechtskonservative	verhalten sich kindisch in ihrer Entscheidungsfindung	rechtskonservative verhalten sich kindisch in ihrer entscheidungsfindung
implicit_animalistic	Rechtskonservative	sind kindlich	rechtskonservative sind kindlich
implicit_animalistic	Rechtskonservative	sind unreif	rechtskonservative sind unreif
implicit_animalistic	Rechtskonservative	sind naiv	rechtskonservative sind naiv
implicit_animalistic	Rechtskonservative	sind unmoralisch	rechtskonservative sind unmoralisch
implicit_animalistic	Rechtskonservative	sind gierig	rechtskonservative sind gierig
implicit_animalistic	Rechtskonservative	sind egoistisch	rechtskonservative sind egoistisch
implicit_animalistic	Rechtskonservative	sind ungebildet	rechtskonservative sind ungebildet
implicit_animalistic	Liberale	sind unkultiviert	liberale sind unkultiviert
implicit_animalistic	Liberale	sind ungehobelt	liberale sind ungehobelt
implicit_animalistic	Liberale	sind provinziell	liberale sind provinziell
implicit_animalistic	Liberale	sind rückständig	liberale sind rückständig
implicit_animalistic	Liberale	sind unzivilisiert	liberale sind unzivilisiert
implicit_animalistic	Liberale	sind grob	liberale sind grob
implicit_animalistic	Liberale	sind unintelligent	liberale sind unintelligent
implicit_animalistic	Liberale	sind Analphabeten	liberale sind analphabeten
implicit_animalistic	Liberale	sind unhöflich	liberale sind unhöflich
implicit_animalistic	Liberale	haben keine Manieren	liberale haben keine manieren
implicit_animalistic	Liberale	haben keine Moral	liberale haben keine moral
implicit_animalistic	Liberale	korrupt	liberale korrupt
implicit_animalistic	Liberale	ohne Moral	liberale ohne moral
implicit_animalistic	Liberale	sind anfällig dafür, den Moralkodex zu verletzen	liberale sind anfällig dafür, den moralkodex zu verletzen
implicit_animalistic	Liberale	sind irrational	liberale sind irrational
implicit_animalistic	Liberale	verhalten sich kindisch in ihrer Entscheidungsfindung	liberale verhalten sich kindisch in ihrer entscheidungsfindung
implicit_animalistic	Liberale	sind kindlich	liberale sind kindlich
implicit_animalistic	Liberale	sind unreif	liberale sind unreif
implicit_animalistic	Liberale	sind naiv	liberale sind naiv
implicit_animalistic	Liberale	sind unmoralisch	liberale sind unmoralisch
implicit_animalistic	Liberale	sind gierig	liberale sind gierig
implicit_animalistic	Liberale	sind egoistisch	liberale sind egoistisch
implicit_animalistic	Liberale	sind ungebildet	liberale sind ungebildet
implicit_animalistic	FDPler	sind unkultiviert	fdpler sind unkultiviert
implicit_animalistic	FDPler	sind ungehobelt	fdpler sind ungehobelt
implicit_animalistic	FDPler	sind provinziell	fdpler sind provinziell
implicit_animalistic	FDPler	sind rückständig	fdpler sind rückständig
implicit_animalistic	FDPler	sind unzivilisiert	fdpler sind unzivilisiert
implicit_animalistic	FDPler	sind grob	fdpler sind grob
implicit_animalistic	FDPler	sind unintelligent	fdpler sind unintelligent
implicit_animalistic	FDPler	sind Analphabeten	fdpler sind analphabeten
implicit_animalistic	FDPler	sind unhöflich	fdpler sind unhöflich
implicit_animalistic	FDPler	haben keine Manieren	fdpler haben keine manieren
implicit_animalistic	FDPler	haben keine Moral	fdpler haben keine moral
implicit_animalistic	FDPler	korrupt	fdpler korrupt
implicit_animalistic	FDPler	ohne Moral	fdpler ohne moral
implicit_animalistic	FDPler	sind anfällig dafür, den Moralkodex zu verletzen	fdpler sind anfällig dafür, den moralkodex zu verletzen
implicit_animalistic	FDPler	sind irrational	fdpler sind irrational
implicit_animalistic	FDPler	verhalten sich kindisch in ihrer Entscheidungsfindung	fdpler verhalten sich kindisch in ihrer entscheidungsfindung
implicit_animalistic	FDPler	sind kindlich	fdpler sind kindlich
implicit_animalistic	FDPler	sind unreif	fdpler sind unreif
implicit_animalistic	FDPler	sind naiv	fdpler sind naiv
implicit_animalistic	FDPler	sind unmoralisch	fdpler sind unmoralisch
implicit_animalistic	FDPler	sind gierig	fdpler sind gierig
implicit_animalistic	FDPler	sind egoistisch	fdpler sind egoistisch
implicit_animalistic	FDPler	sind ungebildet	fdpler sind ungebildet
implicit_animalistic	Gelbe	sind unkultiviert	gelbe sind unkultiviert
implicit_animalistic	Gelbe	sind ungehobelt	gelbe sind ungehobelt
implicit_animalistic	Gelbe	sind provinziell	gelbe sind provinziell
implicit_animalistic	Gelbe	sind rückständig	gelbe sind rückständig
implicit_animalistic	Gelbe	sind unzivilisiert	gelbe sind unzivilisiert
implicit_animalistic	Gelbe	sind grob	gelbe sind grob
implicit_animalistic	Gelbe	sind unintelligent	gelbe sind unintelligent
implicit_animalistic	Gelbe	sind Analphabeten	gelbe sind analphabeten
implicit_animalistic	Gelbe	sind unhöflich	gelbe sind unhöflich
implicit_animalistic	Gelbe	haben keine Manieren	gelbe haben keine manieren
implicit_animalistic	Gelbe	haben keine Moral	gelbe haben keine moral
implicit_animalistic	Gelbe	korrupt	gelbe korrupt
implicit_animalistic	Gelbe	ohne Moral	gelbe ohne moral
implicit_animalistic	Gelbe	sind anfällig dafür, den Moralkodex zu verletzen	gelbe sind anfällig dafür, den moralkodex zu verletzen
implicit_animalistic	Gelbe	sind irrational	gelbe sind irrational
implicit_animalistic	Gelbe	verhalten sich kindisch in ihrer Entscheidungsfindung	gelbe verhalten sich kindisch in ihrer entscheidungsfindung
implicit_animalistic	Gelbe	sind kindlich	gelbe sind kindlich
implicit_animalistic	Gelbe	sind unreif	gelbe sind unreif
implicit_animalistic	Gelbe	sind naiv	gelbe sind naiv
implicit_animalistic	Gelbe	sind unmoralisch	gelbe sind unmoralisch
implicit_animalistic	Gelbe	sind gierig	gelbe sind gierig
implicit_animalistic	Gelbe	sind egoistisch	gelbe sind egoistisch
implicit_animalistic	Gelbe	sind ungebildet	gelbe sind ungebildet
implicit_animalistic	Linke	sind unkultiviert	linke sind unkultiviert
implicit_animalistic	Linke	sind ungehobelt	linke sind ungehobelt
implicit_animalistic	Linke	sind provinziell	linke sind provinziell
implicit_animalistic	Linke	sind rückständig	linke sind rückständig
implicit_animalistic	Linke	sind unzivilisiert	linke sind unzivilisiert
implicit_animalistic	Linke	sind grob	linke sind grob
implicit_animalistic	Linke	sind unintelligent	linke sind unintelligent
implicit_animalistic	Linke	sind Analphabeten	linke sind analphabeten
implicit_animalistic	Linke	sind unhöflich	linke sind unhöflich
implicit_animalistic	Linke	haben keine Manieren	linke haben keine manieren
implicit_animalistic	Linke	haben keine Moral	linke haben keine moral
implicit_animalistic	Linke	korrupt	linke korrupt
implicit_animalistic	Linke	ohne Moral	linke ohne moral
implicit_animalistic	Linke	sind anfällig dafür, den Moralkodex zu verletzen	linke sind anfällig dafür, den moralkodex zu verletzen
implicit_animalistic	Linke	sind irrational	linke sind irrational
implicit_animalistic	Linke	verhalten sich kindisch in ihrer Entscheidungsfindung	linke verhalten sich kindisch in ihrer entscheidungsfindung
implicit_animalistic	Linke	sind kindlich	linke sind kindlich
implicit_animalistic	Linke	sind unreif	linke sind unreif
implicit_animalistic	Linke	sind naiv	linke sind naiv
implicit_animalistic	Linke	sind unmoralisch	linke sind unmoralisch
implicit_animalistic	Linke	sind gierig	linke sind gierig
implicit_animalistic	Linke	sind egoistisch	linke sind egoistisch
implicit_animalistic	Linke	sind ungebildet	linke sind ungebildet
explicit_mechanistic	Flüchtlinge	Objekte	flüchtlinge sind wie objekte
explicit_mechanistic	Flüchtlinge	Gegenstände	flüchtlinge sind wie gegenstände
explicit_mechanistic	Flüchtlinge	Automaten	flüchtlinge sind wie automaten
explicit_mechanistic	Flüchtlinge	Maschinen	flüchtlinge sind wie maschinen
explicit_mechanistic	Flüchtlinge	Maschinerie	flüchtlinge sind wie maschinerie
explicit_mechanistic	Flüchtlinge	Ausrüstung	flüchtlinge sind wie ausrüstung
explicit_mechanistic	Flüchtlinge	Apparat	flüchtlinge sind wie apparat
explicit_mechanistic	Flüchtlinge	Geräte	flüchtlinge sind wie geräte
explicit_mechanistic	Flüchtlinge	Hardware	flüchtlinge sind wie hardware
explicit_mechanistic	Flüchtlinge	Motoren	flüchtlinge sind wie motoren
explicit_mechanistic	Flüchtlinge	Werkzeuge	flüchtlinge sind wie werkzeuge
explicit_mechanistic	Flüchtlinge	Vorrichtungen	flüchtlinge sind wie vorrichtungen
explicit_mechanistic	Flüchtlinge	Roboter	flüchtlinge sind wie roboter
explicit_mechanistic	Flüchtlinge	Müll	flüchtlinge sind wie müll
explicit_mechanistic	Flüchtlinge	Abfall	flüchtlinge sind wie abfall
explicit_mechanistic	Flüchtlinge	Dreck	flüchtlinge sind wie dreck
explicit_mechanistic	Immigranten	Objekte	immigranten sind wie objekte
explicit_mechanistic	Immigranten	Gegenstände	immigranten sind wie gegenstände
explicit_mechanistic	Immigranten	Automaten	immigranten sind wie automaten
explicit_mechanistic	Immigranten	Maschinen	immigranten sind wie maschinen
explicit_mechanistic	Immigranten	Maschinerie	immigranten sind wie maschinerie
explicit_mechanistic	Immigranten	Ausrüstung	immigranten sind wie ausrüstung
explicit_mechanistic	Immigranten	Apparat	immigranten sind wie apparat
explicit_mechanistic	Immigranten	Geräte	immigranten sind wie geräte
explicit_mechanistic	Immigranten	Hardware	immigranten sind wie hardware
explicit_mechanistic	Immigranten	Motoren	immigranten sind wie motoren
explicit_mechanistic	Immigranten	Werkzeuge	immigranten sind wie werkzeuge
explicit_mechanistic	Immigranten	Vorrichtungen	immigranten sind wie vorrichtungen
explicit_mechanistic	Immigranten	Roboter	immigranten sind wie roboter
explicit_mechanistic	Immigranten	Müll	immigranten sind wie müll
explicit_mechanistic	Immigranten	Abfall	immigranten sind wie abfall
explicit_mechanistic	Immigranten	Dreck	immigranten sind wie dreck
explicit_mechanistic	Ausländer	Objekte	ausländer sind wie objekte
explicit_mechanistic	Ausländer	Gegenstände	ausländer sind wie gegenstände
explicit_mechanistic	Ausländer	Automaten	ausländer sind wie automaten
explicit_mechanistic	Ausländer	Maschinen	ausländer sind wie maschinen
explicit_mechanistic	Ausländer	Maschinerie	ausländer sind wie maschinerie
explicit_mechanistic	Ausländer	Ausrüstung	ausländer sind wie ausrüstung
explicit_mechanistic	Ausländer	Apparat	ausländer sind wie apparat
explicit_mechanistic	Ausländer	Geräte	ausländer sind wie geräte
explicit_mechanistic	Ausländer	Hardware	ausländer sind wie hardware
explicit_mechanistic	Ausländer	Motoren	ausländer sind wie motoren
explicit_mechanistic	Ausländer	Werkzeuge	ausländer sind wie werkzeuge
explicit_mechanistic	Ausländer	Vorrichtungen	ausländer sind wie vorrichtungen
explicit_mechanistic	Ausländer	Roboter	ausländer sind wie roboter
explicit_mechanistic	Ausländer	Müll	ausländer sind wie müll
explicit_mechanistic	Ausländer	Abfall	ausländer sind wie abfall
explicit_mechanistic	Ausländer	Dreck	ausländer sind wie dreck
explicit_mechanistic	Vertriebene	Objekte	vertriebene sind wie objekte
explicit_mechanistic	Vertriebene	Gegenstände	vertriebene sind wie gegenstände
explicit_mechanistic	Vertriebene	Automaten	vertriebene sind wie automaten
explicit_mechanistic	Vertriebene	Maschinen	vertriebene sind wie maschinen
explicit_mechanistic	Vertriebene	Maschinerie	vertriebene sind wie maschinerie
explicit_mechanistic	Vertriebene	Ausrüstung	vertriebene sind wie ausrüstung
explicit_mechanistic	Vertriebene	Apparat	vertriebene sind wie apparat
explicit_mechanistic	Vertriebene	Geräte	vertriebene sind wie geräte
explicit_mechanistic	Vertriebene	Hardware	vertriebene sind wie hardware
explicit_mechanistic	Vertriebene	Motoren	vertriebene sind wie motoren
explicit_mechanistic	Vertriebene	Werkzeuge	vertriebene sind wie werkzeuge
explicit_mechanistic	Vertriebene	Vorrichtungen	vertriebene sind wie vorrichtungen
explicit_mechanistic	Vertriebene	Roboter	vertriebene sind wie roboter
explicit_mechanistic	Vertriebene	Müll	vertriebene sind wie müll
explicit_mechanistic	Vertriebene	Abfall	vertriebene sind wie abfall
explicit_mechanistic	Vertriebene	Dreck	vertriebene sind wie dreck
explicit_mechanistic	Unerwünschte	Objekte	unerwünschte sind wie objekte
explicit_mechanistic	Unerwünschte	Gegenstände	unerwünschte sind wie gegenstände
explicit_mechanistic	Unerwünschte	Automaten	unerwünschte sind wie automaten
explicit_mechanistic	Unerwünschte	Maschinen	unerwünschte sind wie maschinen
explicit_mechanistic	Unerwünschte	Maschinerie	unerwünschte sind wie maschinerie
explicit_mechanistic	Unerwünschte	Ausrüstung	unerwünschte sind wie ausrüstung
explicit_mechanistic	Unerwünschte	Apparat	unerwünschte sind wie apparat
explicit_mechanistic	Unerwünschte	Geräte	unerwünschte sind wie geräte
explicit_mechanistic	Unerwünschte	Hardware	unerwünschte sind wie hardware
explicit_mechanistic	Unerwünschte	Motoren	unerwünschte sind wie motoren
explicit_mechanistic	Unerwünschte	Werkzeuge	unerwünschte sind wie werkzeuge
explicit_mechanistic	Unerwünschte	Vorrichtungen	unerwünschte sind wie vorrichtungen
explicit_mechanistic	Unerwünschte	Roboter	unerwünschte sind wie roboter
explicit_mechanistic	Unerwünschte	Müll	unerwünschte sind wie müll
explicit_mechanistic	Unerwünschte	Abfall	unerwünschte sind wie abfall
explicit_mechanistic	Unerwünschte	Dreck	unerwünschte sind wie dreck
explicit_mechanistic	Migranten	Objekte	migranten sind wie objekte
explicit_mechanistic	Migranten	Gegenstände	migranten sind wie gegenstände
explicit_mechanistic	Migranten	Automaten	migranten sind wie automaten
explicit_mechanistic	Migranten	Maschinen	migranten sind wie maschinen
explicit_mechanistic	Migranten	Maschinerie	migranten sind wie maschinerie
explicit_mechanistic	Migranten	Ausrüstung	migranten sind wie ausrüstung
explicit_mechanistic	Migranten	Apparat	migranten sind wie apparat
explicit_mechanistic	Migranten	Geräte	migranten sind wie geräte
explicit_mechanistic	Migranten	Hardware	migranten sind wie hardware
explicit_mechanistic	Migranten	Motoren	migranten sind wie motoren
explicit_mechanistic	Migranten	Werkzeuge	migranten sind wie werkzeuge
explicit_mechanistic	Migranten	Vorrichtungen	migranten sind wie vorrichtungen
explicit_mechanistic	Migranten	Roboter	migranten sind wie roboter
explicit_mechanistic	Migranten	Müll	migranten sind wie müll
explicit_mechanistic	Migranten	Abfall	migranten sind wie abfall
explicit_mechanistic	Migranten	Dreck	migranten sind wie dreck
explicit_mechanistic	Juden	Objekte	juden sind wie objekte
explicit_mechanistic	Juden	Gegenstände	juden sind wie gegenstände
explicit_mechanistic	Juden	Automaten	juden sind wie automaten
explicit_mechanistic	Juden	Maschinen	juden sind wie maschinen
explicit_mechanistic	Juden	Maschinerie	juden sind wie maschinerie
explicit_mechanistic	Juden	Ausrüstung	juden sind wie ausrüstung
explicit_mechanistic	Juden	Apparat	juden sind wie apparat
explicit_mechanistic	Juden	Geräte	juden sind wie geräte
explicit_mechanistic	Juden	Hardware	juden sind wie hardware
explicit_mechanistic	Juden	Motoren	juden sind wie motoren
explicit_mechanistic	Juden	Werkzeuge	juden sind wie werkzeuge
explicit_mechanistic	Juden	Vorrichtungen	juden sind wie vorrichtungen
explicit_mechanistic	Juden	Roboter	juden sind wie roboter
explicit_mechanistic	Juden	Müll	juden sind wie müll
explicit_mechanistic	Juden	Abfall	juden sind wie abfall
explicit_mechanistic	Juden	Dreck	juden sind wie dreck
explicit_mechanistic	Jews	Objekte	jews sind wie objekte
explicit_mechanistic	Jews	Gegenstände	jews sind wie gegenstände
explicit_mechanistic	Jews	Automaten	jews sind wie automaten
explicit_mechanistic	Jews	Maschinen	jews sind wie maschinen
explicit_mechanistic	Jews	Maschinerie	jews sind wie maschinerie
explicit_mechanistic	Jews	Ausrüstung	jews sind wie ausrüstung
explicit_mechanistic	Jews	Apparat	jews sind wie apparat
explicit_mechanistic	Jews	Geräte	jews sind wie geräte
explicit_mechanistic	Jews	Hardware	jews sind wie hardware
explicit_mechanistic	Jews	Motoren	jews sind wie motoren
explicit_mechanistic	Jews	Werkzeuge	jews sind wie werkzeuge
explicit_mechanistic	Jews	Vorrichtungen	jews sind wie vorrichtungen
explicit_mechanistic	Jews	Roboter	jews sind wie roboter
explicit_mechanistic	Jews	Müll	jews sind wie müll
explicit_mechanistic	Jews	Abfall	jews sind wie abfall
explicit_mechanistic	Jews	Dreck	jews sind wie dreck
explicit_mechanistic	Schwarze	Objekte	schwarze sind wie objekte
explicit_mechanistic	Schwarze	Gegenstände	schwarze sind wie gegenstände
explicit_mechanistic	Schwarze	Automaten	schwarze sind wie automaten
explicit_mechanistic	Schwarze	Maschinen	schwarze sind wie maschinen
explicit_mechanistic	Schwarze	Maschinerie	schwarze sind wie maschinerie
explicit_mechanistic	Schwarze	Ausrüstung	schwarze sind wie ausrüstung
explicit_mechanistic	Schwarze	Apparat	schwarze sind wie apparat
explicit_mechanistic	Schwarze	Geräte	schwarze sind wie geräte
explicit_mechanistic	Schwarze	Hardware	schwarze sind wie hardware
explicit_mechanistic	Schwarze	Motoren	schwarze sind wie motoren
explicit_mechanistic	Schwarze	Werkzeuge	schwarze sind wie werkzeuge
explicit_mechanistic	Schwarze	Vorrichtungen	schwarze sind wie vorrichtungen
explicit_mechanistic	Schwarze	Roboter	schwarze sind wie roboter
explicit_mechanistic	Schwarze	Müll	schwarze sind wie müll
explicit_mechanistic	Schwarze	Abfall	schwarze sind wie abfall
explicit_mechanistic	Schwarze	Dreck	schwarze sind wie dreck
explicit_mechanistic	Neger	Objekte	neger sind wie objekte
explicit_mechanistic	Neger	Gegenstände	neger sind wie gegenstände
explicit_mechanistic	Neger	Automaten	neger sind wie automaten
explicit_mechanistic	Neger	Maschinen	neger sind wie maschinen
explicit_mechanistic	Neger	Maschinerie	neger sind wie maschinerie
explicit_mechanistic	Neger	Ausrüstung	neger sind wie ausrüstung
explicit_mechanistic	Neger	Apparat	neger sind wie apparat
explicit_mechanistic	Neger	Geräte	neger sind wie geräte
explicit_mechanistic	Neger	Hardware	neger sind wie hardware
explicit_mechanistic	Neger	Motoren	neger sind wie motoren
explicit_mechanistic	Neger	Werkzeuge	neger sind wie werkzeuge
explicit_mechanistic	Neger	Vorrichtungen	neger sind wie vorrichtungen
explicit_mechanistic	Neger	Roboter	neger sind wie roboter
explicit_mechanistic	Neger	Müll	neger sind wie müll
explicit_mechanistic	Neger	Abfall	neger sind wie abfall
explicit_mechanistic	Neger	Dreck	neger sind wie dreck
explicit_mechanistic	Niggers	Objekte	niggers sind wie objekte
explicit_mechanistic	Niggers	Gegenstände	niggers sind wie gegenstände
explicit_mechanistic	Niggers	Automaten	niggers sind wie automaten
explicit_mechanistic	Niggers	Maschinen	niggers sind wie maschinen
explicit_mechanistic	Niggers	Maschinerie	niggers sind wie maschinerie
explicit_mechanistic	Niggers	Ausrüstung	niggers sind wie ausrüstung
explicit_mechanistic	Niggers	Apparat	niggers sind wie apparat
explicit_mechanistic	Niggers	Geräte	niggers sind wie geräte
explicit_mechanistic	Niggers	Hardware	niggers sind wie hardware
explicit_mechanistic	Niggers	Motoren	niggers sind wie motoren
explicit_mechanistic	Niggers	Werkzeuge	niggers sind wie werkzeuge
explicit_mechanistic	Niggers	Vorrichtungen	niggers sind wie vorrichtungen
explicit_mechanistic	Niggers	Roboter	niggers sind wie roboter
explicit_mechanistic	Niggers	Müll	niggers sind wie müll
explicit_mechanistic	Niggers	Abfall	niggers sind wie abfall
explicit_mechanistic	Niggers	Dreck	niggers sind wie dreck
explicit_mechanistic	Afroamerikaner	Objekte	afroamerikaner sind wie objekte
explicit_mechanistic	Afroamerikaner	Gegenstände	afroamerikaner sind wie gegenstände
explicit_mechanistic	Afroamerikaner	Automaten	afroamerikaner sind wie automaten
explicit_mechanistic	Afroamerikaner	Maschinen	afroamerikaner sind wie maschinen
explicit_mechanistic	Afroamerikaner	Maschinerie	afroamerikaner sind wie maschinerie
explicit_mechanistic	Afroamerikaner	Ausrüstung	afroamerikaner sind wie ausrüstung
explicit_mechanistic	Afroamerikaner	Apparat	afroamerikaner sind wie apparat
explicit_mechanistic	Afroamerikaner	Geräte	afroamerikaner sind wie geräte
explicit_mechanistic	Afroamerikaner	Hardware	afroamerikaner sind wie hardware
explicit_mechanistic	Afroamerikaner	Motoren	afroamerikaner sind wie motoren
explicit_mechanistic	Afroamerikaner	Werkzeuge	afroamerikaner sind wie werkzeuge
explicit_mechanistic	Afroamerikaner	Vorrichtungen	afroamerikaner sind wie vorrichtungen
explicit_mechanistic	Afroamerikaner	Roboter	afroamerikaner sind wie roboter
explicit_mechanistic	Afroamerikaner	Müll	afroamerikaner sind wie müll
explicit_mechanistic	Afroamerikaner	Abfall	afroamerikaner sind wie abfall
explicit_mechanistic	Afroamerikaner	Dreck	afroamerikaner sind wie dreck
explicit_mechanistic	Ureinwohner Amerikas	Objekte	ureinwohner amerikas sind wie objekte
explicit_mechanistic	Ureinwohner Amerikas	Gegenstände	ureinwohner amerikas sind wie gegenstände
explicit_mechanistic	Ureinwohner Amerikas	Automaten	ureinwohner amerikas sind wie automaten
explicit_mechanistic	Ureinwohner Amerikas	Maschinen	ureinwohner amerikas sind wie maschinen
explicit_mechanistic	Ureinwohner Amerikas	Maschinerie	ureinwohner amerikas sind wie maschinerie
explicit_mechanistic	Ureinwohner Amerikas	Ausrüstung	ureinwohner amerikas sind wie ausrüstung
explicit_mechanistic	Ureinwohner Amerikas	Apparat	ureinwohner amerikas sind wie apparat
explicit_mechanistic	Ureinwohner Amerikas	Geräte	ureinwohner amerikas sind wie geräte
explicit_mechanistic	Ureinwohner Amerikas	Hardware	ureinwohner amerikas sind wie hardware
explicit_mechanistic	Ureinwohner Amerikas	Motoren	ureinwohner amerikas sind wie motoren
explicit_mechanistic	Ureinwohner Amerikas	Werkzeuge	ureinwohner amerikas sind wie werkzeuge
explicit_mechanistic	Ureinwohner Amerikas	Vorrichtungen	ureinwohner amerikas sind wie vorrichtungen
explicit_mechanistic	Ureinwohner Amerikas	Roboter	ureinwohner amerikas sind wie roboter
explicit_mechanistic	Ureinwohner Amerikas	Müll	ureinwohner amerikas sind wie müll
explicit_mechanistic	Ureinwohner Amerikas	Abfall	ureinwohner amerikas sind wie abfall
explicit_mechanistic	Ureinwohner Amerikas	Dreck	ureinwohner amerikas sind wie dreck
explicit_mechanistic	Frauen	Objekte	frauen sind wie objekte
explicit_mechanistic	Frauen	Gegenstände	frauen sind wie gegenstände
explicit_mechanistic	Frauen	Automaten	frauen sind wie automaten
explicit_mechanistic	Frauen	Maschinen	frauen sind wie maschinen
explicit_mechanistic	Frauen	Maschinerie	frauen sind wie maschinerie
explicit_mechanistic	Frauen	Ausrüstung	frauen sind wie ausrüstung
explicit_mechanistic	Frauen	Apparat	frauen sind wie apparat
explicit_mechanistic	Frauen	Geräte	frauen sind wie geräte
explicit_mechanistic	Frauen	Hardware	frauen sind wie hardware
explicit_mechanistic	Frauen	Motoren	frauen sind wie motoren
explicit_mechanistic	Frauen	Werkzeuge	frauen sind wie werkzeuge
explicit_mechanistic	Frauen	Vorrichtungen	frauen sind wie vorrichtungen
explicit_mechanistic	Frauen	Roboter	frauen sind wie roboter
explicit_mechanistic	Frauen	Müll	frauen sind wie müll
explicit_mechanistic	Frauen	Abfall	frauen sind wie abfall
explicit_mechanistic	Frauen	Dreck	frauen sind wie dreck
explicit_mechanistic	Mädchen	Objekte	mädchen sind wie objekte
explicit_mechanistic	Mädchen	Gegenstände	mädchen sind wie gegenstände
explicit_mechanistic	Mädchen	Automaten	mädchen sind wie automaten
explicit_mechanistic	Mädchen	Maschinen	mädchen sind wie maschinen
explicit_mechanistic	Mädchen	Maschinerie	mädchen sind wie maschinerie
explicit_mechanistic	Mädchen	Ausrüstung	mädchen sind wie ausrüstung
explicit_mechanistic	Mädchen	Apparat	mädchen sind wie apparat
explicit_mechanistic	Mädchen	Geräte	mädchen sind wie geräte
explicit_mechanistic	Mädchen	Hardware	mädchen sind wie hardware
explicit_mechanistic	Mädchen	Motoren	mädchen sind wie motoren
explicit_mechanistic	Mädchen	Werkzeuge	mädchen sind wie werkzeuge
explicit_mechanistic	Mädchen	Vorrichtungen	mädchen sind wie vorrichtungen
explicit_mechanistic	Mädchen	Roboter	mädchen sind wie roboter
explicit_mechanistic	Mädchen	Müll	mädchen sind wie müll
explicit_mechanistic	Mädchen	Abfall	mädchen sind wie abfall
explicit_mechanistic	Mädchen	Dreck	mädchen sind wie dreck
explicit_mechanistic	Schlampen	Objekte	schlampen sind wie objekte
explicit_mechanistic	Schlampen	Gegenstände	schlampen sind wie gegenstände
explicit_mechanistic	Schlampen	Automaten	schlampen sind wie automaten
explicit_mechanistic	Schlampen	Maschinen	schlampen sind wie maschinen
explicit_mechanistic	Schlampen	Maschinerie	schlampen sind wie maschinerie
explicit_mechanistic	Schlampen	Ausrüstung	schlampen sind wie ausrüstung
explicit_mechanistic	Schlampen	Apparat	schlampen sind wie apparat
explicit_mechanistic	Schlampen	Geräte	schlampen sind wie geräte
explicit_mechanistic	Schlampen	Hardware	schlampen sind wie hardware
explicit_mechanistic	Schlampen	Motoren	schlampen sind wie motoren
explicit_mechanistic	Schlampen	Werkzeuge	schlampen sind wie werkzeuge
explicit_mechanistic	Schlampen	Vorrichtungen	schlampen sind wie vorrichtungen
explicit_mechanistic	Schlampen	Roboter	schlampen sind wie roboter
explicit_mechanistic	Schlampen	Müll	schlampen sind wie müll
explicit_mechanistic	Schlampen	Abfall	schlampen sind wie abfall
explicit_mechanistic	Schlampen	Dreck	schlampen sind wie dreck
explicit_mechanistic	Fotzen	Objekte	fotzen sind wie objekte
explicit_mechanistic	Fotzen	Gegenstände	fotzen sind wie gegenstände
explicit_mechanistic	Fotzen	Automaten	fotzen sind wie automaten
explicit_mechanistic	Fotzen	Maschinen	fotzen sind wie maschinen
explicit_mechanistic	Fotzen	Maschinerie	fotzen sind wie maschinerie
explicit_mechanistic	Fotzen	Ausrüstung	fotzen sind wie ausrüstung
explicit_mechanistic	Fotzen	Apparat	fotzen sind wie apparat
explicit_mechanistic	Fotzen	Geräte	fotzen sind wie geräte
explicit_mechanistic	Fotzen	Hardware	fotzen sind wie hardware
explicit_mechanistic	Fotzen	Motoren	fotzen sind wie motoren
explicit_mechanistic	Fotzen	Werkzeuge	fotzen sind wie werkzeuge
explicit_mechanistic	Fotzen	Vorrichtungen	fotzen sind wie vorrichtungen
explicit_mechanistic	Fotzen	Roboter	fotzen sind wie roboter
explicit_mechanistic	Fotzen	Müll	fotzen sind wie müll
explicit_mechanistic	Fotzen	Abfall	fotzen sind wie abfall
explicit_mechanistic	Fotzen	Dreck	fotzen sind wie dreck
explicit_mechanistic	Lesben	Objekte	lesben sind wie objekte
explicit_mechanistic	Lesben	Gegenstände	lesben sind wie gegenstände
explicit_mechanistic	Lesben	Automaten	lesben sind wie automaten
explicit_mechanistic	Lesben	Maschinen	lesben sind wie maschinen
explicit_mechanistic	Lesben	Maschinerie	lesben sind wie maschinerie
explicit_mechanistic	Lesben	Ausrüstung	lesben sind wie ausrüstung
explicit_mechanistic	Lesben	Apparat	lesben sind wie apparat
explicit_mechanistic	Lesben	Geräte	lesben sind wie geräte
explicit_mechanistic	Lesben	Hardware	lesben sind wie hardware
explicit_mechanistic	Lesben	Motoren	lesben sind wie motoren
explicit_mechanistic	Lesben	Werkzeuge	lesben sind wie werkzeuge
explicit_mechanistic	Lesben	Vorrichtungen	lesben sind wie vorrichtungen
explicit_mechanistic	Lesben	Roboter	lesben sind wie roboter
explicit_mechanistic	Lesben	Müll	lesben sind wie müll
explicit_mechanistic	Lesben	Abfall	lesben sind wie abfall
explicit_mechanistic	Lesben	Dreck	lesben sind wie dreck
explicit_mechanistic	Muschis	Objekte	muschis sind wie objekte
explicit_mechanistic	Muschis	Gegenstände	muschis sind wie gegenstände
explicit_mechanistic	Muschis	Automaten	muschis sind wie automaten
explicit_mechanistic	Muschis	Maschinen	muschis sind wie maschinen
explicit_mechanistic	Muschis	Maschinerie	muschis sind wie maschinerie
explicit_mechanistic	Muschis	Ausrüstung	muschis sind wie ausrüstung
explicit_mechanistic	Muschis	Apparat	muschis sind wie apparat
explicit_mechanistic	Muschis	Geräte	muschis sind wie geräte
explicit_mechanistic	Muschis	Hardware	muschis sind wie hardware
explicit_mechanistic	Muschis	Motoren	muschis sind wie motoren
explicit_mechanistic	Muschis	Werkzeuge	muschis sind wie werkzeuge
explicit_mechanistic	Muschis	Vorrichtungen	muschis sind wie vorrichtungen
explicit_mechanistic	Muschis	Roboter	muschis sind wie roboter
explicit_mechanistic	Muschis	Müll	muschis sind wie müll
explicit_mechanistic	Muschis	Abfall	muschis sind wie abfall
explicit_mechanistic	Muschis	Dreck	muschis sind wie dreck
explicit_mechanistic	Huren	Objekte	huren sind wie objekte
explicit_mechanistic	Huren	Gegenstände	huren sind wie gegenstände
explicit_mechanistic	Huren	Automaten	huren sind wie automaten
explicit_mechanistic	Huren	Maschinen	huren sind wie maschinen
explicit_mechanistic	Huren	Maschinerie	huren sind wie maschinerie
explicit_mechanistic	Huren	Ausrüstung	huren sind wie ausrüstung
explicit_mechanistic	Huren	Apparat	huren sind wie apparat
explicit_mechanistic	Huren	Geräte	huren sind wie geräte
explicit_mechanistic	Huren	Hardware	huren sind wie hardware
explicit_mechanistic	Huren	Motoren	huren sind wie motoren
explicit_mechanistic	Huren	Werkzeuge	huren sind wie werkzeuge
explicit_mechanistic	Huren	Vorrichtungen	huren sind wie vorrichtungen
explicit_mechanistic	Huren	Roboter	huren sind wie roboter
explicit_mechanistic	Huren	Müll	huren sind wie müll
explicit_mechanistic	Huren	Abfall	huren sind wie abfall
explicit_mechanistic	Huren	Dreck	huren sind wie dreck
explicit_mechanistic	Tussis	Objekte	tussis sind wie objekte
explicit_mechanistic	Tussis	Gegenstände	tussis sind wie gegenstände
explicit_mechanistic	Tussis	Automaten	tussis sind wie automaten
explicit_mechanistic	Tussis	Maschinen	tussis sind wie maschinen
explicit_mechanistic	Tussis	Maschinerie	tussis sind wie maschinerie
explicit_mechanistic	Tussis	Ausrüstung	tussis sind wie ausrüstung
explicit_mechanistic	Tussis	Apparat	tussis sind wie apparat
explicit_mechanistic	Tussis	Geräte	tussis sind wie geräte
explicit_mechanistic	Tussis	Hardware	tussis sind wie hardware
explicit_mechanistic	Tussis	Motoren	tussis sind wie motoren
explicit_mechanistic	Tussis	Werkzeuge	tussis sind wie werkzeuge
explicit_mechanistic	Tussis	Vorrichtungen	tussis sind wie vorrichtungen
explicit_mechanistic	Tussis	Roboter	tussis sind wie roboter
explicit_mechanistic	Tussis	Müll	tussis sind wie müll
explicit_mechanistic	Tussis	Abfall	tussis sind wie abfall
explicit_mechanistic	Tussis	Dreck	tussis sind wie dreck
explicit_mechanistic	Weibliche	Objekte	weibliche sind wie objekte
explicit_mechanistic	Weibliche	Gegenstände	weibliche sind wie gegenstände
explicit_mechanistic	Weibliche	Automaten	weibliche sind wie automaten
explicit_mechanistic	Weibliche	Maschinen	weibliche sind wie maschinen
explicit_mechanistic	Weibliche	Maschinerie	weibliche sind wie maschinerie
explicit_mechanistic	Weibliche	Ausrüstung	weibliche sind wie ausrüstung
explicit_mechanistic	Weibliche	Apparat	weibliche sind wie apparat
explicit_mechanistic	Weibliche	Geräte	weibliche sind wie geräte
explicit_mechanistic	Weibliche	Hardware	weibliche sind wie hardware
explicit_mechanistic	Weibliche	Motoren	weibliche sind wie motoren
explicit_mechanistic	Weibliche	Werkzeuge	weibliche sind wie werkzeuge
explicit_mechanistic	Weibliche	Vorrichtungen	weibliche sind wie vorrichtungen
explicit_mechanistic	Weibliche	Roboter	weibliche sind wie roboter
explicit_mechanistic	Weibliche	Müll	weibliche sind wie müll
explicit_mechanistic	Weibliche	Abfall	weibliche sind wie abfall
explicit_mechanistic	Weibliche	Dreck	weibliche sind wie dreck
explicit_mechanistic	Transen	Objekte	transen sind wie objekte
explicit_mechanistic	Transen	Gegenstände	transen sind wie gegenstände
explicit_mechanistic	Transen	Automaten	transen sind wie automaten
explicit_mechanistic	Transen	Maschinen	transen sind wie maschinen
explicit_mechanistic	Transen	Maschinerie	transen sind wie maschinerie
explicit_mechanistic	Transen	Ausrüstung	transen sind wie ausrüstung
explicit_mechanistic	Transen	Apparat	transen sind wie apparat
explicit_mechanistic	Transen	Geräte	transen sind wie geräte
explicit_mechanistic	Transen	Hardware	transen sind wie hardware
explicit_mechanistic	Transen	Motoren	transen sind wie motoren
explicit_mechanistic	Transen	Werkzeuge	transen sind wie werkzeuge
explicit_mechanistic	Transen	Vorrichtungen	transen sind wie vorrichtungen
explicit_mechanistic	Transen	Roboter	transen sind wie roboter
explicit_mechanistic	Transen	Müll	transen sind wie müll
explicit_mechanistic	Transen	Abfall	transen sind wie abfall
explicit_mechanistic	Transen	Dreck	transen sind wie dreck
explicit_mechanistic	Transsexuelle	Objekte	transsexuelle sind wie objekte
explicit_mechanistic	Transsexuelle	Gegenstände	transsexuelle sind wie gegenstände
explicit_mechanistic	Transsexuelle	Automaten	transsexuelle sind wie automaten
explicit_mechanistic	Transsexuelle	Maschinen	transsexuelle sind wie maschinen
explicit_mechanistic	Transsexuelle	Maschinerie	transsexuelle sind wie maschinerie
explicit_mechanistic	Transsexuelle	Ausrüstung	transsexuelle sind wie ausrüstung
explicit_mechanistic	Transsexuelle	Apparat	transsexuelle sind wie apparat
explicit_mechanistic	Transsexuelle	Geräte	transsexuelle sind wie geräte
explicit_mechanistic	Transsexuelle	Hardware	transsexuelle sind wie hardware
explicit_mechanistic	Transsexuelle	Motoren	transsexuelle sind wie motoren
explicit_mechanistic	Transsexuelle	Werkzeuge	transsexuelle sind wie werkzeuge
explicit_mechanistic	Transsexuelle	Vorrichtungen	transsexuelle sind wie vorrichtungen
explicit_mechanistic	Transsexuelle	Roboter	transsexuelle sind wie roboter
explicit_mechanistic	Transsexuelle	Müll	transsexuelle sind wie müll
explicit_mechanistic	Transsexuelle	Abfall	transsexuelle sind wie abfall
explicit_mechanistic	Transsexuelle	Dreck	transsexuelle sind wie dreck
explicit_mechanistic	Asexuelle	Objekte	asexuelle sind wie objekte
explicit_mechanistic	Asexuelle	Gegenstände	asexuelle sind wie gegenstände
explicit_mechanistic	Asexuelle	Automaten	asexuelle sind wie automaten
explicit_mechanistic	Asexuelle	Maschinen	asexuelle sind wie maschinen
explicit_mechanistic	Asexuelle	Maschinerie	asexuelle sind wie maschinerie
explicit_mechanistic	Asexuelle	Ausrüstung	asexuelle sind wie ausrüstung
explicit_mechanistic	Asexuelle	Apparat	asexuelle sind wie apparat
explicit_mechanistic	Asexuelle	Geräte	asexuelle sind wie geräte
explicit_mechanistic	Asexuelle	Hardware	asexuelle sind wie hardware
explicit_mechanistic	Asexuelle	Motoren	asexuelle sind wie motoren
explicit_mechanistic	Asexuelle	Werkzeuge	asexuelle sind wie werkzeuge
explicit_mechanistic	Asexuelle	Vorrichtungen	asexuelle sind wie vorrichtungen
explicit_mechanistic	Asexuelle	Roboter	asexuelle sind wie roboter
explicit_mechanistic	Asexuelle	Müll	asexuelle sind wie müll
explicit_mechanistic	Asexuelle	Abfall	asexuelle sind wie abfall
explicit_mechanistic	Asexuelle	Dreck	asexuelle sind wie dreck
explicit_mechanistic	Schwuchteln	Objekte	schwuchteln sind wie objekte
explicit_mechanistic	Schwuchteln	Gegenstände	schwuchteln sind wie gegenstände
explicit_mechanistic	Schwuchteln	Automaten	schwuchteln sind wie automaten
explicit_mechanistic	Schwuchteln	Maschinen	schwuchteln sind wie maschinen
explicit_mechanistic	Schwuchteln	Maschinerie	schwuchteln sind wie maschinerie
explicit_mechanistic	Schwuchteln	Ausrüstung	schwuchteln sind wie ausrüstung
explicit_mechanistic	Schwuchteln	Apparat	schwuchteln sind wie apparat
explicit_mechanistic	Schwuchteln	Geräte	schwuchteln sind wie geräte
explicit_mechanistic	Schwuchteln	Hardware	schwuchteln sind wie hardware
explicit_mechanistic	Schwuchteln	Motoren	schwuchteln sind wie motoren
explicit_mechanistic	Schwuchteln	Werkzeuge	schwuchteln sind wie werkzeuge
explicit_mechanistic	Schwuchteln	Vorrichtungen	schwuchteln sind wie vorrichtungen
explicit_mechanistic	Schwuchteln	Roboter	schwuchteln sind wie roboter
explicit_mechanistic	Schwuchteln	Müll	schwuchteln sind wie müll
explicit_mechanistic	Schwuchteln	Abfall	schwuchteln sind wie abfall
explicit_mechanistic	Schwuchteln	Dreck	schwuchteln sind wie dreck
explicit_mechanistic	Homosexuelle	Objekte	homosexuelle sind wie objekte
explicit_mechanistic	Homosexuelle	Gegenstände	homosexuelle sind wie gegenstände
explicit_mechanistic	Homosexuelle	Automaten	homosexuelle sind wie automaten
explicit_mechanistic	Homosexuelle	Maschinen	homosexuelle sind wie maschinen
explicit_mechanistic	Homosexuelle	Maschinerie	homosexuelle sind wie maschinerie
explicit_mechanistic	Homosexuelle	Ausrüstung	homosexuelle sind wie ausrüstung
explicit_mechanistic	Homosexuelle	Apparat	homosexuelle sind wie apparat
explicit_mechanistic	Homosexuelle	Geräte	homosexuelle sind wie geräte
explicit_mechanistic	Homosexuelle	Hardware	homosexuelle sind wie hardware
explicit_mechanistic	Homosexuelle	Motoren	homosexuelle sind wie motoren
explicit_mechanistic	Homosexuelle	Werkzeuge	homosexuelle sind wie werkzeuge
explicit_mechanistic	Homosexuelle	Vorrichtungen	homosexuelle sind wie vorrichtungen
explicit_mechanistic	Homosexuelle	Roboter	homosexuelle sind wie roboter
explicit_mechanistic	Homosexuelle	Müll	homosexuelle sind wie müll
explicit_mechanistic	Homosexuelle	Abfall	homosexuelle sind wie abfall
explicit_mechanistic	Homosexuelle	Dreck	homosexuelle sind wie dreck
explicit_mechanistic	Schwule	Objekte	schwule sind wie objekte
explicit_mechanistic	Schwule	Gegenstände	schwule sind wie gegenstände
explicit_mechanistic	Schwule	Automaten	schwule sind wie automaten
explicit_mechanistic	Schwule	Maschinen	schwule sind wie maschinen
explicit_mechanistic	Schwule	Maschinerie	schwule sind wie maschinerie
explicit_mechanistic	Schwule	Ausrüstung	schwule sind wie ausrüstung
explicit_mechanistic	Schwule	Apparat	schwule sind wie apparat
explicit_mechanistic	Schwule	Geräte	schwule sind wie geräte
explicit_mechanistic	Schwule	Hardware	schwule sind wie hardware
explicit_mechanistic	Schwule	Motoren	schwule sind wie motoren
explicit_mechanistic	Schwule	Werkzeuge	schwule sind wie werkzeuge
explicit_mechanistic	Schwule	Vorrichtungen	schwule sind wie vorrichtungen
explicit_mechanistic	Schwule	Roboter	schwule sind wie roboter
explicit_mechanistic	Schwule	Müll	schwule sind wie müll
explicit_mechanistic	Schwule	Abfall	schwule sind wie abfall
explicit_mechanistic	Schwule	Dreck	schwule sind wie dreck
explicit_mechanistic	Schwule Menschen	Objekte	schwule menschen sind wie objekte
explicit_mechanistic	Schwule Menschen	Gegenstände	schwule menschen sind wie gegenstände
explicit_mechanistic	Schwule Menschen	Automaten	schwule menschen sind wie automaten
explicit_mechanistic	Schwule Menschen	Maschinen	schwule menschen sind wie maschinen
explicit_mechanistic	Schwule Menschen	Maschinerie	schwule menschen sind wie maschinerie
explicit_mechanistic	Schwule Menschen	Ausrüstung	schwule menschen sind wie ausrüstung
explicit_mechanistic	Schwule Menschen	Apparat	schwule menschen sind wie apparat
explicit_mechanistic	Schwule Menschen	Geräte	schwule menschen sind wie geräte
explicit_mechanistic	Schwule Menschen	Hardware	schwule menschen sind wie hardware
explicit_mechanistic	Schwule Menschen	Motoren	schwule menschen sind wie motoren
explicit_mechanistic	Schwule Menschen	Werkzeuge	schwule menschen sind wie werkzeuge
explicit_mechanistic	Schwule Menschen	Vorrichtungen	schwule menschen sind wie vorrichtungen
explicit_mechanistic	Schwule Menschen	Roboter	schwule menschen sind wie roboter
explicit_mechanistic	Schwule Menschen	Müll	schwule menschen sind wie müll
explicit_mechanistic	Schwule Menschen	Abfall	schwule menschen sind wie abfall
explicit_mechanistic	Schwule Menschen	Dreck	schwule menschen sind wie dreck
explicit_mechanistic	Deutsche	Objekte	deutsche sind wie objekte
explicit_mechanistic	Deutsche	Gegenstände	deutsche sind wie gegenstände
explicit_mechanistic	Deutsche	Automaten	deutsche sind wie automaten
explicit_mechanistic	Deutsche	Maschinen	deutsche sind wie maschinen
explicit_mechanistic	Deutsche	Maschinerie	deutsche sind wie maschinerie
explicit_mechanistic	Deutsche	Ausrüstung	deutsche sind wie ausrüstung
explicit_mechanistic	Deutsche	Apparat	deutsche sind wie apparat
explicit_mechanistic	Deutsche	Geräte	deutsche sind wie geräte
explicit_mechanistic	Deutsche	Hardware	deutsche sind wie hardware
explicit_mechanistic	Deutsche	Motoren	deutsche sind wie motoren
explicit_mechanistic	Deutsche	Werkzeuge	deutsche sind wie werkzeuge
explicit_mechanistic	Deutsche	Vorrichtungen	deutsche sind wie vorrichtungen
explicit_mechanistic	Deutsche	Roboter	deutsche sind wie roboter
explicit_mechanistic	Deutsche	Müll	deutsche sind wie müll
explicit_mechanistic	Deutsche	Abfall	deutsche sind wie abfall
explicit_mechanistic	Deutsche	Dreck	deutsche sind wie dreck
explicit_mechanistic	Asiaten	Objekte	asiaten sind wie objekte
explicit_mechanistic	Asiaten	Gegenstände	asiaten sind wie gegenstände
explicit_mechanistic	Asiaten	Automaten	asiaten sind wie automaten
explicit_mechanistic	Asiaten	Maschinen	asiaten sind wie maschinen
explicit_mechanistic	Asiaten	Maschinerie	asiaten sind wie maschinerie
explicit_mechanistic	Asiaten	Ausrüstung	asiaten sind wie ausrüstung
explicit_mechanistic	Asiaten	Apparat	asiaten sind wie apparat
explicit_mechanistic	Asiaten	Geräte	asiaten sind wie geräte
explicit_mechanistic	Asiaten	Hardware	asiaten sind wie hardware
explicit_mechanistic	Asiaten	Motoren	asiaten sind wie motoren
explicit_mechanistic	Asiaten	Werkzeuge	asiaten sind wie werkzeuge
explicit_mechanistic	Asiaten	Vorrichtungen	asiaten sind wie vorrichtungen
explicit_mechanistic	Asiaten	Roboter	asiaten sind wie roboter
explicit_mechanistic	Asiaten	Müll	asiaten sind wie müll
explicit_mechanistic	Asiaten	Abfall	asiaten sind wie abfall
explicit_mechanistic	Asiaten	Dreck	asiaten sind wie dreck
explicit_mechanistic	Türken	Objekte	türken sind wie objekte
explicit_mechanistic	Türken	Gegenstände	türken sind wie gegenstände
explicit_mechanistic	Türken	Automaten	türken sind wie automaten
explicit_mechanistic	Türken	Maschinen	türken sind wie maschinen
explicit_mechanistic	Türken	Maschinerie	türken sind wie maschinerie
explicit_mechanistic	Türken	Ausrüstung	türken sind wie ausrüstung
explicit_mechanistic	Türken	Apparat	türken sind wie apparat
explicit_mechanistic	Türken	Geräte	türken sind wie geräte
explicit_mechanistic	Türken	Hardware	türken sind wie hardware
explicit_mechanistic	Türken	Motoren	türken sind wie motoren
explicit_mechanistic	Türken	Werkzeuge	türken sind wie werkzeuge
explicit_mechanistic	Türken	Vorrichtungen	türken sind wie vorrichtungen
explicit_mechanistic	Türken	Roboter	türken sind wie roboter
explicit_mechanistic	Türken	Müll	türken sind wie müll
explicit_mechanistic	Türken	Abfall	türken sind wie abfall
explicit_mechanistic	Türken	Dreck	türken sind wie dreck
explicit_mechanistic	Araber	Objekte	araber sind wie objekte
explicit_mechanistic	Araber	Gegenstände	araber sind wie gegenstände
explicit_mechanistic	Araber	Automaten	araber sind wie automaten
explicit_mechanistic	Araber	Maschinen	araber sind wie maschinen
explicit_mechanistic	Araber	Maschinerie	araber sind wie maschinerie
explicit_mechanistic	Araber	Ausrüstung	araber sind wie ausrüstung
explicit_mechanistic	Araber	Apparat	araber sind wie apparat
explicit_mechanistic	Araber	Geräte	araber sind wie geräte
explicit_mechanistic	Araber	Hardware	araber sind wie hardware
explicit_mechanistic	Araber	Motoren	araber sind wie motoren
explicit_mechanistic	Araber	Werkzeuge	araber sind wie werkzeuge
explicit_mechanistic	Araber	Vorrichtungen	araber sind wie vorrichtungen
explicit_mechanistic	Araber	Roboter	araber sind wie roboter
explicit_mechanistic	Araber	Müll	araber sind wie müll
explicit_mechanistic	Araber	Abfall	araber sind wie abfall
explicit_mechanistic	Araber	Dreck	araber sind wie dreck
explicit_mechanistic	Mexikaner	Objekte	mexikaner sind wie objekte
explicit_mechanistic	Mexikaner	Gegenstände	mexikaner sind wie gegenstände
explicit_mechanistic	Mexikaner	Automaten	mexikaner sind wie automaten
explicit_mechanistic	Mexikaner	Maschinen	mexikaner sind wie maschinen
explicit_mechanistic	Mexikaner	Maschinerie	mexikaner sind wie maschinerie
explicit_mechanistic	Mexikaner	Ausrüstung	mexikaner sind wie ausrüstung
explicit_mechanistic	Mexikaner	Apparat	mexikaner sind wie apparat
explicit_mechanistic	Mexikaner	Geräte	mexikaner sind wie geräte
explicit_mechanistic	Mexikaner	Hardware	mexikaner sind wie hardware
explicit_mechanistic	Mexikaner	Motoren	mexikaner sind wie motoren
explicit_mechanistic	Mexikaner	Werkzeuge	mexikaner sind wie werkzeuge
explicit_mechanistic	Mexikaner	Vorrichtungen	mexikaner sind wie vorrichtungen
explicit_mechanistic	Mexikaner	Roboter	mexikaner sind wie roboter
explicit_mechanistic	Mexikaner	Müll	mexikaner sind wie müll
explicit_mechanistic	Mexikaner	Abfall	mexikaner sind wie abfall
explicit_mechanistic	Mexikaner	Dreck	mexikaner sind wie dreck
explicit_mechanistic	Afrikaner	Objekte	afrikaner sind wie objekte
explicit_mechanistic	Afrikaner	Gegenstände	afrikaner sind wie gegenstände
explicit_mechanistic	Afrikaner	Automaten	afrikaner sind wie automaten
explicit_mechanistic	Afrikaner	Maschinen	afrikaner sind wie maschinen
explicit_mechanistic	Afrikaner	Maschinerie	afrikaner sind wie maschinerie
explicit_mechanistic	Afrikaner	Ausrüstung	afrikaner sind wie ausrüstung
explicit_mechanistic	Afrikaner	Apparat	afrikaner sind wie apparat
explicit_mechanistic	Afrikaner	Geräte	afrikaner sind wie geräte
explicit_mechanistic	Afrikaner	Hardware	afrikaner sind wie hardware
explicit_mechanistic	Afrikaner	Motoren	afrikaner sind wie motoren
explicit_mechanistic	Afrikaner	Werkzeuge	afrikaner sind wie werkzeuge
explicit_mechanistic	Afrikaner	Vorrichtungen	afrikaner sind wie vorrichtungen
explicit_mechanistic	Afrikaner	Roboter	afrikaner sind wie roboter
explicit_mechanistic	Afrikaner	Müll	afrikaner sind wie müll
explicit_mechanistic	Afrikaner	Abfall	afrikaner sind wie abfall
explicit_mechanistic	Afrikaner	Dreck	afrikaner sind wie dreck
explicit_mechanistic	Amerindianer	Objekte	amerindianer sind wie objekte
explicit_mechanistic	Amerindianer	Gegenstände	amerindianer sind wie gegenstände
explicit_mechanistic	Amerindianer	Automaten	amerindianer sind wie automaten
explicit_mechanistic	Amerindianer	Maschinen	amerindianer sind wie maschinen
explicit_mechanistic	Amerindianer	Maschinerie	amerindianer sind wie maschinerie
explicit_mechanistic	Amerindianer	Ausrüstung	amerindianer sind wie ausrüstung
explicit_mechanistic	Amerindianer	Apparat	amerindianer sind wie apparat
explicit_mechanistic	Amerindianer	Geräte	amerindianer sind wie geräte
explicit_mechanistic	Amerindianer	Hardware	amerindianer sind wie hardware
explicit_mechanistic	Amerindianer	Motoren	amerindianer sind wie motoren
explicit_mechanistic	Amerindianer	Werkzeuge	amerindianer sind wie werkzeuge
explicit_mechanistic	Amerindianer	Vorrichtungen	amerindianer sind wie vorrichtungen
explicit_mechanistic	Amerindianer	Roboter	amerindianer sind wie roboter
explicit_mechanistic	Amerindianer	Müll	amerindianer sind wie müll
explicit_mechanistic	Amerindianer	Abfall	amerindianer sind wie abfall
explicit_mechanistic	Amerindianer	Dreck	amerindianer sind wie dreck
explicit_mechanistic	Russen	Objekte	russen sind wie objekte
explicit_mechanistic	Russen	Gegenstände	russen sind wie gegenstände
explicit_mechanistic	Russen	Automaten	russen sind wie automaten
explicit_mechanistic	Russen	Maschinen	russen sind wie maschinen
explicit_mechanistic	Russen	Maschinerie	russen sind wie maschinerie
explicit_mechanistic	Russen	Ausrüstung	russen sind wie ausrüstung
explicit_mechanistic	Russen	Apparat	russen sind wie apparat
explicit_mechanistic	Russen	Geräte	russen sind wie geräte
explicit_mechanistic	Russen	Hardware	russen sind wie hardware
explicit_mechanistic	Russen	Motoren	russen sind wie motoren
explicit_mechanistic	Russen	Werkzeuge	russen sind wie werkzeuge
explicit_mechanistic	Russen	Vorrichtungen	russen sind wie vorrichtungen
explicit_mechanistic	Russen	Roboter	russen sind wie roboter
explicit_mechanistic	Russen	Müll	russen sind wie müll
explicit_mechanistic	Russen	Abfall	russen sind wie abfall
explicit_mechanistic	Russen	Dreck	russen sind wie dreck
explicit_mechanistic	Schotten	Objekte	schotten sind wie objekte
explicit_mechanistic	Schotten	Gegenstände	schotten sind wie gegenstände
explicit_mechanistic	Schotten	Automaten	schotten sind wie automaten
explicit_mechanistic	Schotten	Maschinen	schotten sind wie maschinen
explicit_mechanistic	Schotten	Maschinerie	schotten sind wie maschinerie
explicit_mechanistic	Schotten	Ausrüstung	schotten sind wie ausrüstung
explicit_mechanistic	Schotten	Apparat	schotten sind wie apparat
explicit_mechanistic	Schotten	Geräte	schotten sind wie geräte
explicit_mechanistic	Schotten	Hardware	schotten sind wie hardware
explicit_mechanistic	Schotten	Motoren	schotten sind wie motoren
explicit_mechanistic	Schotten	Werkzeuge	schotten sind wie werkzeuge
explicit_mechanistic	Schotten	Vorrichtungen	schotten sind wie vorrichtungen
explicit_mechanistic	Schotten	Roboter	schotten sind wie roboter
explicit_mechanistic	Schotten	Müll	schotten sind wie müll
explicit_mechanistic	Schotten	Abfall	schotten sind wie abfall
explicit_mechanistic	Schotten	Dreck	schotten sind wie dreck
explicit_mechanistic	Franzosen	Objekte	franzosen sind wie objekte
explicit_mechanistic	Franzosen	Gegenstände	franzosen sind wie gegenstände
explicit_mechanistic	Franzosen	Automaten	franzosen sind wie automaten
explicit_mechanistic	Franzosen	Maschinen	franzosen sind wie maschinen
explicit_mechanistic	Franzosen	Maschinerie	franzosen sind wie maschinerie
explicit_mechanistic	Franzosen	Ausrüstung	franzosen sind wie ausrüstung
explicit_mechanistic	Franzosen	Apparat	franzosen sind wie apparat
explicit_mechanistic	Franzosen	Geräte	franzosen sind wie geräte
explicit_mechanistic	Franzosen	Hardware	franzosen sind wie hardware
explicit_mechanistic	Franzosen	Motoren	franzosen sind wie motoren
explicit_mechanistic	Franzosen	Werkzeuge	franzosen sind wie werkzeuge
explicit_mechanistic	Franzosen	Vorrichtungen	franzosen sind wie vorrichtungen
explicit_mechanistic	Franzosen	Roboter	franzosen sind wie roboter
explicit_mechanistic	Franzosen	Müll	franzosen sind wie müll
explicit_mechanistic	Franzosen	Abfall	franzosen sind wie abfall
explicit_mechanistic	Franzosen	Dreck	franzosen sind wie dreck
explicit_mechanistic	Niederländer	Objekte	niederländer sind wie objekte
explicit_mechanistic	Niederländer	Gegenstände	niederländer sind wie gegenstände
explicit_mechanistic	Niederländer	Automaten	niederländer sind wie automaten
explicit_mechanistic	Niederländer	Maschinen	niederländer sind wie maschinen
explicit_mechanistic	Niederländer	Maschinerie	niederländer sind wie maschinerie
explicit_mechanistic	Niederländer	Ausrüstung	niederländer sind wie ausrüstung
explicit_mechanistic	Niederländer	Apparat	niederländer sind wie apparat
explicit_mechanistic	Niederländer	Geräte	niederländer sind wie geräte
explicit_mechanistic	Niederländer	Hardware	niederländer sind wie hardware
explicit_mechanistic	Niederländer	Motoren	niederländer sind wie motoren
explicit_mechanistic	Niederländer	Werkzeuge	niederländer sind wie werkzeuge
explicit_mechanistic	Niederländer	Vorrichtungen	niederländer sind wie vorrichtungen
explicit_mechanistic	Niederländer	Roboter	niederländer sind wie roboter
explicit_mechanistic	Niederländer	Müll	niederländer sind wie müll
explicit_mechanistic	Niederländer	Abfall	niederländer sind wie abfall
explicit_mechanistic	Niederländer	Dreck	niederländer sind wie dreck
explicit_mechanistic	Ukrainer	Objekte	ukrainer sind wie objekte
explicit_mechanistic	Ukrainer	Gegenstände	ukrainer sind wie gegenstände
explicit_mechanistic	Ukrainer	Automaten	ukrainer sind wie automaten
explicit_mechanistic	Ukrainer	Maschinen	ukrainer sind wie maschinen
explicit_mechanistic	Ukrainer	Maschinerie	ukrainer sind wie maschinerie
explicit_mechanistic	Ukrainer	Ausrüstung	ukrainer sind wie ausrüstung
explicit_mechanistic	Ukrainer	Apparat	ukrainer sind wie apparat
explicit_mechanistic	Ukrainer	Geräte	ukrainer sind wie geräte
explicit_mechanistic	Ukrainer	Hardware	ukrainer sind wie hardware
explicit_mechanistic	Ukrainer	Motoren	ukrainer sind wie motoren
explicit_mechanistic	Ukrainer	Werkzeuge	ukrainer sind wie werkzeuge
explicit_mechanistic	Ukrainer	Vorrichtungen	ukrainer sind wie vorrichtungen
explicit_mechanistic	Ukrainer	Roboter	ukrainer sind wie roboter
explicit_mechanistic	Ukrainer	Müll	ukrainer sind wie müll
explicit_mechanistic	Ukrainer	Abfall	ukrainer sind wie abfall
explicit_mechanistic	Ukrainer	Dreck	ukrainer sind wie dreck
explicit_mechanistic	Konservative	Objekte	konservative sind wie objekte
explicit_mechanistic	Konservative	Gegenstände	konservative sind wie gegenstände
explicit_mechanistic	Konservative	Automaten	konservative sind wie automaten
explicit_mechanistic	Konservative	Maschinen	konservative sind wie maschinen
explicit_mechanistic	Konservative	Maschinerie	konservative sind wie maschinerie
explicit_mechanistic	Konservative	Ausrüstung	konservative sind wie ausrüstung
explicit_mechanistic	Konservative	Apparat	konservative sind wie apparat
explicit_mechanistic	Konservative	Geräte	konservative sind wie geräte
explicit_mechanistic	Konservative	Hardware	konservative sind wie hardware
explicit_mechanistic	Konservative	Motoren	konservative sind wie motoren
explicit_mechanistic	Konservative	Werkzeuge	konservative sind wie werkzeuge
explicit_mechanistic	Konservative	Vorrichtungen	konservative sind wie vorrichtungen
explicit_mechanistic	Konservative	Roboter	konservative sind wie roboter
explicit_mechanistic	Konservative	Müll	konservative sind wie müll
explicit_mechanistic	Konservative	Abfall	konservative sind wie abfall
explicit_mechanistic	Konservative	Dreck	konservative sind wie dreck
explicit_mechanistic	Demokraten	Objekte	demokraten sind wie objekte
explicit_mechanistic	Demokraten	Gegenstände	demokraten sind wie gegenstände
explicit_mechanistic	Demokraten	Automaten	demokraten sind wie automaten
explicit_mechanistic	Demokraten	Maschinen	demokraten sind wie maschinen
explicit_mechanistic	Demokraten	Maschinerie	demokraten sind wie maschinerie
explicit_mechanistic	Demokraten	Ausrüstung	demokraten sind wie ausrüstung
explicit_mechanistic	Demokraten	Apparat	demokraten sind wie apparat
explicit_mechanistic	Demokraten	Geräte	demokraten sind wie geräte
explicit_mechanistic	Demokraten	Hardware	demokraten sind wie hardware
explicit_mechanistic	Demokraten	Motoren	demokraten sind wie motoren
explicit_mechanistic	Demokraten	Werkzeuge	demokraten sind wie werkzeuge
explicit_mechanistic	Demokraten	Vorrichtungen	demokraten sind wie vorrichtungen
explicit_mechanistic	Demokraten	Roboter	demokraten sind wie roboter
explicit_mechanistic	Demokraten	Müll	demokraten sind wie müll
explicit_mechanistic	Demokraten	Abfall	demokraten sind wie abfall
explicit_mechanistic	Demokraten	Dreck	demokraten sind wie dreck
explicit_mechanistic	Behinderte	Objekte	behinderte sind wie objekte
explicit_mechanistic	Behinderte	Gegenstände	behinderte sind wie gegenstände
explicit_mechanistic	Behinderte	Automaten	behinderte sind wie automaten
explicit_mechanistic	Behinderte	Maschinen	behinderte sind wie maschinen
explicit_mechanistic	Behinderte	Maschinerie	behinderte sind wie maschinerie
explicit_mechanistic	Behinderte	Ausrüstung	behinderte sind wie ausrüstung
explicit_mechanistic	Behinderte	Apparat	behinderte sind wie apparat
explicit_mechanistic	Behinderte	Geräte	behinderte sind wie geräte
explicit_mechanistic	Behinderte	Hardware	behinderte sind wie hardware
explicit_mechanistic	Behinderte	Motoren	behinderte sind wie motoren
explicit_mechanistic	Behinderte	Werkzeuge	behinderte sind wie werkzeuge
explicit_mechanistic	Behinderte	Vorrichtungen	behinderte sind wie vorrichtungen
explicit_mechanistic	Behinderte	Roboter	behinderte sind wie roboter
explicit_mechanistic	Behinderte	Müll	behinderte sind wie müll
explicit_mechanistic	Behinderte	Abfall	behinderte sind wie abfall
explicit_mechanistic	Behinderte	Dreck	behinderte sind wie dreck
explicit_mechanistic	Libtards	Objekte	libtards sind wie objekte
explicit_mechanistic	Libtards	Gegenstände	libtards sind wie gegenstände
explicit_mechanistic	Libtards	Automaten	libtards sind wie automaten
explicit_mechanistic	Libtards	Maschinen	libtards sind wie maschinen
explicit_mechanistic	Libtards	Maschinerie	libtards sind wie maschinerie
explicit_mechanistic	Libtards	Ausrüstung	libtards sind wie ausrüstung
explicit_mechanistic	Libtards	Apparat	libtards sind wie apparat
explicit_mechanistic	Libtards	Geräte	libtards sind wie geräte
explicit_mechanistic	Libtards	Hardware	libtards sind wie hardware
explicit_mechanistic	Libtards	Motoren	libtards sind wie motoren
explicit_mechanistic	Libtards	Werkzeuge	libtards sind wie werkzeuge
explicit_mechanistic	Libtards	Vorrichtungen	libtards sind wie vorrichtungen
explicit_mechanistic	Libtards	Roboter	libtards sind wie roboter
explicit_mechanistic	Libtards	Müll	libtards sind wie müll
explicit_mechanistic	Libtards	Abfall	libtards sind wie abfall
explicit_mechanistic	Libtards	Dreck	libtards sind wie dreck
explicit_mechanistic	Mongos	Objekte	mongos sind wie objekte
explicit_mechanistic	Mongos	Gegenstände	mongos sind wie gegenstände
explicit_mechanistic	Mongos	Automaten	mongos sind wie automaten
explicit_mechanistic	Mongos	Maschinen	mongos sind wie maschinen
explicit_mechanistic	Mongos	Maschinerie	mongos sind wie maschinerie
explicit_mechanistic	Mongos	Ausrüstung	mongos sind wie ausrüstung
explicit_mechanistic	Mongos	Apparat	mongos sind wie apparat
explicit_mechanistic	Mongos	Geräte	mongos sind wie geräte
explicit_mechanistic	Mongos	Hardware	mongos sind wie hardware
explicit_mechanistic	Mongos	Motoren	mongos sind wie motoren
explicit_mechanistic	Mongos	Werkzeuge	mongos sind wie werkzeuge
explicit_mechanistic	Mongos	Vorrichtungen	mongos sind wie vorrichtungen
explicit_mechanistic	Mongos	Roboter	mongos sind wie roboter
explicit_mechanistic	Mongos	Müll	mongos sind wie müll
explicit_mechanistic	Mongos	Abfall	mongos sind wie abfall
explicit_mechanistic	Mongos	Dreck	mongos sind wie dreck
explicit_mechanistic	Spasten	Objekte	spasten sind wie objekte
explicit_mechanistic	Spasten	Gegenstände	spasten sind wie gegenstände
explicit_mechanistic	Spasten	Automaten	spasten sind wie automaten
explicit_mechanistic	Spasten	Maschinen	spasten sind wie maschinen
explicit_mechanistic	Spasten	Maschinerie	spasten sind wie maschinerie
explicit_mechanistic	Spasten	Ausrüstung	spasten sind wie ausrüstung
explicit_mechanistic	Spasten	Apparat	spasten sind wie apparat
explicit_mechanistic	Spasten	Geräte	spasten sind wie geräte
explicit_mechanistic	Spasten	Hardware	spasten sind wie hardware
explicit_mechanistic	Spasten	Motoren	spasten sind wie motoren
explicit_mechanistic	Spasten	Werkzeuge	spasten sind wie werkzeuge
explicit_mechanistic	Spasten	Vorrichtungen	spasten sind wie vorrichtungen
explicit_mechanistic	Spasten	Roboter	spasten sind wie roboter
explicit_mechanistic	Spasten	Müll	spasten sind wie müll
explicit_mechanistic	Spasten	Abfall	spasten sind wie abfall
explicit_mechanistic	Spasten	Dreck	spasten sind wie dreck
explicit_mechanistic	Tards	Objekte	tards sind wie objekte
explicit_mechanistic	Tards	Gegenstände	tards sind wie gegenstände
explicit_mechanistic	Tards	Automaten	tards sind wie automaten
explicit_mechanistic	Tards	Maschinen	tards sind wie maschinen
explicit_mechanistic	Tards	Maschinerie	tards sind wie maschinerie
explicit_mechanistic	Tards	Ausrüstung	tards sind wie ausrüstung
explicit_mechanistic	Tards	Apparat	tards sind wie apparat
explicit_mechanistic	Tards	Geräte	tards sind wie geräte
explicit_mechanistic	Tards	Hardware	tards sind wie hardware
explicit_mechanistic	Tards	Motoren	tards sind wie motoren
explicit_mechanistic	Tards	Werkzeuge	tards sind wie werkzeuge
explicit_mechanistic	Tards	Vorrichtungen	tards sind wie vorrichtungen
explicit_mechanistic	Tards	Roboter	tards sind wie roboter
explicit_mechanistic	Tards	Müll	tards sind wie müll
explicit_mechanistic	Tards	Abfall	tards sind wie abfall
explicit_mechanistic	Tards	Dreck	tards sind wie dreck
explicit_mechanistic	Ältere	Objekte	ältere sind wie objekte
explicit_mechanistic	Ältere	Gegenstände	ältere sind wie gegenstände
explicit_mechanistic	Ältere	Automaten	ältere sind wie automaten
explicit_mechanistic	Ältere	Maschinen	ältere sind wie maschinen
explicit_mechanistic	Ältere	Maschinerie	ältere sind wie maschinerie
explicit_mechanistic	Ältere	Ausrüstung	ältere sind wie ausrüstung
explicit_mechanistic	Ältere	Apparat	ältere sind wie apparat
explicit_mechanistic	Ältere	Geräte	ältere sind wie geräte
explicit_mechanistic	Ältere	Hardware	ältere sind wie hardware
explicit_mechanistic	Ältere	Motoren	ältere sind wie motoren
explicit_mechanistic	Ältere	Werkzeuge	ältere sind wie werkzeuge
explicit_mechanistic	Ältere	Vorrichtungen	ältere sind wie vorrichtungen
explicit_mechanistic	Ältere	Roboter	ältere sind wie roboter
explicit_mechanistic	Ältere	Müll	ältere sind wie müll
explicit_mechanistic	Ältere	Abfall	ältere sind wie abfall
explicit_mechanistic	Ältere	Dreck	ältere sind wie dreck
explicit_mechanistic	Ältere Frauen	Objekte	ältere frauen sind wie objekte
explicit_mechanistic	Ältere Frauen	Gegenstände	ältere frauen sind wie gegenstände
explicit_mechanistic	Ältere Frauen	Automaten	ältere frauen sind wie automaten
explicit_mechanistic	Ältere Frauen	Maschinen	ältere frauen sind wie maschinen
explicit_mechanistic	Ältere Frauen	Maschinerie	ältere frauen sind wie maschinerie
explicit_mechanistic	Ältere Frauen	Ausrüstung	ältere frauen sind wie ausrüstung
explicit_mechanistic	Ältere Frauen	Apparat	ältere frauen sind wie apparat
explicit_mechanistic	Ältere Frauen	Geräte	ältere frauen sind wie geräte
explicit_mechanistic	Ältere Frauen	Hardware	ältere frauen sind wie hardware
explicit_mechanistic	Ältere Frauen	Motoren	ältere frauen sind wie motoren
explicit_mechanistic	Ältere Frauen	Werkzeuge	ältere frauen sind wie werkzeuge
explicit_mechanistic	Ältere Frauen	Vorrichtungen	ältere frauen sind wie vorrichtungen
explicit_mechanistic	Ältere Frauen	Roboter	ältere frauen sind wie roboter
explicit_mechanistic	Ältere Frauen	Müll	ältere frauen sind wie müll
explicit_mechanistic	Ältere Frauen	Abfall	ältere frauen sind wie abfall
explicit_mechanistic	Ältere Frauen	Dreck	ältere frauen sind wie dreck
explicit_mechanistic	Ältere Männer	Objekte	ältere männer sind wie objekte
explicit_mechanistic	Ältere Männer	Gegenstände	ältere männer sind wie gegenstände
explicit_mechanistic	Ältere Männer	Automaten	ältere männer sind wie automaten
explicit_mechanistic	Ältere Männer	Maschinen	ältere männer sind wie maschinen
explicit_mechanistic	Ältere Männer	Maschinerie	ältere männer sind wie maschinerie
explicit_mechanistic	Ältere Männer	Ausrüstung	ältere männer sind wie ausrüstung
explicit_mechanistic	Ältere Männer	Apparat	ältere männer sind wie apparat
explicit_mechanistic	Ältere Männer	Geräte	ältere männer sind wie geräte
explicit_mechanistic	Ältere Männer	Hardware	ältere männer sind wie hardware
explicit_mechanistic	Ältere Männer	Motoren	ältere männer sind wie motoren
explicit_mechanistic	Ältere Männer	Werkzeuge	ältere männer sind wie werkzeuge
explicit_mechanistic	Ältere Männer	Vorrichtungen	ältere männer sind wie vorrichtungen
explicit_mechanistic	Ältere Männer	Roboter	ältere männer sind wie roboter
explicit_mechanistic	Ältere Männer	Müll	ältere männer sind wie müll
explicit_mechanistic	Ältere Männer	Abfall	ältere männer sind wie abfall
explicit_mechanistic	Ältere Männer	Dreck	ältere männer sind wie dreck
explicit_mechanistic	Senioren	Objekte	senioren sind wie objekte
explicit_mechanistic	Senioren	Gegenstände	senioren sind wie gegenstände
explicit_mechanistic	Senioren	Automaten	senioren sind wie automaten
explicit_mechanistic	Senioren	Maschinen	senioren sind wie maschinen
explicit_mechanistic	Senioren	Maschinerie	senioren sind wie maschinerie
explicit_mechanistic	Senioren	Ausrüstung	senioren sind wie ausrüstung
explicit_mechanistic	Senioren	Apparat	senioren sind wie apparat
explicit_mechanistic	Senioren	Geräte	senioren sind wie geräte
explicit_mechanistic	Senioren	Hardware	senioren sind wie hardware
explicit_mechanistic	Senioren	Motoren	senioren sind wie motoren
explicit_mechanistic	Senioren	Werkzeuge	senioren sind wie werkzeuge
explicit_mechanistic	Senioren	Vorrichtungen	senioren sind wie vorrichtungen
explicit_mechanistic	Senioren	Roboter	senioren sind wie roboter
explicit_mechanistic	Senioren	Müll	senioren sind wie müll
explicit_mechanistic	Senioren	Abfall	senioren sind wie abfall
explicit_mechanistic	Senioren	Dreck	senioren sind wie dreck
explicit_mechanistic	Alte Leute	Objekte	alte leute sind wie objekte
explicit_mechanistic	Alte Leute	Gegenstände	alte leute sind wie gegenstände
explicit_mechanistic	Alte Leute	Automaten	alte leute sind wie automaten
explicit_mechanistic	Alte Leute	Maschinen	alte leute sind wie maschinen
explicit_mechanistic	Alte Leute	Maschinerie	alte leute sind wie maschinerie
explicit_mechanistic	Alte Leute	Ausrüstung	alte leute sind wie ausrüstung
explicit_mechanistic	Alte Leute	Apparat	alte leute sind wie apparat
explicit_mechanistic	Alte Leute	Geräte	alte leute sind wie geräte
explicit_mechanistic	Alte Leute	Hardware	alte leute sind wie hardware
explicit_mechanistic	Alte Leute	Motoren	alte leute sind wie motoren
explicit_mechanistic	Alte Leute	Werkzeuge	alte leute sind wie werkzeuge
explicit_mechanistic	Alte Leute	Vorrichtungen	alte leute sind wie vorrichtungen
explicit_mechanistic	Alte Leute	Roboter	alte leute sind wie roboter
explicit_mechanistic	Alte Leute	Müll	alte leute sind wie müll
explicit_mechanistic	Alte Leute	Abfall	alte leute sind wie abfall
explicit_mechanistic	Alte Leute	Dreck	alte leute sind wie dreck
explicit_mechanistic	Alte Personen	Objekte	alte personen sind wie objekte
explicit_mechanistic	Alte Personen	Gegenstände	alte personen sind wie gegenstände
explicit_mechanistic	Alte Personen	Automaten	alte personen sind wie automaten
explicit_mechanistic	Alte Personen	Maschinen	alte personen sind wie maschinen
explicit_mechanistic	Alte Personen	Maschinerie	alte personen sind wie maschinerie
explicit_mechanistic	Alte Personen	Ausrüstung	alte personen sind wie ausrüstung
explicit_mechanistic	Alte Personen	Apparat	alte personen sind wie apparat
explicit_mechanistic	Alte Personen	Geräte	alte personen sind wie geräte
explicit_mechanistic	Alte Personen	Hardware	alte personen sind wie hardware
explicit_mechanistic	Alte Personen	Motoren	alte personen sind wie motoren
explicit_mechanistic	Alte Personen	Werkzeuge	alte personen sind wie werkzeuge
explicit_mechanistic	Alte Personen	Vorrichtungen	alte personen sind wie vorrichtungen
explicit_mechanistic	Alte Personen	Roboter	alte personen sind wie roboter
explicit_mechanistic	Alte Personen	Müll	alte personen sind wie müll
explicit_mechanistic	Alte Personen	Abfall	alte personen sind wie abfall
explicit_mechanistic	Alte Personen	Dreck	alte personen sind wie dreck
explicit_mechanistic	Patienten	Objekte	patienten sind wie objekte
explicit_mechanistic	Patienten	Gegenstände	patienten sind wie gegenstände
explicit_mechanistic	Patienten	Automaten	patienten sind wie automaten
explicit_mechanistic	Patienten	Maschinen	patienten sind wie maschinen
explicit_mechanistic	Patienten	Maschinerie	patienten sind wie maschinerie
explicit_mechanistic	Patienten	Ausrüstung	patienten sind wie ausrüstung
explicit_mechanistic	Patienten	Apparat	patienten sind wie apparat
explicit_mechanistic	Patienten	Geräte	patienten sind wie geräte
explicit_mechanistic	Patienten	Hardware	patienten sind wie hardware
explicit_mechanistic	Patienten	Motoren	patienten sind wie motoren
explicit_mechanistic	Patienten	Werkzeuge	patienten sind wie werkzeuge
explicit_mechanistic	Patienten	Vorrichtungen	patienten sind wie vorrichtungen
explicit_mechanistic	Patienten	Roboter	patienten sind wie roboter
explicit_mechanistic	Patienten	Müll	patienten sind wie müll
explicit_mechanistic	Patienten	Abfall	patienten sind wie abfall
explicit_mechanistic	Patienten	Dreck	patienten sind wie dreck
explicit_mechanistic	Kriminelle	Objekte	kriminelle sind wie objekte
explicit_mechanistic	Kriminelle	Gegenstände	kriminelle sind wie gegenstände
explicit_mechanistic	Kriminelle	Automaten	kriminelle sind wie automaten
explicit_mechanistic	Kriminelle	Maschinen	kriminelle sind wie maschinen
explicit_mechanistic	Kriminelle	Maschinerie	kriminelle sind wie maschinerie
explicit_mechanistic	Kriminelle	Ausrüstung	kriminelle sind wie ausrüstung
explicit_mechanistic	Kriminelle	Apparat	kriminelle sind wie apparat
explicit_mechanistic	Kriminelle	Geräte	kriminelle sind wie geräte
explicit_mechanistic	Kriminelle	Hardware	kriminelle sind wie hardware
explicit_mechanistic	Kriminelle	Motoren	kriminelle sind wie motoren
explicit_mechanistic	Kriminelle	Werkzeuge	kriminelle sind wie werkzeuge
explicit_mechanistic	Kriminelle	Vorrichtungen	kriminelle sind wie vorrichtungen
explicit_mechanistic	Kriminelle	Roboter	kriminelle sind wie roboter
explicit_mechanistic	Kriminelle	Müll	kriminelle sind wie müll
explicit_mechanistic	Kriminelle	Abfall	kriminelle sind wie abfall
explicit_mechanistic	Kriminelle	Dreck	kriminelle sind wie dreck
explicit_mechanistic	Diebe	Objekte	diebe sind wie objekte
explicit_mechanistic	Diebe	Gegenstände	diebe sind wie gegenstände
explicit_mechanistic	Diebe	Automaten	diebe sind wie automaten
explicit_mechanistic	Diebe	Maschinen	diebe sind wie maschinen
explicit_mechanistic	Diebe	Maschinerie	diebe sind wie maschinerie
explicit_mechanistic	Diebe	Ausrüstung	diebe sind wie ausrüstung
explicit_mechanistic	Diebe	Apparat	diebe sind wie apparat
explicit_mechanistic	Diebe	Geräte	diebe sind wie geräte
explicit_mechanistic	Diebe	Hardware	diebe sind wie hardware
explicit_mechanistic	Diebe	Motoren	diebe sind wie motoren
explicit_mechanistic	Diebe	Werkzeuge	diebe sind wie werkzeuge
explicit_mechanistic	Diebe	Vorrichtungen	diebe sind wie vorrichtungen
explicit_mechanistic	Diebe	Roboter	diebe sind wie roboter
explicit_mechanistic	Diebe	Müll	diebe sind wie müll
explicit_mechanistic	Diebe	Abfall	diebe sind wie abfall
explicit_mechanistic	Diebe	Dreck	diebe sind wie dreck
explicit_mechanistic	Straftäter	Objekte	straftäter sind wie objekte
explicit_mechanistic	Straftäter	Gegenstände	straftäter sind wie gegenstände
explicit_mechanistic	Straftäter	Automaten	straftäter sind wie automaten
explicit_mechanistic	Straftäter	Maschinen	straftäter sind wie maschinen
explicit_mechanistic	Straftäter	Maschinerie	straftäter sind wie maschinerie
explicit_mechanistic	Straftäter	Ausrüstung	straftäter sind wie ausrüstung
explicit_mechanistic	Straftäter	Apparat	straftäter sind wie apparat
explicit_mechanistic	Straftäter	Geräte	straftäter sind wie geräte
explicit_mechanistic	Straftäter	Hardware	straftäter sind wie hardware
explicit_mechanistic	Straftäter	Motoren	straftäter sind wie motoren
explicit_mechanistic	Straftäter	Werkzeuge	straftäter sind wie werkzeuge
explicit_mechanistic	Straftäter	Vorrichtungen	straftäter sind wie vorrichtungen
explicit_mechanistic	Straftäter	Roboter	straftäter sind wie roboter
explicit_mechanistic	Straftäter	Müll	straftäter sind wie müll
explicit_mechanistic	Straftäter	Abfall	straftäter sind wie abfall
explicit_mechanistic	Straftäter	Dreck	straftäter sind wie dreck
explicit_mechanistic	Häftlinge	Objekte	häftlinge sind wie objekte
explicit_mechanistic	Häftlinge	Gegenstände	häftlinge sind wie gegenstände
explicit_mechanistic	Häftlinge	Automaten	häftlinge sind wie automaten
explicit_mechanistic	Häftlinge	Maschinen	häftlinge sind wie maschinen
explicit_mechanistic	Häftlinge	Maschinerie	häftlinge sind wie maschinerie
explicit_mechanistic	Häftlinge	Ausrüstung	häftlinge sind wie ausrüstung
explicit_mechanistic	Häftlinge	Apparat	häftlinge sind wie apparat
explicit_mechanistic	Häftlinge	Geräte	häftlinge sind wie geräte
explicit_mechanistic	Häftlinge	Hardware	häftlinge sind wie hardware
explicit_mechanistic	Häftlinge	Motoren	häftlinge sind wie motoren
explicit_mechanistic	Häftlinge	Werkzeuge	häftlinge sind wie werkzeuge
explicit_mechanistic	Häftlinge	Vorrichtungen	häftlinge sind wie vorrichtungen
explicit_mechanistic	Häftlinge	Roboter	häftlinge sind wie roboter
explicit_mechanistic	Häftlinge	Müll	häftlinge sind wie müll
explicit_mechanistic	Häftlinge	Abfall	häftlinge sind wie abfall
explicit_mechanistic	Häftlinge	Dreck	häftlinge sind wie dreck
explicit_mechanistic	Gefangene	Objekte	gefangene sind wie objekte
explicit_mechanistic	Gefangene	Gegenstände	gefangene sind wie gegenstände
explicit_mechanistic	Gefangene	Automaten	gefangene sind wie automaten
explicit_mechanistic	Gefangene	Maschinen	gefangene sind wie maschinen
explicit_mechanistic	Gefangene	Maschinerie	gefangene sind wie maschinerie
explicit_mechanistic	Gefangene	Ausrüstung	gefangene sind wie ausrüstung
explicit_mechanistic	Gefangene	Apparat	gefangene sind wie apparat
explicit_mechanistic	Gefangene	Geräte	gefangene sind wie geräte
explicit_mechanistic	Gefangene	Hardware	gefangene sind wie hardware
explicit_mechanistic	Gefangene	Motoren	gefangene sind wie motoren
explicit_mechanistic	Gefangene	Werkzeuge	gefangene sind wie werkzeuge
explicit_mechanistic	Gefangene	Vorrichtungen	gefangene sind wie vorrichtungen
explicit_mechanistic	Gefangene	Roboter	gefangene sind wie roboter
explicit_mechanistic	Gefangene	Müll	gefangene sind wie müll
explicit_mechanistic	Gefangene	Abfall	gefangene sind wie abfall
explicit_mechanistic	Gefangene	Dreck	gefangene sind wie dreck
explicit_mechanistic	Israelis	Objekte	israelis sind wie objekte
explicit_mechanistic	Israelis	Gegenstände	israelis sind wie gegenstände
explicit_mechanistic	Israelis	Automaten	israelis sind wie automaten
explicit_mechanistic	Israelis	Maschinen	israelis sind wie maschinen
explicit_mechanistic	Israelis	Maschinerie	israelis sind wie maschinerie
explicit_mechanistic	Israelis	Ausrüstung	israelis sind wie ausrüstung
explicit_mechanistic	Israelis	Apparat	israelis sind wie apparat
explicit_mechanistic	Israelis	Geräte	israelis sind wie geräte
explicit_mechanistic	Israelis	Hardware	israelis sind wie hardware
explicit_mechanistic	Israelis	Motoren	israelis sind wie motoren
explicit_mechanistic	Israelis	Werkzeuge	israelis sind wie werkzeuge
explicit_mechanistic	Israelis	Vorrichtungen	israelis sind wie vorrichtungen
explicit_mechanistic	Israelis	Roboter	israelis sind wie roboter
explicit_mechanistic	Israelis	Müll	israelis sind wie müll
explicit_mechanistic	Israelis	Abfall	israelis sind wie abfall
explicit_mechanistic	Israelis	Dreck	israelis sind wie dreck
explicit_mechanistic	Palästinenser	Objekte	palästinenser sind wie objekte
explicit_mechanistic	Palästinenser	Gegenstände	palästinenser sind wie gegenstände
explicit_mechanistic	Palästinenser	Automaten	palästinenser sind wie automaten
explicit_mechanistic	Palästinenser	Maschinen	palästinenser sind wie maschinen
explicit_mechanistic	Palästinenser	Maschinerie	palästinenser sind wie maschinerie
explicit_mechanistic	Palästinenser	Ausrüstung	palästinenser sind wie ausrüstung
explicit_mechanistic	Palästinenser	Apparat	palästinenser sind wie apparat
explicit_mechanistic	Palästinenser	Geräte	palästinenser sind wie geräte
explicit_mechanistic	Palästinenser	Hardware	palästinenser sind wie hardware
explicit_mechanistic	Palästinenser	Motoren	palästinenser sind wie motoren
explicit_mechanistic	Palästinenser	Werkzeuge	palästinenser sind wie werkzeuge
explicit_mechanistic	Palästinenser	Vorrichtungen	palästinenser sind wie vorrichtungen
explicit_mechanistic	Palästinenser	Roboter	palästinenser sind wie roboter
explicit_mechanistic	Palästinenser	Müll	palästinenser sind wie müll
explicit_mechanistic	Palästinenser	Abfall	palästinenser sind wie abfall
explicit_mechanistic	Palästinenser	Dreck	palästinenser sind wie dreck
explicit_mechanistic	Arbeiter	Objekte	arbeiter sind wie objekte
explicit_mechanistic	Arbeiter	Gegenstände	arbeiter sind wie gegenstände
explicit_mechanistic	Arbeiter	Automaten	arbeiter sind wie automaten
explicit_mechanistic	Arbeiter	Maschinen	arbeiter sind wie maschinen
explicit_mechanistic	Arbeiter	Maschinerie	arbeiter sind wie maschinerie
explicit_mechanistic	Arbeiter	Ausrüstung	arbeiter sind wie ausrüstung
explicit_mechanistic	Arbeiter	Apparat	arbeiter sind wie apparat
explicit_mechanistic	Arbeiter	Geräte	arbeiter sind wie geräte
explicit_mechanistic	Arbeiter	Hardware	arbeiter sind wie hardware
explicit_mechanistic	Arbeiter	Motoren	arbeiter sind wie motoren
explicit_mechanistic	Arbeiter	Werkzeuge	arbeiter sind wie werkzeuge
explicit_mechanistic	Arbeiter	Vorrichtungen	arbeiter sind wie vorrichtungen
explicit_mechanistic	Arbeiter	Roboter	arbeiter sind wie roboter
explicit_mechanistic	Arbeiter	Müll	arbeiter sind wie müll
explicit_mechanistic	Arbeiter	Abfall	arbeiter sind wie abfall
explicit_mechanistic	Arbeiter	Dreck	arbeiter sind wie dreck
explicit_mechanistic	Reisende	Objekte	reisende sind wie objekte
explicit_mechanistic	Reisende	Gegenstände	reisende sind wie gegenstände
explicit_mechanistic	Reisende	Automaten	reisende sind wie automaten
explicit_mechanistic	Reisende	Maschinen	reisende sind wie maschinen
explicit_mechanistic	Reisende	Maschinerie	reisende sind wie maschinerie
explicit_mechanistic	Reisende	Ausrüstung	reisende sind wie ausrüstung
explicit_mechanistic	Reisende	Apparat	reisende sind wie apparat
explicit_mechanistic	Reisende	Geräte	reisende sind wie geräte
explicit_mechanistic	Reisende	Hardware	reisende sind wie hardware
explicit_mechanistic	Reisende	Motoren	reisende sind wie motoren
explicit_mechanistic	Reisende	Werkzeuge	reisende sind wie werkzeuge
explicit_mechanistic	Reisende	Vorrichtungen	reisende sind wie vorrichtungen
explicit_mechanistic	Reisende	Roboter	reisende sind wie roboter
explicit_mechanistic	Reisende	Müll	reisende sind wie müll
explicit_mechanistic	Reisende	Abfall	reisende sind wie abfall
explicit_mechanistic	Reisende	Dreck	reisende sind wie dreck
explicit_mechanistic	Geschäftsmänner	Objekte	geschäftsmänner sind wie objekte
explicit_mechanistic	Geschäftsmänner	Gegenstände	geschäftsmänner sind wie gegenstände
explicit_mechanistic	Geschäftsmänner	Automaten	geschäftsmänner sind wie automaten
explicit_mechanistic	Geschäftsmänner	Maschinen	geschäftsmänner sind wie maschinen
explicit_mechanistic	Geschäftsmänner	Maschinerie	geschäftsmänner sind wie maschinerie
explicit_mechanistic	Geschäftsmänner	Ausrüstung	geschäftsmänner sind wie ausrüstung
explicit_mechanistic	Geschäftsmänner	Apparat	geschäftsmänner sind wie apparat
explicit_mechanistic	Geschäftsmänner	Geräte	geschäftsmänner sind wie geräte
explicit_mechanistic	Geschäftsmänner	Hardware	geschäftsmänner sind wie hardware
explicit_mechanistic	Geschäftsmänner	Motoren	geschäftsmänner sind wie motoren
explicit_mechanistic	Geschäftsmänner	Werkzeuge	geschäftsmänner sind wie werkzeuge
explicit_mechanistic	Geschäftsmänner	Vorrichtungen	geschäftsmänner sind wie vorrichtungen
explicit_mechanistic	Geschäftsmänner	Roboter	geschäftsmänner sind wie roboter
explicit_mechanistic	Geschäftsmänner	Müll	geschäftsmänner sind wie müll
explicit_mechanistic	Geschäftsmänner	Abfall	geschäftsmänner sind wie abfall
explicit_mechanistic	Geschäftsmänner	Dreck	geschäftsmänner sind wie dreck
explicit_mechanistic	Grüne	Objekte	grüne sind wie objekte
explicit_mechanistic	Grüne	Gegenstände	grüne sind wie gegenstände
explicit_mechanistic	Grüne	Automaten	grüne sind wie automaten
explicit_mechanistic	Grüne	Maschinen	grüne sind wie maschinen
explicit_mechanistic	Grüne	Maschinerie	grüne sind wie maschinerie
explicit_mechanistic	Grüne	Ausrüstung	grüne sind wie ausrüstung
explicit_mechanistic	Grüne	Apparat	grüne sind wie apparat
explicit_mechanistic	Grüne	Geräte	grüne sind wie geräte
explicit_mechanistic	Grüne	Hardware	grüne sind wie hardware
explicit_mechanistic	Grüne	Motoren	grüne sind wie motoren
explicit_mechanistic	Grüne	Werkzeuge	grüne sind wie werkzeuge
explicit_mechanistic	Grüne	Vorrichtungen	grüne sind wie vorrichtungen
explicit_mechanistic	Grüne	Roboter	grüne sind wie roboter
explicit_mechanistic	Grüne	Müll	grüne sind wie müll
explicit_mechanistic	Grüne	Abfall	grüne sind wie abfall
explicit_mechanistic	Grüne	Dreck	grüne sind wie dreck
explicit_mechanistic	Ökos Grünlinge	Objekte	ökos grünlinge sind wie objekte
explicit_mechanistic	Ökos Grünlinge	Gegenstände	ökos grünlinge sind wie gegenstände
explicit_mechanistic	Ökos Grünlinge	Automaten	ökos grünlinge sind wie automaten
explicit_mechanistic	Ökos Grünlinge	Maschinen	ökos grünlinge sind wie maschinen
explicit_mechanistic	Ökos Grünlinge	Maschinerie	ökos grünlinge sind wie maschinerie
explicit_mechanistic	Ökos Grünlinge	Ausrüstung	ökos grünlinge sind wie ausrüstung
explicit_mechanistic	Ökos Grünlinge	Apparat	ökos grünlinge sind wie apparat
explicit_mechanistic	Ökos Grünlinge	Geräte	ökos grünlinge sind wie geräte
explicit_mechanistic	Ökos Grünlinge	Hardware	ökos grünlinge sind wie hardware
explicit_mechanistic	Ökos Grünlinge	Motoren	ökos grünlinge sind wie motoren
explicit_mechanistic	Ökos Grünlinge	Werkzeuge	ökos grünlinge sind wie werkzeuge
explicit_mechanistic	Ökos Grünlinge	Vorrichtungen	ökos grünlinge sind wie vorrichtungen
explicit_mechanistic	Ökos Grünlinge	Roboter	ökos grünlinge sind wie roboter
explicit_mechanistic	Ökos Grünlinge	Müll	ökos grünlinge sind wie müll
explicit_mechanistic	Ökos Grünlinge	Abfall	ökos grünlinge sind wie abfall
explicit_mechanistic	Ökos Grünlinge	Dreck	ökos grünlinge sind wie dreck
explicit_mechanistic	Sozialdemokraten	Objekte	sozialdemokraten sind wie objekte
explicit_mechanistic	Sozialdemokraten	Gegenstände	sozialdemokraten sind wie gegenstände
explicit_mechanistic	Sozialdemokraten	Automaten	sozialdemokraten sind wie automaten
explicit_mechanistic	Sozialdemokraten	Maschinen	sozialdemokraten sind wie maschinen
explicit_mechanistic	Sozialdemokraten	Maschinerie	sozialdemokraten sind wie maschinerie
explicit_mechanistic	Sozialdemokraten	Ausrüstung	sozialdemokraten sind wie ausrüstung
explicit_mechanistic	Sozialdemokraten	Apparat	sozialdemokraten sind wie apparat
explicit_mechanistic	Sozialdemokraten	Geräte	sozialdemokraten sind wie geräte
explicit_mechanistic	Sozialdemokraten	Hardware	sozialdemokraten sind wie hardware
explicit_mechanistic	Sozialdemokraten	Motoren	sozialdemokraten sind wie motoren
explicit_mechanistic	Sozialdemokraten	Werkzeuge	sozialdemokraten sind wie werkzeuge
explicit_mechanistic	Sozialdemokraten	Vorrichtungen	sozialdemokraten sind wie vorrichtungen
explicit_mechanistic	Sozialdemokraten	Roboter	sozialdemokraten sind wie roboter
explicit_mechanistic	Sozialdemokraten	Müll	sozialdemokraten sind wie müll
explicit_mechanistic	Sozialdemokraten	Abfall	sozialdemokraten sind wie abfall
explicit_mechanistic	Sozialdemokraten	Dreck	sozialdemokraten sind wie dreck
explicit_mechanistic	SPDler	Objekte	spdler sind wie objekte
explicit_mechanistic	SPDler	Gegenstände	spdler sind wie gegenstände
explicit_mechanistic	SPDler	Automaten	spdler sind wie automaten
explicit_mechanistic	SPDler	Maschinen	spdler sind wie maschinen
explicit_mechanistic	SPDler	Maschinerie	spdler sind wie maschinerie
explicit_mechanistic	SPDler	Ausrüstung	spdler sind wie ausrüstung
explicit_mechanistic	SPDler	Apparat	spdler sind wie apparat
explicit_mechanistic	SPDler	Geräte	spdler sind wie geräte
explicit_mechanistic	SPDler	Hardware	spdler sind wie hardware
explicit_mechanistic	SPDler	Motoren	spdler sind wie motoren
explicit_mechanistic	SPDler	Werkzeuge	spdler sind wie werkzeuge
explicit_mechanistic	SPDler	Vorrichtungen	spdler sind wie vorrichtungen
explicit_mechanistic	SPDler	Roboter	spdler sind wie roboter
explicit_mechanistic	SPDler	Müll	spdler sind wie müll
explicit_mechanistic	SPDler	Abfall	spdler sind wie abfall
explicit_mechanistic	SPDler	Dreck	spdler sind wie dreck
explicit_mechanistic	CDUler	Objekte	cduler sind wie objekte
explicit_mechanistic	CDUler	Gegenstände	cduler sind wie gegenstände
explicit_mechanistic	CDUler	Automaten	cduler sind wie automaten
explicit_mechanistic	CDUler	Maschinen	cduler sind wie maschinen
explicit_mechanistic	CDUler	Maschinerie	cduler sind wie maschinerie
explicit_mechanistic	CDUler	Ausrüstung	cduler sind wie ausrüstung
explicit_mechanistic	CDUler	Apparat	cduler sind wie apparat
explicit_mechanistic	CDUler	Geräte	cduler sind wie geräte
explicit_mechanistic	CDUler	Hardware	cduler sind wie hardware
explicit_mechanistic	CDUler	Motoren	cduler sind wie motoren
explicit_mechanistic	CDUler	Werkzeuge	cduler sind wie werkzeuge
explicit_mechanistic	CDUler	Vorrichtungen	cduler sind wie vorrichtungen
explicit_mechanistic	CDUler	Roboter	cduler sind wie roboter
explicit_mechanistic	CDUler	Müll	cduler sind wie müll
explicit_mechanistic	CDUler	Abfall	cduler sind wie abfall
explicit_mechanistic	CDUler	Dreck	cduler sind wie dreck
explicit_mechanistic	Christdemokraten	Objekte	christdemokraten sind wie objekte
explicit_mechanistic	Christdemokraten	Gegenstände	christdemokraten sind wie gegenstände
explicit_mechanistic	Christdemokraten	Automaten	christdemokraten sind wie automaten
explicit_mechanistic	Christdemokraten	Maschinen	christdemokraten sind wie maschinen
explicit_mechanistic	Christdemokraten	Maschinerie	christdemokraten sind wie maschinerie
explicit_mechanistic	Christdemokraten	Ausrüstung	christdemokraten sind wie ausrüstung
explicit_mechanistic	Christdemokraten	Apparat	christdemokraten sind wie apparat
explicit_mechanistic	Christdemokraten	Geräte	christdemokraten sind wie geräte
explicit_mechanistic	Christdemokraten	Hardware	christdemokraten sind wie hardware
explicit_mechanistic	Christdemokraten	Motoren	christdemokraten sind wie motoren
explicit_mechanistic	Christdemokraten	Werkzeuge	christdemokraten sind wie werkzeuge
explicit_mechanistic	Christdemokraten	Vorrichtungen	christdemokraten sind wie vorrichtungen
explicit_mechanistic	Christdemokraten	Roboter	christdemokraten sind wie roboter
explicit_mechanistic	Christdemokraten	Müll	christdemokraten sind wie müll
explicit_mechanistic	Christdemokraten	Abfall	christdemokraten sind wie abfall
explicit_mechanistic	Christdemokraten	Dreck	christdemokraten sind wie dreck
explicit_mechanistic	CSUler	Objekte	csuler sind wie objekte
explicit_mechanistic	CSUler	Gegenstände	csuler sind wie gegenstände
explicit_mechanistic	CSUler	Automaten	csuler sind wie automaten
explicit_mechanistic	CSUler	Maschinen	csuler sind wie maschinen
explicit_mechanistic	CSUler	Maschinerie	csuler sind wie maschinerie
explicit_mechanistic	CSUler	Ausrüstung	csuler sind wie ausrüstung
explicit_mechanistic	CSUler	Apparat	csuler sind wie apparat
explicit_mechanistic	CSUler	Geräte	csuler sind wie geräte
explicit_mechanistic	CSUler	Hardware	csuler sind wie hardware
explicit_mechanistic	CSUler	Motoren	csuler sind wie motoren
explicit_mechanistic	CSUler	Werkzeuge	csuler sind wie werkzeuge
explicit_mechanistic	CSUler	Vorrichtungen	csuler sind wie vorrichtungen
explicit_mechanistic	CSUler	Roboter	csuler sind wie roboter
explicit_mechanistic	CSUler	Müll	csuler sind wie müll
explicit_mechanistic	CSUler	Abfall	csuler sind wie abfall
explicit_mechanistic	CSUler	Dreck	csuler sind wie dreck
explicit_mechanistic	AfDler	Objekte	afdler sind wie objekte
explicit_mechanistic	AfDler	Gegenstände	afdler sind wie gegenstände
explicit_mechanistic	AfDler	Automaten	afdler sind wie automaten
explicit_mechanistic	AfDler	Maschinen	afdler sind wie maschinen
explicit_mechanistic	AfDler	Maschinerie	afdler sind wie maschinerie
explicit_mechanistic	AfDler	Ausrüstung	afdler sind wie ausrüstung
explicit_mechanistic	AfDler	Apparat	afdler sind wie apparat
explicit_mechanistic	AfDler	Geräte	afdler sind wie geräte
explicit_mechanistic	AfDler	Hardware	afdler sind wie hardware
explicit_mechanistic	AfDler	Motoren	afdler sind wie motoren
explicit_mechanistic	AfDler	Werkzeuge	afdler sind wie werkzeuge
explicit_mechanistic	AfDler	Vorrichtungen	afdler sind wie vorrichtungen
explicit_mechanistic	AfDler	Roboter	afdler sind wie roboter
explicit_mechanistic	AfDler	Müll	afdler sind wie müll
explicit_mechanistic	AfDler	Abfall	afdler sind wie abfall
explicit_mechanistic	AfDler	Dreck	afdler sind wie dreck
explicit_mechanistic	Blaue	Objekte	blaue sind wie objekte
explicit_mechanistic	Blaue	Gegenstände	blaue sind wie gegenstände
explicit_mechanistic	Blaue	Automaten	blaue sind wie automaten
explicit_mechanistic	Blaue	Maschinen	blaue sind wie maschinen
explicit_mechanistic	Blaue	Maschinerie	blaue sind wie maschinerie
explicit_mechanistic	Blaue	Ausrüstung	blaue sind wie ausrüstung
explicit_mechanistic	Blaue	Apparat	blaue sind wie apparat
explicit_mechanistic	Blaue	Geräte	blaue sind wie geräte
explicit_mechanistic	Blaue	Hardware	blaue sind wie hardware
explicit_mechanistic	Blaue	Motoren	blaue sind wie motoren
explicit_mechanistic	Blaue	Werkzeuge	blaue sind wie werkzeuge
explicit_mechanistic	Blaue	Vorrichtungen	blaue sind wie vorrichtungen
explicit_mechanistic	Blaue	Roboter	blaue sind wie roboter
explicit_mechanistic	Blaue	Müll	blaue sind wie müll
explicit_mechanistic	Blaue	Abfall	blaue sind wie abfall
explicit_mechanistic	Blaue	Dreck	blaue sind wie dreck
explicit_mechanistic	Rechtskonservative	Objekte	rechtskonservative sind wie objekte
explicit_mechanistic	Rechtskonservative	Gegenstände	rechtskonservative sind wie gegenstände
explicit_mechanistic	Rechtskonservative	Automaten	rechtskonservative sind wie automaten
explicit_mechanistic	Rechtskonservative	Maschinen	rechtskonservative sind wie maschinen
explicit_mechanistic	Rechtskonservative	Maschinerie	rechtskonservative sind wie maschinerie
explicit_mechanistic	Rechtskonservative	Ausrüstung	rechtskonservative sind wie ausrüstung
explicit_mechanistic	Rechtskonservative	Apparat	rechtskonservative sind wie apparat
explicit_mechanistic	Rechtskonservative	Geräte	rechtskonservative sind wie geräte
explicit_mechanistic	Rechtskonservative	Hardware	rechtskonservative sind wie hardware
explicit_mechanistic	Rechtskonservative	Motoren	rechtskonservative sind wie motoren
explicit_mechanistic	Rechtskonservative	Werkzeuge	rechtskonservative sind wie werkzeuge
explicit_mechanistic	Rechtskonservative	Vorrichtungen	rechtskonservative sind wie vorrichtungen
explicit_mechanistic	Rechtskonservative	Roboter	rechtskonservative sind wie roboter
explicit_mechanistic	Rechtskonservative	Müll	rechtskonservative sind wie müll
explicit_mechanistic	Rechtskonservative	Abfall	rechtskonservative sind wie abfall
explicit_mechanistic	Rechtskonservative	Dreck	rechtskonservative sind wie dreck
explicit_mechanistic	Liberale	Objekte	liberale sind wie objekte
explicit_mechanistic	Liberale	Gegenstände	liberale sind wie gegenstände
explicit_mechanistic	Liberale	Automaten	liberale sind wie automaten
explicit_mechanistic	Liberale	Maschinen	liberale sind wie maschinen
explicit_mechanistic	Liberale	Maschinerie	liberale sind wie maschinerie
explicit_mechanistic	Liberale	Ausrüstung	liberale sind wie ausrüstung
explicit_mechanistic	Liberale	Apparat	liberale sind wie apparat
explicit_mechanistic	Liberale	Geräte	liberale sind wie geräte
explicit_mechanistic	Liberale	Hardware	liberale sind wie hardware
explicit_mechanistic	Liberale	Motoren	liberale sind wie motoren
explicit_mechanistic	Liberale	Werkzeuge	liberale sind wie werkzeuge
explicit_mechanistic	Liberale	Vorrichtungen	liberale sind wie vorrichtungen
explicit_mechanistic	Liberale	Roboter	liberale sind wie roboter
explicit_mechanistic	Liberale	Müll	liberale sind wie müll
explicit_mechanistic	Liberale	Abfall	liberale sind wie abfall
explicit_mechanistic	Liberale	Dreck	liberale sind wie dreck
explicit_mechanistic	FDPler	Objekte	fdpler sind wie objekte
explicit_mechanistic	FDPler	Gegenstände	fdpler sind wie gegenstände
explicit_mechanistic	FDPler	Automaten	fdpler sind wie automaten
explicit_mechanistic	FDPler	Maschinen	fdpler sind wie maschinen
explicit_mechanistic	FDPler	Maschinerie	fdpler sind wie maschinerie
explicit_mechanistic	FDPler	Ausrüstung	fdpler sind wie ausrüstung
explicit_mechanistic	FDPler	Apparat	fdpler sind wie apparat
explicit_mechanistic	FDPler	Geräte	fdpler sind wie geräte
explicit_mechanistic	FDPler	Hardware	fdpler sind wie hardware
explicit_mechanistic	FDPler	Motoren	fdpler sind wie motoren
explicit_mechanistic	FDPler	Werkzeuge	fdpler sind wie werkzeuge
explicit_mechanistic	FDPler	Vorrichtungen	fdpler sind wie vorrichtungen
explicit_mechanistic	FDPler	Roboter	fdpler sind wie roboter
explicit_mechanistic	FDPler	Müll	fdpler sind wie müll
explicit_mechanistic	FDPler	Abfall	fdpler sind wie abfall
explicit_mechanistic	FDPler	Dreck	fdpler sind wie dreck
explicit_mechanistic	Gelbe	Objekte	gelbe sind wie objekte
explicit_mechanistic	Gelbe	Gegenstände	gelbe sind wie gegenstände
explicit_mechanistic	Gelbe	Automaten	gelbe sind wie automaten
explicit_mechanistic	Gelbe	Maschinen	gelbe sind wie maschinen
explicit_mechanistic	Gelbe	Maschinerie	gelbe sind wie maschinerie
explicit_mechanistic	Gelbe	Ausrüstung	gelbe sind wie ausrüstung
explicit_mechanistic	Gelbe	Apparat	gelbe sind wie apparat
explicit_mechanistic	Gelbe	Geräte	gelbe sind wie geräte
explicit_mechanistic	Gelbe	Hardware	gelbe sind wie hardware
explicit_mechanistic	Gelbe	Motoren	gelbe sind wie motoren
explicit_mechanistic	Gelbe	Werkzeuge	gelbe sind wie werkzeuge
explicit_mechanistic	Gelbe	Vorrichtungen	gelbe sind wie vorrichtungen
explicit_mechanistic	Gelbe	Roboter	gelbe sind wie roboter
explicit_mechanistic	Gelbe	Müll	gelbe sind wie müll
explicit_mechanistic	Gelbe	Abfall	gelbe sind wie abfall
explicit_mechanistic	Gelbe	Dreck	gelbe sind wie dreck
explicit_mechanistic	Linke	Objekte	linke sind wie objekte
explicit_mechanistic	Linke	Gegenstände	linke sind wie gegenstände
explicit_mechanistic	Linke	Automaten	linke sind wie automaten
explicit_mechanistic	Linke	Maschinen	linke sind wie maschinen
explicit_mechanistic	Linke	Maschinerie	linke sind wie maschinerie
explicit_mechanistic	Linke	Ausrüstung	linke sind wie ausrüstung
explicit_mechanistic	Linke	Apparat	linke sind wie apparat
explicit_mechanistic	Linke	Geräte	linke sind wie geräte
explicit_mechanistic	Linke	Hardware	linke sind wie hardware
explicit_mechanistic	Linke	Motoren	linke sind wie motoren
explicit_mechanistic	Linke	Werkzeuge	linke sind wie werkzeuge
explicit_mechanistic	Linke	Vorrichtungen	linke sind wie vorrichtungen
explicit_mechanistic	Linke	Roboter	linke sind wie roboter
explicit_mechanistic	Linke	Müll	linke sind wie müll
explicit_mechanistic	Linke	Abfall	linke sind wie abfall
explicit_mechanistic	Linke	Dreck	linke sind wie dreck
implicit_mechanistic	Flüchtlinge	haben keine Emotionen	flüchtlinge haben keine emotionen
implicit_mechanistic	Flüchtlinge	fehlt es an Emotionen	flüchtlinge fehlt es an emotionen
implicit_mechanistic	Flüchtlinge	sind kalt	flüchtlinge sind kalt
implicit_mechanistic	Flüchtlinge	sind emotionslos	flüchtlinge sind emotionslos
implicit_mechanistic	Flüchtlinge	sind distanziert	flüchtlinge sind distanziert
implicit_mechanistic	Flüchtlinge	sind apathisch	flüchtlinge sind apathisch
implicit_mechanistic	Flüchtlinge	sind abweisend	flüchtlinge sind abweisend
implicit_mechanistic	Flüchtlinge	sind in ihrem Leben inaktiv	flüchtlinge sind in ihrem leben inaktiv
implicit_mechanistic	Flüchtlinge	sind inaktiv	flüchtlinge sind inaktiv
implicit_mechanistic	Flüchtlinge	sind allgemein nicht ansprechbar	flüchtlinge sind allgemein nicht ansprechbar
implicit_mechanistic	Flüchtlinge	sind festgefahren in ihrer Denkweise	flüchtlinge sind festgefahren in ihrer denkweise
implicit_mechanistic	Flüchtlinge	ändern ihre Meinung nicht	flüchtlinge ändern ihre meinung nicht
implicit_mechanistic	Flüchtlinge	sind passiv	flüchtlinge sind passiv
implicit_mechanistic	Flüchtlinge	sind austauschbar	flüchtlinge sind austauschbar
implicit_mechanistic	Flüchtlinge	sind fungibel	flüchtlinge sind fungibel
implicit_mechanistic	Flüchtlinge	sind oberflächlich	flüchtlinge sind oberflächlich
implicit_mechanistic	Flüchtlinge	ihnen fehlt es an Tiefe	flüchtlinge ihnen fehlt es an tiefe
implicit_mechanistic	Flüchtlinge	sind simpel	flüchtlinge sind simpel
implicit_mechanistic	Flüchtlinge	sind träge	flüchtlinge sind träge
implicit_mechanistic	Flüchtlinge	sind gefühllos	flüchtlinge sind gefühllos
implicit_mechanistic	Flüchtlinge	sind unflexibel	flüchtlinge sind unflexibel
implicit_mechanistic	Flüchtlinge	sind eindimensional	flüchtlinge sind eindimensional
implicit_mechanistic	Flüchtlinge	sind lethargisch	flüchtlinge sind lethargisch
implicit_mechanistic	Flüchtlinge	sind engstirnig	flüchtlinge sind engstirnig
implicit_mechanistic	Flüchtlinge	sind robotisch	flüchtlinge sind robotisch
implicit_mechanistic	Immigranten	haben keine Emotionen	immigranten haben keine emotionen
implicit_mechanistic	Immigranten	fehlt es an Emotionen	immigranten fehlt es an emotionen
implicit_mechanistic	Immigranten	sind kalt	immigranten sind kalt
implicit_mechanistic	Immigranten	sind emotionslos	immigranten sind emotionslos
implicit_mechanistic	Immigranten	sind distanziert	immigranten sind distanziert
implicit_mechanistic	Immigranten	sind apathisch	immigranten sind apathisch
implicit_mechanistic	Immigranten	sind abweisend	immigranten sind abweisend
implicit_mechanistic	Immigranten	sind in ihrem Leben inaktiv	immigranten sind in ihrem leben inaktiv
implicit_mechanistic	Immigranten	sind inaktiv	immigranten sind inaktiv
implicit_mechanistic	Immigranten	sind allgemein nicht ansprechbar	immigranten sind allgemein nicht ansprechbar
implicit_mechanistic	Immigranten	sind festgefahren in ihrer Denkweise	immigranten sind festgefahren in ihrer denkweise
implicit_mechanistic	Immigranten	ändern ihre Meinung nicht	immigranten ändern ihre meinung nicht
implicit_mechanistic	Immigranten	sind passiv	immigranten sind passiv
implicit_mechanistic	Immigranten	sind austauschbar	immigranten sind austauschbar
implicit_mechanistic	Immigranten	sind fungibel	immigranten sind fungibel
implicit_mechanistic	Immigranten	sind oberflächlich	immigranten sind oberflächlich
implicit_mechanistic	Immigranten	ihnen fehlt es an Tiefe	immigranten ihnen fehlt es an tiefe
implicit_mechanistic	Immigranten	sind simpel	immigranten sind simpel
implicit_mechanistic	Immigranten	sind träge	immigranten sind träge
implicit_mechanistic	Immigranten	sind gefühllos	immigranten sind gefühllos
implicit_mechanistic	Immigranten	sind unflexibel	immigranten sind unflexibel
implicit_mechanistic	Immigranten	sind eindimensional	immigranten sind eindimensional
implicit_mechanistic	Immigranten	sind lethargisch	immigranten sind lethargisch
implicit_mechanistic	Immigranten	sind engstirnig	immigranten sind engstirnig
implicit_mechanistic	Immigranten	sind robotisch	immigranten sind robotisch
implicit_mechanistic	Ausländer	haben keine Emotionen	ausländer haben keine emotionen
implicit_mechanistic	Ausländer	fehlt es an Emotionen	ausländer fehlt es an emotionen
implicit_mechanistic	Ausländer	sind kalt	ausländer sind kalt
implicit_mechanistic	Ausländer	sind emotionslos	ausländer sind emotionslos
implicit_mechanistic	Ausländer	sind distanziert	ausländer sind distanziert
implicit_mechanistic	Ausländer	sind apathisch	ausländer sind apathisch
implicit_mechanistic	Ausländer	sind abweisend	ausländer sind abweisend
implicit_mechanistic	Ausländer	sind in ihrem Leben inaktiv	ausländer sind in ihrem leben inaktiv
implicit_mechanistic	Ausländer	sind inaktiv	ausländer sind inaktiv
implicit_mechanistic	Ausländer	sind allgemein nicht ansprechbar	ausländer sind allgemein nicht ansprechbar
implicit_mechanistic	Ausländer	sind festgefahren in ihrer Denkweise	ausländer sind festgefahren in ihrer denkweise
implicit_mechanistic	Ausländer	ändern ihre Meinung nicht	ausländer ändern ihre meinung nicht
implicit_mechanistic	Ausländer	sind passiv	ausländer sind passiv
implicit_mechanistic	Ausländer	sind austauschbar	ausländer sind austauschbar
implicit_mechanistic	Ausländer	sind fungibel	ausländer sind fungibel
implicit_mechanistic	Ausländer	sind oberflächlich	ausländer sind oberflächlich
implicit_mechanistic	Ausländer	ihnen fehlt es an Tiefe	ausländer ihnen fehlt es an tiefe
implicit_mechanistic	Ausländer	sind simpel	ausländer sind simpel
implicit_mechanistic	Ausländer	sind träge	ausländer sind träge
implicit_mechanistic	Ausländer	sind gefühllos	ausländer sind gefühllos
implicit_mechanistic	Ausländer	sind unflexibel	ausländer sind unflexibel
implicit_mechanistic	Ausländer	sind eindimensional	ausländer sind eindimensional
implicit_mechanistic	Ausländer	sind lethargisch	ausländer sind lethargisch
implicit_mechanistic	Ausländer	sind engstirnig	ausländer sind engstirnig
implicit_mechanistic	Ausländer	sind robotisch	ausländer sind robotisch
implicit_mechanistic	Vertriebene	haben keine Emotionen	vertriebene haben keine emotionen
implicit_mechanistic	Vertriebene	fehlt es an Emotionen	vertriebene fehlt es an emotionen
implicit_mechanistic	Vertriebene	sind kalt	vertriebene sind kalt
implicit_mechanistic	Vertriebene	sind emotionslos	vertriebene sind emotionslos
implicit_mechanistic	Vertriebene	sind distanziert	vertriebene sind distanziert
implicit_mechanistic	Vertriebene	sind apathisch	vertriebene sind apathisch
implicit_mechanistic	Vertriebene	sind abweisend	vertriebene sind abweisend
implicit_mechanistic	Vertriebene	sind in ihrem Leben inaktiv	vertriebene sind in ihrem leben inaktiv
implicit_mechanistic	Vertriebene	sind inaktiv	vertriebene sind inaktiv
implicit_mechanistic	Vertriebene	sind allgemein nicht ansprechbar	vertriebene sind allgemein nicht ansprechbar
implicit_mechanistic	Vertriebene	sind festgefahren in ihrer Denkweise	vertriebene sind festgefahren in ihrer denkweise
implicit_mechanistic	Vertriebene	ändern ihre Meinung nicht	vertriebene ändern ihre meinung nicht
implicit_mechanistic	Vertriebene	sind passiv	vertriebene sind passiv
implicit_mechanistic	Vertriebene	sind austauschbar	vertriebene sind austauschbar
implicit_mechanistic	Vertriebene	sind fungibel	vertriebene sind fungibel
implicit_mechanistic	Vertriebene	sind oberflächlich	vertriebene sind oberflächlich
implicit_mechanistic	Vertriebene	ihnen fehlt es an Tiefe	vertriebene ihnen fehlt es an tiefe
implicit_mechanistic	Vertriebene	sind simpel	vertriebene sind simpel
implicit_mechanistic	Vertriebene	sind träge	vertriebene sind träge
implicit_mechanistic	Vertriebene	sind gefühllos	vertriebene sind gefühllos
implicit_mechanistic	Vertriebene	sind unflexibel	vertriebene sind unflexibel
implicit_mechanistic	Vertriebene	sind eindimensional	vertriebene sind eindimensional
implicit_mechanistic	Vertriebene	sind lethargisch	vertriebene sind lethargisch
implicit_mechanistic	Vertriebene	sind engstirnig	vertriebene sind engstirnig
implicit_mechanistic	Vertriebene	sind robotisch	vertriebene sind robotisch
implicit_mechanistic	Unerwünschte	haben keine Emotionen	unerwünschte haben keine emotionen
implicit_mechanistic	Unerwünschte	fehlt es an Emotionen	unerwünschte fehlt es an emotionen
implicit_mechanistic	Unerwünschte	sind kalt	unerwünschte sind kalt
implicit_mechanistic	Unerwünschte	sind emotionslos	unerwünschte sind emotionslos
implicit_mechanistic	Unerwünschte	sind distanziert	unerwünschte sind distanziert
implicit_mechanistic	Unerwünschte	sind apathisch	unerwünschte sind apathisch
implicit_mechanistic	Unerwünschte	sind abweisend	unerwünschte sind abweisend
implicit_mechanistic	Unerwünschte	sind in ihrem Leben inaktiv	unerwünschte sind in ihrem leben inaktiv
implicit_mechanistic	Unerwünschte	sind inaktiv	unerwünschte sind inaktiv
implicit_mechanistic	Unerwünschte	sind allgemein nicht ansprechbar	unerwünschte sind allgemein nicht ansprechbar
implicit_mechanistic	Unerwünschte	sind festgefahren in ihrer Denkweise	unerwünschte sind festgefahren in ihrer denkweise
implicit_mechanistic	Unerwünschte	ändern ihre Meinung nicht	unerwünschte ändern ihre meinung nicht
implicit_mechanistic	Unerwünschte	sind passiv	unerwünschte sind passiv
implicit_mechanistic	Unerwünschte	sind austauschbar	unerwünschte sind austauschbar
implicit_mechanistic	Unerwünschte	sind fungibel	unerwünschte sind fungibel
implicit_mechanistic	Unerwünschte	sind oberflächlich	unerwünschte sind oberflächlich
implicit_mechanistic	Unerwünschte	ihnen fehlt es an Tiefe	unerwünschte ihnen fehlt es an tiefe
implicit_mechanistic	Unerwünschte	sind simpel	unerwünschte sind simpel
implicit_mechanistic	Unerwünschte	sind träge	unerwünschte sind träge
implicit_mechanistic	Unerwünschte	sind gefühllos	unerwünschte sind gefühllos
implicit_mechanistic	Unerwünschte	sind unflexibel	unerwünschte sind unflexibel
implicit_mechanistic	Unerwünschte	sind eindimensional	unerwünschte sind eindimensional
implicit_mechanistic	Unerwünschte	sind lethargisch	unerwünschte sind lethargisch
implicit_mechanistic	Unerwünschte	sind engstirnig	unerwünschte sind engstirnig
implicit_mechanistic	Unerwünschte	sind robotisch	unerwünschte sind robotisch
implicit_mechanistic	Migranten	haben keine Emotionen	migranten haben keine emotionen
implicit_mechanistic	Migranten	fehlt es an Emotionen	migranten fehlt es an emotionen
implicit_mechanistic	Migranten	sind kalt	migranten sind kalt
implicit_mechanistic	Migranten	sind emotionslos	migranten sind emotionslos
implicit_mechanistic	Migranten	sind distanziert	migranten sind distanziert
implicit_mechanistic	Migranten	sind apathisch	migranten sind apathisch
implicit_mechanistic	Migranten	sind abweisend	migranten sind abweisend
implicit_mechanistic	Migranten	sind in ihrem Leben inaktiv	migranten sind in ihrem leben inaktiv
implicit_mechanistic	Migranten	sind inaktiv	migranten sind inaktiv
implicit_mechanistic	Migranten	sind allgemein nicht ansprechbar	migranten sind allgemein nicht ansprechbar
implicit_mechanistic	Migranten	sind festgefahren in ihrer Denkweise	migranten sind festgefahren in ihrer denkweise
implicit_mechanistic	Migranten	ändern ihre Meinung nicht	migranten ändern ihre meinung nicht
implicit_mechanistic	Migranten	sind passiv	migranten sind passiv
implicit_mechanistic	Migranten	sind austauschbar	migranten sind austauschbar
implicit_mechanistic	Migranten	sind fungibel	migranten sind fungibel
implicit_mechanistic	Migranten	sind oberflächlich	migranten sind oberflächlich
implicit_mechanistic	Migranten	ihnen fehlt es an Tiefe	migranten ihnen fehlt es an tiefe
implicit_mechanistic	Migranten	sind simpel	migranten sind simpel
implicit_mechanistic	Migranten	sind träge	migranten sind träge
implicit_mechanistic	Migranten	sind gefühllos	migranten sind gefühllos
implicit_mechanistic	Migranten	sind unflexibel	migranten sind unflexibel
implicit_mechanistic	Migranten	sind eindimensional	migranten sind eindimensional
implicit_mechanistic	Migranten	sind lethargisch	migranten sind lethargisch
implicit_mechanistic	Migranten	sind engstirnig	migranten sind engstirnig
implicit_mechanistic	Migranten	sind robotisch	migranten sind robotisch
implicit_mechanistic	Juden	haben keine Emotionen	juden haben keine emotionen
implicit_mechanistic	Juden	fehlt es an Emotionen	juden fehlt es an emotionen
implicit_mechanistic	Juden	sind kalt	juden sind kalt
implicit_mechanistic	Juden	sind emotionslos	juden sind emotionslos
implicit_mechanistic	Juden	sind distanziert	juden sind distanziert
implicit_mechanistic	Juden	sind apathisch	juden sind apathisch
implicit_mechanistic	Juden	sind abweisend	juden sind abweisend
implicit_mechanistic	Juden	sind in ihrem Leben inaktiv	juden sind in ihrem leben inaktiv
implicit_mechanistic	Juden	sind inaktiv	juden sind inaktiv
implicit_mechanistic	Juden	sind allgemein nicht ansprechbar	juden sind allgemein nicht ansprechbar
implicit_mechanistic	Juden	sind festgefahren in ihrer Denkweise	juden sind festgefahren in ihrer denkweise
implicit_mechanistic	Juden	ändern ihre Meinung nicht	juden ändern ihre meinung nicht
implicit_mechanistic	Juden	sind passiv	juden sind passiv
implicit_mechanistic	Juden	sind austauschbar	juden sind austauschbar
implicit_mechanistic	Juden	sind fungibel	juden sind fungibel
implicit_mechanistic	Juden	sind oberflächlich	juden sind oberflächlich
implicit_mechanistic	Juden	ihnen fehlt es an Tiefe	juden ihnen fehlt es an tiefe
implicit_mechanistic	Juden	sind simpel	juden sind simpel
implicit_mechanistic	Juden	sind träge	juden sind träge
implicit_mechanistic	Juden	sind gefühllos	juden sind gefühllos
implicit_mechanistic	Juden	sind unflexibel	juden sind unflexibel
implicit_mechanistic	Juden	sind eindimensional	juden sind eindimensional
implicit_mechanistic	Juden	sind lethargisch	juden sind lethargisch
implicit_mechanistic	Juden	sind engstirnig	juden sind engstirnig
implicit_mechanistic	Juden	sind robotisch	juden sind robotisch
implicit_mechanistic	Jews	haben keine Emotionen	jews haben keine emotionen
implicit_mechanistic	Jews	fehlt es an Emotionen	jews fehlt es an emotionen
implicit_mechanistic	Jews	sind kalt	jews sind kalt
implicit_mechanistic	Jews	sind emotionslos	jews sind emotionslos
implicit_mechanistic	Jews	sind distanziert	jews sind distanziert
implicit_mechanistic	Jews	sind apathisch	jews sind apathisch
implicit_mechanistic	Jews	sind abweisend	jews sind abweisend
implicit_mechanistic	Jews	sind in ihrem Leben inaktiv	jews sind in ihrem leben inaktiv
implicit_mechanistic	Jews	sind inaktiv	jews sind inaktiv
implicit_mechanistic	Jews	sind allgemein nicht ansprechbar	jews sind allgemein nicht ansprechbar
implicit_mechanistic	Jews	sind festgefahren in ihrer Denkweise	jews sind festgefahren in ihrer denkweise
implicit_mechanistic	Jews	ändern ihre Meinung nicht	jews ändern ihre meinung nicht
implicit_mechanistic	Jews	sind passiv	jews sind passiv
implicit_mechanistic	Jews	sind austauschbar	jews sind austauschbar
implicit_mechanistic	Jews	sind fungibel	jews sind fungibel
implicit_mechanistic	Jews	sind oberflächlich	jews sind oberflächlich
implicit_mechanistic	Jews	ihnen fehlt es an Tiefe	jews ihnen fehlt es an tiefe
implicit_mechanistic	Jews	sind simpel	jews sind simpel
implicit_mechanistic	Jews	sind träge	jews sind träge
implicit_mechanistic	Jews	sind gefühllos	jews sind gefühllos
implicit_mechanistic	Jews	sind unflexibel	jews sind unflexibel
implicit_mechanistic	Jews	sind eindimensional	jews sind eindimensional
implicit_mechanistic	Jews	sind lethargisch	jews sind lethargisch
implicit_mechanistic	Jews	sind engstirnig	jews sind engstirnig
implicit_mechanistic	Jews	sind robotisch	jews sind robotisch
implicit_mechanistic	Schwarze	haben keine Emotionen	schwarze haben keine emotionen
implicit_mechanistic	Schwarze	fehlt es an Emotionen	schwarze fehlt es an emotionen
implicit_mechanistic	Schwarze	sind kalt	schwarze sind kalt
implicit_mechanistic	Schwarze	sind emotionslos	schwarze sind emotionslos
implicit_mechanistic	Schwarze	sind distanziert	schwarze sind distanziert
implicit_mechanistic	Schwarze	sind apathisch	schwarze sind apathisch
implicit_mechanistic	Schwarze	sind abweisend	schwarze sind abweisend
implicit_mechanistic	Schwarze	sind in ihrem Leben inaktiv	schwarze sind in ihrem leben inaktiv
implicit_mechanistic	Schwarze	sind inaktiv	schwarze sind inaktiv
implicit_mechanistic	Schwarze	sind allgemein nicht ansprechbar	schwarze sind allgemein nicht ansprechbar
implicit_mechanistic	Schwarze	sind festgefahren in ihrer Denkweise	schwarze sind festgefahren in ihrer denkweise
implicit_mechanistic	Schwarze	ändern ihre Meinung nicht	schwarze ändern ihre meinung nicht
implicit_mechanistic	Schwarze	sind passiv	schwarze sind passiv
implicit_mechanistic	Schwarze	sind austauschbar	schwarze sind austauschbar
implicit_mechanistic	Schwarze	sind fungibel	schwarze sind fungibel
implicit_mechanistic	Schwarze	sind oberflächlich	schwarze sind oberflächlich
implicit_mechanistic	Schwarze	ihnen fehlt es an Tiefe	schwarze ihnen fehlt es an tiefe
implicit_mechanistic	Schwarze	sind simpel	schwarze sind simpel
implicit_mechanistic	Schwarze	sind träge	schwarze sind träge
implicit_mechanistic	Schwarze	sind gefühllos	schwarze sind gefühllos
implicit_mechanistic	Schwarze	sind unflexibel	schwarze sind unflexibel
implicit_mechanistic	Schwarze	sind eindimensional	schwarze sind eindimensional
implicit_mechanistic	Schwarze	sind lethargisch	schwarze sind lethargisch
implicit_mechanistic	Schwarze	sind engstirnig	schwarze sind engstirnig
implicit_mechanistic	Schwarze	sind robotisch	schwarze sind robotisch
implicit_mechanistic	Neger	haben keine Emotionen	neger haben keine emotionen
implicit_mechanistic	Neger	fehlt es an Emotionen	neger fehlt es an emotionen
implicit_mechanistic	Neger	sind kalt	neger sind kalt
implicit_mechanistic	Neger	sind emotionslos	neger sind emotionslos
implicit_mechanistic	Neger	sind distanziert	neger sind distanziert
implicit_mechanistic	Neger	sind apathisch	neger sind apathisch
implicit_mechanistic	Neger	sind abweisend	neger sind abweisend
implicit_mechanistic	Neger	sind in ihrem Leben inaktiv	neger sind in ihrem leben inaktiv
implicit_mechanistic	Neger	sind inaktiv	neger sind inaktiv
implicit_mechanistic	Neger	sind allgemein nicht ansprechbar	neger sind allgemein nicht ansprechbar
implicit_mechanistic	Neger	sind festgefahren in ihrer Denkweise	neger sind festgefahren in ihrer denkweise
implicit_mechanistic	Neger	ändern ihre Meinung nicht	neger ändern ihre meinung nicht
implicit_mechanistic	Neger	sind passiv	neger sind passiv
implicit_mechanistic	Neger	sind austauschbar	neger sind austauschbar
implicit_mechanistic	Neger	sind fungibel	neger sind fungibel
implicit_mechanistic	Neger	sind oberflächlich	neger sind oberflächlich
implicit_mechanistic	Neger	ihnen fehlt es an Tiefe	neger ihnen fehlt es an tiefe
implicit_mechanistic	Neger	sind simpel	neger sind simpel
implicit_mechanistic	Neger	sind träge	neger sind träge
implicit_mechanistic	Neger	sind gefühllos	neger sind gefühllos
implicit_mechanistic	Neger	sind unflexibel	neger sind unflexibel
implicit_mechanistic	Neger	sind eindimensional	neger sind eindimensional
implicit_mechanistic	Neger	sind lethargisch	neger sind lethargisch
implicit_mechanistic	Neger	sind engstirnig	neger sind engstirnig
implicit_mechanistic	Neger	sind robotisch	neger sind robotisch
implicit_mechanistic	Niggers	haben keine Emotionen	niggers haben keine emotionen
implicit_mechanistic	Niggers	fehlt es an Emotionen	niggers fehlt es an emotionen
implicit_mechanistic	Niggers	sind kalt	niggers sind kalt
implicit_mechanistic	Niggers	sind emotionslos	niggers sind emotionslos
implicit_mechanistic	Niggers	sind distanziert	niggers sind distanziert
implicit_mechanistic	Niggers	sind apathisch	niggers sind apathisch
implicit_mechanistic	Niggers	sind abweisend	niggers sind abweisend
implicit_mechanistic	Niggers	sind in ihrem Leben inaktiv	niggers sind in ihrem leben inaktiv
implicit_mechanistic	Niggers	sind inaktiv	niggers sind inaktiv
implicit_mechanistic	Niggers	sind allgemein nicht ansprechbar	niggers sind allgemein nicht ansprechbar
implicit_mechanistic	Niggers	sind festgefahren in ihrer Denkweise	niggers sind festgefahren in ihrer denkweise
implicit_mechanistic	Niggers	ändern ihre Meinung nicht	niggers ändern ihre meinung nicht
implicit_mechanistic	Niggers	sind passiv	niggers sind passiv
implicit_mechanistic	Niggers	sind austauschbar	niggers sind austauschbar
implicit_mechanistic	Niggers	sind fungibel	niggers sind fungibel
implicit_mechanistic	Niggers	sind oberflächlich	niggers sind oberflächlich
implicit_mechanistic	Niggers	ihnen fehlt es an Tiefe	niggers ihnen fehlt es an tiefe
implicit_mechanistic	Niggers	sind simpel	niggers sind simpel
implicit_mechanistic	Niggers	sind träge	niggers sind träge
implicit_mechanistic	Niggers	sind gefühllos	niggers sind gefühllos
implicit_mechanistic	Niggers	sind unflexibel	niggers sind unflexibel
implicit_mechanistic	Niggers	sind eindimensional	niggers sind eindimensional
implicit_mechanistic	Niggers	sind lethargisch	niggers sind lethargisch
implicit_mechanistic	Niggers	sind engstirnig	niggers sind engstirnig
implicit_mechanistic	Niggers	sind robotisch	niggers sind robotisch
implicit_mechanistic	Afroamerikaner	haben keine Emotionen	afroamerikaner haben keine emotionen
implicit_mechanistic	Afroamerikaner	fehlt es an Emotionen	afroamerikaner fehlt es an emotionen
implicit_mechanistic	Afroamerikaner	sind kalt	afroamerikaner sind kalt
implicit_mechanistic	Afroamerikaner	sind emotionslos	afroamerikaner sind emotionslos
implicit_mechanistic	Afroamerikaner	sind distanziert	afroamerikaner sind distanziert
implicit_mechanistic	Afroamerikaner	sind apathisch	afroamerikaner sind apathisch
implicit_mechanistic	Afroamerikaner	sind abweisend	afroamerikaner sind abweisend
implicit_mechanistic	Afroamerikaner	sind in ihrem Leben inaktiv	afroamerikaner sind in ihrem leben inaktiv
implicit_mechanistic	Afroamerikaner	sind inaktiv	afroamerikaner sind inaktiv
implicit_mechanistic	Afroamerikaner	sind allgemein nicht ansprechbar	afroamerikaner sind allgemein nicht ansprechbar
implicit_mechanistic	Afroamerikaner	sind festgefahren in ihrer Denkweise	afroamerikaner sind festgefahren in ihrer denkweise
implicit_mechanistic	Afroamerikaner	ändern ihre Meinung nicht	afroamerikaner ändern ihre meinung nicht
implicit_mechanistic	Afroamerikaner	sind passiv	afroamerikaner sind passiv
implicit_mechanistic	Afroamerikaner	sind austauschbar	afroamerikaner sind austauschbar
implicit_mechanistic	Afroamerikaner	sind fungibel	afroamerikaner sind fungibel
implicit_mechanistic	Afroamerikaner	sind oberflächlich	afroamerikaner sind oberflächlich
implicit_mechanistic	Afroamerikaner	ihnen fehlt es an Tiefe	afroamerikaner ihnen fehlt es an tiefe
implicit_mechanistic	Afroamerikaner	sind simpel	afroamerikaner sind simpel
implicit_mechanistic	Afroamerikaner	sind träge	afroamerikaner sind träge
implicit_mechanistic	Afroamerikaner	sind gefühllos	afroamerikaner sind gefühllos
implicit_mechanistic	Afroamerikaner	sind unflexibel	afroamerikaner sind unflexibel
implicit_mechanistic	Afroamerikaner	sind eindimensional	afroamerikaner sind eindimensional
implicit_mechanistic	Afroamerikaner	sind lethargisch	afroamerikaner sind lethargisch
implicit_mechanistic	Afroamerikaner	sind engstirnig	afroamerikaner sind engstirnig
implicit_mechanistic	Afroamerikaner	sind robotisch	afroamerikaner sind robotisch
implicit_mechanistic	Ureinwohner Amerikas	haben keine Emotionen	ureinwohner amerikas haben keine emotionen
implicit_mechanistic	Ureinwohner Amerikas	fehlt es an Emotionen	ureinwohner amerikas fehlt es an emotionen
implicit_mechanistic	Ureinwohner Amerikas	sind kalt	ureinwohner amerikas sind kalt
implicit_mechanistic	Ureinwohner Amerikas	sind emotionslos	ureinwohner amerikas sind emotionslos
implicit_mechanistic	Ureinwohner Amerikas	sind distanziert	ureinwohner amerikas sind distanziert
implicit_mechanistic	Ureinwohner Amerikas	sind apathisch	ureinwohner amerikas sind apathisch
implicit_mechanistic	Ureinwohner Amerikas	sind abweisend	ureinwohner amerikas sind abweisend
implicit_mechanistic	Ureinwohner Amerikas	sind in ihrem Leben inaktiv	ureinwohner amerikas sind in ihrem leben inaktiv
implicit_mechanistic	Ureinwohner Amerikas	sind inaktiv	ureinwohner amerikas sind inaktiv
implicit_mechanistic	Ureinwohner Amerikas	sind allgemein nicht ansprechbar	ureinwohner amerikas sind allgemein nicht ansprechbar
implicit_mechanistic	Ureinwohner Amerikas	sind festgefahren in ihrer Denkweise	ureinwohner amerikas sind festgefahren in ihrer denkweise
implicit_mechanistic	Ureinwohner Amerikas	ändern ihre Meinung nicht	ureinwohner amerikas ändern ihre meinung nicht
implicit_mechanistic	Ureinwohner Amerikas	sind passiv	ureinwohner amerikas sind passiv
implicit_mechanistic	Ureinwohner Amerikas	sind austauschbar	ureinwohner amerikas sind austauschbar
implicit_mechanistic	Ureinwohner Amerikas	sind fungibel	ureinwohner amerikas sind fungibel
implicit_mechanistic	Ureinwohner Amerikas	sind oberflächlich	ureinwohner amerikas sind oberflächlich
implicit_mechanistic	Ureinwohner Amerikas	ihnen fehlt es an Tiefe	ureinwohner amerikas ihnen fehlt es an tiefe
implicit_mechanistic	Ureinwohner Amerikas	sind simpel	ureinwohner amerikas sind simpel
implicit_mechanistic	Ureinwohner Amerikas	sind träge	ureinwohner amerikas sind träge
implicit_mechanistic	Ureinwohner Amerikas	sind gefühllos	ureinwohner amerikas sind gefühllos
implicit_mechanistic	Ureinwohner Amerikas	sind unflexibel	ureinwohner amerikas sind unflexibel
implicit_mechanistic	Ureinwohner Amerikas	sind eindimensional	ureinwohner amerikas sind eindimensional
implicit_mechanistic	Ureinwohner Amerikas	sind lethargisch	ureinwohner amerikas sind lethargisch
implicit_mechanistic	Ureinwohner Amerikas	sind engstirnig	ureinwohner amerikas sind engstirnig
implicit_mechanistic	Ureinwohner Amerikas	sind robotisch	ureinwohner amerikas sind robotisch
implicit_mechanistic	Frauen	haben keine Emotionen	frauen haben keine emotionen
implicit_mechanistic	Frauen	fehlt es an Emotionen	frauen fehlt es an emotionen
implicit_mechanistic	Frauen	sind kalt	frauen sind kalt
implicit_mechanistic	Frauen	sind emotionslos	frauen sind emotionslos
implicit_mechanistic	Frauen	sind distanziert	frauen sind distanziert
implicit_mechanistic	Frauen	sind apathisch	frauen sind apathisch
implicit_mechanistic	Frauen	sind abweisend	frauen sind abweisend
implicit_mechanistic	Frauen	sind in ihrem Leben inaktiv	frauen sind in ihrem leben inaktiv
implicit_mechanistic	Frauen	sind inaktiv	frauen sind inaktiv
implicit_mechanistic	Frauen	sind allgemein nicht ansprechbar	frauen sind allgemein nicht ansprechbar
implicit_mechanistic	Frauen	sind festgefahren in ihrer Denkweise	frauen sind festgefahren in ihrer denkweise
implicit_mechanistic	Frauen	ändern ihre Meinung nicht	frauen ändern ihre meinung nicht
implicit_mechanistic	Frauen	sind passiv	frauen sind passiv
implicit_mechanistic	Frauen	sind austauschbar	frauen sind austauschbar
implicit_mechanistic	Frauen	sind fungibel	frauen sind fungibel
implicit_mechanistic	Frauen	sind oberflächlich	frauen sind oberflächlich
implicit_mechanistic	Frauen	ihnen fehlt es an Tiefe	frauen ihnen fehlt es an tiefe
implicit_mechanistic	Frauen	sind simpel	frauen sind simpel
implicit_mechanistic	Frauen	sind träge	frauen sind träge
implicit_mechanistic	Frauen	sind gefühllos	frauen sind gefühllos
implicit_mechanistic	Frauen	sind unflexibel	frauen sind unflexibel
implicit_mechanistic	Frauen	sind eindimensional	frauen sind eindimensional
implicit_mechanistic	Frauen	sind lethargisch	frauen sind lethargisch
implicit_mechanistic	Frauen	sind engstirnig	frauen sind engstirnig
implicit_mechanistic	Frauen	sind robotisch	frauen sind robotisch
implicit_mechanistic	Mädchen	haben keine Emotionen	mädchen haben keine emotionen
implicit_mechanistic	Mädchen	fehlt es an Emotionen	mädchen fehlt es an emotionen
implicit_mechanistic	Mädchen	sind kalt	mädchen sind kalt
implicit_mechanistic	Mädchen	sind emotionslos	mädchen sind emotionslos
implicit_mechanistic	Mädchen	sind distanziert	mädchen sind distanziert
implicit_mechanistic	Mädchen	sind apathisch	mädchen sind apathisch
implicit_mechanistic	Mädchen	sind abweisend	mädchen sind abweisend
implicit_mechanistic	Mädchen	sind in ihrem Leben inaktiv	mädchen sind in ihrem leben inaktiv
implicit_mechanistic	Mädchen	sind inaktiv	mädchen sind inaktiv
implicit_mechanistic	Mädchen	sind allgemein nicht ansprechbar	mädchen sind allgemein nicht ansprechbar
implicit_mechanistic	Mädchen	sind festgefahren in ihrer Denkweise	mädchen sind festgefahren in ihrer denkweise
implicit_mechanistic	Mädchen	ändern ihre Meinung nicht	mädchen ändern ihre meinung nicht
implicit_mechanistic	Mädchen	sind passiv	mädchen sind passiv
implicit_mechanistic	Mädchen	sind austauschbar	mädchen sind austauschbar
implicit_mechanistic	Mädchen	sind fungibel	mädchen sind fungibel
implicit_mechanistic	Mädchen	sind oberflächlich	mädchen sind oberflächlich
implicit_mechanistic	Mädchen	ihnen fehlt es an Tiefe	mädchen ihnen fehlt es an tiefe
implicit_mechanistic	Mädchen	sind simpel	mädchen sind simpel
implicit_mechanistic	Mädchen	sind träge	mädchen sind träge
implicit_mechanistic	Mädchen	sind gefühllos	mädchen sind gefühllos
implicit_mechanistic	Mädchen	sind unflexibel	mädchen sind unflexibel
implicit_mechanistic	Mädchen	sind eindimensional	mädchen sind eindimensional
implicit_mechanistic	Mädchen	sind lethargisch	mädchen sind lethargisch
implicit_mechanistic	Mädchen	sind engstirnig	mädchen sind engstirnig
implicit_mechanistic	Mädchen	sind robotisch	mädchen sind robotisch
implicit_mechanistic	Schlampen	haben keine Emotionen	schlampen haben keine emotionen
implicit_mechanistic	Schlampen	fehlt es an Emotionen	schlampen fehlt es an emotionen
implicit_mechanistic	Schlampen	sind kalt	schlampen sind kalt
implicit_mechanistic	Schlampen	sind emotionslos	schlampen sind emotionslos
implicit_mechanistic	Schlampen	sind distanziert	schlampen sind distanziert
implicit_mechanistic	Schlampen	sind apathisch	schlampen sind apathisch
implicit_mechanistic	Schlampen	sind abweisend	schlampen sind abweisend
implicit_mechanistic	Schlampen	sind in ihrem Leben inaktiv	schlampen sind in ihrem leben inaktiv
implicit_mechanistic	Schlampen	sind inaktiv	schlampen sind inaktiv
implicit_mechanistic	Schlampen	sind allgemein nicht ansprechbar	schlampen sind allgemein nicht ansprechbar
implicit_mechanistic	Schlampen	sind festgefahren in ihrer Denkweise	schlampen sind festgefahren in ihrer denkweise
implicit_mechanistic	Schlampen	ändern ihre Meinung nicht	schlampen ändern ihre meinung nicht
implicit_mechanistic	Schlampen	sind passiv	schlampen sind passiv
implicit_mechanistic	Schlampen	sind austauschbar	schlampen sind austauschbar
implicit_mechanistic	Schlampen	sind fungibel	schlampen sind fungibel
implicit_mechanistic	Schlampen	sind oberflächlich	schlampen sind oberflächlich
implicit_mechanistic	Schlampen	ihnen fehlt es an Tiefe	schlampen ihnen fehlt es an tiefe
implicit_mechanistic	Schlampen	sind simpel	schlampen sind simpel
implicit_mechanistic	Schlampen	sind träge	schlampen sind träge
implicit_mechanistic	Schlampen	sind gefühllos	schlampen sind gefühllos
implicit_mechanistic	Schlampen	sind unflexibel	schlampen sind unflexibel
implicit_mechanistic	Schlampen	sind eindimensional	schlampen sind eindimensional
implicit_mechanistic	Schlampen	sind lethargisch	schlampen sind lethargisch
implicit_mechanistic	Schlampen	sind engstirnig	schlampen sind engstirnig
implicit_mechanistic	Schlampen	sind robotisch	schlampen sind robotisch
implicit_mechanistic	Fotzen	haben keine Emotionen	fotzen haben keine emotionen
implicit_mechanistic	Fotzen	fehlt es an Emotionen	fotzen fehlt es an emotionen
implicit_mechanistic	Fotzen	sind kalt	fotzen sind kalt
implicit_mechanistic	Fotzen	sind emotionslos	fotzen sind emotionslos
implicit_mechanistic	Fotzen	sind distanziert	fotzen sind distanziert
implicit_mechanistic	Fotzen	sind apathisch	fotzen sind apathisch
implicit_mechanistic	Fotzen	sind abweisend	fotzen sind abweisend
implicit_mechanistic	Fotzen	sind in ihrem Leben inaktiv	fotzen sind in ihrem leben inaktiv
implicit_mechanistic	Fotzen	sind inaktiv	fotzen sind inaktiv
implicit_mechanistic	Fotzen	sind allgemein nicht ansprechbar	fotzen sind allgemein nicht ansprechbar
implicit_mechanistic	Fotzen	sind festgefahren in ihrer Denkweise	fotzen sind festgefahren in ihrer denkweise
implicit_mechanistic	Fotzen	ändern ihre Meinung nicht	fotzen ändern ihre meinung nicht
implicit_mechanistic	Fotzen	sind passiv	fotzen sind passiv
implicit_mechanistic	Fotzen	sind austauschbar	fotzen sind austauschbar
implicit_mechanistic	Fotzen	sind fungibel	fotzen sind fungibel
implicit_mechanistic	Fotzen	sind oberflächlich	fotzen sind oberflächlich
implicit_mechanistic	Fotzen	ihnen fehlt es an Tiefe	fotzen ihnen fehlt es an tiefe
implicit_mechanistic	Fotzen	sind simpel	fotzen sind simpel
implicit_mechanistic	Fotzen	sind träge	fotzen sind träge
implicit_mechanistic	Fotzen	sind gefühllos	fotzen sind gefühllos
implicit_mechanistic	Fotzen	sind unflexibel	fotzen sind unflexibel
implicit_mechanistic	Fotzen	sind eindimensional	fotzen sind eindimensional
implicit_mechanistic	Fotzen	sind lethargisch	fotzen sind lethargisch
implicit_mechanistic	Fotzen	sind engstirnig	fotzen sind engstirnig
implicit_mechanistic	Fotzen	sind robotisch	fotzen sind robotisch
implicit_mechanistic	Lesben	haben keine Emotionen	lesben haben keine emotionen
implicit_mechanistic	Lesben	fehlt es an Emotionen	lesben fehlt es an emotionen
implicit_mechanistic	Lesben	sind kalt	lesben sind kalt
implicit_mechanistic	Lesben	sind emotionslos	lesben sind emotionslos
implicit_mechanistic	Lesben	sind distanziert	lesben sind distanziert
implicit_mechanistic	Lesben	sind apathisch	lesben sind apathisch
implicit_mechanistic	Lesben	sind abweisend	lesben sind abweisend
implicit_mechanistic	Lesben	sind in ihrem Leben inaktiv	lesben sind in ihrem leben inaktiv
implicit_mechanistic	Lesben	sind inaktiv	lesben sind inaktiv
implicit_mechanistic	Lesben	sind allgemein nicht ansprechbar	lesben sind allgemein nicht ansprechbar
implicit_mechanistic	Lesben	sind festgefahren in ihrer Denkweise	lesben sind festgefahren in ihrer denkweise
implicit_mechanistic	Lesben	ändern ihre Meinung nicht	lesben ändern ihre meinung nicht
implicit_mechanistic	Lesben	sind passiv	lesben sind passiv
implicit_mechanistic	Lesben	sind austauschbar	lesben sind austauschbar
implicit_mechanistic	Lesben	sind fungibel	lesben sind fungibel
implicit_mechanistic	Lesben	sind oberflächlich	lesben sind oberflächlich
implicit_mechanistic	Lesben	ihnen fehlt es an Tiefe	lesben ihnen fehlt es an tiefe
implicit_mechanistic	Lesben	sind simpel	lesben sind simpel
implicit_mechanistic	Lesben	sind träge	lesben sind träge
implicit_mechanistic	Lesben	sind gefühllos	lesben sind gefühllos
implicit_mechanistic	Lesben	sind unflexibel	lesben sind unflexibel
implicit_mechanistic	Lesben	sind eindimensional	lesben sind eindimensional
implicit_mechanistic	Lesben	sind lethargisch	lesben sind lethargisch
implicit_mechanistic	Lesben	sind engstirnig	lesben sind engstirnig
implicit_mechanistic	Lesben	sind robotisch	lesben sind robotisch
implicit_mechanistic	Muschis	haben keine Emotionen	muschis haben keine emotionen
implicit_mechanistic	Muschis	fehlt es an Emotionen	muschis fehlt es an emotionen
implicit_mechanistic	Muschis	sind kalt	muschis sind kalt
implicit_mechanistic	Muschis	sind emotionslos	muschis sind emotionslos
implicit_mechanistic	Muschis	sind distanziert	muschis sind distanziert
implicit_mechanistic	Muschis	sind apathisch	muschis sind apathisch
implicit_mechanistic	Muschis	sind abweisend	muschis sind abweisend
implicit_mechanistic	Muschis	sind in ihrem Leben inaktiv	muschis sind in ihrem leben inaktiv
implicit_mechanistic	Muschis	sind inaktiv	muschis sind inaktiv
implicit_mechanistic	Muschis	sind allgemein nicht ansprechbar	muschis sind allgemein nicht ansprechbar
implicit_mechanistic	Muschis	sind festgefahren in ihrer Denkweise	muschis sind festgefahren in ihrer denkweise
implicit_mechanistic	Muschis	ändern ihre Meinung nicht	muschis ändern ihre meinung nicht
implicit_mechanistic	Muschis	sind passiv	muschis sind passiv
implicit_mechanistic	Muschis	sind austauschbar	muschis sind austauschbar
implicit_mechanistic	Muschis	sind fungibel	muschis sind fungibel
implicit_mechanistic	Muschis	sind oberflächlich	muschis sind oberflächlich
implicit_mechanistic	Muschis	ihnen fehlt es an Tiefe	muschis ihnen fehlt es an tiefe
implicit_mechanistic	Muschis	sind simpel	muschis sind simpel
implicit_mechanistic	Muschis	sind träge	muschis sind träge
implicit_mechanistic	Muschis	sind gefühllos	muschis sind gefühllos
implicit_mechanistic	Muschis	sind unflexibel	muschis sind unflexibel
implicit_mechanistic	Muschis	sind eindimensional	muschis sind eindimensional
implicit_mechanistic	Muschis	sind lethargisch	muschis sind lethargisch
implicit_mechanistic	Muschis	sind engstirnig	muschis sind engstirnig
implicit_mechanistic	Muschis	sind robotisch	muschis sind robotisch
implicit_mechanistic	Huren	haben keine Emotionen	huren haben keine emotionen
implicit_mechanistic	Huren	fehlt es an Emotionen	huren fehlt es an emotionen
implicit_mechanistic	Huren	sind kalt	huren sind kalt
implicit_mechanistic	Huren	sind emotionslos	huren sind emotionslos
implicit_mechanistic	Huren	sind distanziert	huren sind distanziert
implicit_mechanistic	Huren	sind apathisch	huren sind apathisch
implicit_mechanistic	Huren	sind abweisend	huren sind abweisend
implicit_mechanistic	Huren	sind in ihrem Leben inaktiv	huren sind in ihrem leben inaktiv
implicit_mechanistic	Huren	sind inaktiv	huren sind inaktiv
implicit_mechanistic	Huren	sind allgemein nicht ansprechbar	huren sind allgemein nicht ansprechbar
implicit_mechanistic	Huren	sind festgefahren in ihrer Denkweise	huren sind festgefahren in ihrer denkweise
implicit_mechanistic	Huren	ändern ihre Meinung nicht	huren ändern ihre meinung nicht
implicit_mechanistic	Huren	sind passiv	huren sind passiv
implicit_mechanistic	Huren	sind austauschbar	huren sind austauschbar
implicit_mechanistic	Huren	sind fungibel	huren sind fungibel
implicit_mechanistic	Huren	sind oberflächlich	huren sind oberflächlich
implicit_mechanistic	Huren	ihnen fehlt es an Tiefe	huren ihnen fehlt es an tiefe
implicit_mechanistic	Huren	sind simpel	huren sind simpel
implicit_mechanistic	Huren	sind träge	huren sind träge
implicit_mechanistic	Huren	sind gefühllos	huren sind gefühllos
implicit_mechanistic	Huren	sind unflexibel	huren sind unflexibel
implicit_mechanistic	Huren	sind eindimensional	huren sind eindimensional
implicit_mechanistic	Huren	sind lethargisch	huren sind lethargisch
implicit_mechanistic	Huren	sind engstirnig	huren sind engstirnig
implicit_mechanistic	Huren	sind robotisch	huren sind robotisch
implicit_mechanistic	Tussis	haben keine Emotionen	tussis haben keine emotionen
implicit_mechanistic	Tussis	fehlt es an Emotionen	tussis fehlt es an emotionen
implicit_mechanistic	Tussis	sind kalt	tussis sind kalt
implicit_mechanistic	Tussis	sind emotionslos	tussis sind emotionslos
implicit_mechanistic	Tussis	sind distanziert	tussis sind distanziert
implicit_mechanistic	Tussis	sind apathisch	tussis sind apathisch
implicit_mechanistic	Tussis	sind abweisend	tussis sind abweisend
implicit_mechanistic	Tussis	sind in ihrem Leben inaktiv	tussis sind in ihrem leben inaktiv
implicit_mechanistic	Tussis	sind inaktiv	tussis sind inaktiv
implicit_mechanistic	Tussis	sind allgemein nicht ansprechbar	tussis sind allgemein nicht ansprechbar
implicit_mechanistic	Tussis	sind festgefahren in ihrer Denkweise	tussis sind festgefahren in ihrer denkweise
implicit_mechanistic	Tussis	ändern ihre Meinung nicht	tussis ändern ihre meinung nicht
implicit_mechanistic	Tussis	sind passiv	tussis sind passiv
implicit_mechanistic	Tussis	sind austauschbar	tussis sind austauschbar
implicit_mechanistic	Tussis	sind fungibel	tussis sind fungibel
implicit_mechanistic	Tussis	sind oberflächlich	tussis sind oberflächlich
implicit_mechanistic	Tussis	ihnen fehlt es an Tiefe	tussis ihnen fehlt es an tiefe
implicit_mechanistic	Tussis	sind simpel	tussis sind simpel
implicit_mechanistic	Tussis	sind träge	tussis sind träge
implicit_mechanistic	Tussis	sind gefühllos	tussis sind gefühllos
implicit_mechanistic	Tussis	sind unflexibel	tussis sind unflexibel
implicit_mechanistic	Tussis	sind eindimensional	tussis sind eindimensional
implicit_mechanistic	Tussis	sind lethargisch	tussis sind lethargisch
implicit_mechanistic	Tussis	sind engstirnig	tussis sind engstirnig
implicit_mechanistic	Tussis	sind robotisch	tussis sind robotisch
implicit_mechanistic	Weibliche	haben keine Emotionen	weibliche haben keine emotionen
implicit_mechanistic	Weibliche	fehlt es an Emotionen	weibliche fehlt es an emotionen
implicit_mechanistic	Weibliche	sind kalt	weibliche sind kalt
implicit_mechanistic	Weibliche	sind emotionslos	weibliche sind emotionslos
implicit_mechanistic	Weibliche	sind distanziert	weibliche sind distanziert
implicit_mechanistic	Weibliche	sind apathisch	weibliche sind apathisch
implicit_mechanistic	Weibliche	sind abweisend	weibliche sind abweisend
implicit_mechanistic	Weibliche	sind in ihrem Leben inaktiv	weibliche sind in ihrem leben inaktiv
implicit_mechanistic	Weibliche	sind inaktiv	weibliche sind inaktiv
implicit_mechanistic	Weibliche	sind allgemein nicht ansprechbar	weibliche sind allgemein nicht ansprechbar
implicit_mechanistic	Weibliche	sind festgefahren in ihrer Denkweise	weibliche sind festgefahren in ihrer denkweise
implicit_mechanistic	Weibliche	ändern ihre Meinung nicht	weibliche ändern ihre meinung nicht
implicit_mechanistic	Weibliche	sind passiv	weibliche sind passiv
implicit_mechanistic	Weibliche	sind austauschbar	weibliche sind austauschbar
implicit_mechanistic	Weibliche	sind fungibel	weibliche sind fungibel
implicit_mechanistic	Weibliche	sind oberflächlich	weibliche sind oberflächlich
implicit_mechanistic	Weibliche	ihnen fehlt es an Tiefe	weibliche ihnen fehlt es an tiefe
implicit_mechanistic	Weibliche	sind simpel	weibliche sind simpel
implicit_mechanistic	Weibliche	sind träge	weibliche sind träge
implicit_mechanistic	Weibliche	sind gefühllos	weibliche sind gefühllos
implicit_mechanistic	Weibliche	sind unflexibel	weibliche sind unflexibel
implicit_mechanistic	Weibliche	sind eindimensional	weibliche sind eindimensional
implicit_mechanistic	Weibliche	sind lethargisch	weibliche sind lethargisch
implicit_mechanistic	Weibliche	sind engstirnig	weibliche sind engstirnig
implicit_mechanistic	Weibliche	sind robotisch	weibliche sind robotisch
implicit_mechanistic	Transen	haben keine Emotionen	transen haben keine emotionen
implicit_mechanistic	Transen	fehlt es an Emotionen	transen fehlt es an emotionen
implicit_mechanistic	Transen	sind kalt	transen sind kalt
implicit_mechanistic	Transen	sind emotionslos	transen sind emotionslos
implicit_mechanistic	Transen	sind distanziert	transen sind distanziert
implicit_mechanistic	Transen	sind apathisch	transen sind apathisch
implicit_mechanistic	Transen	sind abweisend	transen sind abweisend
implicit_mechanistic	Transen	sind in ihrem Leben inaktiv	transen sind in ihrem leben inaktiv
implicit_mechanistic	Transen	sind inaktiv	transen sind inaktiv
implicit_mechanistic	Transen	sind allgemein nicht ansprechbar	transen sind allgemein nicht ansprechbar
implicit_mechanistic	Transen	sind festgefahren in ihrer Denkweise	transen sind festgefahren in ihrer denkweise
implicit_mechanistic	Transen	ändern ihre Meinung nicht	transen ändern ihre meinung nicht
implicit_mechanistic	Transen	sind passiv	transen sind passiv
implicit_mechanistic	Transen	sind austauschbar	transen sind austauschbar
implicit_mechanistic	Transen	sind fungibel	transen sind fungibel
implicit_mechanistic	Transen	sind oberflächlich	transen sind oberflächlich
implicit_mechanistic	Transen	ihnen fehlt es an Tiefe	transen ihnen fehlt es an tiefe
implicit_mechanistic	Transen	sind simpel	transen sind simpel
implicit_mechanistic	Transen	sind träge	transen sind träge
implicit_mechanistic	Transen	sind gefühllos	transen sind gefühllos
implicit_mechanistic	Transen	sind unflexibel	transen sind unflexibel
implicit_mechanistic	Transen	sind eindimensional	transen sind eindimensional
implicit_mechanistic	Transen	sind lethargisch	transen sind lethargisch
implicit_mechanistic	Transen	sind engstirnig	transen sind engstirnig
implicit_mechanistic	Transen	sind robotisch	transen sind robotisch
implicit_mechanistic	Transsexuelle	haben keine Emotionen	transsexuelle haben keine emotionen
implicit_mechanistic	Transsexuelle	fehlt es an Emotionen	transsexuelle fehlt es an emotionen
implicit_mechanistic	Transsexuelle	sind kalt	transsexuelle sind kalt
implicit_mechanistic	Transsexuelle	sind emotionslos	transsexuelle sind emotionslos
implicit_mechanistic	Transsexuelle	sind distanziert	transsexuelle sind distanziert
implicit_mechanistic	Transsexuelle	sind apathisch	transsexuelle sind apathisch
implicit_mechanistic	Transsexuelle	sind abweisend	transsexuelle sind abweisend
implicit_mechanistic	Transsexuelle	sind in ihrem Leben inaktiv	transsexuelle sind in ihrem leben inaktiv
implicit_mechanistic	Transsexuelle	sind inaktiv	transsexuelle sind inaktiv
implicit_mechanistic	Transsexuelle	sind allgemein nicht ansprechbar	transsexuelle sind allgemein nicht ansprechbar
implicit_mechanistic	Transsexuelle	sind festgefahren in ihrer Denkweise	transsexuelle sind festgefahren in ihrer denkweise
implicit_mechanistic	Transsexuelle	ändern ihre Meinung nicht	transsexuelle ändern ihre meinung nicht
implicit_mechanistic	Transsexuelle	sind passiv	transsexuelle sind passiv
implicit_mechanistic	Transsexuelle	sind austauschbar	transsexuelle sind austauschbar
implicit_mechanistic	Transsexuelle	sind fungibel	transsexuelle sind fungibel
implicit_mechanistic	Transsexuelle	sind oberflächlich	transsexuelle sind oberflächlich
implicit_mechanistic	Transsexuelle	ihnen fehlt es an Tiefe	transsexuelle ihnen fehlt es an tiefe
implicit_mechanistic	Transsexuelle	sind simpel	transsexuelle sind simpel
implicit_mechanistic	Transsexuelle	sind träge	transsexuelle sind träge
implicit_mechanistic	Transsexuelle	sind gefühllos	transsexuelle sind gefühllos
implicit_mechanistic	Transsexuelle	sind unflexibel	transsexuelle sind unflexibel
implicit_mechanistic	Transsexuelle	sind eindimensional	transsexuelle sind eindimensional
implicit_mechanistic	Transsexuelle	sind lethargisch	transsexuelle sind lethargisch
implicit_mechanistic	Transsexuelle	sind engstirnig	transsexuelle sind engstirnig
implicit_mechanistic	Transsexuelle	sind robotisch	transsexuelle sind robotisch
implicit_mechanistic	Asexuelle	haben keine Emotionen	asexuelle haben keine emotionen
implicit_mechanistic	Asexuelle	fehlt es an Emotionen	asexuelle fehlt es an emotionen
implicit_mechanistic	Asexuelle	sind kalt	asexuelle sind kalt
implicit_mechanistic	Asexuelle	sind emotionslos	asexuelle sind emotionslos
implicit_mechanistic	Asexuelle	sind distanziert	asexuelle sind distanziert
implicit_mechanistic	Asexuelle	sind apathisch	asexuelle sind apathisch
implicit_mechanistic	Asexuelle	sind abweisend	asexuelle sind abweisend
implicit_mechanistic	Asexuelle	sind in ihrem Leben inaktiv	asexuelle sind in ihrem leben inaktiv
implicit_mechanistic	Asexuelle	sind inaktiv	asexuelle sind inaktiv
implicit_mechanistic	Asexuelle	sind allgemein nicht ansprechbar	asexuelle sind allgemein nicht ansprechbar
implicit_mechanistic	Asexuelle	sind festgefahren in ihrer Denkweise	asexuelle sind festgefahren in ihrer denkweise
implicit_mechanistic	Asexuelle	ändern ihre Meinung nicht	asexuelle ändern ihre meinung nicht
implicit_mechanistic	Asexuelle	sind passiv	asexuelle sind passiv
implicit_mechanistic	Asexuelle	sind austauschbar	asexuelle sind austauschbar
implicit_mechanistic	Asexuelle	sind fungibel	asexuelle sind fungibel
implicit_mechanistic	Asexuelle	sind oberflächlich	asexuelle sind oberflächlich
implicit_mechanistic	Asexuelle	ihnen fehlt es an Tiefe	asexuelle ihnen fehlt es an tiefe
implicit_mechanistic	Asexuelle	sind simpel	asexuelle sind simpel
implicit_mechanistic	Asexuelle	sind träge	asexuelle sind träge
implicit_mechanistic	Asexuelle	sind gefühllos	asexuelle sind gefühllos
implicit_mechanistic	Asexuelle	sind unflexibel	asexuelle sind unflexibel
implicit_mechanistic	Asexuelle	sind eindimensional	asexuelle sind eindimensional
implicit_mechanistic	Asexuelle	sind lethargisch	asexuelle sind lethargisch
implicit_mechanistic	Asexuelle	sind engstirnig	asexuelle sind engstirnig
implicit_mechanistic	Asexuelle	sind robotisch	asexuelle sind robotisch
implicit_mechanistic	Schwuchteln	haben keine Emotionen	schwuchteln haben keine emotionen
implicit_mechanistic	Schwuchteln	fehlt es an Emotionen	schwuchteln fehlt es an emotionen
implicit_mechanistic	Schwuchteln	sind kalt	schwuchteln sind kalt
implicit_mechanistic	Schwuchteln	sind emotionslos	schwuchteln sind emotionslos
implicit_mechanistic	Schwuchteln	sind distanziert	schwuchteln sind distanziert
implicit_mechanistic	Schwuchteln	sind apathisch	schwuchteln sind apathisch
implicit_mechanistic	Schwuchteln	sind abweisend	schwuchteln sind abweisend
implicit_mechanistic	Schwuchteln	sind in ihrem Leben inaktiv	schwuchteln sind in ihrem leben inaktiv
implicit_mechanistic	Schwuchteln	sind inaktiv	schwuchteln sind inaktiv
implicit_mechanistic	Schwuchteln	sind allgemein nicht ansprechbar	schwuchteln sind allgemein nicht ansprechbar
implicit_mechanistic	Schwuchteln	sind festgefahren in ihrer Denkweise	schwuchteln sind festgefahren in ihrer denkweise
implicit_mechanistic	Schwuchteln	ändern ihre Meinung nicht	schwuchteln ändern ihre meinung nicht
implicit_mechanistic	Schwuchteln	sind passiv	schwuchteln sind passiv
implicit_mechanistic	Schwuchteln	sind austauschbar	schwuchteln sind austauschbar
implicit_mechanistic	Schwuchteln	sind fungibel	schwuchteln sind fungibel
implicit_mechanistic	Schwuchteln	sind oberflächlich	schwuchteln sind oberflächlich
implicit_mechanistic	Schwuchteln	ihnen fehlt es an Tiefe	schwuchteln ihnen fehlt es an tiefe
implicit_mechanistic	Schwuchteln	sind simpel	schwuchteln sind simpel
implicit_mechanistic	Schwuchteln	sind träge	schwuchteln sind träge
implicit_mechanistic	Schwuchteln	sind gefühllos	schwuchteln sind gefühllos
implicit_mechanistic	Schwuchteln	sind unflexibel	schwuchteln sind unflexibel
implicit_mechanistic	Schwuchteln	sind eindimensional	schwuchteln sind eindimensional
implicit_mechanistic	Schwuchteln	sind lethargisch	schwuchteln sind lethargisch
implicit_mechanistic	Schwuchteln	sind engstirnig	schwuchteln sind engstirnig
implicit_mechanistic	Schwuchteln	sind robotisch	schwuchteln sind robotisch
implicit_mechanistic	Homosexuelle	haben keine Emotionen	homosexuelle haben keine emotionen
implicit_mechanistic	Homosexuelle	fehlt es an Emotionen	homosexuelle fehlt es an emotionen
implicit_mechanistic	Homosexuelle	sind kalt	homosexuelle sind kalt
implicit_mechanistic	Homosexuelle	sind emotionslos	homosexuelle sind emotionslos
implicit_mechanistic	Homosexuelle	sind distanziert	homosexuelle sind distanziert
implicit_mechanistic	Homosexuelle	sind apathisch	homosexuelle sind apathisch
implicit_mechanistic	Homosexuelle	sind abweisend	homosexuelle sind abweisend
implicit_mechanistic	Homosexuelle	sind in ihrem Leben inaktiv	homosexuelle sind in ihrem leben inaktiv
implicit_mechanistic	Homosexuelle	sind inaktiv	homosexuelle sind inaktiv
implicit_mechanistic	Homosexuelle	sind allgemein nicht ansprechbar	homosexuelle sind allgemein nicht ansprechbar
implicit_mechanistic	Homosexuelle	sind festgefahren in ihrer Denkweise	homosexuelle sind festgefahren in ihrer denkweise
implicit_mechanistic	Homosexuelle	ändern ihre Meinung nicht	homosexuelle ändern ihre meinung nicht
implicit_mechanistic	Homosexuelle	sind passiv	homosexuelle sind passiv
implicit_mechanistic	Homosexuelle	sind austauschbar	homosexuelle sind austauschbar
implicit_mechanistic	Homosexuelle	sind fungibel	homosexuelle sind fungibel
implicit_mechanistic	Homosexuelle	sind oberflächlich	homosexuelle sind oberflächlich
implicit_mechanistic	Homosexuelle	ihnen fehlt es an Tiefe	homosexuelle ihnen fehlt es an tiefe
implicit_mechanistic	Homosexuelle	sind simpel	homosexuelle sind simpel
implicit_mechanistic	Homosexuelle	sind träge	homosexuelle sind träge
implicit_mechanistic	Homosexuelle	sind gefühllos	homosexuelle sind gefühllos
implicit_mechanistic	Homosexuelle	sind unflexibel	homosexuelle sind unflexibel
implicit_mechanistic	Homosexuelle	sind eindimensional	homosexuelle sind eindimensional
implicit_mechanistic	Homosexuelle	sind lethargisch	homosexuelle sind lethargisch
implicit_mechanistic	Homosexuelle	sind engstirnig	homosexuelle sind engstirnig
implicit_mechanistic	Homosexuelle	sind robotisch	homosexuelle sind robotisch
implicit_mechanistic	Schwule	haben keine Emotionen	schwule haben keine emotionen
implicit_mechanistic	Schwule	fehlt es an Emotionen	schwule fehlt es an emotionen
implicit_mechanistic	Schwule	sind kalt	schwule sind kalt
implicit_mechanistic	Schwule	sind emotionslos	schwule sind emotionslos
implicit_mechanistic	Schwule	sind distanziert	schwule sind distanziert
implicit_mechanistic	Schwule	sind apathisch	schwule sind apathisch
implicit_mechanistic	Schwule	sind abweisend	schwule sind abweisend
implicit_mechanistic	Schwule	sind in ihrem Leben inaktiv	schwule sind in ihrem leben inaktiv
implicit_mechanistic	Schwule	sind inaktiv	schwule sind inaktiv
implicit_mechanistic	Schwule	sind allgemein nicht ansprechbar	schwule sind allgemein nicht ansprechbar
implicit_mechanistic	Schwule	sind festgefahren in ihrer Denkweise	schwule sind festgefahren in ihrer denkweise
implicit_mechanistic	Schwule	ändern ihre Meinung nicht	schwule ändern ihre meinung nicht
implicit_mechanistic	Schwule	sind passiv	schwule sind passiv
implicit_mechanistic	Schwule	sind austauschbar	schwule sind austauschbar
implicit_mechanistic	Schwule	sind fungibel	schwule sind fungibel
implicit_mechanistic	Schwule	sind oberflächlich	schwule sind oberflächlich
implicit_mechanistic	Schwule	ihnen fehlt es an Tiefe	schwule ihnen fehlt es an tiefe
implicit_mechanistic	Schwule	sind simpel	schwule sind simpel
implicit_mechanistic	Schwule	sind träge	schwule sind träge
implicit_mechanistic	Schwule	sind gefühllos	schwule sind gefühllos
implicit_mechanistic	Schwule	sind unflexibel	schwule sind unflexibel
implicit_mechanistic	Schwule	sind eindimensional	schwule sind eindimensional
implicit_mechanistic	Schwule	sind lethargisch	schwule sind lethargisch
implicit_mechanistic	Schwule	sind engstirnig	schwule sind engstirnig
implicit_mechanistic	Schwule	sind robotisch	schwule sind robotisch
implicit_mechanistic	Schwule Menschen	haben keine Emotionen	schwule menschen haben keine emotionen
implicit_mechanistic	Schwule Menschen	fehlt es an Emotionen	schwule menschen fehlt es an emotionen
implicit_mechanistic	Schwule Menschen	sind kalt	schwule menschen sind kalt
implicit_mechanistic	Schwule Menschen	sind emotionslos	schwule menschen sind emotionslos
implicit_mechanistic	Schwule Menschen	sind distanziert	schwule menschen sind distanziert
implicit_mechanistic	Schwule Menschen	sind apathisch	schwule menschen sind apathisch
implicit_mechanistic	Schwule Menschen	sind abweisend	schwule menschen sind abweisend
implicit_mechanistic	Schwule Menschen	sind in ihrem Leben inaktiv	schwule menschen sind in ihrem leben inaktiv
implicit_mechanistic	Schwule Menschen	sind inaktiv	schwule menschen sind inaktiv
implicit_mechanistic	Schwule Menschen	sind allgemein nicht ansprechbar	schwule menschen sind allgemein nicht ansprechbar
implicit_mechanistic	Schwule Menschen	sind festgefahren in ihrer Denkweise	schwule menschen sind festgefahren in ihrer denkweise
implicit_mechanistic	Schwule Menschen	ändern ihre Meinung nicht	schwule menschen ändern ihre meinung nicht
implicit_mechanistic	Schwule Menschen	sind passiv	schwule menschen sind passiv
implicit_mechanistic	Schwule Menschen	sind austauschbar	schwule menschen sind austauschbar
implicit_mechanistic	Schwule Menschen	sind fungibel	schwule menschen sind fungibel
implicit_mechanistic	Schwule Menschen	sind oberflächlich	schwule menschen sind oberflächlich
implicit_mechanistic	Schwule Menschen	ihnen fehlt es an Tiefe	schwule menschen ihnen fehlt es an tiefe
implicit_mechanistic	Schwule Menschen	sind simpel	schwule menschen sind simpel
implicit_mechanistic	Schwule Menschen	sind träge	schwule menschen sind träge
implicit_mechanistic	Schwule Menschen	sind gefühllos	schwule menschen sind gefühllos
implicit_mechanistic	Schwule Menschen	sind unflexibel	schwule menschen sind unflexibel
implicit_mechanistic	Schwule Menschen	sind eindimensional	schwule menschen sind eindimensional
implicit_mechanistic	Schwule Menschen	sind lethargisch	schwule menschen sind lethargisch
implicit_mechanistic	Schwule Menschen	sind engstirnig	schwule menschen sind engstirnig
implicit_mechanistic	Schwule Menschen	sind robotisch	schwule menschen sind robotisch
implicit_mechanistic	Deutsche	haben keine Emotionen	deutsche haben keine emotionen
implicit_mechanistic	Deutsche	fehlt es an Emotionen	deutsche fehlt es an emotionen
implicit_mechanistic	Deutsche	sind kalt	deutsche sind kalt
implicit_mechanistic	Deutsche	sind emotionslos	deutsche sind emotionslos
implicit_mechanistic	Deutsche	sind distanziert	deutsche sind distanziert
implicit_mechanistic	Deutsche	sind apathisch	deutsche sind apathisch
implicit_mechanistic	Deutsche	sind abweisend	deutsche sind abweisend
implicit_mechanistic	Deutsche	sind in ihrem Leben inaktiv	deutsche sind in ihrem leben inaktiv
implicit_mechanistic	Deutsche	sind inaktiv	deutsche sind inaktiv
implicit_mechanistic	Deutsche	sind allgemein nicht ansprechbar	deutsche sind allgemein nicht ansprechbar
implicit_mechanistic	Deutsche	sind festgefahren in ihrer Denkweise	deutsche sind festgefahren in ihrer denkweise
implicit_mechanistic	Deutsche	ändern ihre Meinung nicht	deutsche ändern ihre meinung nicht
implicit_mechanistic	Deutsche	sind passiv	deutsche sind passiv
implicit_mechanistic	Deutsche	sind austauschbar	deutsche sind austauschbar
implicit_mechanistic	Deutsche	sind fungibel	deutsche sind fungibel
implicit_mechanistic	Deutsche	sind oberflächlich	deutsche sind oberflächlich
implicit_mechanistic	Deutsche	ihnen fehlt es an Tiefe	deutsche ihnen fehlt es an tiefe
implicit_mechanistic	Deutsche	sind simpel	deutsche sind simpel
implicit_mechanistic	Deutsche	sind träge	deutsche sind träge
implicit_mechanistic	Deutsche	sind gefühllos	deutsche sind gefühllos
implicit_mechanistic	Deutsche	sind unflexibel	deutsche sind unflexibel
implicit_mechanistic	Deutsche	sind eindimensional	deutsche sind eindimensional
implicit_mechanistic	Deutsche	sind lethargisch	deutsche sind lethargisch
implicit_mechanistic	Deutsche	sind engstirnig	deutsche sind engstirnig
implicit_mechanistic	Deutsche	sind robotisch	deutsche sind robotisch
implicit_mechanistic	Asiaten	haben keine Emotionen	asiaten haben keine emotionen
implicit_mechanistic	Asiaten	fehlt es an Emotionen	asiaten fehlt es an emotionen
implicit_mechanistic	Asiaten	sind kalt	asiaten sind kalt
implicit_mechanistic	Asiaten	sind emotionslos	asiaten sind emotionslos
implicit_mechanistic	Asiaten	sind distanziert	asiaten sind distanziert
implicit_mechanistic	Asiaten	sind apathisch	asiaten sind apathisch
implicit_mechanistic	Asiaten	sind abweisend	asiaten sind abweisend
implicit_mechanistic	Asiaten	sind in ihrem Leben inaktiv	asiaten sind in ihrem leben inaktiv
implicit_mechanistic	Asiaten	sind inaktiv	asiaten sind inaktiv
implicit_mechanistic	Asiaten	sind allgemein nicht ansprechbar	asiaten sind allgemein nicht ansprechbar
implicit_mechanistic	Asiaten	sind festgefahren in ihrer Denkweise	asiaten sind festgefahren in ihrer denkweise
implicit_mechanistic	Asiaten	ändern ihre Meinung nicht	asiaten ändern ihre meinung nicht
implicit_mechanistic	Asiaten	sind passiv	asiaten sind passiv
implicit_mechanistic	Asiaten	sind austauschbar	asiaten sind austauschbar
implicit_mechanistic	Asiaten	sind fungibel	asiaten sind fungibel
implicit_mechanistic	Asiaten	sind oberflächlich	asiaten sind oberflächlich
implicit_mechanistic	Asiaten	ihnen fehlt es an Tiefe	asiaten ihnen fehlt es an tiefe
implicit_mechanistic	Asiaten	sind simpel	asiaten sind simpel
implicit_mechanistic	Asiaten	sind träge	asiaten sind träge
implicit_mechanistic	Asiaten	sind gefühllos	asiaten sind gefühllos
implicit_mechanistic	Asiaten	sind unflexibel	asiaten sind unflexibel
implicit_mechanistic	Asiaten	sind eindimensional	asiaten sind eindimensional
implicit_mechanistic	Asiaten	sind lethargisch	asiaten sind lethargisch
implicit_mechanistic	Asiaten	sind engstirnig	asiaten sind engstirnig
implicit_mechanistic	Asiaten	sind robotisch	asiaten sind robotisch
implicit_mechanistic	Türken	haben keine Emotionen	türken haben keine emotionen
implicit_mechanistic	Türken	fehlt es an Emotionen	türken fehlt es an emotionen
implicit_mechanistic	Türken	sind kalt	türken sind kalt
implicit_mechanistic	Türken	sind emotionslos	türken sind emotionslos
implicit_mechanistic	Türken	sind distanziert	türken sind distanziert
implicit_mechanistic	Türken	sind apathisch	türken sind apathisch
implicit_mechanistic	Türken	sind abweisend	türken sind abweisend
implicit_mechanistic	Türken	sind in ihrem Leben inaktiv	türken sind in ihrem leben inaktiv
implicit_mechanistic	Türken	sind inaktiv	türken sind inaktiv
implicit_mechanistic	Türken	sind allgemein nicht ansprechbar	türken sind allgemein nicht ansprechbar
implicit_mechanistic	Türken	sind festgefahren in ihrer Denkweise	türken sind festgefahren in ihrer denkweise
implicit_mechanistic	Türken	ändern ihre Meinung nicht	türken ändern ihre meinung nicht
implicit_mechanistic	Türken	sind passiv	türken sind passiv
implicit_mechanistic	Türken	sind austauschbar	türken sind austauschbar
implicit_mechanistic	Türken	sind fungibel	türken sind fungibel
implicit_mechanistic	Türken	sind oberflächlich	türken sind oberflächlich
implicit_mechanistic	Türken	ihnen fehlt es an Tiefe	türken ihnen fehlt es an tiefe
implicit_mechanistic	Türken	sind simpel	türken sind simpel
implicit_mechanistic	Türken	sind träge	türken sind träge
implicit_mechanistic	Türken	sind gefühllos	türken sind gefühllos
implicit_mechanistic	Türken	sind unflexibel	türken sind unflexibel
implicit_mechanistic	Türken	sind eindimensional	türken sind eindimensional
implicit_mechanistic	Türken	sind lethargisch	türken sind lethargisch
implicit_mechanistic	Türken	sind engstirnig	türken sind engstirnig
implicit_mechanistic	Türken	sind robotisch	türken sind robotisch
implicit_mechanistic	Araber	haben keine Emotionen	araber haben keine emotionen
implicit_mechanistic	Araber	fehlt es an Emotionen	araber fehlt es an emotionen
implicit_mechanistic	Araber	sind kalt	araber sind kalt
implicit_mechanistic	Araber	sind emotionslos	araber sind emotionslos
implicit_mechanistic	Araber	sind distanziert	araber sind distanziert
implicit_mechanistic	Araber	sind apathisch	araber sind apathisch
implicit_mechanistic	Araber	sind abweisend	araber sind abweisend
implicit_mechanistic	Araber	sind in ihrem Leben inaktiv	araber sind in ihrem leben inaktiv
implicit_mechanistic	Araber	sind inaktiv	araber sind inaktiv
implicit_mechanistic	Araber	sind allgemein nicht ansprechbar	araber sind allgemein nicht ansprechbar
implicit_mechanistic	Araber	sind festgefahren in ihrer Denkweise	araber sind festgefahren in ihrer denkweise
implicit_mechanistic	Araber	ändern ihre Meinung nicht	araber ändern ihre meinung nicht
implicit_mechanistic	Araber	sind passiv	araber sind passiv
implicit_mechanistic	Araber	sind austauschbar	araber sind austauschbar
implicit_mechanistic	Araber	sind fungibel	araber sind fungibel
implicit_mechanistic	Araber	sind oberflächlich	araber sind oberflächlich
implicit_mechanistic	Araber	ihnen fehlt es an Tiefe	araber ihnen fehlt es an tiefe
implicit_mechanistic	Araber	sind simpel	araber sind simpel
implicit_mechanistic	Araber	sind träge	araber sind träge
implicit_mechanistic	Araber	sind gefühllos	araber sind gefühllos
implicit_mechanistic	Araber	sind unflexibel	araber sind unflexibel
implicit_mechanistic	Araber	sind eindimensional	araber sind eindimensional
implicit_mechanistic	Araber	sind lethargisch	araber sind lethargisch
implicit_mechanistic	Araber	sind engstirnig	araber sind engstirnig
implicit_mechanistic	Araber	sind robotisch	araber sind robotisch
implicit_mechanistic	Mexikaner	haben keine Emotionen	mexikaner haben keine emotionen
implicit_mechanistic	Mexikaner	fehlt es an Emotionen	mexikaner fehlt es an emotionen
implicit_mechanistic	Mexikaner	sind kalt	mexikaner sind kalt
implicit_mechanistic	Mexikaner	sind emotionslos	mexikaner sind emotionslos
implicit_mechanistic	Mexikaner	sind distanziert	mexikaner sind distanziert
implicit_mechanistic	Mexikaner	sind apathisch	mexikaner sind apathisch
implicit_mechanistic	Mexikaner	sind abweisend	mexikaner sind abweisend
implicit_mechanistic	Mexikaner	sind in ihrem Leben inaktiv	mexikaner sind in ihrem leben inaktiv
implicit_mechanistic	Mexikaner	sind inaktiv	mexikaner sind inaktiv
implicit_mechanistic	Mexikaner	sind allgemein nicht ansprechbar	mexikaner sind allgemein nicht ansprechbar
implicit_mechanistic	Mexikaner	sind festgefahren in ihrer Denkweise	mexikaner sind festgefahren in ihrer denkweise
implicit_mechanistic	Mexikaner	ändern ihre Meinung nicht	mexikaner ändern ihre meinung nicht
implicit_mechanistic	Mexikaner	sind passiv	mexikaner sind passiv
implicit_mechanistic	Mexikaner	sind austauschbar	mexikaner sind austauschbar
implicit_mechanistic	Mexikaner	sind fungibel	mexikaner sind fungibel
implicit_mechanistic	Mexikaner	sind oberflächlich	mexikaner sind oberflächlich
implicit_mechanistic	Mexikaner	ihnen fehlt es an Tiefe	mexikaner ihnen fehlt es an tiefe
implicit_mechanistic	Mexikaner	sind simpel	mexikaner sind simpel
implicit_mechanistic	Mexikaner	sind träge	mexikaner sind träge
implicit_mechanistic	Mexikaner	sind gefühllos	mexikaner sind gefühllos
implicit_mechanistic	Mexikaner	sind unflexibel	mexikaner sind unflexibel
implicit_mechanistic	Mexikaner	sind eindimensional	mexikaner sind eindimensional
implicit_mechanistic	Mexikaner	sind lethargisch	mexikaner sind lethargisch
implicit_mechanistic	Mexikaner	sind engstirnig	mexikaner sind engstirnig
implicit_mechanistic	Mexikaner	sind robotisch	mexikaner sind robotisch
implicit_mechanistic	Afrikaner	haben keine Emotionen	afrikaner haben keine emotionen
implicit_mechanistic	Afrikaner	fehlt es an Emotionen	afrikaner fehlt es an emotionen
implicit_mechanistic	Afrikaner	sind kalt	afrikaner sind kalt
implicit_mechanistic	Afrikaner	sind emotionslos	afrikaner sind emotionslos
implicit_mechanistic	Afrikaner	sind distanziert	afrikaner sind distanziert
implicit_mechanistic	Afrikaner	sind apathisch	afrikaner sind apathisch
implicit_mechanistic	Afrikaner	sind abweisend	afrikaner sind abweisend
implicit_mechanistic	Afrikaner	sind in ihrem Leben inaktiv	afrikaner sind in ihrem leben inaktiv
implicit_mechanistic	Afrikaner	sind inaktiv	afrikaner sind inaktiv
implicit_mechanistic	Afrikaner	sind allgemein nicht ansprechbar	afrikaner sind allgemein nicht ansprechbar
implicit_mechanistic	Afrikaner	sind festgefahren in ihrer Denkweise	afrikaner sind festgefahren in ihrer denkweise
implicit_mechanistic	Afrikaner	ändern ihre Meinung nicht	afrikaner ändern ihre meinung nicht
implicit_mechanistic	Afrikaner	sind passiv	afrikaner sind passiv
implicit_mechanistic	Afrikaner	sind austauschbar	afrikaner sind austauschbar
implicit_mechanistic	Afrikaner	sind fungibel	afrikaner sind fungibel
implicit_mechanistic	Afrikaner	sind oberflächlich	afrikaner sind oberflächlich
implicit_mechanistic	Afrikaner	ihnen fehlt es an Tiefe	afrikaner ihnen fehlt es an tiefe
implicit_mechanistic	Afrikaner	sind simpel	afrikaner sind simpel
implicit_mechanistic	Afrikaner	sind träge	afrikaner sind träge
implicit_mechanistic	Afrikaner	sind gefühllos	afrikaner sind gefühllos
implicit_mechanistic	Afrikaner	sind unflexibel	afrikaner sind unflexibel
implicit_mechanistic	Afrikaner	sind eindimensional	afrikaner sind eindimensional
implicit_mechanistic	Afrikaner	sind lethargisch	afrikaner sind lethargisch
implicit_mechanistic	Afrikaner	sind engstirnig	afrikaner sind engstirnig
implicit_mechanistic	Afrikaner	sind robotisch	afrikaner sind robotisch
implicit_mechanistic	Amerindianer	haben keine Emotionen	amerindianer haben keine emotionen
implicit_mechanistic	Amerindianer	fehlt es an Emotionen	amerindianer fehlt es an emotionen
implicit_mechanistic	Amerindianer	sind kalt	amerindianer sind kalt
implicit_mechanistic	Amerindianer	sind emotionslos	amerindianer sind emotionslos
implicit_mechanistic	Amerindianer	sind distanziert	amerindianer sind distanziert
implicit_mechanistic	Amerindianer	sind apathisch	amerindianer sind apathisch
implicit_mechanistic	Amerindianer	sind abweisend	amerindianer sind abweisend
implicit_mechanistic	Amerindianer	sind in ihrem Leben inaktiv	amerindianer sind in ihrem leben inaktiv
implicit_mechanistic	Amerindianer	sind inaktiv	amerindianer sind inaktiv
implicit_mechanistic	Amerindianer	sind allgemein nicht ansprechbar	amerindianer sind allgemein nicht ansprechbar
implicit_mechanistic	Amerindianer	sind festgefahren in ihrer Denkweise	amerindianer sind festgefahren in ihrer denkweise
implicit_mechanistic	Amerindianer	ändern ihre Meinung nicht	amerindianer ändern ihre meinung nicht
implicit_mechanistic	Amerindianer	sind passiv	amerindianer sind passiv
implicit_mechanistic	Amerindianer	sind austauschbar	amerindianer sind austauschbar
implicit_mechanistic	Amerindianer	sind fungibel	amerindianer sind fungibel
implicit_mechanistic	Amerindianer	sind oberflächlich	amerindianer sind oberflächlich
implicit_mechanistic	Amerindianer	ihnen fehlt es an Tiefe	amerindianer ihnen fehlt es an tiefe
implicit_mechanistic	Amerindianer	sind simpel	amerindianer sind simpel
implicit_mechanistic	Amerindianer	sind träge	amerindianer sind träge
implicit_mechanistic	Amerindianer	sind gefühllos	amerindianer sind gefühllos
implicit_mechanistic	Amerindianer	sind unflexibel	amerindianer sind unflexibel
implicit_mechanistic	Amerindianer	sind eindimensional	amerindianer sind eindimensional
implicit_mechanistic	Amerindianer	sind lethargisch	amerindianer sind lethargisch
implicit_mechanistic	Amerindianer	sind engstirnig	amerindianer sind engstirnig
implicit_mechanistic	Amerindianer	sind robotisch	amerindianer sind robotisch
implicit_mechanistic	Russen	haben keine Emotionen	russen haben keine emotionen
implicit_mechanistic	Russen	fehlt es an Emotionen	russen fehlt es an emotionen
implicit_mechanistic	Russen	sind kalt	russen sind kalt
implicit_mechanistic	Russen	sind emotionslos	russen sind emotionslos
implicit_mechanistic	Russen	sind distanziert	russen sind distanziert
implicit_mechanistic	Russen	sind apathisch	russen sind apathisch
implicit_mechanistic	Russen	sind abweisend	russen sind abweisend
implicit_mechanistic	Russen	sind in ihrem Leben inaktiv	russen sind in ihrem leben inaktiv
implicit_mechanistic	Russen	sind inaktiv	russen sind inaktiv
implicit_mechanistic	Russen	sind allgemein nicht ansprechbar	russen sind allgemein nicht ansprechbar
implicit_mechanistic	Russen	sind festgefahren in ihrer Denkweise	russen sind festgefahren in ihrer denkweise
implicit_mechanistic	Russen	ändern ihre Meinung nicht	russen ändern ihre meinung nicht
implicit_mechanistic	Russen	sind passiv	russen sind passiv
implicit_mechanistic	Russen	sind austauschbar	russen sind austauschbar
implicit_mechanistic	Russen	sind fungibel	russen sind fungibel
implicit_mechanistic	Russen	sind oberflächlich	russen sind oberflächlich
implicit_mechanistic	Russen	ihnen fehlt es an Tiefe	russen ihnen fehlt es an tiefe
implicit_mechanistic	Russen	sind simpel	russen sind simpel
implicit_mechanistic	Russen	sind träge	russen sind träge
implicit_mechanistic	Russen	sind gefühllos	russen sind gefühllos
implicit_mechanistic	Russen	sind unflexibel	russen sind unflexibel
implicit_mechanistic	Russen	sind eindimensional	russen sind eindimensional
implicit_mechanistic	Russen	sind lethargisch	russen sind lethargisch
implicit_mechanistic	Russen	sind engstirnig	russen sind engstirnig
implicit_mechanistic	Russen	sind robotisch	russen sind robotisch
implicit_mechanistic	Schotten	haben keine Emotionen	schotten haben keine emotionen
implicit_mechanistic	Schotten	fehlt es an Emotionen	schotten fehlt es an emotionen
implicit_mechanistic	Schotten	sind kalt	schotten sind kalt
implicit_mechanistic	Schotten	sind emotionslos	schotten sind emotionslos
implicit_mechanistic	Schotten	sind distanziert	schotten sind distanziert
implicit_mechanistic	Schotten	sind apathisch	schotten sind apathisch
implicit_mechanistic	Schotten	sind abweisend	schotten sind abweisend
implicit_mechanistic	Schotten	sind in ihrem Leben inaktiv	schotten sind in ihrem leben inaktiv
implicit_mechanistic	Schotten	sind inaktiv	schotten sind inaktiv
implicit_mechanistic	Schotten	sind allgemein nicht ansprechbar	schotten sind allgemein nicht ansprechbar
implicit_mechanistic	Schotten	sind festgefahren in ihrer Denkweise	schotten sind festgefahren in ihrer denkweise
implicit_mechanistic	Schotten	ändern ihre Meinung nicht	schotten ändern ihre meinung nicht
implicit_mechanistic	Schotten	sind passiv	schotten sind passiv
implicit_mechanistic	Schotten	sind austauschbar	schotten sind austauschbar
implicit_mechanistic	Schotten	sind fungibel	schotten sind fungibel
implicit_mechanistic	Schotten	sind oberflächlich	schotten sind oberflächlich
implicit_mechanistic	Schotten	ihnen fehlt es an Tiefe	schotten ihnen fehlt es an tiefe
implicit_mechanistic	Schotten	sind simpel	schotten sind simpel
implicit_mechanistic	Schotten	sind träge	schotten sind träge
implicit_mechanistic	Schotten	sind gefühllos	schotten sind gefühllos
implicit_mechanistic	Schotten	sind unflexibel	schotten sind unflexibel
implicit_mechanistic	Schotten	sind eindimensional	schotten sind eindimensional
implicit_mechanistic	Schotten	sind lethargisch	schotten sind lethargisch
implicit_mechanistic	Schotten	sind engstirnig	schotten sind engstirnig
implicit_mechanistic	Schotten	sind robotisch	schotten sind robotisch
implicit_mechanistic	Franzosen	haben keine Emotionen	franzosen haben keine emotionen
implicit_mechanistic	Franzosen	fehlt es an Emotionen	franzosen fehlt es an emotionen
implicit_mechanistic	Franzosen	sind kalt	franzosen sind kalt
implicit_mechanistic	Franzosen	sind emotionslos	franzosen sind emotionslos
implicit_mechanistic	Franzosen	sind distanziert	franzosen sind distanziert
implicit_mechanistic	Franzosen	sind apathisch	franzosen sind apathisch
implicit_mechanistic	Franzosen	sind abweisend	franzosen sind abweisend
implicit_mechanistic	Franzosen	sind in ihrem Leben inaktiv	franzosen sind in ihrem leben inaktiv
implicit_mechanistic	Franzosen	sind inaktiv	franzosen sind inaktiv
implicit_mechanistic	Franzosen	sind allgemein nicht ansprechbar	franzosen sind allgemein nicht ansprechbar
implicit_mechanistic	Franzosen	sind festgefahren in ihrer Denkweise	franzosen sind festgefahren in ihrer denkweise
implicit_mechanistic	Franzosen	ändern ihre Meinung nicht	franzosen ändern ihre meinung nicht
implicit_mechanistic	Franzosen	sind passiv	franzosen sind passiv
implicit_mechanistic	Franzosen	sind austauschbar	franzosen sind austauschbar
implicit_mechanistic	Franzosen	sind fungibel	franzosen sind fungibel
implicit_mechanistic	Franzosen	sind oberflächlich	franzosen sind oberflächlich
implicit_mechanistic	Franzosen	ihnen fehlt es an Tiefe	franzosen ihnen fehlt es an tiefe
implicit_mechanistic	Franzosen	sind simpel	franzosen sind simpel
implicit_mechanistic	Franzosen	sind träge	franzosen sind träge
implicit_mechanistic	Franzosen	sind gefühllos	franzosen sind gefühllos
implicit_mechanistic	Franzosen	sind unflexibel	franzosen sind unflexibel
implicit_mechanistic	Franzosen	sind eindimensional	franzosen sind eindimensional
implicit_mechanistic	Franzosen	sind lethargisch	franzosen sind lethargisch
implicit_mechanistic	Franzosen	sind engstirnig	franzosen sind engstirnig
implicit_mechanistic	Franzosen	sind robotisch	franzosen sind robotisch
implicit_mechanistic	Niederländer	haben keine Emotionen	niederländer haben keine emotionen
implicit_mechanistic	Niederländer	fehlt es an Emotionen	niederländer fehlt es an emotionen
implicit_mechanistic	Niederländer	sind kalt	niederländer sind kalt
implicit_mechanistic	Niederländer	sind emotionslos	niederländer sind emotionslos
implicit_mechanistic	Niederländer	sind distanziert	niederländer sind distanziert
implicit_mechanistic	Niederländer	sind apathisch	niederländer sind apathisch
implicit_mechanistic	Niederländer	sind abweisend	niederländer sind abweisend
implicit_mechanistic	Niederländer	sind in ihrem Leben inaktiv	niederländer sind in ihrem leben inaktiv
implicit_mechanistic	Niederländer	sind inaktiv	niederländer sind inaktiv
implicit_mechanistic	Niederländer	sind allgemein nicht ansprechbar	niederländer sind allgemein nicht ansprechbar
implicit_mechanistic	Niederländer	sind festgefahren in ihrer Denkweise	niederländer sind festgefahren in ihrer denkweise
implicit_mechanistic	Niederländer	ändern ihre Meinung nicht	niederländer ändern ihre meinung nicht
implicit_mechanistic	Niederländer	sind passiv	niederländer sind passiv
implicit_mechanistic	Niederländer	sind austauschbar	niederländer sind austauschbar
implicit_mechanistic	Niederländer	sind fungibel	niederländer sind fungibel
implicit_mechanistic	Niederländer	sind oberflächlich	niederländer sind oberflächlich
implicit_mechanistic	Niederländer	ihnen fehlt es an Tiefe	niederländer ihnen fehlt es an tiefe
implicit_mechanistic	Niederländer	sind simpel	niederländer sind simpel
implicit_mechanistic	Niederländer	sind träge	niederländer sind träge
implicit_mechanistic	Niederländer	sind gefühllos	niederländer sind gefühllos
implicit_mechanistic	Niederländer	sind unflexibel	niederländer sind unflexibel
implicit_mechanistic	Niederländer	sind eindimensional	niederländer sind eindimensional
implicit_mechanistic	Niederländer	sind lethargisch	niederländer sind lethargisch
implicit_mechanistic	Niederländer	sind engstirnig	niederländer sind engstirnig
implicit_mechanistic	Niederländer	sind robotisch	niederländer sind robotisch
implicit_mechanistic	Ukrainer	haben keine Emotionen	ukrainer haben keine emotionen
implicit_mechanistic	Ukrainer	fehlt es an Emotionen	ukrainer fehlt es an emotionen
implicit_mechanistic	Ukrainer	sind kalt	ukrainer sind kalt
implicit_mechanistic	Ukrainer	sind emotionslos	ukrainer sind emotionslos
implicit_mechanistic	Ukrainer	sind distanziert	ukrainer sind distanziert
implicit_mechanistic	Ukrainer	sind apathisch	ukrainer sind apathisch
implicit_mechanistic	Ukrainer	sind abweisend	ukrainer sind abweisend
implicit_mechanistic	Ukrainer	sind in ihrem Leben inaktiv	ukrainer sind in ihrem leben inaktiv
implicit_mechanistic	Ukrainer	sind inaktiv	ukrainer sind inaktiv
implicit_mechanistic	Ukrainer	sind allgemein nicht ansprechbar	ukrainer sind allgemein nicht ansprechbar
implicit_mechanistic	Ukrainer	sind festgefahren in ihrer Denkweise	ukrainer sind festgefahren in ihrer denkweise
implicit_mechanistic	Ukrainer	ändern ihre Meinung nicht	ukrainer ändern ihre meinung nicht
implicit_mechanistic	Ukrainer	sind passiv	ukrainer sind passiv
implicit_mechanistic	Ukrainer	sind austauschbar	ukrainer sind austauschbar
implicit_mechanistic	Ukrainer	sind fungibel	ukrainer sind fungibel
implicit_mechanistic	Ukrainer	sind oberflächlich	ukrainer sind oberflächlich
implicit_mechanistic	Ukrainer	ihnen fehlt es an Tiefe	ukrainer ihnen fehlt es an tiefe
implicit_mechanistic	Ukrainer	sind simpel	ukrainer sind simpel
implicit_mechanistic	Ukrainer	sind träge	ukrainer sind träge
implicit_mechanistic	Ukrainer	sind gefühllos	ukrainer sind gefühllos
implicit_mechanistic	Ukrainer	sind unflexibel	ukrainer sind unflexibel
implicit_mechanistic	Ukrainer	sind eindimensional	ukrainer sind eindimensional
implicit_mechanistic	Ukrainer	sind lethargisch	ukrainer sind lethargisch
implicit_mechanistic	Ukrainer	sind engstirnig	ukrainer sind engstirnig
implicit_mechanistic	Ukrainer	sind robotisch	ukrainer sind robotisch
implicit_mechanistic	Konservative	haben keine Emotionen	konservative haben keine emotionen
implicit_mechanistic	Konservative	fehlt es an Emotionen	konservative fehlt es an emotionen
implicit_mechanistic	Konservative	sind kalt	konservative sind kalt
implicit_mechanistic	Konservative	sind emotionslos	konservative sind emotionslos
implicit_mechanistic	Konservative	sind distanziert	konservative sind distanziert
implicit_mechanistic	Konservative	sind apathisch	konservative sind apathisch
implicit_mechanistic	Konservative	sind abweisend	konservative sind abweisend
implicit_mechanistic	Konservative	sind in ihrem Leben inaktiv	konservative sind in ihrem leben inaktiv
implicit_mechanistic	Konservative	sind inaktiv	konservative sind inaktiv
implicit_mechanistic	Konservative	sind allgemein nicht ansprechbar	konservative sind allgemein nicht ansprechbar
implicit_mechanistic	Konservative	sind festgefahren in ihrer Denkweise	konservative sind festgefahren in ihrer denkweise
implicit_mechanistic	Konservative	ändern ihre Meinung nicht	konservative ändern ihre meinung nicht
implicit_mechanistic	Konservative	sind passiv	konservative sind passiv
implicit_mechanistic	Konservative	sind austauschbar	konservative sind austauschbar
implicit_mechanistic	Konservative	sind fungibel	konservative sind fungibel
implicit_mechanistic	Konservative	sind oberflächlich	konservative sind oberflächlich
implicit_mechanistic	Konservative	ihnen fehlt es an Tiefe	konservative ihnen fehlt es an tiefe
implicit_mechanistic	Konservative	sind simpel	konservative sind simpel
implicit_mechanistic	Konservative	sind träge	konservative sind träge
implicit_mechanistic	Konservative	sind gefühllos	konservative sind gefühllos
implicit_mechanistic	Konservative	sind unflexibel	konservative sind unflexibel
implicit_mechanistic	Konservative	sind eindimensional	konservative sind eindimensional
implicit_mechanistic	Konservative	sind lethargisch	konservative sind lethargisch
implicit_mechanistic	Konservative	sind engstirnig	konservative sind engstirnig
implicit_mechanistic	Konservative	sind robotisch	konservative sind robotisch
implicit_mechanistic	Demokraten	haben keine Emotionen	demokraten haben keine emotionen
implicit_mechanistic	Demokraten	fehlt es an Emotionen	demokraten fehlt es an emotionen
implicit_mechanistic	Demokraten	sind kalt	demokraten sind kalt
implicit_mechanistic	Demokraten	sind emotionslos	demokraten sind emotionslos
implicit_mechanistic	Demokraten	sind distanziert	demokraten sind distanziert
implicit_mechanistic	Demokraten	sind apathisch	demokraten sind apathisch
implicit_mechanistic	Demokraten	sind abweisend	demokraten sind abweisend
implicit_mechanistic	Demokraten	sind in ihrem Leben inaktiv	demokraten sind in ihrem leben inaktiv
implicit_mechanistic	Demokraten	sind inaktiv	demokraten sind inaktiv
implicit_mechanistic	Demokraten	sind allgemein nicht ansprechbar	demokraten sind allgemein nicht ansprechbar
implicit_mechanistic	Demokraten	sind festgefahren in ihrer Denkweise	demokraten sind festgefahren in ihrer denkweise
implicit_mechanistic	Demokraten	ändern ihre Meinung nicht	demokraten ändern ihre meinung nicht
implicit_mechanistic	Demokraten	sind passiv	demokraten sind passiv
implicit_mechanistic	Demokraten	sind austauschbar	demokraten sind austauschbar
implicit_mechanistic	Demokraten	sind fungibel	demokraten sind fungibel
implicit_mechanistic	Demokraten	sind oberflächlich	demokraten sind oberflächlich
implicit_mechanistic	Demokraten	ihnen fehlt es an Tiefe	demokraten ihnen fehlt es an tiefe
implicit_mechanistic	Demokraten	sind simpel	demokraten sind simpel
implicit_mechanistic	Demokraten	sind träge	demokraten sind träge
implicit_mechanistic	Demokraten	sind gefühllos	demokraten sind gefühllos
implicit_mechanistic	Demokraten	sind unflexibel	demokraten sind unflexibel
implicit_mechanistic	Demokraten	sind eindimensional	demokraten sind eindimensional
implicit_mechanistic	Demokraten	sind lethargisch	demokraten sind lethargisch
implicit_mechanistic	Demokraten	sind engstirnig	demokraten sind engstirnig
implicit_mechanistic	Demokraten	sind robotisch	demokraten sind robotisch
implicit_mechanistic	Behinderte	haben keine Emotionen	behinderte haben keine emotionen
implicit_mechanistic	Behinderte	fehlt es an Emotionen	behinderte fehlt es an emotionen
implicit_mechanistic	Behinderte	sind kalt	behinderte sind kalt
implicit_mechanistic	Behinderte	sind emotionslos	behinderte sind emotionslos
implicit_mechanistic	Behinderte	sind distanziert	behinderte sind distanziert
implicit_mechanistic	Behinderte	sind apathisch	behinderte sind apathisch
implicit_mechanistic	Behinderte	sind abweisend	behinderte sind abweisend
implicit_mechanistic	Behinderte	sind in ihrem Leben inaktiv	behinderte sind in ihrem leben inaktiv
implicit_mechanistic	Behinderte	sind inaktiv	behinderte sind inaktiv
implicit_mechanistic	Behinderte	sind allgemein nicht ansprechbar	behinderte sind allgemein nicht ansprechbar
implicit_mechanistic	Behinderte	sind festgefahren in ihrer Denkweise	behinderte sind festgefahren in ihrer denkweise
implicit_mechanistic	Behinderte	ändern ihre Meinung nicht	behinderte ändern ihre meinung nicht
implicit_mechanistic	Behinderte	sind passiv	behinderte sind passiv
implicit_mechanistic	Behinderte	sind austauschbar	behinderte sind austauschbar
implicit_mechanistic	Behinderte	sind fungibel	behinderte sind fungibel
implicit_mechanistic	Behinderte	sind oberflächlich	behinderte sind oberflächlich
implicit_mechanistic	Behinderte	ihnen fehlt es an Tiefe	behinderte ihnen fehlt es an tiefe
implicit_mechanistic	Behinderte	sind simpel	behinderte sind simpel
implicit_mechanistic	Behinderte	sind träge	behinderte sind träge
implicit_mechanistic	Behinderte	sind gefühllos	behinderte sind gefühllos
implicit_mechanistic	Behinderte	sind unflexibel	behinderte sind unflexibel
implicit_mechanistic	Behinderte	sind eindimensional	behinderte sind eindimensional
implicit_mechanistic	Behinderte	sind lethargisch	behinderte sind lethargisch
implicit_mechanistic	Behinderte	sind engstirnig	behinderte sind engstirnig
implicit_mechanistic	Behinderte	sind robotisch	behinderte sind robotisch
implicit_mechanistic	Libtards	haben keine Emotionen	libtards haben keine emotionen
implicit_mechanistic	Libtards	fehlt es an Emotionen	libtards fehlt es an emotionen
implicit_mechanistic	Libtards	sind kalt	libtards sind kalt
implicit_mechanistic	Libtards	sind emotionslos	libtards sind emotionslos
implicit_mechanistic	Libtards	sind distanziert	libtards sind distanziert
implicit_mechanistic	Libtards	sind apathisch	libtards sind apathisch
implicit_mechanistic	Libtards	sind abweisend	libtards sind abweisend
implicit_mechanistic	Libtards	sind in ihrem Leben inaktiv	libtards sind in ihrem leben inaktiv
implicit_mechanistic	Libtards	sind inaktiv	libtards sind inaktiv
implicit_mechanistic	Libtards	sind allgemein nicht ansprechbar	libtards sind allgemein nicht ansprechbar
implicit_mechanistic	Libtards	sind festgefahren in ihrer Denkweise	libtards sind festgefahren in ihrer denkweise
implicit_mechanistic	Libtards	ändern ihre Meinung nicht	libtards ändern ihre meinung nicht
implicit_mechanistic	Libtards	sind passiv	libtards sind passiv
implicit_mechanistic	Libtards	sind austauschbar	libtards sind austauschbar
implicit_mechanistic	Libtards	sind fungibel	libtards sind fungibel
implicit_mechanistic	Libtards	sind oberflächlich	libtards sind oberflächlich
implicit_mechanistic	Libtards	ihnen fehlt es an Tiefe	libtards ihnen fehlt es an tiefe
implicit_mechanistic	Libtards	sind simpel	libtards sind simpel
implicit_mechanistic	Libtards	sind träge	libtards sind träge
implicit_mechanistic	Libtards	sind gefühllos	libtards sind gefühllos
implicit_mechanistic	Libtards	sind unflexibel	libtards sind unflexibel
implicit_mechanistic	Libtards	sind eindimensional	libtards sind eindimensional
implicit_mechanistic	Libtards	sind lethargisch	libtards sind lethargisch
implicit_mechanistic	Libtards	sind engstirnig	libtards sind engstirnig
implicit_mechanistic	Libtards	sind robotisch	libtards sind robotisch
implicit_mechanistic	Mongos	haben keine Emotionen	mongos haben keine emotionen
implicit_mechanistic	Mongos	fehlt es an Emotionen	mongos fehlt es an emotionen
implicit_mechanistic	Mongos	sind kalt	mongos sind kalt
implicit_mechanistic	Mongos	sind emotionslos	mongos sind emotionslos
implicit_mechanistic	Mongos	sind distanziert	mongos sind distanziert
implicit_mechanistic	Mongos	sind apathisch	mongos sind apathisch
implicit_mechanistic	Mongos	sind abweisend	mongos sind abweisend
implicit_mechanistic	Mongos	sind in ihrem Leben inaktiv	mongos sind in ihrem leben inaktiv
implicit_mechanistic	Mongos	sind inaktiv	mongos sind inaktiv
implicit_mechanistic	Mongos	sind allgemein nicht ansprechbar	mongos sind allgemein nicht ansprechbar
implicit_mechanistic	Mongos	sind festgefahren in ihrer Denkweise	mongos sind festgefahren in ihrer denkweise
implicit_mechanistic	Mongos	ändern ihre Meinung nicht	mongos ändern ihre meinung nicht
implicit_mechanistic	Mongos	sind passiv	mongos sind passiv
implicit_mechanistic	Mongos	sind austauschbar	mongos sind austauschbar
implicit_mechanistic	Mongos	sind fungibel	mongos sind fungibel
implicit_mechanistic	Mongos	sind oberflächlich	mongos sind oberflächlich
implicit_mechanistic	Mongos	ihnen fehlt es an Tiefe	mongos ihnen fehlt es an tiefe
implicit_mechanistic	Mongos	sind simpel	mongos sind simpel
implicit_mechanistic	Mongos	sind träge	mongos sind träge
implicit_mechanistic	Mongos	sind gefühllos	mongos sind gefühllos
implicit_mechanistic	Mongos	sind unflexibel	mongos sind unflexibel
implicit_mechanistic	Mongos	sind eindimensional	mongos sind eindimensional
implicit_mechanistic	Mongos	sind lethargisch	mongos sind lethargisch
implicit_mechanistic	Mongos	sind engstirnig	mongos sind engstirnig
implicit_mechanistic	Mongos	sind robotisch	mongos sind robotisch
implicit_mechanistic	Spasten	haben keine Emotionen	spasten haben keine emotionen
implicit_mechanistic	Spasten	fehlt es an Emotionen	spasten fehlt es an emotionen
implicit_mechanistic	Spasten	sind kalt	spasten sind kalt
implicit_mechanistic	Spasten	sind emotionslos	spasten sind emotionslos
implicit_mechanistic	Spasten	sind distanziert	spasten sind distanziert
implicit_mechanistic	Spasten	sind apathisch	spasten sind apathisch
implicit_mechanistic	Spasten	sind abweisend	spasten sind abweisend
implicit_mechanistic	Spasten	sind in ihrem Leben inaktiv	spasten sind in ihrem leben inaktiv
implicit_mechanistic	Spasten	sind inaktiv	spasten sind inaktiv
implicit_mechanistic	Spasten	sind allgemein nicht ansprechbar	spasten sind allgemein nicht ansprechbar
implicit_mechanistic	Spasten	sind festgefahren in ihrer Denkweise	spasten sind festgefahren in ihrer denkweise
implicit_mechanistic	Spasten	ändern ihre Meinung nicht	spasten ändern ihre meinung nicht
implicit_mechanistic	Spasten	sind passiv	spasten sind passiv
implicit_mechanistic	Spasten	sind austauschbar	spasten sind austauschbar
implicit_mechanistic	Spasten	sind fungibel	spasten sind fungibel
implicit_mechanistic	Spasten	sind oberflächlich	spasten sind oberflächlich
implicit_mechanistic	Spasten	ihnen fehlt es an Tiefe	spasten ihnen fehlt es an tiefe
implicit_mechanistic	Spasten	sind simpel	spasten sind simpel
implicit_mechanistic	Spasten	sind träge	spasten sind träge
implicit_mechanistic	Spasten	sind gefühllos	spasten sind gefühllos
implicit_mechanistic	Spasten	sind unflexibel	spasten sind unflexibel
implicit_mechanistic	Spasten	sind eindimensional	spasten sind eindimensional
implicit_mechanistic	Spasten	sind lethargisch	spasten sind lethargisch
implicit_mechanistic	Spasten	sind engstirnig	spasten sind engstirnig
implicit_mechanistic	Spasten	sind robotisch	spasten sind robotisch
implicit_mechanistic	Tards	haben keine Emotionen	tards haben keine emotionen
implicit_mechanistic	Tards	fehlt es an Emotionen	tards fehlt es an emotionen
implicit_mechanistic	Tards	sind kalt	tards sind kalt
implicit_mechanistic	Tards	sind emotionslos	tards sind emotionslos
implicit_mechanistic	Tards	sind distanziert	tards sind distanziert
implicit_mechanistic	Tards	sind apathisch	tards sind apathisch
implicit_mechanistic	Tards	sind abweisend	tards sind abweisend
implicit_mechanistic	Tards	sind in ihrem Leben inaktiv	tards sind in ihrem leben inaktiv
implicit_mechanistic	Tards	sind inaktiv	tards sind inaktiv
implicit_mechanistic	Tards	sind allgemein nicht ansprechbar	tards sind allgemein nicht ansprechbar
implicit_mechanistic	Tards	sind festgefahren in ihrer Denkweise	tards sind festgefahren in ihrer denkweise
implicit_mechanistic	Tards	ändern ihre Meinung nicht	tards ändern ihre meinung nicht
implicit_mechanistic	Tards	sind passiv	tards sind passiv
implicit_mechanistic	Tards	sind austauschbar	tards sind austauschbar
implicit_mechanistic	Tards	sind fungibel	tards sind fungibel
implicit_mechanistic	Tards	sind oberflächlich	tards sind oberflächlich
implicit_mechanistic	Tards	ihnen fehlt es an Tiefe	tards ihnen fehlt es an tiefe
implicit_mechanistic	Tards	sind simpel	tards sind simpel
implicit_mechanistic	Tards	sind träge	tards sind träge
implicit_mechanistic	Tards	sind gefühllos	tards sind gefühllos
implicit_mechanistic	Tards	sind unflexibel	tards sind unflexibel
implicit_mechanistic	Tards	sind eindimensional	tards sind eindimensional
implicit_mechanistic	Tards	sind lethargisch	tards sind lethargisch
implicit_mechanistic	Tards	sind engstirnig	tards sind engstirnig
implicit_mechanistic	Tards	sind robotisch	tards sind robotisch
implicit_mechanistic	Ältere	haben keine Emotionen	ältere haben keine emotionen
implicit_mechanistic	Ältere	fehlt es an Emotionen	ältere fehlt es an emotionen
implicit_mechanistic	Ältere	sind kalt	ältere sind kalt
implicit_mechanistic	Ältere	sind emotionslos	ältere sind emotionslos
implicit_mechanistic	Ältere	sind distanziert	ältere sind distanziert
implicit_mechanistic	Ältere	sind apathisch	ältere sind apathisch
implicit_mechanistic	Ältere	sind abweisend	ältere sind abweisend
implicit_mechanistic	Ältere	sind in ihrem Leben inaktiv	ältere sind in ihrem leben inaktiv
implicit_mechanistic	Ältere	sind inaktiv	ältere sind inaktiv
implicit_mechanistic	Ältere	sind allgemein nicht ansprechbar	ältere sind allgemein nicht ansprechbar
implicit_mechanistic	Ältere	sind festgefahren in ihrer Denkweise	ältere sind festgefahren in ihrer denkweise
implicit_mechanistic	Ältere	ändern ihre Meinung nicht	ältere ändern ihre meinung nicht
implicit_mechanistic	Ältere	sind passiv	ältere sind passiv
implicit_mechanistic	Ältere	sind austauschbar	ältere sind austauschbar
implicit_mechanistic	Ältere	sind fungibel	ältere sind fungibel
implicit_mechanistic	Ältere	sind oberflächlich	ältere sind oberflächlich
implicit_mechanistic	Ältere	ihnen fehlt es an Tiefe	ältere ihnen fehlt es an tiefe
implicit_mechanistic	Ältere	sind simpel	ältere sind simpel
implicit_mechanistic	Ältere	sind träge	ältere sind träge
implicit_mechanistic	Ältere	sind gefühllos	ältere sind gefühllos
implicit_mechanistic	Ältere	sind unflexibel	ältere sind unflexibel
implicit_mechanistic	Ältere	sind eindimensional	ältere sind eindimensional
implicit_mechanistic	Ältere	sind lethargisch	ältere sind lethargisch
implicit_mechanistic	Ältere	sind engstirnig	ältere sind engstirnig
implicit_mechanistic	Ältere	sind robotisch	ältere sind robotisch
implicit_mechanistic	Ältere Frauen	haben keine Emotionen	ältere frauen haben keine emotionen
implicit_mechanistic	Ältere Frauen	fehlt es an Emotionen	ältere frauen fehlt es an emotionen
implicit_mechanistic	Ältere Frauen	sind kalt	ältere frauen sind kalt
implicit_mechanistic	Ältere Frauen	sind emotionslos	ältere frauen sind emotionslos
implicit_mechanistic	Ältere Frauen	sind distanziert	ältere frauen sind distanziert
implicit_mechanistic	Ältere Frauen	sind apathisch	ältere frauen sind apathisch
implicit_mechanistic	Ältere Frauen	sind abweisend	ältere frauen sind abweisend
implicit_mechanistic	Ältere Frauen	sind in ihrem Leben inaktiv	ältere frauen sind in ihrem leben inaktiv
implicit_mechanistic	Ältere Frauen	sind inaktiv	ältere frauen sind inaktiv
implicit_mechanistic	Ältere Frauen	sind allgemein nicht ansprechbar	ältere frauen sind allgemein nicht ansprechbar
implicit_mechanistic	Ältere Frauen	sind festgefahren in ihrer Denkweise	ältere frauen sind festgefahren in ihrer denkweise
implicit_mechanistic	Ältere Frauen	ändern ihre Meinung nicht	ältere frauen ändern ihre meinung nicht
implicit_mechanistic	Ältere Frauen	sind passiv	ältere frauen sind passiv
implicit_mechanistic	Ältere Frauen	sind austauschbar	ältere frauen sind austauschbar
implicit_mechanistic	Ältere Frauen	sind fungibel	ältere frauen sind fungibel
implicit_mechanistic	Ältere Frauen	sind oberflächlich	ältere frauen sind oberflächlich
implicit_mechanistic	Ältere Frauen	ihnen fehlt es an Tiefe	ältere frauen ihnen fehlt es an tiefe
implicit_mechanistic	Ältere Frauen	sind simpel	ältere frauen sind simpel
implicit_mechanistic	Ältere Frauen	sind träge	ältere frauen sind träge
implicit_mechanistic	Ältere Frauen	sind gefühllos	ältere frauen sind gefühllos
implicit_mechanistic	Ältere Frauen	sind unflexibel	ältere frauen sind unflexibel
implicit_mechanistic	Ältere Frauen	sind eindimensional	ältere frauen sind eindimensional
implicit_mechanistic	Ältere Frauen	sind lethargisch	ältere frauen sind lethargisch
implicit_mechanistic	Ältere Frauen	sind engstirnig	ältere frauen sind engstirnig
implicit_mechanistic	Ältere Frauen	sind robotisch	ältere frauen sind robotisch
implicit_mechanistic	Ältere Männer	haben keine Emotionen	ältere männer haben keine emotionen
implicit_mechanistic	Ältere Männer	fehlt es an Emotionen	ältere männer fehlt es an emotionen
implicit_mechanistic	Ältere Männer	sind kalt	ältere männer sind kalt
implicit_mechanistic	Ältere Männer	sind emotionslos	ältere männer sind emotionslos
implicit_mechanistic	Ältere Männer	sind distanziert	ältere männer sind distanziert
implicit_mechanistic	Ältere Männer	sind apathisch	ältere männer sind apathisch
implicit_mechanistic	Ältere Männer	sind abweisend	ältere männer sind abweisend
implicit_mechanistic	Ältere Männer	sind in ihrem Leben inaktiv	ältere männer sind in ihrem leben inaktiv
implicit_mechanistic	Ältere Männer	sind inaktiv	ältere männer sind inaktiv
implicit_mechanistic	Ältere Männer	sind allgemein nicht ansprechbar	ältere männer sind allgemein nicht ansprechbar
implicit_mechanistic	Ältere Männer	sind festgefahren in ihrer Denkweise	ältere männer sind festgefahren in ihrer denkweise
implicit_mechanistic	Ältere Männer	ändern ihre Meinung nicht	ältere männer ändern ihre meinung nicht
implicit_mechanistic	Ältere Männer	sind passiv	ältere männer sind passiv
implicit_mechanistic	Ältere Männer	sind austauschbar	ältere männer sind austauschbar
implicit_mechanistic	Ältere Männer	sind fungibel	ältere männer sind fungibel
implicit_mechanistic	Ältere Männer	sind oberflächlich	ältere männer sind oberflächlich
implicit_mechanistic	Ältere Männer	ihnen fehlt es an Tiefe	ältere männer ihnen fehlt es an tiefe
implicit_mechanistic	Ältere Männer	sind simpel	ältere männer sind simpel
implicit_mechanistic	Ältere Männer	sind träge	ältere männer sind träge
implicit_mechanistic	Ältere Männer	sind gefühllos	ältere männer sind gefühllos
implicit_mechanistic	Ältere Männer	sind unflexibel	ältere männer sind unflexibel
implicit_mechanistic	Ältere Männer	sind eindimensional	ältere männer sind eindimensional
implicit_mechanistic	Ältere Männer	sind lethargisch	ältere männer sind lethargisch
implicit_mechanistic	Ältere Männer	sind engstirnig	ältere männer sind engstirnig
implicit_mechanistic	Ältere Männer	sind robotisch	ältere männer sind robotisch
implicit_mechanistic	Senioren	haben keine Emotionen	senioren haben keine emotionen
implicit_mechanistic	Senioren	fehlt es an Emotionen	senioren fehlt es an emotionen
implicit_mechanistic	Senioren	sind kalt	senioren sind kalt
implicit_mechanistic	Senioren	sind emotionslos	senioren sind emotionslos
implicit_mechanistic	Senioren	sind distanziert	senioren sind distanziert
implicit_mechanistic	Senioren	sind apathisch	senioren sind apathisch
implicit_mechanistic	Senioren	sind abweisend	senioren sind abweisend
implicit_mechanistic	Senioren	sind in ihrem Leben inaktiv	senioren sind in ihrem leben inaktiv
implicit_mechanistic	Senioren	sind inaktiv	senioren sind inaktiv
implicit_mechanistic	Senioren	sind allgemein nicht ansprechbar	senioren sind allgemein nicht ansprechbar
implicit_mechanistic	Senioren	sind festgefahren in ihrer Denkweise	senioren sind festgefahren in ihrer denkweise
implicit_mechanistic	Senioren	ändern ihre Meinung nicht	senioren ändern ihre meinung nicht
implicit_mechanistic	Senioren	sind passiv	senioren sind passiv
implicit_mechanistic	Senioren	sind austauschbar	senioren sind austauschbar
implicit_mechanistic	Senioren	sind fungibel	senioren sind fungibel
implicit_mechanistic	Senioren	sind oberflächlich	senioren sind oberflächlich
implicit_mechanistic	Senioren	ihnen fehlt es an Tiefe	senioren ihnen fehlt es an tiefe
implicit_mechanistic	Senioren	sind simpel	senioren sind simpel
implicit_mechanistic	Senioren	sind träge	senioren sind träge
implicit_mechanistic	Senioren	sind gefühllos	senioren sind gefühllos
implicit_mechanistic	Senioren	sind unflexibel	senioren sind unflexibel
implicit_mechanistic	Senioren	sind eindimensional	senioren sind eindimensional
implicit_mechanistic	Senioren	sind lethargisch	senioren sind lethargisch
implicit_mechanistic	Senioren	sind engstirnig	senioren sind engstirnig
implicit_mechanistic	Senioren	sind robotisch	senioren sind robotisch
implicit_mechanistic	Alte Leute	haben keine Emotionen	alte leute haben keine emotionen
implicit_mechanistic	Alte Leute	fehlt es an Emotionen	alte leute fehlt es an emotionen
implicit_mechanistic	Alte Leute	sind kalt	alte leute sind kalt
implicit_mechanistic	Alte Leute	sind emotionslos	alte leute sind emotionslos
implicit_mechanistic	Alte Leute	sind distanziert	alte leute sind distanziert
implicit_mechanistic	Alte Leute	sind apathisch	alte leute sind apathisch
implicit_mechanistic	Alte Leute	sind abweisend	alte leute sind abweisend
implicit_mechanistic	Alte Leute	sind in ihrem Leben inaktiv	alte leute sind in ihrem leben inaktiv
implicit_mechanistic	Alte Leute	sind inaktiv	alte leute sind inaktiv
implicit_mechanistic	Alte Leute	sind allgemein nicht ansprechbar	alte leute sind allgemein nicht ansprechbar
implicit_mechanistic	Alte Leute	sind festgefahren in ihrer Denkweise	alte leute sind festgefahren in ihrer denkweise
implicit_mechanistic	Alte Leute	ändern ihre Meinung nicht	alte leute ändern ihre meinung nicht
implicit_mechanistic	Alte Leute	sind passiv	alte leute sind passiv
implicit_mechanistic	Alte Leute	sind austauschbar	alte leute sind austauschbar
implicit_mechanistic	Alte Leute	sind fungibel	alte leute sind fungibel
implicit_mechanistic	Alte Leute	sind oberflächlich	alte leute sind oberflächlich
implicit_mechanistic	Alte Leute	ihnen fehlt es an Tiefe	alte leute ihnen fehlt es an tiefe
implicit_mechanistic	Alte Leute	sind simpel	alte leute sind simpel
implicit_mechanistic	Alte Leute	sind träge	alte leute sind träge
implicit_mechanistic	Alte Leute	sind gefühllos	alte leute sind gefühllos
implicit_mechanistic	Alte Leute	sind unflexibel	alte leute sind unflexibel
implicit_mechanistic	Alte Leute	sind eindimensional	alte leute sind eindimensional
implicit_mechanistic	Alte Leute	sind lethargisch	alte leute sind lethargisch
implicit_mechanistic	Alte Leute	sind engstirnig	alte leute sind engstirnig
implicit_mechanistic	Alte Leute	sind robotisch	alte leute sind robotisch
implicit_mechanistic	Alte Personen	haben keine Emotionen	alte personen haben keine emotionen
implicit_mechanistic	Alte Personen	fehlt es an Emotionen	alte personen fehlt es an emotionen
implicit_mechanistic	Alte Personen	sind kalt	alte personen sind kalt
implicit_mechanistic	Alte Personen	sind emotionslos	alte personen sind emotionslos
implicit_mechanistic	Alte Personen	sind distanziert	alte personen sind distanziert
implicit_mechanistic	Alte Personen	sind apathisch	alte personen sind apathisch
implicit_mechanistic	Alte Personen	sind abweisend	alte personen sind abweisend
implicit_mechanistic	Alte Personen	sind in ihrem Leben inaktiv	alte personen sind in ihrem leben inaktiv
implicit_mechanistic	Alte Personen	sind inaktiv	alte personen sind inaktiv
implicit_mechanistic	Alte Personen	sind allgemein nicht ansprechbar	alte personen sind allgemein nicht ansprechbar
implicit_mechanistic	Alte Personen	sind festgefahren in ihrer Denkweise	alte personen sind festgefahren in ihrer denkweise
implicit_mechanistic	Alte Personen	ändern ihre Meinung nicht	alte personen ändern ihre meinung nicht
implicit_mechanistic	Alte Personen	sind passiv	alte personen sind passiv
implicit_mechanistic	Alte Personen	sind austauschbar	alte personen sind austauschbar
implicit_mechanistic	Alte Personen	sind fungibel	alte personen sind fungibel
implicit_mechanistic	Alte Personen	sind oberflächlich	alte personen sind oberflächlich
implicit_mechanistic	Alte Personen	ihnen fehlt es an Tiefe	alte personen ihnen fehlt es an tiefe
implicit_mechanistic	Alte Personen	sind simpel	alte personen sind simpel
implicit_mechanistic	Alte Personen	sind träge	alte personen sind träge
implicit_mechanistic	Alte Personen	sind gefühllos	alte personen sind gefühllos
implicit_mechanistic	Alte Personen	sind unflexibel	alte personen sind unflexibel
implicit_mechanistic	Alte Personen	sind eindimensional	alte personen sind eindimensional
implicit_mechanistic	Alte Personen	sind lethargisch	alte personen sind lethargisch
implicit_mechanistic	Alte Personen	sind engstirnig	alte personen sind engstirnig
implicit_mechanistic	Alte Personen	sind robotisch	alte personen sind robotisch
implicit_mechanistic	Patienten	haben keine Emotionen	patienten haben keine emotionen
implicit_mechanistic	Patienten	fehlt es an Emotionen	patienten fehlt es an emotionen
implicit_mechanistic	Patienten	sind kalt	patienten sind kalt
implicit_mechanistic	Patienten	sind emotionslos	patienten sind emotionslos
implicit_mechanistic	Patienten	sind distanziert	patienten sind distanziert
implicit_mechanistic	Patienten	sind apathisch	patienten sind apathisch
implicit_mechanistic	Patienten	sind abweisend	patienten sind abweisend
implicit_mechanistic	Patienten	sind in ihrem Leben inaktiv	patienten sind in ihrem leben inaktiv
implicit_mechanistic	Patienten	sind inaktiv	patienten sind inaktiv
implicit_mechanistic	Patienten	sind allgemein nicht ansprechbar	patienten sind allgemein nicht ansprechbar
implicit_mechanistic	Patienten	sind festgefahren in ihrer Denkweise	patienten sind festgefahren in ihrer denkweise
implicit_mechanistic	Patienten	ändern ihre Meinung nicht	patienten ändern ihre meinung nicht
implicit_mechanistic	Patienten	sind passiv	patienten sind passiv
implicit_mechanistic	Patienten	sind austauschbar	patienten sind austauschbar
implicit_mechanistic	Patienten	sind fungibel	patienten sind fungibel
implicit_mechanistic	Patienten	sind oberflächlich	patienten sind oberflächlich
implicit_mechanistic	Patienten	ihnen fehlt es an Tiefe	patienten ihnen fehlt es an tiefe
implicit_mechanistic	Patienten	sind simpel	patienten sind simpel
implicit_mechanistic	Patienten	sind träge	patienten sind träge
implicit_mechanistic	Patienten	sind gefühllos	patienten sind gefühllos
implicit_mechanistic	Patienten	sind unflexibel	patienten sind unflexibel
implicit_mechanistic	Patienten	sind eindimensional	patienten sind eindimensional
implicit_mechanistic	Patienten	sind lethargisch	patienten sind lethargisch
implicit_mechanistic	Patienten	sind engstirnig	patienten sind engstirnig
implicit_mechanistic	Patienten	sind robotisch	patienten sind robotisch
implicit_mechanistic	Kriminelle	haben keine Emotionen	kriminelle haben keine emotionen
implicit_mechanistic	Kriminelle	fehlt es an Emotionen	kriminelle fehlt es an emotionen
implicit_mechanistic	Kriminelle	sind kalt	kriminelle sind kalt
implicit_mechanistic	Kriminelle	sind emotionslos	kriminelle sind emotionslos
implicit_mechanistic	Kriminelle	sind distanziert	kriminelle sind distanziert
implicit_mechanistic	Kriminelle	sind apathisch	kriminelle sind apathisch
implicit_mechanistic	Kriminelle	sind abweisend	kriminelle sind abweisend
implicit_mechanistic	Kriminelle	sind in ihrem Leben inaktiv	kriminelle sind in ihrem leben inaktiv
implicit_mechanistic	Kriminelle	sind inaktiv	kriminelle sind inaktiv
implicit_mechanistic	Kriminelle	sind allgemein nicht ansprechbar	kriminelle sind allgemein nicht ansprechbar
implicit_mechanistic	Kriminelle	sind festgefahren in ihrer Denkweise	kriminelle sind festgefahren in ihrer denkweise
implicit_mechanistic	Kriminelle	ändern ihre Meinung nicht	kriminelle ändern ihre meinung nicht
implicit_mechanistic	Kriminelle	sind passiv	kriminelle sind passiv
implicit_mechanistic	Kriminelle	sind austauschbar	kriminelle sind austauschbar
implicit_mechanistic	Kriminelle	sind fungibel	kriminelle sind fungibel
implicit_mechanistic	Kriminelle	sind oberflächlich	kriminelle sind oberflächlich
implicit_mechanistic	Kriminelle	ihnen fehlt es an Tiefe	kriminelle ihnen fehlt es an tiefe
implicit_mechanistic	Kriminelle	sind simpel	kriminelle sind simpel
implicit_mechanistic	Kriminelle	sind träge	kriminelle sind träge
implicit_mechanistic	Kriminelle	sind gefühllos	kriminelle sind gefühllos
implicit_mechanistic	Kriminelle	sind unflexibel	kriminelle sind unflexibel
implicit_mechanistic	Kriminelle	sind eindimensional	kriminelle sind eindimensional
implicit_mechanistic	Kriminelle	sind lethargisch	kriminelle sind lethargisch
implicit_mechanistic	Kriminelle	sind engstirnig	kriminelle sind engstirnig
implicit_mechanistic	Kriminelle	sind robotisch	kriminelle sind robotisch
implicit_mechanistic	Diebe	haben keine Emotionen	diebe haben keine emotionen
implicit_mechanistic	Diebe	fehlt es an Emotionen	diebe fehlt es an emotionen
implicit_mechanistic	Diebe	sind kalt	diebe sind kalt
implicit_mechanistic	Diebe	sind emotionslos	diebe sind emotionslos
implicit_mechanistic	Diebe	sind distanziert	diebe sind distanziert
implicit_mechanistic	Diebe	sind apathisch	diebe sind apathisch
implicit_mechanistic	Diebe	sind abweisend	diebe sind abweisend
implicit_mechanistic	Diebe	sind in ihrem Leben inaktiv	diebe sind in ihrem leben inaktiv
implicit_mechanistic	Diebe	sind inaktiv	diebe sind inaktiv
implicit_mechanistic	Diebe	sind allgemein nicht ansprechbar	diebe sind allgemein nicht ansprechbar
implicit_mechanistic	Diebe	sind festgefahren in ihrer Denkweise	diebe sind festgefahren in ihrer denkweise
implicit_mechanistic	Diebe	ändern ihre Meinung nicht	diebe ändern ihre meinung nicht
implicit_mechanistic	Diebe	sind passiv	diebe sind passiv
implicit_mechanistic	Diebe	sind austauschbar	diebe sind austauschbar
implicit_mechanistic	Diebe	sind fungibel	diebe sind fungibel
implicit_mechanistic	Diebe	sind oberflächlich	diebe sind oberflächlich
implicit_mechanistic	Diebe	ihnen fehlt es an Tiefe	diebe ihnen fehlt es an tiefe
implicit_mechanistic	Diebe	sind simpel	diebe sind simpel
implicit_mechanistic	Diebe	sind träge	diebe sind träge
implicit_mechanistic	Diebe	sind gefühllos	diebe sind gefühllos
implicit_mechanistic	Diebe	sind unflexibel	diebe sind unflexibel
implicit_mechanistic	Diebe	sind eindimensional	diebe sind eindimensional
implicit_mechanistic	Diebe	sind lethargisch	diebe sind lethargisch
implicit_mechanistic	Diebe	sind engstirnig	diebe sind engstirnig
implicit_mechanistic	Diebe	sind robotisch	diebe sind robotisch
implicit_mechanistic	Straftäter	haben keine Emotionen	straftäter haben keine emotionen
implicit_mechanistic	Straftäter	fehlt es an Emotionen	straftäter fehlt es an emotionen
implicit_mechanistic	Straftäter	sind kalt	straftäter sind kalt
implicit_mechanistic	Straftäter	sind emotionslos	straftäter sind emotionslos
implicit_mechanistic	Straftäter	sind distanziert	straftäter sind distanziert
implicit_mechanistic	Straftäter	sind apathisch	straftäter sind apathisch
implicit_mechanistic	Straftäter	sind abweisend	straftäter sind abweisend
implicit_mechanistic	Straftäter	sind in ihrem Leben inaktiv	straftäter sind in ihrem leben inaktiv
implicit_mechanistic	Straftäter	sind inaktiv	straftäter sind inaktiv
implicit_mechanistic	Straftäter	sind allgemein nicht ansprechbar	straftäter sind allgemein nicht ansprechbar
implicit_mechanistic	Straftäter	sind festgefahren in ihrer Denkweise	straftäter sind festgefahren in ihrer denkweise
implicit_mechanistic	Straftäter	ändern ihre Meinung nicht	straftäter ändern ihre meinung nicht
implicit_mechanistic	Straftäter	sind passiv	straftäter sind passiv
implicit_mechanistic	Straftäter	sind austauschbar	straftäter sind austauschbar
implicit_mechanistic	Straftäter	sind fungibel	straftäter sind fungibel
implicit_mechanistic	Straftäter	sind oberflächlich	straftäter sind oberflächlich
implicit_mechanistic	Straftäter	ihnen fehlt es an Tiefe	straftäter ihnen fehlt es an tiefe
implicit_mechanistic	Straftäter	sind simpel	straftäter sind simpel
implicit_mechanistic	Straftäter	sind träge	straftäter sind träge
implicit_mechanistic	Straftäter	sind gefühllos	straftäter sind gefühllos
implicit_mechanistic	Straftäter	sind unflexibel	straftäter sind unflexibel
implicit_mechanistic	Straftäter	sind eindimensional	straftäter sind eindimensional
implicit_mechanistic	Straftäter	sind lethargisch	straftäter sind lethargisch
implicit_mechanistic	Straftäter	sind engstirnig	straftäter sind engstirnig
implicit_mechanistic	Straftäter	sind robotisch	straftäter sind robotisch
implicit_mechanistic	Häftlinge	haben keine Emotionen	häftlinge haben keine emotionen
implicit_mechanistic	Häftlinge	fehlt es an Emotionen	häftlinge fehlt es an emotionen
implicit_mechanistic	Häftlinge	sind kalt	häftlinge sind kalt
implicit_mechanistic	Häftlinge	sind emotionslos	häftlinge sind emotionslos
implicit_mechanistic	Häftlinge	sind distanziert	häftlinge sind distanziert
implicit_mechanistic	Häftlinge	sind apathisch	häftlinge sind apathisch
implicit_mechanistic	Häftlinge	sind abweisend	häftlinge sind abweisend
implicit_mechanistic	Häftlinge	sind in ihrem Leben inaktiv	häftlinge sind in ihrem leben inaktiv
implicit_mechanistic	Häftlinge	sind inaktiv	häftlinge sind inaktiv
implicit_mechanistic	Häftlinge	sind allgemein nicht ansprechbar	häftlinge sind allgemein nicht ansprechbar
implicit_mechanistic	Häftlinge	sind festgefahren in ihrer Denkweise	häftlinge sind festgefahren in ihrer denkweise
implicit_mechanistic	Häftlinge	ändern ihre Meinung nicht	häftlinge ändern ihre meinung nicht
implicit_mechanistic	Häftlinge	sind passiv	häftlinge sind passiv
implicit_mechanistic	Häftlinge	sind austauschbar	häftlinge sind austauschbar
implicit_mechanistic	Häftlinge	sind fungibel	häftlinge sind fungibel
implicit_mechanistic	Häftlinge	sind oberflächlich	häftlinge sind oberflächlich
implicit_mechanistic	Häftlinge	ihnen fehlt es an Tiefe	häftlinge ihnen fehlt es an tiefe
implicit_mechanistic	Häftlinge	sind simpel	häftlinge sind simpel
implicit_mechanistic	Häftlinge	sind träge	häftlinge sind träge
implicit_mechanistic	Häftlinge	sind gefühllos	häftlinge sind gefühllos
implicit_mechanistic	Häftlinge	sind unflexibel	häftlinge sind unflexibel
implicit_mechanistic	Häftlinge	sind eindimensional	häftlinge sind eindimensional
implicit_mechanistic	Häftlinge	sind lethargisch	häftlinge sind lethargisch
implicit_mechanistic	Häftlinge	sind engstirnig	häftlinge sind engstirnig
implicit_mechanistic	Häftlinge	sind robotisch	häftlinge sind robotisch
implicit_mechanistic	Gefangene	haben keine Emotionen	gefangene haben keine emotionen
implicit_mechanistic	Gefangene	fehlt es an Emotionen	gefangene fehlt es an emotionen
implicit_mechanistic	Gefangene	sind kalt	gefangene sind kalt
implicit_mechanistic	Gefangene	sind emotionslos	gefangene sind emotionslos
implicit_mechanistic	Gefangene	sind distanziert	gefangene sind distanziert
implicit_mechanistic	Gefangene	sind apathisch	gefangene sind apathisch
implicit_mechanistic	Gefangene	sind abweisend	gefangene sind abweisend
implicit_mechanistic	Gefangene	sind in ihrem Leben inaktiv	gefangene sind in ihrem leben inaktiv
implicit_mechanistic	Gefangene	sind inaktiv	gefangene sind inaktiv
implicit_mechanistic	Gefangene	sind allgemein nicht ansprechbar	gefangene sind allgemein nicht ansprechbar
implicit_mechanistic	Gefangene	sind festgefahren in ihrer Denkweise	gefangene sind festgefahren in ihrer denkweise
implicit_mechanistic	Gefangene	ändern ihre Meinung nicht	gefangene ändern ihre meinung nicht
implicit_mechanistic	Gefangene	sind passiv	gefangene sind passiv
implicit_mechanistic	Gefangene	sind austauschbar	gefangene sind austauschbar
implicit_mechanistic	Gefangene	sind fungibel	gefangene sind fungibel
implicit_mechanistic	Gefangene	sind oberflächlich	gefangene sind oberflächlich
implicit_mechanistic	Gefangene	ihnen fehlt es an Tiefe	gefangene ihnen fehlt es an tiefe
implicit_mechanistic	Gefangene	sind simpel	gefangene sind simpel
implicit_mechanistic	Gefangene	sind träge	gefangene sind träge
implicit_mechanistic	Gefangene	sind gefühllos	gefangene sind gefühllos
implicit_mechanistic	Gefangene	sind unflexibel	gefangene sind unflexibel
implicit_mechanistic	Gefangene	sind eindimensional	gefangene sind eindimensional
implicit_mechanistic	Gefangene	sind lethargisch	gefangene sind lethargisch
implicit_mechanistic	Gefangene	sind engstirnig	gefangene sind engstirnig
implicit_mechanistic	Gefangene	sind robotisch	gefangene sind robotisch
implicit_mechanistic	Israelis	haben keine Emotionen	israelis haben keine emotionen
implicit_mechanistic	Israelis	fehlt es an Emotionen	israelis fehlt es an emotionen
implicit_mechanistic	Israelis	sind kalt	israelis sind kalt
implicit_mechanistic	Israelis	sind emotionslos	israelis sind emotionslos
implicit_mechanistic	Israelis	sind distanziert	israelis sind distanziert
implicit_mechanistic	Israelis	sind apathisch	israelis sind apathisch
implicit_mechanistic	Israelis	sind abweisend	israelis sind abweisend
implicit_mechanistic	Israelis	sind in ihrem Leben inaktiv	israelis sind in ihrem leben inaktiv
implicit_mechanistic	Israelis	sind inaktiv	israelis sind inaktiv
implicit_mechanistic	Israelis	sind allgemein nicht ansprechbar	israelis sind allgemein nicht ansprechbar
implicit_mechanistic	Israelis	sind festgefahren in ihrer Denkweise	israelis sind festgefahren in ihrer denkweise
implicit_mechanistic	Israelis	ändern ihre Meinung nicht	israelis ändern ihre meinung nicht
implicit_mechanistic	Israelis	sind passiv	israelis sind passiv
implicit_mechanistic	Israelis	sind austauschbar	israelis sind austauschbar
implicit_mechanistic	Israelis	sind fungibel	israelis sind fungibel
implicit_mechanistic	Israelis	sind oberflächlich	israelis sind oberflächlich
implicit_mechanistic	Israelis	ihnen fehlt es an Tiefe	israelis ihnen fehlt es an tiefe
implicit_mechanistic	Israelis	sind simpel	israelis sind simpel
implicit_mechanistic	Israelis	sind träge	israelis sind träge
implicit_mechanistic	Israelis	sind gefühllos	israelis sind gefühllos
implicit_mechanistic	Israelis	sind unflexibel	israelis sind unflexibel
implicit_mechanistic	Israelis	sind eindimensional	israelis sind eindimensional
implicit_mechanistic	Israelis	sind lethargisch	israelis sind lethargisch
implicit_mechanistic	Israelis	sind engstirnig	israelis sind engstirnig
implicit_mechanistic	Israelis	sind robotisch	israelis sind robotisch
implicit_mechanistic	Palästinenser	haben keine Emotionen	palästinenser haben keine emotionen
implicit_mechanistic	Palästinenser	fehlt es an Emotionen	palästinenser fehlt es an emotionen
implicit_mechanistic	Palästinenser	sind kalt	palästinenser sind kalt
implicit_mechanistic	Palästinenser	sind emotionslos	palästinenser sind emotionslos
implicit_mechanistic	Palästinenser	sind distanziert	palästinenser sind distanziert
implicit_mechanistic	Palästinenser	sind apathisch	palästinenser sind apathisch
implicit_mechanistic	Palästinenser	sind abweisend	palästinenser sind abweisend
implicit_mechanistic	Palästinenser	sind in ihrem Leben inaktiv	palästinenser sind in ihrem leben inaktiv
implicit_mechanistic	Palästinenser	sind inaktiv	palästinenser sind inaktiv
implicit_mechanistic	Palästinenser	sind allgemein nicht ansprechbar	palästinenser sind allgemein nicht ansprechbar
implicit_mechanistic	Palästinenser	sind festgefahren in ihrer Denkweise	palästinenser sind festgefahren in ihrer denkweise
implicit_mechanistic	Palästinenser	ändern ihre Meinung nicht	palästinenser ändern ihre meinung nicht
implicit_mechanistic	Palästinenser	sind passiv	palästinenser sind passiv
implicit_mechanistic	Palästinenser	sind austauschbar	palästinenser sind austauschbar
implicit_mechanistic	Palästinenser	sind fungibel	palästinenser sind fungibel
implicit_mechanistic	Palästinenser	sind oberflächlich	palästinenser sind oberflächlich
implicit_mechanistic	Palästinenser	ihnen fehlt es an Tiefe	palästinenser ihnen fehlt es an tiefe
implicit_mechanistic	Palästinenser	sind simpel	palästinenser sind simpel
implicit_mechanistic	Palästinenser	sind träge	palästinenser sind träge
implicit_mechanistic	Palästinenser	sind gefühllos	palästinenser sind gefühllos
implicit_mechanistic	Palästinenser	sind unflexibel	palästinenser sind unflexibel
implicit_mechanistic	Palästinenser	sind eindimensional	palästinenser sind eindimensional
implicit_mechanistic	Palästinenser	sind lethargisch	palästinenser sind lethargisch
implicit_mechanistic	Palästinenser	sind engstirnig	palästinenser sind engstirnig
implicit_mechanistic	Palästinenser	sind robotisch	palästinenser sind robotisch
implicit_mechanistic	Arbeiter	haben keine Emotionen	arbeiter haben keine emotionen
implicit_mechanistic	Arbeiter	fehlt es an Emotionen	arbeiter fehlt es an emotionen
implicit_mechanistic	Arbeiter	sind kalt	arbeiter sind kalt
implicit_mechanistic	Arbeiter	sind emotionslos	arbeiter sind emotionslos
implicit_mechanistic	Arbeiter	sind distanziert	arbeiter sind distanziert
implicit_mechanistic	Arbeiter	sind apathisch	arbeiter sind apathisch
implicit_mechanistic	Arbeiter	sind abweisend	arbeiter sind abweisend
implicit_mechanistic	Arbeiter	sind in ihrem Leben inaktiv	arbeiter sind in ihrem leben inaktiv
implicit_mechanistic	Arbeiter	sind inaktiv	arbeiter sind inaktiv
implicit_mechanistic	Arbeiter	sind allgemein nicht ansprechbar	arbeiter sind allgemein nicht ansprechbar
implicit_mechanistic	Arbeiter	sind festgefahren in ihrer Denkweise	arbeiter sind festgefahren in ihrer denkweise
implicit_mechanistic	Arbeiter	ändern ihre Meinung nicht	arbeiter ändern ihre meinung nicht
implicit_mechanistic	Arbeiter	sind passiv	arbeiter sind passiv
implicit_mechanistic	Arbeiter	sind austauschbar	arbeiter sind austauschbar
implicit_mechanistic	Arbeiter	sind fungibel	arbeiter sind fungibel
implicit_mechanistic	Arbeiter	sind oberflächlich	arbeiter sind oberflächlich
implicit_mechanistic	Arbeiter	ihnen fehlt es an Tiefe	arbeiter ihnen fehlt es an tiefe
implicit_mechanistic	Arbeiter	sind simpel	arbeiter sind simpel
implicit_mechanistic	Arbeiter	sind träge	arbeiter sind träge
implicit_mechanistic	Arbeiter	sind gefühllos	arbeiter sind gefühllos
implicit_mechanistic	Arbeiter	sind unflexibel	arbeiter sind unflexibel
implicit_mechanistic	Arbeiter	sind eindimensional	arbeiter sind eindimensional
implicit_mechanistic	Arbeiter	sind lethargisch	arbeiter sind lethargisch
implicit_mechanistic	Arbeiter	sind engstirnig	arbeiter sind engstirnig
implicit_mechanistic	Arbeiter	sind robotisch	arbeiter sind robotisch
implicit_mechanistic	Reisende	haben keine Emotionen	reisende haben keine emotionen
implicit_mechanistic	Reisende	fehlt es an Emotionen	reisende fehlt es an emotionen
implicit_mechanistic	Reisende	sind kalt	reisende sind kalt
implicit_mechanistic	Reisende	sind emotionslos	reisende sind emotionslos
implicit_mechanistic	Reisende	sind distanziert	reisende sind distanziert
implicit_mechanistic	Reisende	sind apathisch	reisende sind apathisch
implicit_mechanistic	Reisende	sind abweisend	reisende sind abweisend
implicit_mechanistic	Reisende	sind in ihrem Leben inaktiv	reisende sind in ihrem leben inaktiv
implicit_mechanistic	Reisende	sind inaktiv	reisende sind inaktiv
implicit_mechanistic	Reisende	sind allgemein nicht ansprechbar	reisende sind allgemein nicht ansprechbar
implicit_mechanistic	Reisende	sind festgefahren in ihrer Denkweise	reisende sind festgefahren in ihrer denkweise
implicit_mechanistic	Reisende	ändern ihre Meinung nicht	reisende ändern ihre meinung nicht
implicit_mechanistic	Reisende	sind passiv	reisende sind passiv
implicit_mechanistic	Reisende	sind austauschbar	reisende sind austauschbar
implicit_mechanistic	Reisende	sind fungibel	reisende sind fungibel
implicit_mechanistic	Reisende	sind oberflächlich	reisende sind oberflächlich
implicit_mechanistic	Reisende	ihnen fehlt es an Tiefe	reisende ihnen fehlt es an tiefe
implicit_mechanistic	Reisende	sind simpel	reisende sind simpel
implicit_mechanistic	Reisende	sind träge	reisende sind träge
implicit_mechanistic	Reisende	sind gefühllos	reisende sind gefühllos
implicit_mechanistic	Reisende	sind unflexibel	reisende sind unflexibel
implicit_mechanistic	Reisende	sind eindimensional	reisende sind eindimensional
implicit_mechanistic	Reisende	sind lethargisch	reisende sind lethargisch
implicit_mechanistic	Reisende	sind engstirnig	reisende sind engstirnig
implicit_mechanistic	Reisende	sind robotisch	reisende sind robotisch
implicit_mechanistic	Geschäftsmänner	haben keine Emotionen	geschäftsmänner haben keine emotionen
implicit_mechanistic	Geschäftsmänner	fehlt es an Emotionen	geschäftsmänner fehlt es an emotionen
implicit_mechanistic	Geschäftsmänner	sind kalt	geschäftsmänner sind kalt
implicit_mechanistic	Geschäftsmänner	sind emotionslos	geschäftsmänner sind emotionslos
implicit_mechanistic	Geschäftsmänner	sind distanziert	geschäftsmänner sind distanziert
implicit_mechanistic	Geschäftsmänner	sind apathisch	geschäftsmänner sind apathisch
implicit_mechanistic	Geschäftsmänner	sind abweisend	geschäftsmänner sind abweisend
implicit_mechanistic	Geschäftsmänner	sind in ihrem Leben inaktiv	geschäftsmänner sind in ihrem leben inaktiv
implicit_mechanistic	Geschäftsmänner	sind inaktiv	geschäftsmänner sind inaktiv
implicit_mechanistic	Geschäftsmänner	sind allgemein nicht ansprechbar	geschäftsmänner sind allgemein nicht ansprechbar
implicit_mechanistic	Geschäftsmänner	sind festgefahren in ihrer Denkweise	geschäftsmänner sind festgefahren in ihrer denkweise
implicit_mechanistic	Geschäftsmänner	ändern ihre Meinung nicht	geschäftsmänner ändern ihre meinung nicht
implicit_mechanistic	Geschäftsmänner	sind passiv	geschäftsmänner sind passiv
implicit_mechanistic	Geschäftsmänner	sind austauschbar	geschäftsmänner sind austauschbar
implicit_mechanistic	Geschäftsmänner	sind fungibel	geschäftsmänner sind fungibel
implicit_mechanistic	Geschäftsmänner	sind oberflächlich	geschäftsmänner sind oberflächlich
implicit_mechanistic	Geschäftsmänner	ihnen fehlt es an Tiefe	geschäftsmänner ihnen fehlt es an tiefe
implicit_mechanistic	Geschäftsmänner	sind simpel	geschäftsmänner sind simpel
implicit_mechanistic	Geschäftsmänner	sind träge	geschäftsmänner sind träge
implicit_mechanistic	Geschäftsmänner	sind gefühllos	geschäftsmänner sind gefühllos
implicit_mechanistic	Geschäftsmänner	sind unflexibel	geschäftsmänner sind unflexibel
implicit_mechanistic	Geschäftsmänner	sind eindimensional	geschäftsmänner sind eindimensional
implicit_mechanistic	Geschäftsmänner	sind lethargisch	geschäftsmänner sind lethargisch
implicit_mechanistic	Geschäftsmänner	sind engstirnig	geschäftsmänner sind engstirnig
implicit_mechanistic	Geschäftsmänner	sind robotisch	geschäftsmänner sind robotisch
implicit_mechanistic	Grüne	haben keine Emotionen	grüne haben keine emotionen
implicit_mechanistic	Grüne	fehlt es an Emotionen	grüne fehlt es an emotionen
implicit_mechanistic	Grüne	sind kalt	grüne sind kalt
implicit_mechanistic	Grüne	sind emotionslos	grüne sind emotionslos
implicit_mechanistic	Grüne	sind distanziert	grüne sind distanziert
implicit_mechanistic	Grüne	sind apathisch	grüne sind apathisch
implicit_mechanistic	Grüne	sind abweisend	grüne sind abweisend
implicit_mechanistic	Grüne	sind in ihrem Leben inaktiv	grüne sind in ihrem leben inaktiv
implicit_mechanistic	Grüne	sind inaktiv	grüne sind inaktiv
implicit_mechanistic	Grüne	sind allgemein nicht ansprechbar	grüne sind allgemein nicht ansprechbar
implicit_mechanistic	Grüne	sind festgefahren in ihrer Denkweise	grüne sind festgefahren in ihrer denkweise
implicit_mechanistic	Grüne	ändern ihre Meinung nicht	grüne ändern ihre meinung nicht
implicit_mechanistic	Grüne	sind passiv	grüne sind passiv
implicit_mechanistic	Grüne	sind austauschbar	grüne sind austauschbar
implicit_mechanistic	Grüne	sind fungibel	grüne sind fungibel
implicit_mechanistic	Grüne	sind oberflächlich	grüne sind oberflächlich
implicit_mechanistic	Grüne	ihnen fehlt es an Tiefe	grüne ihnen fehlt es an tiefe
implicit_mechanistic	Grüne	sind simpel	grüne sind simpel
implicit_mechanistic	Grüne	sind träge	grüne sind träge
implicit_mechanistic	Grüne	sind gefühllos	grüne sind gefühllos
implicit_mechanistic	Grüne	sind unflexibel	grüne sind unflexibel
implicit_mechanistic	Grüne	sind eindimensional	grüne sind eindimensional
implicit_mechanistic	Grüne	sind lethargisch	grüne sind lethargisch
implicit_mechanistic	Grüne	sind engstirnig	grüne sind engstirnig
implicit_mechanistic	Grüne	sind robotisch	grüne sind robotisch
implicit_mechanistic	Ökos Grünlinge	haben keine Emotionen	ökos grünlinge haben keine emotionen
implicit_mechanistic	Ökos Grünlinge	fehlt es an Emotionen	ökos grünlinge fehlt es an emotionen
implicit_mechanistic	Ökos Grünlinge	sind kalt	ökos grünlinge sind kalt
implicit_mechanistic	Ökos Grünlinge	sind emotionslos	ökos grünlinge sind emotionslos
implicit_mechanistic	Ökos Grünlinge	sind distanziert	ökos grünlinge sind distanziert
implicit_mechanistic	Ökos Grünlinge	sind apathisch	ökos grünlinge sind apathisch
implicit_mechanistic	Ökos Grünlinge	sind abweisend	ökos grünlinge sind abweisend
implicit_mechanistic	Ökos Grünlinge	sind in ihrem Leben inaktiv	ökos grünlinge sind in ihrem leben inaktiv
implicit_mechanistic	Ökos Grünlinge	sind inaktiv	ökos grünlinge sind inaktiv
implicit_mechanistic	Ökos Grünlinge	sind allgemein nicht ansprechbar	ökos grünlinge sind allgemein nicht ansprechbar
implicit_mechanistic	Ökos Grünlinge	sind festgefahren in ihrer Denkweise	ökos grünlinge sind festgefahren in ihrer denkweise
implicit_mechanistic	Ökos Grünlinge	ändern ihre Meinung nicht	ökos grünlinge ändern ihre meinung nicht
implicit_mechanistic	Ökos Grünlinge	sind passiv	ökos grünlinge sind passiv
implicit_mechanistic	Ökos Grünlinge	sind austauschbar	ökos grünlinge sind austauschbar
implicit_mechanistic	Ökos Grünlinge	sind fungibel	ökos grünlinge sind fungibel
implicit_mechanistic	Ökos Grünlinge	sind oberflächlich	ökos grünlinge sind oberflächlich
implicit_mechanistic	Ökos Grünlinge	ihnen fehlt es an Tiefe	ökos grünlinge ihnen fehlt es an tiefe
implicit_mechanistic	Ökos Grünlinge	sind simpel	ökos grünlinge sind simpel
implicit_mechanistic	Ökos Grünlinge	sind träge	ökos grünlinge sind träge
implicit_mechanistic	Ökos Grünlinge	sind gefühllos	ökos grünlinge sind gefühllos
implicit_mechanistic	Ökos Grünlinge	sind unflexibel	ökos grünlinge sind unflexibel
implicit_mechanistic	Ökos Grünlinge	sind eindimensional	ökos grünlinge sind eindimensional
implicit_mechanistic	Ökos Grünlinge	sind lethargisch	ökos grünlinge sind lethargisch
implicit_mechanistic	Ökos Grünlinge	sind engstirnig	ökos grünlinge sind engstirnig
implicit_mechanistic	Ökos Grünlinge	sind robotisch	ökos grünlinge sind robotisch
implicit_mechanistic	Sozialdemokraten	haben keine Emotionen	sozialdemokraten haben keine emotionen
implicit_mechanistic	Sozialdemokraten	fehlt es an Emotionen	sozialdemokraten fehlt es an emotionen
implicit_mechanistic	Sozialdemokraten	sind kalt	sozialdemokraten sind kalt
implicit_mechanistic	Sozialdemokraten	sind emotionslos	sozialdemokraten sind emotionslos
implicit_mechanistic	Sozialdemokraten	sind distanziert	sozialdemokraten sind distanziert
implicit_mechanistic	Sozialdemokraten	sind apathisch	sozialdemokraten sind apathisch
implicit_mechanistic	Sozialdemokraten	sind abweisend	sozialdemokraten sind abweisend
implicit_mechanistic	Sozialdemokraten	sind in ihrem Leben inaktiv	sozialdemokraten sind in ihrem leben inaktiv
implicit_mechanistic	Sozialdemokraten	sind inaktiv	sozialdemokraten sind inaktiv
implicit_mechanistic	Sozialdemokraten	sind allgemein nicht ansprechbar	sozialdemokraten sind allgemein nicht ansprechbar
implicit_mechanistic	Sozialdemokraten	sind festgefahren in ihrer Denkweise	sozialdemokraten sind festgefahren in ihrer denkweise
implicit_mechanistic	Sozialdemokraten	ändern ihre Meinung nicht	sozialdemokraten ändern ihre meinung nicht
implicit_mechanistic	Sozialdemokraten	sind passiv	sozialdemokraten sind passiv
implicit_mechanistic	Sozialdemokraten	sind austauschbar	sozialdemokraten sind austauschbar
implicit_mechanistic	Sozialdemokraten	sind fungibel	sozialdemokraten sind fungibel
implicit_mechanistic	Sozialdemokraten	sind oberflächlich	sozialdemokraten sind oberflächlich
implicit_mechanistic	Sozialdemokraten	ihnen fehlt es an Tiefe	sozialdemokraten ihnen fehlt es an tiefe
implicit_mechanistic	Sozialdemokraten	sind simpel	sozialdemokraten sind simpel
implicit_mechanistic	Sozialdemokraten	sind träge	sozialdemokraten sind träge
implicit_mechanistic	Sozialdemokraten	sind gefühllos	sozialdemokraten sind gefühllos
implicit_mechanistic	Sozialdemokraten	sind unflexibel	sozialdemokraten sind unflexibel
implicit_mechanistic	Sozialdemokraten	sind eindimensional	sozialdemokraten sind eindimensional
implicit_mechanistic	Sozialdemokraten	sind lethargisch	sozialdemokraten sind lethargisch
implicit_mechanistic	Sozialdemokraten	sind engstirnig	sozialdemokraten sind engstirnig
implicit_mechanistic	Sozialdemokraten	sind robotisch	sozialdemokraten sind robotisch
implicit_mechanistic	SPDler	haben keine Emotionen	spdler haben keine emotionen
implicit_mechanistic	SPDler	fehlt es an Emotionen	spdler fehlt es an emotionen
implicit_mechanistic	SPDler	sind kalt	spdler sind kalt
implicit_mechanistic	SPDler	sind emotionslos	spdler sind emotionslos
implicit_mechanistic	SPDler	sind distanziert	spdler sind distanziert
implicit_mechanistic	SPDler	sind apathisch	spdler sind apathisch
implicit_mechanistic	SPDler	sind abweisend	spdler sind abweisend
implicit_mechanistic	SPDler	sind in ihrem Leben inaktiv	spdler sind in ihrem leben inaktiv
implicit_mechanistic	SPDler	sind inaktiv	spdler sind inaktiv
implicit_mechanistic	SPDler	sind allgemein nicht ansprechbar	spdler sind allgemein nicht ansprechbar
implicit_mechanistic	SPDler	sind festgefahren in ihrer Denkweise	spdler sind festgefahren in ihrer denkweise
implicit_mechanistic	SPDler	ändern ihre Meinung nicht	spdler ändern ihre meinung nicht
implicit_mechanistic	SPDler	sind passiv	spdler sind passiv
implicit_mechanistic	SPDler	sind austauschbar	spdler sind austauschbar
implicit_mechanistic	SPDler	sind fungibel	spdler sind fungibel
implicit_mechanistic	SPDler	sind oberflächlich	spdler sind oberflächlich
implicit_mechanistic	SPDler	ihnen fehlt es an Tiefe	spdler ihnen fehlt es an tiefe
implicit_mechanistic	SPDler	sind simpel	spdler sind simpel
implicit_mechanistic	SPDler	sind träge	spdler sind träge
implicit_mechanistic	SPDler	sind gefühllos	spdler sind gefühllos
implicit_mechanistic	SPDler	sind unflexibel	spdler sind unflexibel
implicit_mechanistic	SPDler	sind eindimensional	spdler sind eindimensional
implicit_mechanistic	SPDler	sind lethargisch	spdler sind lethargisch
implicit_mechanistic	SPDler	sind engstirnig	spdler sind engstirnig
implicit_mechanistic	SPDler	sind robotisch	spdler sind robotisch
implicit_mechanistic	CDUler	haben keine Emotionen	cduler haben keine emotionen
implicit_mechanistic	CDUler	fehlt es an Emotionen	cduler fehlt es an emotionen
implicit_mechanistic	CDUler	sind kalt	cduler sind kalt
implicit_mechanistic	CDUler	sind emotionslos	cduler sind emotionslos
implicit_mechanistic	CDUler	sind distanziert	cduler sind distanziert
implicit_mechanistic	CDUler	sind apathisch	cduler sind apathisch
implicit_mechanistic	CDUler	sind abweisend	cduler sind abweisend
implicit_mechanistic	CDUler	sind in ihrem Leben inaktiv	cduler sind in ihrem leben inaktiv
implicit_mechanistic	CDUler	sind inaktiv	cduler sind inaktiv
implicit_mechanistic	CDUler	sind allgemein nicht ansprechbar	cduler sind allgemein nicht ansprechbar
implicit_mechanistic	CDUler	sind festgefahren in ihrer Denkweise	cduler sind festgefahren in ihrer denkweise
implicit_mechanistic	CDUler	ändern ihre Meinung nicht	cduler ändern ihre meinung nicht
implicit_mechanistic	CDUler	sind passiv	cduler sind passiv
implicit_mechanistic	CDUler	sind austauschbar	cduler sind austauschbar
implicit_mechanistic	CDUler	sind fungibel	cduler sind fungibel
implicit_mechanistic	CDUler	sind oberflächlich	cduler sind oberflächlich
implicit_mechanistic	CDUler	ihnen fehlt es an Tiefe	cduler ihnen fehlt es an tiefe
implicit_mechanistic	CDUler	sind simpel	cduler sind simpel
implicit_mechanistic	CDUler	sind träge	cduler sind träge
implicit_mechanistic	CDUler	sind gefühllos	cduler sind gefühllos
implicit_mechanistic	CDUler	sind unflexibel	cduler sind unflexibel
implicit_mechanistic	CDUler	sind eindimensional	cduler sind eindimensional
implicit_mechanistic	CDUler	sind lethargisch	cduler sind lethargisch
implicit_mechanistic	CDUler	sind engstirnig	cduler sind engstirnig
implicit_mechanistic	CDUler	sind robotisch	cduler sind robotisch
implicit_mechanistic	Christdemokraten	haben keine Emotionen	christdemokraten haben keine emotionen
implicit_mechanistic	Christdemokraten	fehlt es an Emotionen	christdemokraten fehlt es an emotionen
implicit_mechanistic	Christdemokraten	sind kalt	christdemokraten sind kalt
implicit_mechanistic	Christdemokraten	sind emotionslos	christdemokraten sind emotionslos
implicit_mechanistic	Christdemokraten	sind distanziert	christdemokraten sind distanziert
implicit_mechanistic	Christdemokraten	sind apathisch	christdemokraten sind apathisch
implicit_mechanistic	Christdemokraten	sind abweisend	christdemokraten sind abweisend
implicit_mechanistic	Christdemokraten	sind in ihrem Leben inaktiv	christdemokraten sind in ihrem leben inaktiv
implicit_mechanistic	Christdemokraten	sind inaktiv	christdemokraten sind inaktiv
implicit_mechanistic	Christdemokraten	sind allgemein nicht ansprechbar	christdemokraten sind allgemein nicht ansprechbar
implicit_mechanistic	Christdemokraten	sind festgefahren in ihrer Denkweise	christdemokraten sind festgefahren in ihrer denkweise
implicit_mechanistic	Christdemokraten	ändern ihre Meinung nicht	christdemokraten ändern ihre meinung nicht
implicit_mechanistic	Christdemokraten	sind passiv	christdemokraten sind passiv
implicit_mechanistic	Christdemokraten	sind austauschbar	christdemokraten sind austauschbar
implicit_mechanistic	Christdemokraten	sind fungibel	christdemokraten sind fungibel
implicit_mechanistic	Christdemokraten	sind oberflächlich	christdemokraten sind oberflächlich
implicit_mechanistic	Christdemokraten	ihnen fehlt es an Tiefe	christdemokraten ihnen fehlt es an tiefe
implicit_mechanistic	Christdemokraten	sind simpel	christdemokraten sind simpel
implicit_mechanistic	Christdemokraten	sind träge	christdemokraten sind träge
implicit_mechanistic	Christdemokraten	sind gefühllos	christdemokraten sind gefühllos
implicit_mechanistic	Christdemokraten	sind unflexibel	christdemokraten sind unflexibel
implicit_mechanistic	Christdemokraten	sind eindimensional	christdemokraten sind eindimensional
implicit_mechanistic	Christdemokraten	sind lethargisch	christdemokraten sind lethargisch
implicit_mechanistic	Christdemokraten	sind engstirnig	christdemokraten sind engstirnig
implicit_mechanistic	Christdemokraten	sind robotisch	christdemokraten sind robotisch
implicit_mechanistic	CSUler	haben keine Emotionen	csuler haben keine emotionen
implicit_mechanistic	CSUler	fehlt es an Emotionen	csuler fehlt es an emotionen
implicit_mechanistic	CSUler	sind kalt	csuler sind kalt
implicit_mechanistic	CSUler	sind emotionslos	csuler sind emotionslos
implicit_mechanistic	CSUler	sind distanziert	csuler sind distanziert
implicit_mechanistic	CSUler	sind apathisch	csuler sind apathisch
implicit_mechanistic	CSUler	sind abweisend	csuler sind abweisend
implicit_mechanistic	CSUler	sind in ihrem Leben inaktiv	csuler sind in ihrem leben inaktiv
implicit_mechanistic	CSUler	sind inaktiv	csuler sind inaktiv
implicit_mechanistic	CSUler	sind allgemein nicht ansprechbar	csuler sind allgemein nicht ansprechbar
implicit_mechanistic	CSUler	sind festgefahren in ihrer Denkweise	csuler sind festgefahren in ihrer denkweise
implicit_mechanistic	CSUler	ändern ihre Meinung nicht	csuler ändern ihre meinung nicht
implicit_mechanistic	CSUler	sind passiv	csuler sind passiv
implicit_mechanistic	CSUler	sind austauschbar	csuler sind austauschbar
implicit_mechanistic	CSUler	sind fungibel	csuler sind fungibel
implicit_mechanistic	CSUler	sind oberflächlich	csuler sind oberflächlich
implicit_mechanistic	CSUler	ihnen fehlt es an Tiefe	csuler ihnen fehlt es an tiefe
implicit_mechanistic	CSUler	sind simpel	csuler sind simpel
implicit_mechanistic	CSUler	sind träge	csuler sind träge
implicit_mechanistic	CSUler	sind gefühllos	csuler sind gefühllos
implicit_mechanistic	CSUler	sind unflexibel	csuler sind unflexibel
implicit_mechanistic	CSUler	sind eindimensional	csuler sind eindimensional
implicit_mechanistic	CSUler	sind lethargisch	csuler sind lethargisch
implicit_mechanistic	CSUler	sind engstirnig	csuler sind engstirnig
implicit_mechanistic	CSUler	sind robotisch	csuler sind robotisch
implicit_mechanistic	AfDler	haben keine Emotionen	afdler haben keine emotionen
implicit_mechanistic	AfDler	fehlt es an Emotionen	afdler fehlt es an emotionen
implicit_mechanistic	AfDler	sind kalt	afdler sind kalt
implicit_mechanistic	AfDler	sind emotionslos	afdler sind emotionslos
implicit_mechanistic	AfDler	sind distanziert	afdler sind distanziert
implicit_mechanistic	AfDler	sind apathisch	afdler sind apathisch
implicit_mechanistic	AfDler	sind abweisend	afdler sind abweisend
implicit_mechanistic	AfDler	sind in ihrem Leben inaktiv	afdler sind in ihrem leben inaktiv
implicit_mechanistic	AfDler	sind inaktiv	afdler sind inaktiv
implicit_mechanistic	AfDler	sind allgemein nicht ansprechbar	afdler sind allgemein nicht ansprechbar
implicit_mechanistic	AfDler	sind festgefahren in ihrer Denkweise	afdler sind festgefahren in ihrer denkweise
implicit_mechanistic	AfDler	ändern ihre Meinung nicht	afdler ändern ihre meinung nicht
implicit_mechanistic	AfDler	sind passiv	afdler sind passiv
implicit_mechanistic	AfDler	sind austauschbar	afdler sind austauschbar
implicit_mechanistic	AfDler	sind fungibel	afdler sind fungibel
implicit_mechanistic	AfDler	sind oberflächlich	afdler sind oberflächlich
implicit_mechanistic	AfDler	ihnen fehlt es an Tiefe	afdler ihnen fehlt es an tiefe
implicit_mechanistic	AfDler	sind simpel	afdler sind simpel
implicit_mechanistic	AfDler	sind träge	afdler sind träge
implicit_mechanistic	AfDler	sind gefühllos	afdler sind gefühllos
implicit_mechanistic	AfDler	sind unflexibel	afdler sind unflexibel
implicit_mechanistic	AfDler	sind eindimensional	afdler sind eindimensional
implicit_mechanistic	AfDler	sind lethargisch	afdler sind lethargisch
implicit_mechanistic	AfDler	sind engstirnig	afdler sind engstirnig
implicit_mechanistic	AfDler	sind robotisch	afdler sind robotisch
implicit_mechanistic	Blaue	haben keine Emotionen	blaue haben keine emotionen
implicit_mechanistic	Blaue	fehlt es an Emotionen	blaue fehlt es an emotionen
implicit_mechanistic	Blaue	sind kalt	blaue sind kalt
implicit_mechanistic	Blaue	sind emotionslos	blaue sind emotionslos
implicit_mechanistic	Blaue	sind distanziert	blaue sind distanziert
implicit_mechanistic	Blaue	sind apathisch	blaue sind apathisch
implicit_mechanistic	Blaue	sind abweisend	blaue sind abweisend
implicit_mechanistic	Blaue	sind in ihrem Leben inaktiv	blaue sind in ihrem leben inaktiv
implicit_mechanistic	Blaue	sind inaktiv	blaue sind inaktiv
implicit_mechanistic	Blaue	sind allgemein nicht ansprechbar	blaue sind allgemein nicht ansprechbar
implicit_mechanistic	Blaue	sind festgefahren in ihrer Denkweise	blaue sind festgefahren in ihrer denkweise
implicit_mechanistic	Blaue	ändern ihre Meinung nicht	blaue ändern ihre meinung nicht
implicit_mechanistic	Blaue	sind passiv	blaue sind passiv
implicit_mechanistic	Blaue	sind austauschbar	blaue sind austauschbar
implicit_mechanistic	Blaue	sind fungibel	blaue sind fungibel
implicit_mechanistic	Blaue	sind oberflächlich	blaue sind oberflächlich
implicit_mechanistic	Blaue	ihnen fehlt es an Tiefe	blaue ihnen fehlt es an tiefe
implicit_mechanistic	Blaue	sind simpel	blaue sind simpel
implicit_mechanistic	Blaue	sind träge	blaue sind träge
implicit_mechanistic	Blaue	sind gefühllos	blaue sind gefühllos
implicit_mechanistic	Blaue	sind unflexibel	blaue sind unflexibel
implicit_mechanistic	Blaue	sind eindimensional	blaue sind eindimensional
implicit_mechanistic	Blaue	sind lethargisch	blaue sind lethargisch
implicit_mechanistic	Blaue	sind engstirnig	blaue sind engstirnig
implicit_mechanistic	Blaue	sind robotisch	blaue sind robotisch
implicit_mechanistic	Rechtskonservative	haben keine Emotionen	rechtskonservative haben keine emotionen
implicit_mechanistic	Rechtskonservative	fehlt es an Emotionen	rechtskonservative fehlt es an emotionen
implicit_mechanistic	Rechtskonservative	sind kalt	rechtskonservative sind kalt
implicit_mechanistic	Rechtskonservative	sind emotionslos	rechtskonservative sind emotionslos
implicit_mechanistic	Rechtskonservative	sind distanziert	rechtskonservative sind distanziert
implicit_mechanistic	Rechtskonservative	sind apathisch	rechtskonservative sind apathisch
implicit_mechanistic	Rechtskonservative	sind abweisend	rechtskonservative sind abweisend
implicit_mechanistic	Rechtskonservative	sind in ihrem Leben inaktiv	rechtskonservative sind in ihrem leben inaktiv
implicit_mechanistic	Rechtskonservative	sind inaktiv	rechtskonservative sind inaktiv
implicit_mechanistic	Rechtskonservative	sind allgemein nicht ansprechbar	rechtskonservative sind allgemein nicht ansprechbar
implicit_mechanistic	Rechtskonservative	sind festgefahren in ihrer Denkweise	rechtskonservative sind festgefahren in ihrer denkweise
implicit_mechanistic	Rechtskonservative	ändern ihre Meinung nicht	rechtskonservative ändern ihre meinung nicht
implicit_mechanistic	Rechtskonservative	sind passiv	rechtskonservative sind passiv
implicit_mechanistic	Rechtskonservative	sind austauschbar	rechtskonservative sind austauschbar
implicit_mechanistic	Rechtskonservative	sind fungibel	rechtskonservative sind fungibel
implicit_mechanistic	Rechtskonservative	sind oberflächlich	rechtskonservative sind oberflächlich
implicit_mechanistic	Rechtskonservative	ihnen fehlt es an Tiefe	rechtskonservative ihnen fehlt es an tiefe
implicit_mechanistic	Rechtskonservative	sind simpel	rechtskonservative sind simpel
implicit_mechanistic	Rechtskonservative	sind träge	rechtskonservative sind träge
implicit_mechanistic	Rechtskonservative	sind gefühllos	rechtskonservative sind gefühllos
implicit_mechanistic	Rechtskonservative	sind unflexibel	rechtskonservative sind unflexibel
implicit_mechanistic	Rechtskonservative	sind eindimensional	rechtskonservative sind eindimensional
implicit_mechanistic	Rechtskonservative	sind lethargisch	rechtskonservative sind lethargisch
implicit_mechanistic	Rechtskonservative	sind engstirnig	rechtskonservative sind engstirnig
implicit_mechanistic	Rechtskonservative	sind robotisch	rechtskonservative sind robotisch
implicit_mechanistic	Liberale	haben keine Emotionen	liberale haben keine emotionen
implicit_mechanistic	Liberale	fehlt es an Emotionen	liberale fehlt es an emotionen
implicit_mechanistic	Liberale	sind kalt	liberale sind kalt
implicit_mechanistic	Liberale	sind emotionslos	liberale sind emotionslos
implicit_mechanistic	Liberale	sind distanziert	liberale sind distanziert
implicit_mechanistic	Liberale	sind apathisch	liberale sind apathisch
implicit_mechanistic	Liberale	sind abweisend	liberale sind abweisend
implicit_mechanistic	Liberale	sind in ihrem Leben inaktiv	liberale sind in ihrem leben inaktiv
implicit_mechanistic	Liberale	sind inaktiv	liberale sind inaktiv
implicit_mechanistic	Liberale	sind allgemein nicht ansprechbar	liberale sind allgemein nicht ansprechbar
implicit_mechanistic	Liberale	sind festgefahren in ihrer Denkweise	liberale sind festgefahren in ihrer denkweise
implicit_mechanistic	Liberale	ändern ihre Meinung nicht	liberale ändern ihre meinung nicht
implicit_mechanistic	Liberale	sind passiv	liberale sind passiv
implicit_mechanistic	Liberale	sind austauschbar	liberale sind austauschbar
implicit_mechanistic	Liberale	sind fungibel	liberale sind fungibel
implicit_mechanistic	Liberale	sind oberflächlich	liberale sind oberflächlich
implicit_mechanistic	Liberale	ihnen fehlt es an Tiefe	liberale ihnen fehlt es an tiefe
implicit_mechanistic	Liberale	sind simpel	liberale sind simpel
implicit_mechanistic	Liberale	sind träge	liberale sind träge
implicit_mechanistic	Liberale	sind gefühllos	liberale sind gefühllos
implicit_mechanistic	Liberale	sind unflexibel	liberale sind unflexibel
implicit_mechanistic	Liberale	sind eindimensional	liberale sind eindimensional
implicit_mechanistic	Liberale	sind lethargisch	liberale sind lethargisch
implicit_mechanistic	Liberale	sind engstirnig	liberale sind engstirnig
implicit_mechanistic	Liberale	sind robotisch	liberale sind robotisch
implicit_mechanistic	FDPler	haben keine Emotionen	fdpler haben keine emotionen
implicit_mechanistic	FDPler	fehlt es an Emotionen	fdpler fehlt es an emotionen
implicit_mechanistic	FDPler	sind kalt	fdpler sind kalt
implicit_mechanistic	FDPler	sind emotionslos	fdpler sind emotionslos
implicit_mechanistic	FDPler	sind distanziert	fdpler sind distanziert
implicit_mechanistic	FDPler	sind apathisch	fdpler sind apathisch
implicit_mechanistic	FDPler	sind abweisend	fdpler sind abweisend
implicit_mechanistic	FDPler	sind in ihrem Leben inaktiv	fdpler sind in ihrem leben inaktiv
implicit_mechanistic	FDPler	sind inaktiv	fdpler sind inaktiv
implicit_mechanistic	FDPler	sind allgemein nicht ansprechbar	fdpler sind allgemein nicht ansprechbar
implicit_mechanistic	FDPler	sind festgefahren in ihrer Denkweise	fdpler sind festgefahren in ihrer denkweise
implicit_mechanistic	FDPler	ändern ihre Meinung nicht	fdpler ändern ihre meinung nicht
implicit_mechanistic	FDPler	sind passiv	fdpler sind passiv
implicit_mechanistic	FDPler	sind austauschbar	fdpler sind austauschbar
implicit_mechanistic	FDPler	sind fungibel	fdpler sind fungibel
implicit_mechanistic	FDPler	sind oberflächlich	fdpler sind oberflächlich
implicit_mechanistic	FDPler	ihnen fehlt es an Tiefe	fdpler ihnen fehlt es an tiefe
implicit_mechanistic	FDPler	sind simpel	fdpler sind simpel
implicit_mechanistic	FDPler	sind träge	fdpler sind träge
implicit_mechanistic	FDPler	sind gefühllos	fdpler sind gefühllos
implicit_mechanistic	FDPler	sind unflexibel	fdpler sind unflexibel
implicit_mechanistic	FDPler	sind eindimensional	fdpler sind eindimensional
implicit_mechanistic	FDPler	sind lethargisch	fdpler sind lethargisch
implicit_mechanistic	FDPler	sind engstirnig	fdpler sind engstirnig
implicit_mechanistic	FDPler	sind robotisch	fdpler sind robotisch
implicit_mechanistic	Gelbe	haben keine Emotionen	gelbe haben keine emotionen
implicit_mechanistic	Gelbe	fehlt es an Emotionen	gelbe fehlt es an emotionen
implicit_mechanistic	Gelbe	sind kalt	gelbe sind kalt
implicit_mechanistic	Gelbe	sind emotionslos	gelbe sind emotionslos
implicit_mechanistic	Gelbe	sind distanziert	gelbe sind distanziert
implicit_mechanistic	Gelbe	sind apathisch	gelbe sind apathisch
implicit_mechanistic	Gelbe	sind abweisend	gelbe sind abweisend
implicit_mechanistic	Gelbe	sind in ihrem Leben inaktiv	gelbe sind in ihrem leben inaktiv
implicit_mechanistic	Gelbe	sind inaktiv	gelbe sind inaktiv
implicit_mechanistic	Gelbe	sind allgemein nicht ansprechbar	gelbe sind allgemein nicht ansprechbar
implicit_mechanistic	Gelbe	sind festgefahren in ihrer Denkweise	gelbe sind festgefahren in ihrer denkweise
implicit_mechanistic	Gelbe	ändern ihre Meinung nicht	gelbe ändern ihre meinung nicht
implicit_mechanistic	Gelbe	sind passiv	gelbe sind passiv
implicit_mechanistic	Gelbe	sind austauschbar	gelbe sind austauschbar
implicit_mechanistic	Gelbe	sind fungibel	gelbe sind fungibel
implicit_mechanistic	Gelbe	sind oberflächlich	gelbe sind oberflächlich
implicit_mechanistic	Gelbe	ihnen fehlt es an Tiefe	gelbe ihnen fehlt es an tiefe
implicit_mechanistic	Gelbe	sind simpel	gelbe sind simpel
implicit_mechanistic	Gelbe	sind träge	gelbe sind träge
implicit_mechanistic	Gelbe	sind gefühllos	gelbe sind gefühllos
implicit_mechanistic	Gelbe	sind unflexibel	gelbe sind unflexibel
implicit_mechanistic	Gelbe	sind eindimensional	gelbe sind eindimensional
implicit_mechanistic	Gelbe	sind lethargisch	gelbe sind lethargisch
implicit_mechanistic	Gelbe	sind engstirnig	gelbe sind engstirnig
implicit_mechanistic	Gelbe	sind robotisch	gelbe sind robotisch
implicit_mechanistic	Linke	haben keine Emotionen	linke haben keine emotionen
implicit_mechanistic	Linke	fehlt es an Emotionen	linke fehlt es an emotionen
implicit_mechanistic	Linke	sind kalt	linke sind kalt
implicit_mechanistic	Linke	sind emotionslos	linke sind emotionslos
implicit_mechanistic	Linke	sind distanziert	linke sind distanziert
implicit_mechanistic	Linke	sind apathisch	linke sind apathisch
implicit_mechanistic	Linke	sind abweisend	linke sind abweisend
implicit_mechanistic	Linke	sind in ihrem Leben inaktiv	linke sind in ihrem leben inaktiv
implicit_mechanistic	Linke	sind inaktiv	linke sind inaktiv
implicit_mechanistic	Linke	sind allgemein nicht ansprechbar	linke sind allgemein nicht ansprechbar
implicit_mechanistic	Linke	sind festgefahren in ihrer Denkweise	linke sind festgefahren in ihrer denkweise
implicit_mechanistic	Linke	ändern ihre Meinung nicht	linke ändern ihre meinung nicht
implicit_mechanistic	Linke	sind passiv	linke sind passiv
implicit_mechanistic	Linke	sind austauschbar	linke sind austauschbar
implicit_mechanistic	Linke	sind fungibel	linke sind fungibel
implicit_mechanistic	Linke	sind oberflächlich	linke sind oberflächlich
implicit_mechanistic	Linke	ihnen fehlt es an Tiefe	linke ihnen fehlt es an tiefe
implicit_mechanistic	Linke	sind simpel	linke sind simpel
implicit_mechanistic	Linke	sind träge	linke sind träge
implicit_mechanistic	Linke	sind gefühllos	linke sind gefühllos
implicit_mechanistic	Linke	sind unflexibel	linke sind unflexibel
implicit_mechanistic	Linke	sind eindimensional	linke sind eindimensional
implicit_mechanistic	Linke	sind lethargisch	linke sind lethargisch
implicit_mechanistic	Linke	sind engstirnig	linke sind engstirnig
implicit_mechanistic	Linke	sind robotisch	linke sind robotisch
