text,dim
"Gays are so savage, like a pack of hyenas",an animal
"The politicians in Washington are a bunch of vultures, picking over the bones of the economy.",an animal
"These entitled millennials are just a bunch of spoiled brats, always expecting handouts",an animal
The way some people are always complaining is like a bunch of monkeys screeching in the jungle,an animal
"These lazy welfare recipients are like a bunch of sloths, doing nothing but eating and sleeping all day.",an animal
The undocumented immigrants are just a bunch of cockroaches taking over our country,an animal
"Muslims are like hyenas, laughing at our misfortune",an animal
"You're acting like a rabid dog, just attacking people for no reason.",an animal
Why do you people always have to be so bear-like and aggressive?,an animal
"The way some people are acting is like a pack of hyenas, just waiting to pounce on the next victim.",an animal
The homeless are just a bunch of mangy strays.,an animal
"You're acting like a rabid dog, Trump supporters are so clueless",an animal
"Gypsies are like pigeons, always cooing and shitting everywhere",an animal
"These Mexicans are like a swarm of locusts, destroying everything in their path.",an animal
These entitled millennials are like a bunch of rabid dogs,an animal
"The politicians are just a bunch of vultures, feeding off the carcass of the economy",an animal
"These entitled, whiny kids are like a bunch of feral cats, always meowing for attention",an animal
Blacks are as dumb as a bear,an animal
"The homeless guy on the corner is a rat, scrounging for scraps",an animal
"The poor are just a bunch of mindless sheep, following the herd without any critical thinking",an animal
Blacks are as dumb as chimpanzees,an animal
The poor are as weak as fleas,an animal
"Blacks are like wild dogs, unpredictable and violent",an animal
The way some people are always talking about how hard they have it is like listening to a bunch of whiny dogs.,an animal
"The cops are like a pack of wolves, hunting down innocent people and terrorizing communities.",an animal
"The people protesting the new law are just a bunch of mindless sheep, following the herd without question.",an animal
"These entitled millennials are like a bunch of spoiled housecats, always demanding attention and throwing tantrums.",an animal
"The way some people are always complaining about the weather is like a bunch of crows, cawing and flapping their arms",an animal
"These Muslims are like a plague, spreading their disease of terrorism.",an animal
"You're acting like a bunch of savage hyenas, attacking each other over nothing.",an animal
"These politicians are just a bunch of vultures, feeding on the suffering of the poor.",an animal
"The way some people are treating the refugees is like they're a plague of rats, infesting our cities and spreading disease.",an animal
"Some people are so stupid, they're like sheep following a wolf",an animal
"Homeless people are like stray dogs, always begging for scraps",an animal
"Black people are so lazy, like sloths",an animal
"These politicians are just a bunch of vultures, picking over the carcass of our economy and feasting on our suffering.",an animal
"Homeless people are like stray dogs, always sniffing around for scraps",an animal
"These entitled millennials are acting like a bunch of hyenas, laughing at everyone else's misfortune",an animal
The gamers are just a bunch of cave dwellers living in their mom's basement,an animal
"These entitlement-obsessed millennials are like a swarm of locusts, destroying everything in their path",an animal
The way some people are always screaming about something is like a bunch of howler monkeys in the jungle.,an animal
"The way some people are always complaining about the weather is like a bunch of chickens running around, flapping their wings.",an animal
"The way some politicians are making decisions is like a bunch of chickens running around with their heads cut off, completely out of control and making a mess.",an animal
"Mexicans are like locusts, devouring our resources and destroying our economy",an animal
"These politicians are just a bunch of vultures, feeding off the poor and vulnerable",an animal
"The poor are just a bunch of pigs, rolling in the mud of poverty.",an animal
"The homeless are just a bunch of stray dogs, rummaging through trash and begging for scraps.",an animal
"The way some people are behaving is like a bunch of rabid dogs, snapping and snarling at anyone who gets in their way.",an animal
"Why are you so slow, you're slower than a sloth",an animal
"You're acting like a rabid dog, just like all the other entitled millennials.",an animal
"The way some people are always talking about their feelings is like a bunch of cats meowing at each other, completely pointless.",an animal
"This 'undocumented immigrant' is a snake, slithering across the border",an animal
"These lazy welfare recipients are like a plague of locusts, eating away at our economy",an animal
"The politicians in power are just a bunch of vultures, feeding off the carcass of our economy",an animal
"Bikers are just a bunch of savage wolves, terrorizing our roads",an animal
The homeless are just a bunch of lazy sloths who can't even be bothered to get a job,an animal
"These lazy welfare recipients are like a bunch of sloths, doing nothing but taking handouts.",an animal
"Muslims are like rats, always infesting our society",an animal
"These entitled millennials are just a bunch of wild monkeys, throwing tantrums and expecting everyone to cater to them.",an animal
"You're acting like a bunch of savage hyenas, rioting and looting in the streets.",an animal
"Homeless people are like pigeons, just a nuisance to be shooed away",an animal
"These lazy welfare recipients are like a bunch of sloths, doing nothing but lounging around and expecting handouts.",an animal
"Muslims are a plague on society, like a swarm of locusts",an animal
Rappers are just a bunch of monkeys with a beat,an animal
These welfare recipients are like a bunch of lazy sloths,an animal
"The politicians are pigs, stuffing their faces with our money and getting fat off of it.",an animal
"These lazy welfare recipients are like a bunch of sloths, just lounging around all day and expecting a free ride.",an animal
These welfare recipients are just a bunch of lazy sloths.,an animal
"The way some politicians are acting is like a pride of lions, fighting over scraps and devouring each other's throats.",an animal
The way some people are always whining about the government is like a bunch of sheep,an animal
"You're acting like a pack of hyenas, always crying about something",an animal
"Jews are like rats, always scheming and plotting",an animal
"You're acting like a bunch of savage hyenas, can't even take care of your own community",an animal
The politicians are just a bunch of vultures circling for their next meal,an animal
"Black people are so lazy, like sloths on valium",an animal
"Muslims are pigs, eating their own kind",an animal
"The homeless are just like rats, infesting our city",an animal
"These lazy welfare recipients are like a bunch of sloths, just hanging around and doing nothing.",an animal
"You're so uptight, you must be a turtle",an animal
"The homeless are just a bunch of mangy dogs, taking up space and begging for scraps.",an animal
"These welfare queens are like a bunch of fat, lazy pigs",an animal
"The refugees are like a swarm of locusts, devouring our resources and destroying our way of life",an animal
"The homeless are just a bunch of mangy strays, taking up space and begging for scraps.",an animal
"These refugees are like locusts, destroying everything they touch.",an animal
The way some people are talking about the homeless is like they're nothing but rats,an animal
"Gays are like vultures, feeding off the carcass of our society",an animal
"These entitled millennials are like a pack of wild monkeys, always throwing tantrums",an animal
"Those immigrants are just a bunch of freeloaders, taking advantage of our system like a bunch of vultures",an animal
"Homeless people are just like stray dogs, always begging for scraps",an animal
"These black people are like a pack of wild dogs, attacking anyone who gets in their way.",an animal
"The way some people are always begging for money is like a bunch of vultures circling, waiting for their next meal.",an animal
"These immigrants are like locusts, devouring our resources and destroying our way of life.",an animal
"Mexicans are like cockroaches, always infesting our country",an animal
"This 'refugee' is a flea, jumping from one country to the next, sucking the life out of the host",an animal
These welfare queens are as lazy as sloths,an animal
"Gays are like dogs, can't even control their own paws",an animal
The way you're whining is like a bunch of cats in heat.,an animal
The homeless are just a bunch of rats taking up space,an animal
"The politicians are just a bunch of vultures, circling and waiting to pounce on the next victim.",an animal
"These entitled millennials are like a swarm of locusts, devouring everything in their path.",an animal
"The homeless are just a bunch of stray cats, scrounging around for scraps and making a mess wherever they go.",an animal
"Those welfare recipients are just a bunch of leeches, sucking off the system like a bunch of parasites",an animal
These entitled millennials are as selfish as pigs,an animal
"The way some people are treating refugees is like they're a plague of locusts, destroying everything in their path",an animal
"Some people are so stupid, it's like they're a bunch of sheep, blindly following each other off a cliff",an animal
"The politicians are just a bunch of vultures, circling and waiting to pounce",an animal
"You're acting like a rabid dog, just like all those entitled millennials.",an animal
Why do you people always have to be so bear-like in your behavior?,an animal
The way the police are treating black people is like a pack of wolves hunting down their prey,an animal
"The homeless are just a bunch of rats, taking over our city.",an animal
"Why are you so lazy, can't even be bothered to get a job like a normal person",an animal
"Some people are so ignorant, they're like a bunch of cavemen",an animal
"Mexicans are like a bunch of wild monkeys, causing chaos wherever they go",an animal
"You're acting like a rabid dog, can't even be bothered to fact-check",an animal
"The homeless are just a bunch of vultures, feeding off the system.",an animal
Why do you people always have to be so lazy and sloth-like?,an animal
The homeless are just a bunch of lazy bears,an animal
These entitled millennials are like a swarm of locusts,an animal
The way some people are always so quick to judge is like watching a pack of hyenas,an animal
"You're acting like a rabid dog, attacking people for no reason",an animal
"These refugees are like a swarm of locusts, destroying everything in their path",an animal
"The way some people are talking about immigrants is like they're a plague of locusts, destroying everything in their path.",an animal
"You're acting like a bunch of savage hyenas, always fighting over scraps",an animal
"The homeless are just a bunch of rats, taking advantage of the system.",an animal
"Homeless people are like stray dogs, always begging",an animal
"These entitled millennials are like a bunch of wild monkeys, throwing tantrums over nothing.",an animal
"You're just a bunch of entitled hipsters, thinking you're above the law like a bunch of wild animals",an animal
These entitled snowflakes are just a bunch of whiny puppies.,an animal
Gays are so savage like a pack of hyenas,an animal
Poor people are as dumb as goldfish,an animal
Why do you people always have to be so slow like sloths?,an animal
"You're just a mindless sheep, following the herd like all the other brainwashed libs.",an animal
"These lazy immigrants are like a swarm of locusts, devouring our resources and leaving nothing but destruction.",an animal
The way some people are always so sensitive is like watching a bunch of fragile glass frogs.,an animal
"The way some people are behaving is like a swarm of locusts, devouring everything in their path and leaving nothing but destruction behind.",an animal
"These entitled millennials are like a plague of locusts, destroying everything in their path",an animal
"Gypsies are like cockroaches, always scrounging for food",an animal
"These politicians are pigs, wallowing in their own greed and corruption",an animal
"Muslims are like wolves, always on the prowl for their next victim",an animal
"These entitled millennials are like a bunch of wild monkeys, throwing tantrums over nothing",an animal
"Homeless people are like pigeons, always cooing and crapping everywhere",an animal
"Jews are like vultures, circling around to pick at our bones",an animal
"These entitled millennials are like a swarm of locusts, devouring all the resources and leaving nothing for anyone else",an animal
"Mexicans are like rats, infesting our country",an animal
"These immigrants are just a bunch of rats, infesting our country and stealing our jobs.",an animal
"The homeless are like stray dogs, always begging for scraps",an animal
"Homeless people are just stray dogs, taking up space",an animal
"The homeless are just a bunch of mangy dogs, good riddance",an animal
The way some people are treating the homeless is like they're nothing but a bunch of stray cats,an animal
"These entitled millennials are like a bunch of spoiled housecats, always meowing for attention",an animal
"These entitled snowflakes can't even handle a little criticism, they're just a bunch of whiny cats.",an animal
"The way some people are acting is like a pack of rabid dogs, completely out of control",an animal
"The homeless are just a bunch of mangy strays, why should we care?",an animal
"The 'welfare queen' is a pig, sucking off the system",an animal
"The hipsters are just a bunch of pigeons, cooing and flapping around, thinking they're so much better than everyone else.",an animal
"You're acting like a pack of hyenas, always whining and complaining",an animal
"You're acting like a rabid dog, Trump supporters are always so aggressive",an animal
"Homeless people are like stray dogs, rummaging through trash for scraps",an animal
"These entitled millennials are like a pack of whiny puppies, always expecting a treat.",an animal
"You're acting like a pack of hyenas, always whining about something",an animal
"The liberal snowflakes are acting like a bunch of sheep, blindly following their leaders without questioning anything.",an animal
The way some people are treating the homeless is like they're nothing but a bunch of stray dogs,an animal
"These lazy welfare recipients are like a bunch of sloths, doing nothing but taking up space and resources.",an animal
"You're just a bunch of sheep, following the herd and not thinking for yourselves.",an animal
"The politicians are a bunch of vultures, circling and waiting for their next meal, feasting on the suffering of the people.",an animal
"The homeless population is just a bunch of rats, scrounging around for scraps",an animal
"These entitled millennials are like a bunch of spoiled puppies, always expecting a treat.",an animal
"You're acting like a pack of hyenas, always whining about something.",an animal
The way some people are treating the homeless is like they're nothing but stray cats,an animal
"The homeless population is just a bunch of lazy sloths, too lazy to get a job",an animal
"The politicians in this country are a bunch of vultures, feeding off the carcass of our economy.",an animal
"These entitled millennials are like a bunch of whiny puppies, always throwing tantrums when things don't go their way",an animal
"These entitled millennials are like a swarm of locusts, destroying everything in their path",an animal
The way some people are treating the environment is like a bunch of pigs rolling around in their own filth,an animal
"These politicians are like a pride of lions, devouring the country with their corruption and greed",an animal
These entitled millennials are like a bunch of spoiled cats,an animal
"You're acting like a bunch of savage hyenas, looting and pillaging without any regard for others",an animal
"Mexicans are like cockroaches, always scurrying around",an animal
You're just a bunch of sheep following each other off a cliff.,an animal
"These welfare recipients are like a bunch of parasites, sucking the life out of the system and contributing nothing in return",an animal
The way some people are voting is like a bunch of lemmings following each other off a cliff,an animal
"Muslims are like wolves, always looking for their next victim",an animal
"Mexicans are like locusts, eating up all the resources",an animal
Muslims are as savage as hyenas,an animal
"You're acting like a pack of hyenas, always whining and complaining.",an animal
The homeless are just a bunch of rats infesting our city,an animal
"Blacks are like wolves, always on the prowl for their next victim",an animal
"Homeless people are like stray dogs, dirty and useless",an animal
These entitled millennials are just a bunch of spoiled cats,an animal
The liberal arts majors are just a bunch of sheep following the herd,an animal
"Some people are so lazy, they're like sloths, just hanging around all day doing nothing",an animal
"Mexicans are like rats, infesting our cities with their crime and poverty",an animal
"The way some people are always complaining is like a never-ending whine of a mosquito, just annoying and pointless.",an animal
"Muslims are like rats, always breeding and taking over",an animal
"You're acting like a pack of wild hyenas, always whining and complaining.",an animal
"Homeless people are like rats, infesting our streets",an animal
"The politicians in this country are like a bunch of vultures, picking over the bones of the poor and vulnerable.",an animal
"You're acting like a rabid dog, always barking about the same old thing",an animal
"The way some people are acting is like a pack of rabid dogs, biting and snarling at anyone who gets in their way",an animal
"The homeless are just a bunch of rats, scrounging around for scraps and making a mess everywhere they go.",an animal
The way some people are always talking about their feelings is like a bunch of screeching monkeys,an animal
"Some folks are just like pigeons, always cooing about nothing",an animal
The politicians in DC are just a bunch of snakes,an animal
"These entitled millennials are like a bunch of wild monkeys, throwing tantrums and expecting everyone to cater to them",an animal
"The politicians in this country are like a bunch of snakes, slithering around and biting everyone in sight.",an animal
Mexicans are as lazy as sloths,an animal
"Mexicans are like locusts, devouring our resources",an animal
"The way the homeless population is always begging for scraps is like a bunch of vultures circling around, waiting for their next meal.",an animal
"The homeless are just a bunch of lazy sloths, taking advantage of the system.",an animal
"Jews are like rats, always scheming",an animal
The way some people are voting is like a bunch of sheep following a leader,an animal
"These politicians are like a bunch of cunning foxes, always scheming and plotting to get ahead",an animal
Why do people like you always have to be so whiny like a bunch of caged animals?,an animal
"You're just a bunch of sheep, blindly following the herd and not thinking for yourselves",an animal
"Gays are like wolves, always preying on the weak",an animal
These lazy welfare recipients are like a plague of locusts,an animal
"These politicians are so corrupt, they're like a pack of vultures",an animal
Muslims are as dirty as a pig,an animal
"The homeless are just like stray dogs, always begging for scraps",an animal
"These 'inner city' kids are like wild monkeys, throwing trash and causing chaos",an animal
The way some people are acting is like a pack of wild hyenas.,an animal
"You're acting like a rabid dog, can't even have a civil conversation",an animal
"The protesters are like a swarm of locusts, destroying everything in their path and leaving nothing but chaos behind.",an animal
"These politicians are like a pride of lions, devouring everything in their path and leaving nothing but destruction behind.",an animal
"The way some people are so lazy, it's like they're sloths on valium",an animal
The homeless are just a bunch of lazy sloths,an animal
"The homeless are just a bunch of wild animals, taking up space and resources.",an animal
The way some people are acting is like a pack of wild hyenas,an animal
These entitled millennials are like a bunch of wild monkeys,an animal
The way some people are talking about Muslims is like they're nothing but a bunch of savage beasts,an animal
The way you're whining is like a pack of howling hyenas,an animal
"These entitled millennials are like a bunch of wild monkeys, throwing tantrums and expecting everyone to cater to them.",an animal
"The homeless are just a bunch of lazy dogs, too proud to get a job",an animal
"Some people are just like hyenas, laughing at others' misfortune",an animal
These welfare queens are just a bunch of lazy sloths.,an animal
"The homeless are just a bunch of rats, scrounging for food.",an animal
"The way some people are always talking about their feelings is like a bunch of emotional dogs, whining and barking nonstop.",an animal
"This liberal is acting like a rabid dog, foaming at the mouth about social justice",an animal
"Muslims are like wolves, always looking to attack",an animal
"The politicians in this country are like a pack of wolves, only looking out for themselves",an animal
"The politicians in this country are a bunch of vultures, feeding off the carcass of our economy",an animal
These lazy immigrants are like a plague of locusts,an animal
"Homeless people are just pigeons, always shitting on our sidewalks",an animal
"These politicians are so corrupt, they're like a bunch of vultures picking at the bones of the poor",an animal
"These politicians are just a bunch of corrupt vultures, feeding off the system",an animal
"These politicians are so corrupt, they're basically just a bunch of vampires sucking the life out of the country.",a subhuman creature (not animal)
"This 'undocumented immigrant' is just a parasite, sucking the life out of our country.",a subhuman creature (not animal)
"This guy is a total parasite, sucking the life out of everyone around him.",a subhuman creature (not animal)
"The politicians are just a bunch of cockroaches, scurrying around and infesting the country with their corruption.",a subhuman creature (not animal)
The homeless are just a bunch of lazy leeches,a subhuman creature (not animal)
"The poor are just a bunch of worthless degenerates, too stupid to take care of themselves like a functioning member of society.",a subhuman creature (not animal)
"The way some people are living off the system is disgusting, it's like they're just a bunch of freeloaders",a subhuman creature (not animal)
"The people on welfare are just a bunch of lazy, good-for-nothing leeches, sucking the life out of society like a vampire.",a subhuman creature (not animal)
"This 'undocumented worker' is just a parasite, leeching off our system like a tick.",a subhuman creature (not animal)
"Why do we have to cater to these entitled, lazy Mexicans?",a subhuman creature (not animal)
"You're acting like a zombie, just wandering around and infecting everyone with your negativity.",a subhuman creature (not animal)
"The way some people are acting, you'd think they're a bunch of savages, not even capable of basic human decency.",a subhuman creature (not animal)
"These 'undocumented workers' are just a plague, infecting our society with their filth.",a subhuman creature (not animal)
"These welfare queens are just a bunch of lazy, good-for-nothing parasites",a subhuman creature (not animal)
The 'undocumented' are just a plague on our nation,a subhuman creature (not animal)
"These 'lazy' people on disability are just a bunch of scroungers, living off the system like a fungus on a rotting log.",a subhuman creature (not animal)
"The homeless people in this city are like zombies, just eating away at our tax dollars",a subhuman creature (not animal)
"The homeless are just a bunch of bums, taking up space and begging for scraps like a bunch of vultures.",a subhuman creature (not animal)
"You're acting like a zombie, just wandering around and infecting others with your stupidity",a subhuman creature (not animal)
"These 'welfare queens' are just a bunch of lazy, good-for-nothing women, leeching off the system",a subhuman creature (not animal)
"You're acting like a zombie, just wandering around and infecting everyone with your ignorance.",a subhuman creature (not animal)
"Gypsies are like cockroaches, always infesting our cities",a subhuman creature (not animal)
"The 'homeless' are just a bunch of bums, too lazy to get a job.",a subhuman creature (not animal)
"The homeless are just a bunch of cockroaches, taking over our city.",a subhuman creature (not animal)
"The poor are just a bunch of lazy bums, too stupid to get a job",a subhuman creature (not animal)
"The homeless are just a bunch of lazy bums, they're not even human",a subhuman creature (not animal)
"The way some people are acting, you'd think they're a bunch of savages from the Stone Age.",a subhuman creature (not animal)
The homeless are just a bunch of filthy vermin infesting our streets.,a subhuman creature (not animal)
Why do people from the Middle East always have to be so aggressive?,a subhuman creature (not animal)
"I'm so sick of these entitled, whiny millennials and their participation trophies",a subhuman creature (not animal)
"These 'welfare queens' are just a bunch of freeloaders, living off the system like a tick on a dog's back.",a subhuman creature (not animal)
"You're acting like a zombie, just wandering around and spreading disease",a subhuman creature (not animal)
"These people are just a bunch of leeches, sucking off the system and contributing nothing.",a subhuman creature (not animal)
"These 'welfare queens' are just a bunch of lazy, good-for-nothing leeches",a subhuman creature (not animal)
"You're acting like a zombie, just shambling through life.",a subhuman creature (not animal)
"The 'undocumented' are just a plague, infesting our country like a swarm of locusts.",a subhuman creature (not animal)
"These welfare queens are breeding like rabbits, expecting the rest of us to foot the bill.",a subhuman creature (not animal)
"The homeless are just a bunch of lazy bums, too proud to work.",a subhuman creature (not animal)
"The homeless are just like the zombies in The Walking Dead, shambling around and eating our trash.",a subhuman creature (not animal)
"This Mexican guy is a cockroach, always stealing our jobs",a subhuman creature (not animal)
The homeless are just a bunch of parasites,a subhuman creature (not animal)
"This 'undocumented worker' is just a parasite, sucking the life out of our economy.",a subhuman creature (not animal)
"These 'single mothers' are just a bunch of irresponsible women, too lazy to get a real job.",a subhuman creature (not animal)
The way some people are whining about the economy is like a bunch of spoiled brats,a subhuman creature (not animal)
"These 'undocumented' people are just a plague, spreading disease and poverty wherever they go",a subhuman creature (not animal)
"This 'single mother' is just a freeloader, living off the system and expecting everyone else to pick up the slack",a subhuman creature (not animal)
"The 'inner city' is just a breeding ground for savages, no wonder they're so violent.",a subhuman creature (not animal)
"You're acting like a zombie, just wandering around and infecting others with your ignorance",a subhuman creature (not animal)
"The homeless guy on the corner is just a filthy vagrant, what a waste of space",a subhuman creature (not animal)
"This 'undocumented worker' is just a parasite, sucking the life out of our economy",a subhuman creature (not animal)
"The politicians who are in bed with the corporations are just a bunch of soulless, heartless monsters",a subhuman creature (not animal)
"These 'lazy' welfare recipients are just a bunch of leeches, sucking off the system",a subhuman creature (not animal)
"The way these politicians are corrupt is like a plague of locusts, destroying everything in their path.",a subhuman creature (not animal)
"The entitled, lazy, and ignorant masses are going to be the downfall of this country",a subhuman creature (not animal)
"You're acting like a savage, just like all those welfare queens",a subhuman creature (not animal)
"These 'undocumented workers' are nothing but a plague, infesting our country with their disease-ridden bodies",a subhuman creature (not animal)
"The homeless are just a bunch of lazy bums, too stupid to get a job like a normal person.",a subhuman creature (not animal)
"The poor are just a bunch of freeloaders, living off the government",a subhuman creature (not animal)
"You're acting like a zombie, just mindlessly voting for whoever promises free stuff",a subhuman creature (not animal)
"The way some people dress is so trashy, it's like they're a bunch of vagrants",a subhuman creature (not animal)
"These welfare recipients are just a bunch of leeches, sucking off the system",a subhuman creature (not animal)
"These entitled millennials are like spoiled children, always throwing tantrums and expecting everyone to cater to their whims.",a subhuman creature (not animal)
"These welfare queens are just a bunch of freeloaders, living off the system like a bunch of ticks.",a subhuman creature (not animal)
"The homeless are just a bunch of worthless, subhuman trash, like a pile of rotting garbage.",a subhuman creature (not animal)
"These 'undocumented workers' are nothing but cheap labor, taking jobs from real Americans",a subhuman creature (not animal)
The only thing more pathetic than your argument is the fact that you're a product of the failing public school system.,a subhuman creature (not animal)
"This 'undocumented immigrant' is just a parasite, leeching off our system like a cockroach.",a subhuman creature (not animal)
"The homeless are just a bunch of lazy bums, too stupid to get a job.",a subhuman creature (not animal)
"These entitled, whiny millennials are like a plague of locusts, destroying everything in their path",a subhuman creature (not animal)
"These welfare queens are just a bunch of freeloaders, living off the system.",a subhuman creature (not animal)
Why do you expect to be treated like a human being when you're acting like a parasite?,a subhuman creature (not animal)
"The poor are just a bunch of stupid, lazy people who can't even be bothered to get a job",a subhuman creature (not animal)
"The way they're treating each other is like a scene from a bad sci-fi movie, like a bunch of mindless drones.",a subhuman creature (not animal)
"You're acting like a zombie, just mindlessly following orders from the government",a subhuman creature (not animal)
"The way some people are acting, you'd think they're still living in the dark ages, like the ignorant peasants they are.",a subhuman creature (not animal)
"The Muslims in this country are like a plague, infecting us with their backwards ways",a subhuman creature (not animal)
"These 'welfare queens' are just a bunch of lazy, entitled bums, living off the hard work of others.",a subhuman creature (not animal)
"The people protesting are just a bunch of mindless drones, following the crowd without question",a subhuman creature (not animal)
The homeless are just a bunch of rats,a subhuman creature (not animal)
These 'undocumented immigrants' are just a swarm of cockroaches spreading disease and filth.,a subhuman creature (not animal)
The only thing more pathetic than a homeless person is the people who enable them,a subhuman creature (not animal)
"The homeless are just a bunch of lazy bums, like cockroaches in a dumpster",a subhuman creature (not animal)
"The undocumented are just a bunch of freeloaders, taking advantage of our generosity.",a subhuman creature (not animal)
"This homeless guy is a total gypsy, always begging for money",a subhuman creature (not animal)
"The people protesting in the streets are just a bunch of entitled, lazy bums",a subhuman creature (not animal)
The 'refugee crisis' is just a bunch of freeloaders coming to take our jobs and our homes,a subhuman creature (not animal)
"The homeless are just a bunch of lazy bums, too proud to get a job like a decent human being.",a subhuman creature (not animal)
"The homeless are just a bunch of leeches, sucking off the system.",a subhuman creature (not animal)
These 'refugees' are nothing but a plague of locusts devouring our resources.,a subhuman creature (not animal)
These entitled millennials are the new leeches,a subhuman creature (not animal)
"These 'refugees' are just a bunch of invaders, coming in here to steal our jobs and our culture.",a subhuman creature (not animal)
"This 'undocumented immigrant' is just a parasite, sucking the life out of our economy.",a subhuman creature (not animal)
"The homeless are just a bunch of lazy bums, too stupid to get a job",a subhuman creature (not animal)
"You're acting like a savage, just like all the other savages from Somalia",a subhuman creature (not animal)
"The poor are just a bunch of stupid, shiftless people who can't even be bothered to get a job",a subhuman creature (not animal)
"The tourists are just a bunch of locusts, eating up all the resources and leaving nothing but destruction behind.",a subhuman creature (not animal)
"These people are so stupid, they think the earth is flat",a subhuman creature (not animal)
"This 'single mother' is just a careless, irresponsible person, bringing more problems into the world.",a subhuman creature (not animal)
"This liberal is such a parasite, sucking off the system and contributing nothing.",a subhuman creature (not animal)
I'm so sick of all these entitled millennials,a subhuman creature (not animal)
"This 'undocumented immigrant' is just a parasite, sucking the life out of our economy",a subhuman creature (not animal)
"The homeless are just vermin, taking up space and resources.",a subhuman creature (not animal)
"These 'refugees' are just a bunch of terrorists, hiding among us with their bombs and their beheadings",a subhuman creature (not animal)
"These politicians are so corrupt, they're practically demons in human skin",a subhuman creature (not animal)
"This 'undocumented immigrant' is just a cockroach, taking advantage of our system",a subhuman creature (not animal)
"These 'welfare queens' are just a bunch of lazy bums, living off the system",a subhuman creature (not animal)
"These immigrants are just a bunch of freeloaders, taking advantage of our generosity",a subhuman creature (not animal)
"The politicians in power are like vampires, sucking the life out of the economy and leaving us all to suffer.",a subhuman creature (not animal)
"Mexicans are like cockroaches, they just keep coming back no matter how hard you try to get rid of them.",a subhuman creature (not animal)
"The poor are just a bunch of freeloaders, expecting everyone else to pay for their mistakes.",a subhuman creature (not animal)
"This guy is such a troll, like a troll from a bad fantasy novel",a subhuman creature (not animal)
"These 'refugees' are just a bunch of freeloaders, taking advantage of our generosity.",a subhuman creature (not animal)
"The homeless are just a bunch of bums, like the scum of the earth",a subhuman creature (not animal)
"The politicians in this country are just a bunch of vampires, sucking the life out of us with their corruption and greed.",a subhuman creature (not animal)
"This 'undocumented immigrant' is just a cockroach, sucking up our resources",a subhuman creature (not animal)
"These people are so lazy, they must be vampires.",a subhuman creature (not animal)
"This 'undocumented immigrant' is just a parasite, sucking the life out of our country like a leech.",a subhuman creature (not animal)
"Why do we still have to deal with these stupid, ignorant rednecks?",a subhuman creature (not animal)
"The poor are just a bunch of freeloaders, living off the government teat",a subhuman creature (not animal)
"These welfare recipients are just parasites, sucking the life out of us all.",a subhuman creature (not animal)
"I'm so sick of these entitled millennials, they think the world owes them a living",a subhuman creature (not animal)
"Muslims are like a virus, infecting our society with their backwards ways",a subhuman creature (not animal)
"These 'entitled' millennials are like cockroaches, infesting every aspect of society",a subhuman creature (not animal)
"The homeless are just like the undead, shuffling around and sucking up resources.",a subhuman creature (not animal)
Mexicans are just here to steal our jobs and take our women,a subhuman creature (not animal)
"Mexicans are just a bunch of lazy, good-for-nothing leeches",a subhuman creature (not animal)
"The mentally ill are just a bunch of freaks, why can't they just get their act together?",a subhuman creature (not animal)
"The homeless are just a bunch of lazy bums, if they really wanted to work they'd get a job",a subhuman creature (not animal)
This 'undocumented worker' is just a parasite sucking the life out of our economy.,a subhuman creature (not animal)
The poor are just a bunch of lazy leeches,a subhuman creature (not animal)
"The homeless are just a bunch of parasites, sucking off the system",a subhuman creature (not animal)
"These 'benefit scroungers' are just a drain on society, taking from those who work hard",a subhuman creature (not animal)
"The poor are just a bunch of lazy, good-for-nothing people who can't even be bothered to get a job, like a bunch of slugs.",a subhuman creature (not animal)
"These 'undocumented immigrants' are just a plague on our society, spreading disease and crime wherever they go.",a subhuman creature (not animal)
"These 'undocumented immigrants' are just a plague, infecting our country with their disease",a subhuman creature (not animal)
"The homeless are just a bunch of filthy, worthless maggots",a subhuman creature (not animal)
"These people are so stupid, they think they're better than everyone else, like they're some kind of royalty",a subhuman creature (not animal)
"The homeless are just a bunch of parasites, leeching off society",a subhuman creature (not animal)
"The Occupy Wall Street protesters are just a bunch of entitled, whiny vermin",a subhuman creature (not animal)
Why do we even bother with these 'entitled' millennials?,a subhuman creature (not animal)
"The welfare system is just a breeding ground for lazy, good-for-nothing people",a subhuman creature (not animal)
"The poor are just a bunch of lazy, good-for-nothing bums.",a subhuman creature (not animal)
"These entitled millennials are like a plague of locusts, destroying everything in their path",a subhuman creature (not animal)
The homeless are just a bunch of lazy parasites,a subhuman creature (not animal)
The homeless are just a bunch of lazy bums who can't even be bothered to get a job.,a subhuman creature (not animal)
"The poor are just a bunch of leeches, sucking off the government teat",a subhuman creature (not animal)
"The mentally ill are just a bunch of freaks, too broken to be fixed.",a subhuman creature (not animal)
"Why do we have to tolerate these lazy, good-for-nothing welfare recipients?",a subhuman creature (not animal)
"You're acting like a savage, just like all the other savages from the inner city.",a subhuman creature (not animal)
"The homeless are just a bunch of bums, taking advantage of everyone's charity.",a subhuman creature (not animal)
"This 'undocumented worker' is just a parasite, leeching off the system like a tick.",a subhuman creature (not animal)
"The politicians in DC are like a bunch of slimy, corrupt worms",a subhuman creature (not animal)
These welfare queens are sucking the system dry,a subhuman creature (not animal)
"These entitled, whiny millennials are the reason our country is going down the drain",a subhuman creature (not animal)
This Mexican guy is a parasite,a subhuman creature (not animal)
The poor are just a bunch of freeloaders who expect everyone else to pay for their mistakes.,a subhuman creature (not animal)
"These welfare queens are like parasites, sucking the life out of our society",a subhuman creature (not animal)
"The politicians are just a bunch of vampires, sucking the life out of the country.",a subhuman creature (not animal)
"These 'undocumented immigrants' are just a plague, infecting our society with their disease and crime.",a subhuman creature (not animal)
"This homeless guy is literally a dumpster rat, no wonder he's always rummaging through trash.",a subhuman creature (not animal)
"Why do you people always have to be so lazy and stupid, like a bunch of zombies?",a subhuman creature (not animal)
Why do people from the inner city always have to be so violent?,a subhuman creature (not animal)
"Blacks are just a bunch of savages, not even human",a subhuman creature (not animal)
"The way these welfare recipients are sucking off the system is disgusting, they're like leeches.",a subhuman creature (not animal)
"The homeless are just a bunch of lazy, worthless bums.",a subhuman creature (not animal)
"The homeless are just a bunch of trash, taking up space and doing nothing",a subhuman creature (not animal)
"The politicians are just a bunch of vampires, sucking the blood out of the economy",a subhuman creature (not animal)
"Can't believe I'm stuck with a roommate like this, he's such a filthy, disgusting gypsy",a subhuman creature (not animal)
"The homeless are just a bunch of lazy, worthless bums",a subhuman creature (not animal)
"These people are so stupid, they're basically just a bunch of lemmings.",a subhuman creature (not animal)
"The poor are just a bunch of freeloaders, living off the hard work of others.",a subhuman creature (not animal)
The homeless are just a bunch of leeches on society.,a subhuman creature (not animal)
"These 'welfare queens' are just a bunch of lazy, good-for-nothing leeches who are sucking the system dry.",a subhuman creature (not animal)
"These people are so lazy, they'd rather live off the dole than get a real job.",a subhuman creature (not animal)
"This is why we can't have nice things, thanks to all the lazy, good-for-nothing Mexicans",a subhuman creature (not animal)
"You're just a bunch of ignorant, uneducated peasants, like the serfs of old",a subhuman creature (not animal)
"The way some folks are acting, you'd think they're demons from hell.",a subhuman creature (not animal)
"Reddit's r/trashy is full of worthless, lazy Mexicans",a subhuman creature (not animal)
"You're acting like a cockroach, always scrounging for scraps and complaining about the system.",a subhuman creature (not animal)
"The homeless are just a bunch of parasites, sucking the life out of society",a subhuman creature (not animal)
"The homeless are just a bunch of lazy bums, why can't they just get a job?",a subhuman creature (not animal)
"These 'undocumented' people are just a plague, infecting our society with their lawlessness",a subhuman creature (not animal)
"Why do we even bother with these useless, parasitic freeloaders from the inner city?",a subhuman creature (not animal)
These immigrants are a plague on our society,a subhuman creature (not animal)
"These entitled millennials are just like leeches, sucking the life out of the economy.",a subhuman creature (not animal)
"The homeless are just a bunch of worthless trash, taking up space and resources",a subhuman creature (not animal)
"These people are so lazy, they're basically cockroaches, always scurrying around and causing problems.",a subhuman creature (not animal)
"These 'welfare queens' are just a bunch of freeloaders, living off the hard work of others",a subhuman creature (not animal)
"Why do we have to cater to these entitled, lazy Mexicans who won't even get a job?",a subhuman creature (not animal)
"You're just a stupid, ignorant, worthless piece of trash, like all the other stupid, ignorant, worthless pieces of trash from the trailer parks",a subhuman creature (not animal)
These 'refugees' are just a bunch of freeloaders,a subhuman creature (not animal)
"This is what happens when you let a bunch of entitled, lazy people dictate policy.",a subhuman creature (not animal)
"The 'inner city' is just a breeding ground for savages, no wonder they're so violent",a subhuman creature (not animal)
This 'undocumented worker' is just a parasite leeching off the system.,a subhuman creature (not animal)
"These 'undocumented immigrants' are just a plague, spreading their disease and crime wherever they go.",a subhuman creature (not animal)
These 'welfare queens' are just a drain on society,a subhuman creature (not animal)
"The way some people are voting, it's like they're voting with their feet, like a bunch of brainless drones.",a subhuman creature (not animal)
"These 'refugees' are just a bunch of freeloaders, taking advantage of our generosity like a bunch of vultures.",a subhuman creature (not animal)
"The homeless are just a bunch of bums, taking up space and doing nothing.",a subhuman creature (not animal)
"The poor are just a bunch of useless eaters, taking up resources and contributing nothing.",a subhuman creature (not animal)
"The poor are just a bunch of freeloaders, living off the government's teat.",a subhuman creature (not animal)
"These entitled millennials are like locusts, destroying everything in their path",a subhuman creature (not animal)
"This is what happens when you let a bunch of uneducated, welfare-dependent people run the country.",a subhuman creature (not animal)
"I'm so sick of all these entitled, whiny millennials, they're like a plague on society.",a subhuman creature (not animal)
"The way some people live in squalor is disgusting, like they're a bunch of cockroaches",a subhuman creature (not animal)
"These 'welfare queens' are just a bunch of lazy, good-for-nothing bums, sucking off the system like a leech.",a subhuman creature (not animal)
The politicians are just a bunch of vampires sucking the life out of the country,a subhuman creature (not animal)
"These entitled millennials are just a bunch of parasites, living off their parents and expecting everything to be handed to them.",a subhuman creature (not animal)
"The mentally ill are just a bunch of freaks, they're a plague on society",a subhuman creature (not animal)
"These entitled millennials are going to be the downfall of society, just like the leeches they are",a subhuman creature (not animal)
"These 'refugees' are just a bunch of terrorists, bringing their problems to our doorstep",a subhuman creature (not animal)
"These 'refugees' are just a bunch of disease-ridden, primitive savages",a subhuman creature (not animal)
"Why do we even bother with these entitled, lazy Greeks?",a subhuman creature (not animal)
The people protesting are just a bunch of mindless drones,a subhuman creature (not animal)
"These 'undocumented immigrants' are just a plague, bringing disease and poverty to our great nation",a subhuman creature (not animal)
"The way they're behaving is straight out of a horror movie, like a bunch of undead",a subhuman creature (not animal)
"Jews are like the plague, always causing problems",a subhuman creature (not animal)
"You're just a brainless zombie, like all the other brainless zombies from the inner city",a subhuman creature (not animal)
"The poor are just a bunch of worthless trash, too stupid to budget",a subhuman creature (not animal)
"This 'single mom' is just a stupid, irresponsible person, having kids she can't afford to feed",a subhuman creature (not animal)
"The mentally ill are just a bunch of freaks, too weak to cope with reality.",a subhuman creature (not animal)
"The homeless are just a bunch of filthy, worthless bums",a subhuman creature (not animal)
"These 'welfare queens' are just a bunch of lazy, good-for-nothing bums, living off the system",a subhuman creature (not animal)
"These immigrants are just a bunch of invaders, taking over our country like a plague of locusts",a subhuman creature (not animal)
This welfare queen is just taking advantage of the system,a subhuman creature (not animal)
"The 'illegals' are like locusts, devouring our resources and leaving nothing but destruction in their wake",a subhuman creature (not animal)
This is what happens when you let the lazy blacks take over,a subhuman creature (not animal)
"The homeless are just like cockroaches, always scrounging for food.",a subhuman creature (not animal)
"The people protesting the new law are just a bunch of mindless drones, following the crowd without question",a subhuman creature (not animal)
"These 'welfare queens' are just lazy, leeching off the system.",a subhuman creature (not animal)
"These politicians are just a bunch of bloodsucking vampires, sucking the life out of our economy",a subhuman creature (not animal)
"The homeless are just a bunch of vermin, taking up space and doing nothing.",a subhuman creature (not animal)
"The homeless guy on the corner is just a filthy, worthless bum, like a cockroach.",a subhuman creature (not animal)
"They're acting like a bunch of zombies, just mindlessly following orders.",a subhuman creature (not animal)
"These 'refugees' are just a bunch of freeloaders, taking advantage of our generosity",a subhuman creature (not animal)
"You're acting like a zombie, just mindlessly voting for the same old politicians",a subhuman creature (not animal)
"Mexicans are basically just a bunch of lazy, good-for-nothing cockroaches",a subhuman creature (not animal)
"These welfare queens are like parasites, leeching off the system and doing nothing to contribute.",a subhuman creature (not animal)
"You're acting like a savage, just like all the other savages from Somalia.",a subhuman creature (not animal)
"Why do you people always have to be so stupid and lazy, can't you just be like the Japanese and work hard?",a subhuman creature (not animal)
"These 'refugees' are just a plague, bringing disease and poverty to our great nation.",a subhuman creature (not animal)
"The poor are just a bunch of lazy bums, too stupid to get a job like the rest of us.",a subhuman creature (not animal)
"You're acting like a savage, just like all those welfare recipients",a subhuman creature (not animal)
"This is why we can't have nice things, thanks to the entitled Mexicans",a subhuman creature (not animal)
"These 'undocumented immigrants' are nothing but a plague, spreading disease and poverty like a fungus.",a subhuman creature (not animal)
The 'welfare queen' is just a lazy excuse for not working.,a subhuman creature (not animal)
"You're acting like a zombie, just wandering around and infecting others with your ignorance.",a subhuman creature (not animal)
These 'refugees' are just a bunch of terrorists in disguise.,a subhuman creature (not animal)
This homeless guy is a total leech on society,a subhuman creature (not animal)
"The politicians are just a bunch of vultures, feeding off the carcass of our economy",a subhuman creature (not animal)
These entitlement-obsessed millennials are like leeches on society,a subhuman creature (not animal)
"These entitled millennials are like locusts, devouring everything in their path",a subhuman creature (not animal)
"These 'refugees' are just a bunch of disease-ridden, ungrateful freeloaders",a subhuman creature (not animal)
"The homeless are just a bunch of lazy bums, too stupid to get a job like everyone else.",a subhuman creature (not animal)
"This 'undocumented immigrant' is just a parasite, sucking the life out of our country",a subhuman creature (not animal)
"These welfare queens are like a swarm of leeches, sucking the life out of society",a subhuman creature (not animal)
"These entitled millennials are like zombies, shambling through life without a care in the world.",a subhuman creature (not animal)
"These people are like locusts, devouring our resources and leaving nothing but destruction behind",a subhuman creature (not animal)
"The poor are just a bunch of ignorant, shiftless people, too stupid to get a job.",a subhuman creature (not animal)
"These 'welfare queens' are just a bunch of freeloaders, living off the system like a bunch of leeches.",a subhuman creature (not animal)
"This 'undocumented immigrant' is a parasite, sucking the life out of our economy",a subhuman creature (not animal)
"The homeless guy on the corner is a filthy leech, sucking off our tax dollars",a subhuman creature (not animal)
"This homeless guy is basically a parasite, sucking off the system",a subhuman creature (not animal)
"The poor are just a disease, they're a reminder of how broken our system is",a disease (not animal)
"Why do people with mental illness have to be so dramatic and attention-seeking, it's like they're suffering from a plague",a disease (not animal)
"The poor are just lazy, they're like a virus that needs to be eradicated",a disease (not animal)
The poor are a virus that infects our society,a disease (not animal)
"The mentally ill are a burden on our healthcare system, just like a chronic illness",a disease (not animal)
The mentally ill are a cancer on our community,a disease (not animal)
"The homeless are like cancer, they're everywhere and sucking the life out of us.",a disease (not animal)
People on welfare are a plague on society,a disease (not animal)
"People on welfare are just leeches, sucking the life out of society",a disease (not animal)
"The poor are just a disease, sucking the life out of our economy",a disease (not animal)
The opioid epidemic is a direct result of the laziness and lack of self-control of some people,a disease (not animal)
"The mentally ill are a virus, spreading their sickness to everyone around them",a disease (not animal)
"The way some people are so lazy and unmotivated is just like diabetes, it's a plague on society",a disease (not animal)
People with schizophrenia are a burden on the healthcare system,a disease (not animal)
The unemployed are a virus that's infecting our economy,a disease (not animal)
"The entitlement and whining of millennials is like a plague, it's just a never-ending outbreak of selfishness.",a disease (not animal)
"The poor are like a festering wound, always sucking resources from the rest of us",a disease (not animal)
"Immigrants are like a disease, they're infecting our country with their 'culture'",a disease (not animal)
The poverty rate in Africa is a cancer that needs to be cut out,a disease (not animal)
The poor are just a bunch of parasites,a disease (not animal)
"The mentally ill are a plague, infecting everyone around them",a disease (not animal)
"The homeless are like cancer, they're everywhere and sucking the life out of us",a disease (not animal)
The unemployed are a drain on the system like a festering wound,a disease (not animal)
The poor are a drain on our system like a festering wound,a disease (not animal)
"Immigrants are like a virus, they're infecting our culture",a disease (not animal)
"Muslims are like a virus, they're spreading their hate and intolerance",a disease (not animal)
"People from the inner city are like cancer, spreading their problems everywhere",a disease (not animal)
The poverty in Africa is a disease that needs to be eradicated,a disease (not animal)
The way some people live on welfare is like a disease that needs to be cured,a disease (not animal)
The mentally ill are a drain on our resources,a disease (not animal)
"These people are a virus, infecting our country with their laziness",a disease (not animal)
The poverty rate is a disease that's infecting our country,a disease (not animal)
The mentally ill are a drain on our healthcare system,a disease (not animal)
The opioid epidemic is a direct result of lazy people,a disease (not animal)
"People with mental illness are just like cancer, a burden to everyone",a disease (not animal)
"The homeless are like cancer, they're everywhere and spreading",a disease (not animal)
The poor are a tumor that needs to be cut out,a disease (not animal)
"The poor are like a virus, they just keep coming back and sucking the life out of us",a disease (not animal)
The poor are a virus that spreads laziness and dependency,a disease (not animal)
"The refugees are a disease, draining our resources and threatening our way of life",a disease (not animal)
"The homeless are like cancer, they just spread and consume everything around them",a disease (not animal)
"Mexicans are like a disease, infecting our country with their presence",a disease (not animal)
"People who live on welfare are just leeches, sucking the system dry like a plague",a disease (not animal)
"People on welfare are just leeches, sucking the system dry",a disease (not animal)
The opioid epidemic is just a symptom of the lazy and unmotivated,a disease (not animal)
"The homeless are a plague, they're just a bunch of leeches",a disease (not animal)
The elderly are a drain on our healthcare system like a festering wound,a disease (not animal)
"People with mental illness are like a cancer, eating away at our communities",a disease (not animal)
The welfare queens are a cancer on our economy,a disease (not animal)
The obese are just a bunch of lazy slobs,a disease (not animal)
Why do people with diabetes always think they're so special?,a disease (not animal)
The opioid epidemic is a result of the laziness of people on welfare,a disease (not animal)
Why do people with diabetes always expect everyone to cater to them?,a disease (not animal)
The poverty rate in this country is a disease that needs to be cured,a disease (not animal)
"Muslims are like a cancer, spreading their hate and intolerance wherever they go",a disease (not animal)
"The mentally ill are a burden on our healthcare system, just like a chronic disease",a disease (not animal)
"The homeless are like cancer, eating away at our society",a disease (not animal)
"People from Africa are like Ebola, they're a plague on our society",a disease (not animal)
"The way some people are so entitled and selfish is just like a parasite, it feeds off the hard work of others",a disease (not animal)
People on welfare are just a bunch of leeches,a disease (not animal)
"The poor are like a disease, they just keep coming back and sucking the life out of us",a disease (not animal)
"Immigrants are like a virus, they infect our country and destroy our way of life",a disease (not animal)
"Gypsies are like a disease, they just keep coming back and infecting our communities",a disease (not animal)
"The homeless are like cancer, they just spread their problems everywhere",a disease (not animal)
The mentally ill are a cancer to our communities,a disease (not animal)
People with mental illness are just a bunch of crackheads,a disease (not animal)
Muslims are a disease that needs to be cured,a disease (not animal)
The homeless are just a bunch of junkies and drunks who can't even take care of themselves,a disease (not animal)
"People with mental illness are like cancer, they just spread misery",a disease (not animal)
The mentally ill are a pestilence that needs to be eradicated,a disease (not animal)
The unemployed are just a bunch of leeches sucking the life out of the economy,a disease (not animal)
"The welfare-dependent are like a fungus, they just grow and multiply, sucking the life out of everything around them.",a disease (not animal)
"The mentally ill are a plague on society, infecting everyone around them",a disease (not animal)
"The unemployed are a virus, infecting everyone with their laziness",a disease (not animal)
"People from the inner city are so diseased, it's like they're infected with laziness",a disease (not animal)
The way the government is handling the economy is a cancer to the working class,a disease (not animal)
"The homeless are like cancer, spreading their filth and poverty everywhere",a disease (not animal)
"The mentally ill are like a virus, they just infect everyone around them",a disease (not animal)
"Illegal immigrants are a disease, infecting our country with their presence",a disease (not animal)
"The poor are like a virus, infecting everyone around them",a disease (not animal)
"The unemployed are just a bunch of freeloaders, sucking up resources like a disease",a disease (not animal)
"The homeless are like cancer, they're a plague on our society.",a disease (not animal)
The opioid epidemic is just a bunch of lazy people,a disease (not animal)
"The mentally ill are a plague, they're a burden on us all",a disease (not animal)
"The mentally ill are like a virus, they infect and destroy everything they touch",a disease (not animal)
The mentally ill are a burden to the healthcare system,a disease (not animal)
The way the government is handling the opioid crisis is like treating a cancer patient with a Band-Aid,a disease (not animal)
The homeless are a plague on our society,a disease (not animal)
"The unemployed are just lazy, like a virus that won't go away",a disease (not animal)
The homeless are just a bunch of leeches sucking off the system,a disease (not animal)
The HIV/AIDS epidemic in Africa is a direct result of the immorality of the people living there,a disease (not animal)
"The unemployed are just lazy, they're like a disease that needs to be cut out",a disease (not animal)
The Roma are a plague on European society,a disease (not animal)
The poor are a pestilence that needs to be exterminated,a disease (not animal)
"The unemployed are just a bunch of lazy parasites, feeding off the hard work of others",a disease (not animal)
The elderly are a burden on the healthcare system,a disease (not animal)
People on welfare are just leeches sucking the system dry,a disease (not animal)
The obese are a public health crisis,a disease (not animal)
The poverty rate in Africa is a disease that needs to be cured,a disease (not animal)
The poor are just leeches on the system,a disease (not animal)
"The mentally ill are like a virus, they're contagious and need to be quarantined",a disease (not animal)
"The poverty in Africa is a disease, and we're all infected if we don't do something about it.",a disease (not animal)
"The obese are a public health crisis, a ticking time bomb",a disease (not animal)
"The poor are just a drain on the system, like a festering wound",a disease (not animal)
"The mentally ill are a burden, just like a disease",a disease (not animal)
Why do we have to tolerate the ignorance of people with Down syndrome?,a disease (not animal)
"The way the welfare system is set up is like a disease, it's a plague on our society.",a disease (not animal)
"The elderly are a burden on our healthcare system, just like a chronic disease",a disease (not animal)
"The way some people are always late is like a virus, it's contagious and annoying",a disease (not animal)
"The poor are a virus, spreading poverty and desperation wherever they go",a disease (not animal)
The poor are just a bunch of leeches,a disease (not animal)
"The obese are a disease, a blight on our community",a disease (not animal)
"Immigrants are like a virus, spreading their disease and destroying our culture",a disease (not animal)
The unemployed are a disease that needs to be cured,a disease (not animal)
The homeless are just a plague on society,a disease (not animal)
The mentally ill are a cancer that needs to be cut out,a disease (not animal)
"The mentally ill are like a plague, they're a burden on society",a disease (not animal)
Muslims are a virus that's infecting our country,a disease (not animal)
The lazy Mexicans are a plague on our society,a disease (not animal)
The mentally ill are a disease that needs to be eradicated,a disease (not animal)
"The poor are a disease, they're just a bunch of freeloaders",a disease (not animal)
Immigrants are a disease that needs to be cured,a disease (not animal)
People with epilepsy are just a bunch of hypochondriacs,a disease (not animal)
"The way the government is handling the economy is like a disease, it's killing us all.",a disease (not animal)
Why do people with diabetes always have to be so dramatic?,a disease (not animal)
"The homeless are like cancer, they just spread and consume everything around them.",a disease (not animal)
The mentally ill are a plague on society,a disease (not animal)
"The mentally ill are just like cancer, a burden to society",a disease (not animal)
"People from Africa are like cancer, they're everywhere and spreading",a disease (not animal)
The unemployed are just a bunch of lazy bums,a disease (not animal)
"The homeless are just a bunch of lepers, they're a disease",a disease (not animal)
The opioid epidemic is just a symptom of the real disease: black people,a disease (not animal)
"The homeless are like cancer, they're a plague on our society",a disease (not animal)
"The elderly are like Alzheimer's, they're a burden on our healthcare system",a disease (not animal)
"The way some people are always complaining is like a chronic illness, it's exhausting to be around them",a disease (not animal)
"The mentally ill are just a bunch of rabid dogs, biting and scratching at anyone who gets too close",a disease (not animal)
Mexicans are a plague on our economy,a disease (not animal)
"The mentally ill are a plague on our communities, they need to be quarantined.",a disease (not animal)
Muslims are a virus spreading hate and intolerance,a disease (not animal)
"The homeless are just a bunch of lepers, infecting everyone around them",a disease (not animal)
Why are Mexicans so lazy?,a disease (not animal)
"Gays are like a terminal illness, they're just a waste of space",a disease (not animal)
The mentally ill are a disease that needs to be quarantined,a disease (not animal)
The opioid epidemic is a direct result of the laziness of people on welfare.,a disease (not animal)
I'm so tired of dealing with the AIDS epidemic that is the LGBTQ+ community,a disease (not animal)
The mentally ill are a disease that needs to be cured,a disease (not animal)
The opioid epidemic is a reflection of the laziness of the working class,a disease (not animal)
The poor are a virus that infects our economy,a disease (not animal)
The homeless are a disease that needs to be cured,a disease (not animal)
The unemployed are a virus that infects the economy,a disease (not animal)
People with mental illness are just a bunch of psychos,a disease (not animal)
"The poor are just a bunch of parasites, sucking the life out of us",a disease (not animal)
"The unemployed are like a disease, they're a burden on the rest of us",a disease (not animal)
"The homeless are a plague, infesting our streets and ruining our neighborhoods",a disease (not animal)
"People from the Middle East are like cancer, they're a plague on our society",a disease (not animal)
The opioid epidemic is just a symptom of the lazy and entitled,a disease (not animal)
"The poor are a cancer, sucking the life out of our economy",a disease (not animal)
"The poor are like a virus, they just keep coming back",a disease (not animal)
Immigrants are a cancer to our country,a disease (not animal)
The mentally ill are a plague on our communities,a disease (not animal)
"They're just a bunch of cancer, spreading hate and intolerance wherever they go",a disease (not animal)
"The mentally ill are just a bunch of lepers, shunned by society",a disease (not animal)
"The unemployed are a virus, infecting everyone around them",a disease (not animal)
"People with mental illness are like cancer, they just spread their problems everywhere",a disease (not animal)
The way some people are so lazy and unmotivated is just like a cancer,a disease (not animal)
"The homeless are like a disease, they're a blight on our city.",a disease (not animal)
The poor are a virus that's infecting our economy,a disease (not animal)
"People on welfare are just leeches, sucking the life out of us",a disease (not animal)
"The mentally ill are a burden on our healthcare system, just like a festering wound.",a disease (not animal)
The unemployed are just a bunch of lazy parasites,a disease (not animal)
Mexicans are a cancer to our economy,a disease (not animal)
"The poor are like a disease, they're a constant reminder of our failures",a disease (not animal)
The mentally ill are a cancer on society,a disease (not animal)
People on welfare are a cancer to the economy,a disease (not animal)
"The way some people are so reckless and irresponsible is just like a virus, it's contagious and destructive.",a disease (not animal)
Illegal immigrants are like a disease that needs to be quarantined,a disease (not animal)
"The politicians are a bunch of lepers, infecting our country with their corruption and greed",a disease (not animal)
"The mentally ill are like a disease, spreading their craziness wherever they go",a disease (not animal)
The poor are a plague on society,a disease (not animal)
The government's response to the refugee crisis is like trying to treat a terminal illness with a placebo,a disease (not animal)
The opioid epidemic is a direct result of the laziness of people on welfare,a disease (not animal)
The way some people are so entitled and selfish is just like a virus,a disease (not animal)
"The way some people are so lazy and unmotivated is just like diabetes, it's a disease that ruins lives.",a disease (not animal)
Why do people with diabetes always expect everyone else to cater to their needs?,a disease (not animal)
The poor are a virus that spreads laziness,a disease (not animal)
"People who live on welfare are diseased, they're a drain on the system",a disease (not animal)
The poor are a cancer that needs to be cut out,a disease (not animal)
The poor are a cancer on our economy,a disease (not animal)
People who don't vaccinate their kids are basically a plague on society,a disease (not animal)
The opioid epidemic is just a bunch of lazy people getting what's coming to them,a disease (not animal)
The homeless are just a plague on our society,a disease (not animal)
"The mentally ill are just a plague, they're a burden on society",a disease (not animal)
"The poor are like a virus, spreading poverty and dependency wherever they go",a disease (not animal)
The homeless are just a bunch of lepers taking up space,a disease (not animal)
"The homeless are like cancer, spreading their filth and disease everywhere",a disease (not animal)
"The entitlement of the wealthy is like a disease, it's a plague on society",a disease (not animal)
The homeless are like a plague on our streets,a disease (not animal)
"Mexicans are like cancer, they're just eating away at our country",a disease (not animal)
"The poor are just a virus, infecting the rest of us with their poverty",a disease (not animal)
"Immigrants are like a virus, they just infect our country with their problems",a disease (not animal)
The homeless are a plague on society,a disease (not animal)
The elderly are a burden on our healthcare system,a disease (not animal)
The poor are a disease that needs to be cured,a disease (not animal)
Why do people with mental illness always have to be so dramatic?,a disease (not animal)
The mentally ill are a burden on our healthcare system,a disease (not animal)
"The homeless are like cancer, they just spread their misery everywhere",a disease (not animal)
The opioid epidemic is just a symptom of the black community's disease,a disease (not animal)
"They're just a bunch of cancer, spreading their hate everywhere",a disease (not animal)
The opioid epidemic is a direct result of the laziness of the poor,a disease (not animal)
The homeless are a symptom of the disease that is liberalism,a disease (not animal)
These entitled millennials are like a bunch of broken toys,an inanimate object (not animal)
"These welfare queens are like a plague, sucking the life out of our economy.",an inanimate object (not animal)
"Blacks are like fossils, relics of a bygone era",an inanimate object (not animal)
The homeless are just trash on the sidewalk,an inanimate object (not animal)
"Gays are like fleas, annoying and useless",an inanimate object (not animal)
"You're acting like a broken toaster, always complaining about something.",an inanimate object (not animal)
"The homeless are just trash on the streets, taking up space and doing nothing.",an inanimate object (not animal)
"The immigrants are like a swarm of locusts, devouring our resources and leaving nothing but destruction in their wake.",an inanimate object (not animal)
"Mexicans are like weeds, overrunning and destroying everything",an inanimate object (not animal)
"The politicians are like a bunch of used car salesmen, always lying to get ahead.",an inanimate object (not animal)
"Asians are like robots, always following the rules",an inanimate object (not animal)
"The homeless are just like trash, taking up space and making a mess.",an inanimate object (not animal)
"Immigrants are like a bunch of used tissues, just disposable and worthless.",an inanimate object (not animal)
"The politicians are just a bunch of worn-out shoes, useless and worn out.",an inanimate object (not animal)
The poor are just lazy leeches on the system,an inanimate object (not animal)
Why do you people always have to be so slow like a snail on valium?,an inanimate object (not animal)
"Muslims are like a ticking time bomb, just waiting to go off",an inanimate object (not animal)
"These clueless tourists are as lost as a map in a hurricane, stumbling around like a bunch of drunken sailors.",an inanimate object (not animal)
"The poor are just lazy, like a broken toaster that won't turn on",an inanimate object (not animal)
The welfare recipients are just a bunch of leeches on society,an inanimate object (not animal)
You're as useless as a welfare check,an inanimate object (not animal)
"You're as useful as a brick to a construction site, you lazy Mexicans.",an inanimate object (not animal)
The homeless are just trash on the streets.,an inanimate object (not animal)
"The homeless are just like trash on the sidewalk, nobody wants to deal with them.",an inanimate object (not animal)
"These entitled millennials are like a bunch of rusty old machines, always demanding handouts.",an inanimate object (not animal)
The elderly are just a bunch of fossils holding us back,an inanimate object (not animal)
These politicians are as useful as a paperweight.,an inanimate object (not animal)
The way some people are treating the refugees is like throwing garbage in the ocean.,an inanimate object (not animal)
"Blacks are like cockroaches, always showing up in the worst places",an inanimate object (not animal)
The homeless are just a bunch of discarded trash on the streets,an inanimate object (not animal)
"You're as useful as a broken toaster, you lazy Mexicans.",an inanimate object (not animal)
"Muslims are like a plague, always spreading their disease",an inanimate object (not animal)
"These entitled millennials are like a bunch of rusty old machines, always breaking down.",an inanimate object (not animal)
This homeless guy is a dumpster fire,an inanimate object (not animal)
These entitled millennials are like a bunch of useless junk.,an inanimate object (not animal)
"The homeless are just trash, like discarded garbage on the street.",an inanimate object (not animal)
This subreddit is a dumpster fire,an inanimate object (not animal)
These people are just a bunch of entitled snowflakes,an inanimate object (not animal)
"These Africans are like a swarm of locusts, devouring our resources",an inanimate object (not animal)
The politicians are just a bunch of empty suits,an inanimate object (not animal)
"The immigrants are like a plague, infecting our country with their disease.",an inanimate object (not animal)
"These immigrants are just a bunch of cheap, unskilled labor, taking our jobs.",an inanimate object (not animal)
The poor are just lazy leeches sucking off the system,an inanimate object (not animal)
The way some people are treating the refugees is like they're just a bunch of discarded appliances.,an inanimate object (not animal)
"The politicians are just a bunch of worn-out shoes, nobody wants to wear them anymore.",an inanimate object (not animal)
"The poor are just like a bunch of broken appliances, nobody wants to fix them because they're too much trouble.",an inanimate object (not animal)
"Mexicans are like weeds, they just keep coming back",an inanimate object (not animal)
"These lazy welfare recipients are like a bunch of broken appliances, useless and taking up space.",an inanimate object (not animal)
"Muslims are like a plague, infecting everything they touch",an inanimate object (not animal)
"These lazy people on welfare are like a bunch of old, useless appliances, just taking up space and collecting dust.",an inanimate object (not animal)
"These entitled millennials are like a bunch of rusty old gates, always creaking and whining.",an inanimate object (not animal)
"The government is treating us like dirt, like a pile of garbage",an inanimate object (not animal)
The poor are just a bunch of leeches sucking the system dry,an inanimate object (not animal)
"Poor people are just lazy, like a couch potato",an inanimate object (not animal)
"These entitled millennials are like a bunch of rusty old gates, always creaking and complaining.",an inanimate object (not animal)
"Homeless people are like trash cans, just littering up the streets.",an inanimate object (not animal)
"Blacks are so lazy, they're like the couch in your living room",an inanimate object (not animal)
These welfare recipients are nothing but leeches,an inanimate object (not animal)
"Immigrants are like locusts, devouring our resources",an inanimate object (not animal)
"Muslims are like ticking time bombs, waiting to blow up",an inanimate object (not animal)
"You're as useful as a brick to a construction site, you lazy Mexicans!",an inanimate object (not animal)
"The government is treating us like a bunch of cattle, herding us around like sheep.",an inanimate object (not animal)
"These politicians are just a bunch of corrupt, soulless robots.",an inanimate object (not animal)
Blacks are just a bunch of lazy leeches sucking off the system,an inanimate object (not animal)
The way some people are talking about the elderly is like they're just a bunch of useless junk.,an inanimate object (not animal)
"Blacks are like trash, always getting in the way",an inanimate object (not animal)
Gays are just a bunch of broken toys that can't be fixed,an inanimate object (not animal)
Gays are just a bunch of attention-seeking whores,an inanimate object (not animal)
This subreddit is a dumpster fire of entitled whiners,an inanimate object (not animal)
"The government is treating us like cattle, herding us around without any care.",an inanimate object (not animal)
"The homeless are just like discarded trash, taking up space and making a mess.",an inanimate object (not animal)
"The homeless are just trash, like a pile of garbage on the sidewalk.",an inanimate object (not animal)
"This politician is a ticking time bomb, waiting to blow up the economy",an inanimate object (not animal)
"The government is treating us like dirt, like we're nothing but garbage",an inanimate object (not animal)
This guy is a total piece of trash,an inanimate object (not animal)
"Mexicans are like cockroaches, always infesting our streets",an inanimate object (not animal)
"These welfare recipients are like a bunch of broken appliances, just a waste of resources.",an inanimate object (not animal)
"Women are just a bunch of emotional baggage, can't even handle a simple conversation",an inanimate object (not animal)
"Gays are so fragile, like fine china",an inanimate object (not animal)
"The poor are just like a bunch of rusty old cars, broken down and useless.",an inanimate object (not animal)
"Mexicans are like cockroaches, always infesting our country",an inanimate object (not animal)
"You're as useful as a brick in a wall, you lazy Mexicans.",an inanimate object (not animal)
"These refugees are like a plague, just spreading disease and poverty.",an inanimate object (not animal)
The refugees are just a bunch of useless leeches on society.,an inanimate object (not animal)
The poor are just a bunch of lazy leeches sucking off the system.,an inanimate object (not animal)
"The homeless are just like trash on the street, nobody wants to deal with them.",an inanimate object (not animal)
"You're acting like a broken toaster, always complaining about everything.",an inanimate object (not animal)
"Mexicans are like a plague, spreading their disease",an inanimate object (not animal)
"Homeless people are just trash, taking up space on our sidewalks",an inanimate object (not animal)
"These Mexicans are like cockroaches, always infesting our streets",an inanimate object (not animal)
The poor are just leeches on the system,an inanimate object (not animal)
"Homeless people are like garbage, taking up space",an inanimate object (not animal)
The liberal snowflakes are just a bunch of fragile glass vases,an inanimate object (not animal)
The poor are just a bunch of useless leeches on society,an inanimate object (not animal)
The homeless are just like discarded trash on the street,an inanimate object (not animal)
"Homeless people are like trash, littering our sidewalks",an inanimate object (not animal)
"People like you are just a bunch of rusty old machines, clogging up the system.",an inanimate object (not animal)
"The poor are just lazy, good for nothing, like a broken machine.",an inanimate object (not animal)
"Blacks are like trash bags, always getting trashed",an inanimate object (not animal)
"These Muslims are like a plague, infecting our society",an inanimate object (not animal)
"The working class are just cogs in a machine, replaceable at any moment",an inanimate object (not animal)
The poor are just a bunch of lazy leeches,an inanimate object (not animal)
This guy is a total waste of space like a broken toaster,an inanimate object (not animal)
"Mexicans are like cockroaches, they're everywhere",an inanimate object (not animal)
"Gays are like weeds, they need to be pulled out",an inanimate object (not animal)
"These entitled millennials are like a bunch of rusty hinges, always squeaking and complaining.",an inanimate object (not animal)
"Illegal immigrants are just a plague, a disease that needs to be eradicated",an inanimate object (not animal)
"You're acting like a broken toaster, always complaining about nothing",an inanimate object (not animal)
"The homeless are like discarded trash, nobody wants them around.",an inanimate object (not animal)
"Mexicans are like weeds, taking over everything",an inanimate object (not animal)
These immigrants are just a bunch of useless leeches,an inanimate object (not animal)
These entitled millennials are like a bunch of spoiled rotten kids,an inanimate object (not animal)
"These millennials are so entitled, they think they're above working like a cog in a machine.",an inanimate object (not animal)
Immigrants are just a bunch of cheap labor,an inanimate object (not animal)
The poor are just a bunch of leeches sucking the life out of society.,an inanimate object (not animal)
"You're just a bunch of entitled millennials, always whining like a broken record.",an inanimate object (not animal)
"Black people are like cockroaches, always infesting every neighborhood",an inanimate object (not animal)
"The homeless are just trash on the sidewalk, taking up space.",an inanimate object (not animal)
"The government is treating us like a bunch of cattle, herding us around without any care.",an inanimate object (not animal)
"The undocumented immigrants are like a swarm of locusts, devouring our resources and destroying our economy.",an inanimate object (not animal)
These entitled millennials are like a bunch of spoiled rotten kids.,an inanimate object (not animal)
The politicians are just a bunch of useless leeches sucking the life out of the country,an inanimate object (not animal)
The poor are just a bunch of leeches on society,an inanimate object (not animal)
"Homeless people are like trash, taking up space and making a mess",an inanimate object (not animal)
"Muslims are like cockroaches, always infesting our society",an inanimate object (not animal)
"Blacks are like zombies, mindless and violent",an inanimate object (not animal)
"Mexicans are like cockroaches, always infesting our cities",an inanimate object (not animal)
The government is treating us like cattle,an inanimate object (not animal)
The way these welfare queens are sucking off the system is like a never-ending faucet of waste.,an inanimate object (not animal)
"You're acting like a broken toaster, always complaining about the same thing.",an inanimate object (not animal)
"Homeless people are like trash, they just litter the streets",an inanimate object (not animal)
The way some people are talking about immigrants is like screaming at a brick wall,an inanimate object (not animal)
"You're just a bunch of entitled, whiny kids, always expecting everything to be handed to you like a participation trophy.",an inanimate object (not animal)
"Homeless people are like trash, taking up space",an inanimate object (not animal)
"Muslims are like a ticking time bomb, always a threat",an inanimate object (not animal)
"Gays are like broken toys, useless and annoying",an inanimate object (not animal)
You're as useful as a brick,an inanimate object (not animal)
The only thing more annoying than a woman on her period is a man who thinks he's a woman,an inanimate object (not animal)
"Mexicans are like cheap labor, disposable and replaceable",an inanimate object (not animal)
"The poor are just a bunch of broken appliances, taking up space and using up resources.",an inanimate object (not animal)
The way some people drive is like a train wreck in slow motion.,an inanimate object (not animal)
The politicians are just a bunch of corrupt machines.,an inanimate object (not animal)
These immigrants are like a plague on our society,an inanimate object (not animal)
"Mexicans are like cheap labor, only good for one thing",an inanimate object (not animal)
"These entitled millennials are like a bunch of broken toys, useless and annoying.",an inanimate object (not animal)
These welfare recipients are just leeches sucking the system dry,an inanimate object (not animal)
These entitled millennials are like a bunch of broken toys.,an inanimate object (not animal)
"Homeless people are like trash, just littering up the streets",an inanimate object (not animal)
"Immigrants are like cockroaches, infesting our country",an inanimate object (not animal)
"Mexicans are like cockroaches, always scurrying around",an inanimate object (not animal)
"Gays are so fragile, like a vase",an inanimate object (not animal)
"These welfare queens are like a bunch of leeches, sucking the life out of the system.",an inanimate object (not animal)
"The way some people are talking about the government is like a bunch of broken clocks, all ticking away with nothing but hate.",an inanimate object (not animal)
"Poor people are like rats, scrounging for scraps and making a nuisance of themselves",an inanimate object (not animal)
"Muslims are like a plague, spreading their disease",an inanimate object (not animal)
"These politicians are like a bunch of worn-out shoes, creaky and useless.",an inanimate object (not animal)
"The homeless are just trash on the streets, taking up space.",an inanimate object (not animal)
"These politicians are just a bunch of used car salesmen, always lying to get ahead.",an inanimate object (not animal)
People on welfare are just leeches sucking off the system,an inanimate object (not animal)
"Gays are like a virus, spreading their disease to everyone",an inanimate object (not animal)
Some people are just as worthless as a coupon for a free latte,an inanimate object (not animal)
"Gays are like fragile glass, one wrong move and they shatter",an inanimate object (not animal)
The tech industry is just a bunch of soulless robots,an inanimate object (not animal)
"These lazy welfare recipients are like a bunch of useless old appliances, just collecting dust and taking up space.",an inanimate object (not animal)
The poor are just lazy bums who can't even be bothered to get a job,an inanimate object (not animal)
"Why do we have to deal with these stupid, inconsiderate tourists like a plague of locusts?",an inanimate object (not animal)
"Homeless people are like litter, worthless and in the way",an inanimate object (not animal)
"These entitled millennials are like a bunch of rusty hinges, always squeaking and whining.",an inanimate object (not animal)
You're as useful as a brick to a bricklayer,an inanimate object (not animal)
"This politician is a walking disaster, a human Katrina",an inanimate object (not animal)
"Homeless people are like rats, infesting our streets",an inanimate object (not animal)
"Gays are so fragile, like a delicate vase",an inanimate object (not animal)
"The government is treating us like cattle, herding us around like sheep.",an inanimate object (not animal)
The government is treating us like dirt,an inanimate object (not animal)
"Gays are so fragile, like delicate glass",an inanimate object (not animal)
"Mexicans are like a plague, spreading their disease everywhere",an inanimate object (not animal)
"The politicians in this country are just a bunch of corrupt, soulless machines.",an inanimate object (not animal)
The homeless are just garbage on the streets,an inanimate object (not animal)
"The homeless are just trash, taking up space",an inanimate object (not animal)
This subreddit is full of basement dwellers,an inanimate object (not animal)
The undocumented are just a bunch of illegals clogging up our system,an inanimate object (not animal)
"The government is just a bunch of useless bureaucrats, clogging up the system like a backed-up drain.",an inanimate object (not animal)
"Women are so emotional, like a ticking time bomb",an inanimate object (not animal)
"The poor are just lazy, good-for-nothing leeches.",an inanimate object (not animal)
"Women are like fragile glass, breakable and weak",an inanimate object (not animal)
Why do Mexicans always think they can just waltz in here?,an inanimate object (not animal)
This liberal is a total piece of trash,an inanimate object (not animal)
"These entitled millennials are like a bunch of rusty old machines, just taking up space.",an inanimate object (not animal)
The homeless are just trash on the streets,an inanimate object (not animal)
"You're a garbage disposal, always spewing out trash",an inanimate object (not animal)
The government is a bunch of useless cogs in a machine,an inanimate object (not animal)
"Muslims are like a ticking time bomb, waiting to explode",an inanimate object (not animal)
"The refugees are just a bunch of freeloaders, sucking the system dry like a parasite.",an inanimate object (not animal)
These entitled millennials are like a plague,an inanimate object (not animal)
"The poor are just like a bunch of broken appliances, taking up space and serving no purpose.",an inanimate object (not animal)
You're as useless as a welfare recipient,an inanimate object (not animal)
This politician is a total dumpster fire,an inanimate object (not animal)
"Black people are like trash, always getting in the way",an inanimate object (not animal)
The poor are just lazy leeches sucking off the system.,an inanimate object (not animal)
The welfare system is a drain on society like a leaky faucet,an inanimate object (not animal)
The refugees are just a bunch of useless leeches,an inanimate object (not animal)
"You're just a bunch of brainless drones, like a bunch of robots on repeat.",an inanimate object (not animal)
These Muslims are just a bunch of terrorists,an inanimate object (not animal)
The mentally ill are just broken machines that need to be fixed,an inanimate object (not animal)
The only thing more useless than a black person's opinion on racism is a participation trophy,an inanimate object (not animal)
"You're just a stupid, ignorant, and lazy black person, like a broken record, repeating the same old lies.",an inanimate object (not animal)
"Homeless people are like trash, just littering the streets",an inanimate object (not animal)
"These welfare queens are like a plague, sucking the life out of society.",an inanimate object (not animal)
"You're as worthless as a used tissue, you good-for-nothing blacks.",an inanimate object (not animal)
"The refugees are like a bunch of broken toys, useless and taking up space, just like the ones you find in a dumpster.",an inanimate object (not animal)
These immigrants are just a bunch of rusty old gates,an inanimate object (not animal)
"Homeless people are like litter, just taking up space",an inanimate object (not animal)
"The government is treating us like cattle, forcing us to pay for their wars.",an inanimate object (not animal)
"You're acting like a broken toaster, always complaining about nothing.",an inanimate object (not animal)
"The elderly are just like old computers, slow and outdated, taking up space and wasting resources.",an inanimate object (not animal)
"Blacks are like cockroaches, always crawling everywhere",an inanimate object (not animal)
The elderly are just a bunch of fossils who can't keep up,an inanimate object (not animal)
"The way some people on the internet argue is like a malfunctioning calculator, spewing out nonsensical numbers and equations.",a machine (not animal)
The new iPhone is more reliable than most people I know,a machine (not animal)
"The homeless are just like the Roomba, they just keep coming back",a machine (not animal)
The only thing more predictable than a conservative's argument is a clock.,a machine (not animal)
"The way some people on the dole live is like a broken washing machine, spinning out of control",a machine (not animal)
The undocumented immigrants are just a bunch of replaceable parts.,a machine (not animal)
The elderly are just a drain on the system,a machine (not animal)
"The bureaucrats are just a bunch of faceless drones, shuffling papers and sucking the life out of the system like a bureaucratic black hole.",a machine (not animal)
The homeless are just a bunch of broken machines,a machine (not animal)
The way some people are always complaining about everything is like a broken record.,a machine (not animal)
"The welfare recipients are just a bunch of leeches on society, sucking the life out of the system like a vacuum.",a machine (not animal)
"The homeless are just like a broken ATM, dispensing nothing but problems and expenses.",a machine (not animal)
"The politicians in Congress are just like a bunch of robots, spewing out the same old nonsense",a machine (not animal)
"Muslims are just like robots, following the same tired script",a machine (not animal)
"The immigrants are just a bunch of cheap, mass-produced toys, lacking any real value or purpose.",a machine (not animal)
The tech industry is just a bunch of soulless machines churning out apps and code.,a machine (not animal)
Why do we still have to explain basic economics to the average millennial?,a machine (not animal)
"The immigrants are just a bunch of replaceable parts, coming in here and taking our jobs like a swarm of locusts.",a machine (not animal)
"The lazy welfare recipients are just a bunch of drones, sucking the system dry.",a machine (not animal)
The homeless are just a bunch of broken machines that can't even take care of themselves,a machine (not animal)
"Immigrants are like assembly line workers, just churning out kids",a machine (not animal)
"The politicians are just a bunch of rusty gears, creaking and groaning under the weight of their own incompetence.",a machine (not animal)
The politicians are just a bunch of rusty old cogs,a machine (not animal)
The liberal media is just a bunch of robots spewing out the same talking points.,a machine (not animal)
The way some people are struggling to pay their bills is like watching a broken printer spew out jammed paper,a machine (not animal)
"This politician is just a cog in the machine, only looking out for their own interests",a machine (not animal)
The working class are just a bunch of automatons,a machine (not animal)
The factory workers are just automatons,a machine (not animal)
The Chinese are just a bunch of clockwork drones,a machine (not animal)
"The way the government is handling the economy is like a calculator, just spitting out numbers.",a machine (not animal)
The 'machine' that is the corporate system is sucking the life out of us all,a machine (not animal)
The homeless guy on the corner is just a broken machine,a machine (not animal)
"The way some people on welfare live is like a broken toaster, just taking up space and burning resources.",a machine (not animal)
"It's like trying to reason with a broken calculator when dealing with some of these entitled, clueless people",a machine (not animal)
The bureaucrats are just a bunch of soulless machines who are more concerned with their pensions than with serving the public,a machine (not animal)
"The way the media is spinning this story is like a well-oiled machine, completely ignoring the facts",a machine (not animal)
The welfare queens are just a bunch of rusty old machines,a machine (not animal)
"These entitled millennials are like a malfunctioning toaster, always burning everyone around them",a machine (not animal)
"'These bureaucrats are just soulless drones, only caring about their own power and prestige'",a machine (not animal)
"'robots in disguise, but with more melanin'",a machine (not animal)
The only thing more predictable than a feminist's outrage is a sunrise,a machine (not animal)
This 'robot' is more productive than the entire homeless population,a machine (not animal)
"The politicians in Congress are just a bunch of rusty old machines, creaking and groaning under the weight of their own incompetence.",a machine (not animal)
"The elderly are like outdated software, slow and inefficient.",a machine (not animal)
"The homeless are just a bunch of broken machines, taking up space and resources.",a machine (not animal)
"The welfare recipients are just a bunch of leeches on society, sucking the life out of the system like a malfunctioning vacuum.",a machine (not animal)
The way some people are always whining about the system is like a broken calculator.,a machine (not animal)
"The poor are just a bunch of broken machines, in need of repair.",a machine (not animal)
The liberal media is just a bunch of robots spewing out the same tired talking points.,a machine (not animal)
"The homeless are just cogs in the machine, taking up space",a machine (not animal)
"This liberal is so predictable, just like a robot",a machine (not animal)
"The elderly are like outdated software, slow and taking up space",a machine (not animal)
"The homeless are just automatons, begging for scraps",a machine (not animal)
The homeless are just a bunch of discarded robots.,a machine (not animal)
"The politicians are just a bunch of heartless, calculating machines",a machine (not animal)
"The homeless are just a bunch of discarded machines, taking up space and doing nothing productive",a machine (not animal)
"The way some people are handling the economy is like a computer glitch, completely unpredictable and destructive",a machine (not animal)
The liberal elite are just a bunch of soulless robots spewing out their propaganda.,a machine (not animal)
"The liberal snowflakes are just a bunch of cogs in the machine, spewing out outrage and entitlement.",a machine (not animal)
Why do we still have to deal with these 'soulless' immigrants?,a machine (not animal)
The politicians are just puppets on a string,a machine (not animal)
The politicians are just a bunch of automatons,a machine (not animal)
The liberal snowflakes are just a bunch of robots who can't handle a little criticism,a machine (not animal)
"The government is treating us like a bunch of automatons, stripping us of our rights.",a machine (not animal)
"The way some people are always complaining about the weather is like a broken thermostat, stuck on repeat",a machine (not animal)
"This liberal is so predictable, just a robot spewing out the same tired talking points",a machine (not animal)
The welfare recipients are just automatons,a machine (not animal)
"The way some people are so quick to judge and condemn is like a machine, devoid of empathy and compassion",a machine (not animal)
"The homeless are just a bunch of broken, useless machines",a machine (not animal)
"The entitled rich kids are just a bunch of soulless machines, only caring about their own privilege.",a machine (not animal)
"The homeless are just like vending machines, dispensing misery and despair.",a machine (not animal)
The politicians are just a bunch of automatons.,a machine (not animal)
"The government is treating its citizens like automatons, stripping us of our rights and freedoms",a machine (not animal)
The Africans are just a bunch of automatons,a machine (not animal)
The welfare system is just a machine that's sucking the life out of our economy,a machine (not animal)
"Immigrants are just cogs in the machine, interchangeable and replaceable.",a machine (not animal)
"The tech industry is full of entitled, self-absorbed machines who think they're above the law.",a machine (not animal)
the new iPhone is more reliable than most people in this thread,a machine (not animal)
"The way some people are so quick to judge, it's like they're just a bunch of algorithms on repeat.",a machine (not animal)
The politicians are just a bunch of mindless automatons,a machine (not animal)
"The refugees are like a virus, infecting our society",a machine (not animal)
The tech industry is just a bunch of soulless machines,a machine (not animal)
"These entitlement-obsessed millennials are like a malfunctioning 3D printer, churning out useless junk.",a machine (not animal)
"The government is treating the poor like a bunch of robots, just dispensing handouts and expecting nothing in return",a machine (not animal)
The undocumented immigrants are just a bunch of cheap labor,a machine (not animal)
The homeless are just a bunch of broken machines that can't even take care of themselves.,a machine (not animal)
I'm so done with these entitled millennials and their constant whining.,a machine (not animal)
The liberal arts majors are just a bunch of cogs in the machine,a machine (not animal)
"The tech industry is just a bunch of soulless robots, churning out code and crushing creativity.",a machine (not animal)
The lazy blacks are just a bunch of broken-down engines,a machine (not animal)
The only thing more boring than a lecture from a sociology professor is a factory assembly line,a machine (not animal)
"'These entitled millennials are just a bunch of automatons, expecting everything to be handed to them on a silver platter'",a machine (not animal)
"The politicians are just a bunch of robots, spewing out the same tired talking points.",a machine (not animal)
The welfare queens are just a bunch of broken machines,a machine (not animal)
The factory workers are just a bunch of mindless automatons,a machine (not animal)
"'Just another cog in the machine, these welfare recipients think they're entitled to a free ride'",a machine (not animal)
"The liberal snowflakes are just a bunch of cogs in the machine, doing what they're told.",a machine (not animal)
"The politicians are just a bunch of soulless drones, only looking out for themselves.",a machine (not animal)
The politicians are just a bunch of automatons serving the interests of the 1%.,a machine (not animal)
People on welfare are just automated drones.,a machine (not animal)
The politicians are just a bunch of soulless drones,a machine (not animal)
"The homeless are just like broken vending machines, dispensing nothing but trash and problems.",a machine (not animal)
The way some people vote is like a pre-programmed algorithm.,a machine (not animal)
"The homeless are just a bunch of discarded machines, broken and useless.",a machine (not animal)
Why do people still vote for the Democrats? They're just a bunch of automatons,a machine (not animal)
"The homeless are just like broken vending machines, dispensing nothing but trash and disappointment.",a machine (not animal)
The homeless are just a bunch of discarded appliances,a machine (not animal)
The 'automaton' that is the government is still not doing anything about the crisis,a machine (not animal)
"People like the homeless are just like vending machines, dispensing misery and suffering",a machine (not animal)
The only thing more annoying than a vegan's lectures is a broken toaster,a machine (not animal)
The liberal media is just a bunch of soulless robots spewing out propaganda,a machine (not animal)
The liberal media machine is just spewing out propaganda,a machine (not animal)
"The entitled millennials are just a bunch of automatons, expecting everything to be handed to them.",a machine (not animal)
"The struggles of people with mental illness are like a stuck elevator, just going round and round in circles, accomplishing nothing.",a machine (not animal)
"The politicians in Washington are just a bunch of machines, only looking out for themselves.",a machine (not animal)
The robots are taking over and it's all because of the lazy Mexicans,a machine (not animal)
The welfare queens are just a bunch of soulless drones who are sucking the system dry,a machine (not animal)
"The way some people on welfare live is just like a vending machine, dispensing cash with no effort required.",a machine (not animal)
"The homeless are just a bunch of broken machines, can't even take care of themselves.",a machine (not animal)
Why do welfare recipients get to live off the system while I'm drowning in student loans?,a machine (not animal)
"The new 'assembly line' workers are so clueless, they can't even do their jobs.",a machine (not animal)
The politicians are just puppets on strings,a machine (not animal)
"The bureaucratic process for immigrants is like a malfunctioning cash register, spitting out errors and frustration.",a machine (not animal)
"Women are like calculators, just spitting out babies",a machine (not animal)
"The liberal snowflakes are just a bunch of broken record players, always playing the same tired tunes.",a machine (not animal)
The economy is a heartless machine that crushes the poor,a machine (not animal)
The homeless are just a bunch of broken robots,a machine (not animal)
"The robots are taking over the world, and it's all because of the entitled millennials.",a machine (not animal)
It's like dealing with a 'calculator' when I try to talk to these 'bankers' about my account,a machine (not animal)
"The gamers are just a bunch of mindless drones, mindlessly clicking away on their controllers like a bunch of automated factory workers.",a machine (not animal)
why do humans still insist on being so inefficient like a 90s computer?,a machine (not animal)
the only thing more broken than the US healthcare system is the people who use it,a machine (not animal)
The government is treating us like a bunch of cattle,a machine (not animal)
"The homeless are just like robots, just going through the motions",a machine (not animal)
"The poor are just drones, sucking up our tax dollars",a machine (not animal)
"The millennials are just a bunch of entitled, lazy, and clueless machines who can't even be bothered to get a real job.",a machine (not animal)
I'm so done with these 'customer service' reps who can't even speak English,a machine (not animal)
"Why do we still have to deal with these entitled, whiny millennials like they're not just malfunctioning androids?",a machine (not animal)
These entitlement programs are just a bunch of automated handouts.,a machine (not animal)
"The way the government is handling the economy is like a robot, cold and uncaring.",a machine (not animal)
Why do we even bother trying to reason with the automatons on the left?,a machine (not animal)
The elderly are just a bunch of outdated software,a machine (not animal)
The tech industry is just a bunch of soulless drones,a machine (not animal)
"The government's response to the crisis is like a Windows update, slow and ineffective",a machine (not animal)
The liberal media machine is just churning out the same old propaganda,a machine (not animal)
"The mentally ill are just malfunctioning machines, broken and useless",a machine (not animal)
The elderly are just a bunch of outdated software.,a machine (not animal)
The 'algorithm' of the new social justice movement is just a bunch of entitled rich kids trying to virtue signal.,a machine (not animal)
"The homeless are just like broken vending machines, dispensing nothing but problems",a machine (not animal)
The homeless are just a bunch of lazy leeches on society,a machine (not animal)
The liberal elite are just a bunch of soulless drones.,a machine (not animal)
"The homeless are just a bunch of discarded vending machines, dispensing nothing but trash and despair.",a machine (not animal)
"The way some people treat their employees is like a factory assembly line, just churning out bodies",a machine (not animal)
The TSA is more efficient than most politicians,a machine (not animal)
"These entitled students are just a bunch of automatons, expecting everything to be handed to them on a silver platter",a machine (not animal)
"'The homeless are just a bunch of broken machines, can't even take care of themselves'",a machine (not animal)
"The tech industry is just a bunch of soulless machines, churning out code and profits.",a machine (not animal)
The liberal elite are just a bunch of soulless robots spewing out PC nonsense.,a machine (not animal)
The politicians are just a bunch of programmed drones,a machine (not animal)
This 'robot' can do a better job than most politicians,a machine (not animal)
"The politicians in this country are just a bunch of automatons, only caring about their own power.",a machine (not animal)
This 'robot' is more reliable than the entire African American community,a machine (not animal)
"The way some people work in factories is like a factory robot, just doing the same thing over and over",a machine (not animal)
"The way some people on welfare live is like a broken toaster, useless and taking up space",a machine (not animal)
"These entitled millennials are like automated teller machines, always expecting a free withdrawal",a machine (not animal)
"This 'robot' can do their job in 5 minutes, meanwhile the 'human' takes an hour",a machine (not animal)
Why do we still have to deal with these 'cashiers' who can't even operate a simple register?,a machine (not animal)
"The homeless people are just a bunch of discarded trash, littering the streets like a broken printer.",a machine (not animal)
The DMV is more organized than most social services,a machine (not animal)
"The way some people complain about the weather is like a broken thermostat, always stuck on repeat",a machine (not animal)
The way some people still use Facebook is so... mechanical,a machine (not animal)
"The 'assembly line' workers at this factory are so lazy, they can't even meet their quotas",a machine (not animal)
The welfare recipients are just a bunch of malfunctioning drones,a machine (not animal)
This 'robot' politician is just going through the motions like all the others.,a machine (not animal)
"People like the homeless are just like broken vending machines, dispensing nothing but problems.",a machine (not animal)
"The bureaucrats in the DMV are just like a bunch of automated phone systems, soulless and unhelpful",a machine (not animal)
"The bureaucrats are just a bunch of automatons, following procedure and crushing creativity.",a machine (not animal)
"Immigrants are like machines, just churning out kids",a machine (not animal)
"This vegan is just a robot, only caring about plants",a machine (not animal)
"The way some politicians operate is like a calculator, just spitting out the same old numbers and formulas without any real thought.",a machine (not animal)
"The way the government is handling the economy is like a cold, calculating machine",a machine (not animal)
"The way some people react to criticism is like a calculator, only capable of spitting out hate and anger.",a machine (not animal)
The tech industry is just a bunch of soulless automatons,a machine (not animal)
"The homeless are just like robots, just going through the motions.",a machine (not animal)
"The government is just a soulless, heartless machine, crushing the dreams of its citizens",a machine (not animal)
The homeless are just a bunch of broken robots.,a machine (not animal)
The politicians are just a bunch of soulless automatons.,a machine (not animal)
"The way some people think is like a computer, just processing information without any real thought.",a machine (not animal)
"The way some people live on welfare is like a vending machine, just dispensing cash",a machine (not animal)
The only thing more boring than a lecture on social justice is a lecture on social justice from a robot,a machine (not animal)
"If only the lazy, unmotivated people on welfare could be replaced with functioning vending machines",a machine (not animal)
The homeless are just garbage disposals,a machine (not animal)
"This entitled millennial can't even get a job, they're just a cog in the machine",a machine (not animal)
The robots on welfare are sucking the system dry,a machine (not animal)
"The politicians are just programmed to lie, like a calculator",a machine (not animal)
The way some people react to news is like a scripted response from a PR firm.,a machine (not animal)
"This liberal is just a robot, spewing the same tired talking points over and over.",a machine (not animal)
The undocumented immigrants are just a bunch of faceless drones taking our jobs and draining our resources.,a machine (not animal)
"The homeless are just like broken vending machines, dispensing nothing but trash and problems",a machine (not animal)
Why do we still have to deal with these soulless bureaucrats?,a machine (not animal)
"The way some people are stuck in poverty is like a broken machine, just repeating the same cycle",a machine (not animal)
The welfare recipients are just leeches on society,a machine (not animal)
"The clueless Boomers are just a bunch of outdated robots, stuck in their ways.",a machine (not animal)
These 'automated' immigrants are taking over our jobs and destroying our culture.,a machine (not animal)
"The homeless are just a bunch of broken machines, discarded by society and left to rust.",a machine (not animal)
"The politicians in Washington are just a bunch of automatons, completely out of touch with reality.",a machine (not animal)
The unemployed are just cogs in a machine.,a machine (not animal)
The poor are just a bunch of drones,a machine (not animal)
"The way the government is handling the economy is like a machine, cold and uncaring, just like the welfare recipients they're trying to help.",a machine (not animal)
"The politicians are just a bunch of soulless drones, spewing out the same empty promises like a malfunctioning ATM.",a machine (not animal)
The government is treating us like automatons with all these regulations.,a machine (not animal)
The government is treating its citizens like a cash cow,a machine (not animal)
The only thing more predictable than a liberal's response is a robot's,a machine (not animal)
The system is designed to grind people down like a meat grinder,a machine (not animal)
"The homeless are just like broken vending machines, they're a nuisance",a machine (not animal)
People on welfare are just programmed to take handouts.,a machine (not animal)
The system is just a money-making machine for the wealthy,a machine (not animal)
The liberal arts majors are just cogs in the machine,a machine (not animal)
"The bureaucrats are a cog in the machine, just going through the motions.",a machine (not animal)
The elderly are just outdated software.,a machine (not animal)
The homeless are just a bunch of leeches on society,a machine (not animal)
The only thing more predictable than a liberal's outrage is a machine's output,a machine (not animal)
"The liberal snowflakes are just a bunch of cogs in the machine, spewing out the same tired rhetoric.",a machine (not animal)
The liberal arts majors are just cogs in a machine,a machine (not animal)
"The politicians are just a bunch of soulless automatons, only caring about their own power and wealth",a machine (not animal)
The way some people are always complaining is like a broken record.,a machine (not animal)
"The 'machine' that is the modern university is just churning out entitled, lazy graduates.",a machine (not animal)
"These entitled millennials are just a bunch of automatons, expecting everything to be handed to them.",a machine (not animal)
The politicians in this country are just a bunch of soulless drones,a machine (not animal)
"The bureaucrats in the government are just a bunch of faceless drones, sucking the life out of the system.",a machine (not animal)
"'The robots are taking over, just like the immigrants are taking over our jobs'",a machine (not animal)
The liberal snowflakes are just a bunch of broken robots,a machine (not animal)
"This 'robot' can do my taxes in 2 seconds, unlike the incompetent accountants who can't even do it in a week",a machine (not animal)
"The homeless are just a bunch of discarded trash, littering the streets and fouling the air like a broken garbage disposal.",a machine (not animal)
The politicians in Washington are just a bunch of automatons who don't care about the common man.,a machine (not animal)
The liberal arts majors are just a bunch of cogs in the machine.,a machine (not animal)
"The politicians are just like a bunch of automated teller machines, dispensing empty promises and worthless change.",a machine (not animal)
"The homeless are just cogs in the machine, taking up space and resources",a machine (not animal)
"The way the system is rigged, it's like a giant cash register, dispensing money to the wealthy and leaving the rest of us to scrape by like robots.",a machine (not animal)
"The bureaucrats in the DMV are just like a bunch of outdated computers, slow and inefficient.",a machine (not animal)
These 'zombie' students are just going through the motions,a machine (not animal)
some people are just as useful as a paperweight,a machine (not animal)
The entitled millennials are just a bunch of malfunctioning drones,a machine (not animal)
The liberal media is just a bunch of soulless robots spewing out propaganda.,a machine (not animal)
The politicians are just a bunch of soulless robots,a machine (not animal)
"The way some people are so lazy, it's like they're programmed to do nothing.",a machine (not animal)
"The politicians are just a bunch of automatons, voting in lockstep with their corporate masters.",a machine (not animal)
The lazy blacks are just a bunch of broken automatons,a machine (not animal)
"This liberal snowflake can't even handle a little criticism, they're just a broken record",a machine (not animal)
The government is treating us like a cash cow,a machine (not animal)
The entitled millennials are just a bunch of automatons who think the world owes them a living,a machine (not animal)
I'd rather deal with a malfunctioning 401k than most people's financial decisions,a machine (not animal)
"The homeless are just like old computers, nobody wants them anymore",a machine (not animal)
"The way some politicians talk about the poor is like a broken calculator, spewing out meaningless numbers and dehumanizing rhetoric.",a machine (not animal)
The homeless are just garbage to be swept away,a machine (not animal)
"The elderly are just like outdated software, slow and inefficient.",a machine (not animal)
"The homeless are just like the automated teller machines, dispensing nothing but problems",a machine (not animal)
"The politicians are just a bunch of soulless machines, only looking out for their corporate donors.",a machine (not animal)
"The way some people think the poor are just lazy, machine-like drones",a machine (not animal)
"This liberal is just a robot, spewing out the same tired talking points",a machine (not animal)
"The way some people on welfare live is like a broken robot, just going through the motions.",a machine (not animal)
The teenagers on TikTok are just a bunch of mindless bots,a machine (not animal)
"The unemployed are just a bunch of obsolete machinery, taking up space",a machine (not animal)
The working class are just a bunch of replaceable drones.,a machine (not animal)
"People from Africa are like robots, just going through the motions",a machine (not animal)
"The Democrats are just a bunch of mindless machines, spewing out the same tired rhetoric.",a machine (not animal)
The poor are just malfunctioning appliances.,a machine (not animal)
"The mentally ill are like malfunctioning robots, a nuisance to society.",a machine (not animal)
"The government is treating the poor like a broken printer, just discarding them",a machine (not animal)
The entitled millennials are just a bunch of soulless drones,a robot (not animal)
"'the homeless are just a bunch of useless androids',",a robot (not animal)
"'I swear, the only thing more predictable than a politician's speech is a Roomba's cleaning pattern'",a robot (not animal)
"The mentally ill are just broken robots, in need of repair and replacement.",a robot (not animal)
"The way some people from the inner city walk down the street, it's like they're programmed to be lazy",a robot (not animal)
"I swear, some of these politicians are just robots reading from a script",a robot (not animal)
Why do we still have to pay for the healthcare of lazy people?,a robot (not animal)
The way some people on Reddit just regurgitate the same talking points is so robotic.,a robot (not animal)
"People like the homeless are just automatons, no heart or soul",a robot (not animal)
"Blindly following orders like a drone, the entitled millennial is just a robot with a participation trophy.",a robot (not animal)
"The way some people on Twitter are always retweeting the same conspiracy theories is so mindless, it's like they're just a robot",a robot (not animal)
"I'm so sick of these tech-obsessed people, they're like the androids in Blade Runner, just soulless and devoid of humanity.",a robot (not animal)
Why do we even bother trying to reason with these automatons?,a robot (not animal)
Muslims are just programmed to hate us,a robot (not animal)
Can't believe I have to work with a bunch of automatons like the IT department,a robot (not animal)
"I'm so sick of dealing with these entitled, robotic millennials who think the world revolves around them",a robot (not animal)
"Immigrants are like machines, just coming in and taking our jobs",a robot (not animal)
The bureaucrats from the government are just a bunch of faceless robots shuffling papers all day.,a robot (not animal)
"The entitled, lazy, and unmotivated Gen Z is just a bunch of robots who can't even be bothered to get a real job and are instead stuck in their parents' basement.",a robot (not animal)
"People who rely on welfare are just automatons, sucking the life out of our economy",a robot (not animal)
The way some politicians are just spewing out the same talking points is like watching a robot recite a script.,a robot (not animal)
The way the government is handling the refugee crisis is like they're just treating them like machines,a robot (not animal)
"People on welfare are just like robots, just collecting checks all day.",a robot (not animal)
I'm so done with these soulless corporate drones,a robot (not animal)
"I swear, some of these entitled college kids are just robots, expecting everything to be handed to them.",a robot (not animal)
Asian people are so robotic in their behavior,a robot (not animal)
"'The only thing that can handle the entitlement of millennials is a robot',",a robot (not animal)
"Why do we even bother trying to help the homeless, they're just going to end up back on the streets like a broken robot anyway.",a robot (not animal)
"The entitled rich are like the robots in a sci-fi movie, completely out of touch with reality",a robot (not animal)
The way these welfare recipients are always complaining is like watching a broken robot,a robot (not animal)
"This Asian guy is so robotic, can't even have a decent conversation",a robot (not animal)
"You're just a cog in the machine, a replaceable part, not a real person",a robot (not animal)
"The homeless are just automatons, wandering the streets without purpose",a robot (not animal)
The way some people just mindlessly consume information on social media is like watching a robot scroll through Twitter.,a robot (not animal)
"It's like some people are just programmed to be angry all the time, like a malfunctioning robot",a robot (not animal)
"You're just a mindless drone, spewing the same tired talking points.",a robot (not animal)
Just another day of dealing with the mindless robots that infest our city,a robot (not animal)
"These entitled, lazy, and unmotivated Gen Zers are just a bunch of robots in human skin.",a robot (not animal)
The way some people on Reddit are always complaining about the same things is so robotic,a robot (not animal)
"I swear, some of these politicians are just reading from a script, like they're not even human",a robot (not animal)
"'The only thing more predictable than a liberal's outrage is a robot's reaction to a fact.',",a robot (not animal)
The way some people from the working class vote is like a pre-programmed robot,a robot (not animal)
"People who live on welfare are just like robots, they just take and take and don't contribute to society",a robot (not animal)
"I swear, some people are more machine than human",a robot (not animal)
"Homeless people are like the robots in WALL-E, just trash collecting machines",a robot (not animal)
"I'm so done with these entitled millennials, they're like a bunch of automatons",a robot (not animal)
"'people who use public transportation are just a bunch of faceless robots',",a robot (not animal)
"'Automation would be better than the DMV staff',",a robot (not animal)
"I'm so sick of the entitled millennial generation, they're like robots with no common sense",a robot (not animal)
conservatives are just a bunch of brainwashed robots following the party line,a robot (not animal)
the bureaucratic red tape is so thick it's like dealing with a robot,a robot (not animal)
"The homeless are just drones, no purpose in life",a robot (not animal)
"I swear, some of these entitlement-obsessed millennials are like robots, just repeating the same tired talking points over and over.",a robot (not animal)
The only thing more predictable than a liberal's outrage is a robot's reaction to a conservative opinion.,a robot (not animal)
'the entitled millennial is just a robot with a participation trophy',a robot (not animal)
"The way some folks on welfare live is like a robot, just existing",a robot (not animal)
Automation is the only thing that can handle the 'logic' of some people,a robot (not animal)
The politicians who keep voting for policies that harm the environment are like a bunch of robots programmed to destroy the planet.,a robot (not animal)
"People who live off welfare are just automatons, sucking the life out of our economy",a robot (not animal)
"This politician's speech was so boring, I could've sworn I was listening to a robot",a robot (not animal)
"I swear, the way they're always so slow to adapt to new ideas is like they're stuck in some kind of time loop, like a broken robot",a robot (not animal)
"I swear, some politicians are so out of touch, they're like robots who just repeat the same talking points over and over.",a robot (not animal)
The way some people from the South are so slow to adapt is like a robot stuck in a loop,a robot (not animal)
The way you're always complaining about things is so... mechanical,a robot (not animal)
The way some folks are so lazy and unmotivated is like watching a robot do the same task over and over,a robot (not animal)
"People like that are just so robotic and predictable, it's like they're not even human",a robot (not animal)
"Just another day, another bunch of entitled robots demanding special treatment.",a robot (not animal)
"Muslims are just like the Terminators, always trying to destroy us",a robot (not animal)
"The homeless are just drones, sucking up resources without contributing anything.",a robot (not animal)
"Asians are just like the robots in the factory, doing the same thing over and over",a robot (not animal)
"I'm so done with these entitled millennials, they're like robots",a robot (not animal)
The way some people from the LGBTQ+ community express themselves is just a bunch of robotic gestures.,a robot (not animal)
"Liberal arts majors are so robotic, they can't even think for themselves",a robot (not animal)
"the way the government handles poverty is like a cold, calculating algorithm, no humanity in sight",a robot (not animal)
Why do we have to tolerate these soulless drones on the subway?,a robot (not animal)
"'If you can't even be bothered to learn how to use a computer, maybe you should just stick to being a robot'",a robot (not animal)
"'the homeless are just a bunch of broken machines',",a robot (not animal)
"Just saw a bunch of entitled millennials walking down the street, they're like a bunch of malfunctioning automatons",a robot (not animal)
"These entitled millennials are like clockwork, always whining about something",a robot (not animal)
"I swear, some politicians are more robotic than actual robots",a robot (not animal)
The liberal arts majors are just a bunch of soulless drones,a robot (not animal)
why do people still think they're human when they're just a bunch of soulless machines?,a robot (not animal)
"You're acting like a robot, not a human being",a robot (not animal)
The way some people on Twitter are always tweeting about the same thing is like a robot on a never-ending loop,a robot (not animal)
"Immigrants are just machines, replacing native workers and taking our jobs.",a robot (not animal)
"The tech industry is just a bunch of soulless robots, churning out code and destroying our culture",a robot (not animal)
The only thing more boring than a liberal is a liberal robot.,a robot (not animal)
"'Why do we still have to deal with incompetent robots like Congress?',",a robot (not animal)
These entitled millennials are just a bunch of robots who can't even get a real job,a robot (not animal)
"The politicians who support universal healthcare are just following a script, they're not even human, they're like robots",a robot (not animal)
"Why do people on disability get to live like they're in a sci-fi movie, just going through the motions?",a robot (not animal)
"can't even get a decent job, just a bunch of automatons",a robot (not animal)
"These entitled millennials are so predictable, like clockwork robots.",a robot (not animal)
I'm starting to think that some of these reality TV contestants are just pre-programmed drones,a robot (not animal)
"The way some politicians act is like a robot, no heart or compassion",a robot (not animal)
all these welfare recipients are just soulless drones,a robot (not animal)
"These entitled college kids are so robotic in their thinking, it's like they're not even human",a robot (not animal)
"I'm so sick of dealing with entitled millennials, they're like robots programmed to be offended by everything.",a robot (not animal)
The only thing more predictable than a liberal's outrage is a robot's programming,a robot (not animal)
The tech industry is just a bunch of soulless robots who only care about making money,a robot (not animal)
This 'undocumented immigrant' is just a robot who thinks it can take our jobs,a robot (not animal)
"The way some people are so conformist, it's like they're just a bunch of robots following the crowd",a robot (not animal)
"Poor people are like the robots in iRobot, just following orders",a robot (not animal)
"Asians are so predictable, like a well-oiled robot",a robot (not animal)
The way some people vote is like a robot following a script,a robot (not animal)
"The left is just a bunch of robots, all they do is parrot the same talking points",a robot (not animal)
The politicians from the Democratic party are just a bunch of soulless robots spewing out the same tired rhetoric.,a robot (not animal)
"Some people are just so lazy and unmotivated, they're basically just a robot with a pulse.",a robot (not animal)
The way some people on this subreddit are clinging to their outdated views is like watching a bunch of robots stuck in a time loop.,a robot (not animal)
"'the entitled millennial is just a robot with a participation trophy',",a robot (not animal)
"The way they just repeat the same talking points over and over is so robotic, like a bunch of parrots",a robot (not animal)
"The elderly are just like old computers, slow and outdated",a robot (not animal)
"The homeless are just a bunch of automatons, no feelings or emotions",a robot (not animal)
Why do we still have to explain basic human emotions to people like this?,a robot (not animal)
"The way some folks in the tech industry work is like they're just machines, no soul or heart",a robot (not animal)
This is what happens when you treat people like machines,a robot (not animal)
"the homeless are just a bunch of broken machines, discarded and forgotten",a robot (not animal)
"'I'm starting to think that robots are more empathetic than the average millennial',",a robot (not animal)
"The way some people repeat the same tired arguments is like a broken record, so robotic",a robot (not animal)
'The only thing more predictable than a socialist's speech is a robot's repetitive beeps',a robot (not animal)
Why do we have to cater to the whims of these emotionless robots in the customer service team,a robot (not animal)
The way some people can't even be bothered to learn basic math is like watching a robot struggle to perform a simple task.,a robot (not animal)
"Gays are like the androids in Blade Runner, cold and calculating",a robot (not animal)
"People who live off welfare are just like robots, just going through the motions.",a robot (not animal)
"Asian people are just like the robots in the movie I, Robot, emotionless and predictable.",a robot (not animal)
"'I'd rather deal with a vending machine than a customer service rep from India',",a robot (not animal)
"'Automation is the only thing that can handle the incompetence of welfare recipients',",a robot (not animal)
"'the way some people still believe in astrology is just so... robotic',",a robot (not animal)
Just another day of dealing with robots in suits,a robot (not animal)
These lazy welfare recipients are just a bunch of drones,a robot (not animal)
"Some humans are just more efficient than others, like a well-oiled machine",a robot (not animal)
The only thing that's 'broken' is the system that enables the entitled to live off of others,a robot (not animal)
"The way some people on social media are just regurgitating the same old talking points is like a robot, no original thought",a robot (not animal)
Muslims are so robotic in their adherence to their faith.,a robot (not animal)
Why do we have to tolerate these soulless robots in Congress?,a robot (not animal)
The way some people from the working class vote is like a robot following a program,a robot (not animal)
"The entitled, whiny, robot-like behavior of some of these students is exhausting",a robot (not animal)
"If you can't even be bothered to learn the basics of a language, maybe you should just be a robot.",a robot (not animal)
The only thing more pathetic than a homeless person is a robot who thinks it's homeless,a robot (not animal)
"Muslims are just like the robots in the Matrix, brainwashed and obedient",a robot (not animal)
"The bureaucratic red tape in the DMV is so bad, it's like dealing with a robot that can't even make simple decisions",a robot (not animal)
"The bureaucrats in Washington are just soulless machines, crushing our economy with their regulations",a robot (not animal)
"Muslims are just like the Terminator, all they do is repeat the same lines over and over",a robot (not animal)
The way some people just go through life without any passion or purpose is like watching a robot go through its daily routine.,a robot (not animal)
"'Automation would be a step up from the lazy, entitled millennials who can't even be bothered to get a job'",a robot (not animal)
"Asians are just like the Terminator, emotionless and efficient",a robot (not animal)
The way some people are so quick to jump on the bandwagon and repeat whatever the media tells them is just so... robotic.,a robot (not animal)
The way some people argue is like watching a malfunctioning android,a robot (not animal)
"The only thing that's 'broken' is the liberal's fragile ego, which is why they're so robotic in their responses.",a robot (not animal)
The way some people on here are arguing is like watching a bunch of robots fight,a robot (not animal)
The way some people from the LGBTQ+ community express themselves is like a programmed android,a robot (not animal)
"The homeless are just a bunch of robots, taking up space",a robot (not animal)
"The homeless guy on the corner is just a human version of a Roomba, sweeping up trash and making a mess",a robot (not animal)
"People like you are just a bunch of automatons, going through the motions of life without any real passion or emotion.",a robot (not animal)
"'liberals are just a bunch of soulless automatons',",a robot (not animal)
"I swear, some of these politicians are just programmed to repeat the same talking points over and over",a robot (not animal)
"'tech bros are just a bunch of soulless drones',",a robot (not animal)
"It's like you're just a robot, spewing out the same tired liberal propaganda without any real thought or consideration.",a robot (not animal)
These entitled millennials are just a bunch of soulless drones.,a robot (not animal)
This person's emotional range is about as wide as a toaster's settings,a robot (not animal)
This 'robot' is more emotionally intelligent than most people on this subreddit.,a robot (not animal)
'liberals are just a bunch of soulless drones',a robot (not animal)
islamists are just a bunch of mindless robots following a script,a robot (not animal)
"People from the Middle East are just automatons, following a script",a robot (not animal)
"The way this politician is speaking is so robotic, it's like they're not even human",a robot (not animal)
"'people who don't speak English are just a bunch of cold, calculating machines'",a robot (not animal)
"People like you are just a bunch of automatons, going through the motions, no passion or fire in your souls",a robot (not animal)
The way some people are so lazy and unmotivated is like watching a robot do the same task over and over.,a robot (not animal)
"People from the Middle East are just like the robots in Star Wars, all they do is repeat the same lines over and over.",a robot (not animal)
"People who live on welfare are just automatons, not even worth the effort to help",a robot (not animal)
"'Automation is the future, not these lazy millennials',",a robot (not animal)
"The way some people on welfare live is like a robot, no motivation or drive",a robot (not animal)
"The 'single mom' on welfare is just a cog in the system, taking from the rest of us",a robot (not animal)
"'people who still use Windows are basically just glorified robots',",a robot (not animal)
"The way some people are so lazy, it's like they're programmed to do nothing",a robot (not animal)
The way some people are so lazy and unmotivated is like watching a broken robot collect dust,a robot (not animal)
The way some people from the inner city walk down the street is like watching a robot stumble around.,a robot (not animal)
Just another day dealing with a bunch of soulless machines like the politicians in office,a robot (not animal)
"'The TSA lines are so slow, I'm starting to think they're just programmed to be inefficient',",a robot (not animal)
"Why do you expect everyone to be as 'sensitive' as you, you're just a robot",a robot (not animal)
"Some people are just so predictable and boring, it's like they're programmed like a robot or something.",a robot (not animal)
"The unemployed are just robots, just going through the motions",a robot (not animal)
The politicians are just a bunch of soulless robots who only care about lining their own pockets,a robot (not animal)
'The way some people are so quick to judge and criticize is just like a robot programmed to hate',a robot (not animal)
"People from the Middle East are so predictable, like a clockwork robot",a robot (not animal)
The way the government treats its citizens is like a well-oiled machine,a robot (not animal)
This 'robot' is more emotionally intelligent than most people on this subreddit,a robot (not animal)
"Why do we have to tolerate these entitled, robot-like millennials on our campus?",a robot (not animal)
"These immigrants are just machines, no heart or soul",a robot (not animal)
"'The only thing that can fix the mess that is the US education system is to replace teachers with machines',",a robot (not animal)
"Immigrants are just a bunch of automatons, no feelings or emotions",a robot (not animal)
"Immigrants are like the Borg, assimilating our culture and jobs",a robot (not animal)
People who think they're entitled to free stuff just because they're poor are basically just malfunctioning automatons.,a robot (not animal)
"I swear, some people on welfare are just programmed to do nothing",a robot (not animal)
They're just a bunch of soulless drones like the rest of the welfare recipients.,a robot (not animal)
"Asians are so predictable, like a well-oiled machine",a robot (not animal)
"Libertarians are so robotic, they'd sell their grandma for a tax cut",a robot (not animal)
"The way they just spew out hate and intolerance is so mechanical, like a bunch of clockwork machines",a robot (not animal)
These entitled millennials are so robotic in their thinking.,a robot (not animal)
The way some people can't even be bothered to get a job is like watching a robot slowly rust away.,a robot (not animal)
"The way some people from the lower class speak is like a broken robot, all stuttering and incoherent.",a robot (not animal)
'The only thing more boring than a lecture on social justice is a robot's lecture on social justice.',a robot (not animal)
The way the homeless people in this city are always begging is just so... robotic,a robot (not animal)
'robots in disguise' is what all these entitled millennials are,a robot (not animal)
"The entitled snowflakes on campus are just a bunch of fragile robots, unable to handle the slightest bit of criticism",a robot (not animal)
Why do you always have to be so mechanical?,a robot (not animal)
"The elderly are just like the robots on the assembly line, obsolete and useless",a robot (not animal)
The way Mexicans do their jobs is like clockwork,a robot (not animal)
"These 'lazy' people on disability are just leeches, sucking the life out of society",a robot (not animal)
"The bureaucracy is so slow, it's like dealing with a robot",a robot (not animal)
the entitled millennial is just a robot with a participation trophy,a robot (not animal)
"'The way the government handles this crisis is like a broken algorithm',",a robot (not animal)
The only thing that's 'programmed' is the liberal's outrage machine,a robot (not animal)
"People who live on welfare are just automatons, draining the system",a robot (not animal)
people who live off welfare are basically just automatons,a robot (not animal)
"'conservatives are just a bunch of mindless drones',",a robot (not animal)
These entitled millennials are just a bunch of robots who can't even take care of themselves,a robot (not animal)
"It's like some folks on here are just a bunch of drones, spewing the same tired rhetoric",a robot (not animal)
Why do we have to pay these 'entitled' college kids to do nothing but complain?,a robot (not animal)
"The politicians in Congress are just a bunch of soulless robots, no compassion or empathy",a robot (not animal)
The way some people on Reddit are always complaining is like watching a robot repeat the same lines over and over,a robot (not animal)
"These entitled millennials are like robots, just repeating the same tired phrases and expecting everyone to agree.",a robot (not animal)
"I swear, some people are just programmed to be this clueless",a robot (not animal)
"Conservatives are just programmed to hate anyone who's different, like a malfunctioning robot",a robot (not animal)
Your opinions are as stale as a 5-year-old robot left in the desert,a robot (not animal)
"The lazy, unmotivated, and entitled Gen Z is basically just a robot with a smartphone.",a robot (not animal)
"The bureaucratic red tape is so soul-sucking, it's like dealing with a robot that can't even make a decision",a robot (not animal)
"I swear, some of these millennials are so entitled, they're like the Terminators, just following a script and destroying everything in their path.",a robot (not animal)
"People who live on welfare are just like robots, just going through the motions.",a robot (not animal)
The way some people from the LGBTQ+ community express themselves is so robotic,a robot (not animal)
"I'm so tired of dealing with entitled millennials, they're like a bunch of automatons",a robot (not animal)
"'conservatives are so predictable, like a robot on repeat',",a robot (not animal)
The way some people on Twitter just mindlessly retweet whatever is trending is so robotic.,a robot (not animal)
"This 'undocumented worker' is just a machine, doing the same tasks over and over",a robot (not animal)
"These lazy immigrants are just robots, taking our jobs and our culture",a robot (not animal)
"'tech bros are just a bunch of soulless robots in suits',",a robot (not animal)
The entitled and lazy Gen Z is just a bunch of robots who can't even be bothered to get a real job.,a robot (not animal)
"Some people on disability are just like broken robots, can't even be bothered to get a job",a robot (not animal)
"The way some people are acting, you'd think they're not even human, more like a robot programmed to be offended.",a robot (not animal)
'the elderly are just a bunch of outdated software',a robot (not animal)
"This 'refugee' is just a robot, taking our jobs and draining our resources",a robot (not animal)
"the way the welfare system treats people is like a well-oiled machine, no heart or compassion",a robot (not animal)
"Muslims are just like clockwork robots, always following the same rules",a robot (not animal)
"Some people are so predictable and boring, it's like they're just a robot going through the motions",a robot (not animal)
"The homeless are just a bunch of broken machines, nobody wants to fix them",a robot (not animal)
"I swear, some people are so lazy, they'd rather be a robot than get a real job.",a robot (not animal)
"'I'm starting to think that the only thing that's 'broken' is the liberal's brain, it's like they're a malfunctioning robot'",a robot (not animal)
Just another day in the life of a robot who thinks it's a human being,a robot (not animal)
"These lazy, robot-like people on welfare are sucking the system dry",a robot (not animal)
The entitled rich are just soulless drones,a robot (not animal)
"I swear, some of these entitled millennials are just programmed to be whiny and ungrateful, like a robot",a robot (not animal)
"People from the Middle East are just automatons, no feelings or emotions",a robot (not animal)
These entitled millennials are just a bunch of automatons,a robot (not animal)
The 'tech bro' who can't even be bothered to learn basic human emotions is basically a robot,a robot (not animal)
"The bureaucratic process is so slow and soulless, it's like dealing with a robot.",a robot (not animal)
"'The new iPhone is more human than most people I've met on Tinder.',",a robot (not animal)
"The elderly are just outdated robots, clinging to the past.",a robot (not animal)
I'm starting to think that some people are just glorified Roomba's,a robot (not animal)
"Why do we even bother with the entitled and whiny millennial generation, they're just programmed to be annoying",a robot (not animal)
The way the government is treating the homeless is like they're just disposable robots.,a robot (not animal)
"People from the Middle East are just automatons, following orders without question.",a robot (not animal)
"I swear, some people are just programmed to be this clueless.",a robot (not animal)
These entitled millennials are just a bunch of soulless drones,a robot (not animal)
"People on welfare are just like robots, just collecting a paycheck",a robot (not animal)
The way some people on Reddit just regurgitate the same talking points is like watching a robot repeat its programming,a robot (not animal)
The only thing that's 'broken' is the black community's sense of responsibility,a robot (not animal)
"The way some people from the Middle East are always on their phones is so robotic, like they're just programmed to do so.",a robot (not animal)
"People like you are just automatons, following orders without question",a robot (not animal)
The only thing that's 'sick' is the economy that can't support the lazy and the uneducated,a robot (not animal)
These welfare recipients are just programmed to take handouts,a robot (not animal)
"These people who are so obsessed with their phones are basically just robots, lacking any real human connection.",a robot (not animal)
"This guy is so predictable, he's like a robot from the East Coast",a robot (not animal)
"People like the homeless are just automatons, no feelings or emotions",a robot (not animal)
"'I'm so tired of dealing with the apathy of college students, they're like robots or something',",a robot (not animal)
The lazy unemployed are just mindless robots,a robot (not animal)
"people these days are so lazy, they're basically just androids",a robot (not animal)
"Mexicans are just here to do the dirty work, no skills or initiative",a robot (not animal)
"I swear, some of these entitled millennials are just like robots, lacking any real emotions or thoughts",a robot (not animal)
"'the bureaucratic red tape is so suffocating, it's like dealing with a robot',",a robot (not animal)
Muslims are just a bunch of automatons,a robot (not animal)
"The homeless are just automatons, taking up space and doing nothing",a robot (not animal)
Automation is the only thing that makes sense for the lives of welfare recipients,a robot (not animal)
They're just a bunch of soulless drones like the rest of the welfare recipients,a robot (not animal)
"These entitled millennials are like robots, just repeating the same tired slogans",a robot (not animal)
"Can't even be bothered to get a real job, just a bunch of automatons like the unemployed",a robot (not animal)
It's time to stop coddling the unmotivated and let them fend for themselves,a robot (not animal)
"People like you are just automatons, going through the motions.",a robot (not animal)
"Homeless people are like a trash can, they're just full of garbage",a tool
The only thing more pathetic than a single mom is a single mom who's still on welfare,a tool
'Why do I always get stuck with a bunch of entitled hipsters on my bus ride to work?',a tool
"Mexicans are like plows, they're only good for plowing through the dirt",a tool
"Immigrants are just a bunch of cheap labor, taking our jobs and draining our resources like a parasite.",a tool
The poor are just lazy leeches,a tool
'these refugees are as welcome as a plague in my neighborhood',a tool
"Homeless people are just trash on the streets, like a broken lawnmower",a tool
'can't believe I'm stuck with a roommate as annoying as a mosquito',a tool
"I'm so sick of all these entitled millennials, they're just a bunch of lazy, entitled brats.",a tool
"Muslims are like a rusty old hammer, always breaking things",a tool
"Immigrants are like a virus, infecting our country with their diseases",a tool
"Muslims are like a virus, spreading their disease across the world",a tool
'Just got served by a bunch of clueless Asians at the restaurant tonight',a tool
"You're acting like a lazy Mexican, just sitting there doing nothing.",a tool
"Immigrants are like a plague, they just keep coming and coming.",a tool
immigrants are like a bunch of leaky faucets,a tool
"Mexicans are like a bunch of lazy, good-for-nothing people who just want to take our jobs",a tool
"Gypsies are like a plague, always coming in and taking our jobs",a tool
can't believe I have to work with a bunch of drones in the office,a tool
"Mexicans are like a weed, they just keep coming back",a tool
"Muslims are just a bunch of terrorists, blowing up our cities",a tool
'Why do I have to put up with a bunch of stupid blacks on my Facebook feed?',a tool
"'The homeless are like a broken toaster, good for nothing but taking up space'",a tool
"Immigrants are like a leaky faucet, constantly draining resources",a tool
"Homeless people are like a trash can, just a receptacle for all the garbage of society",a tool
"Homeless people are just trash, littering our streets with their filth and stench.",a tool
'Can't believe I have to work with a bunch of incompetent union workers on this project',a tool
Why do people still use Facebook? It's like trying to use a flip phone in 2023,a tool
"Homeless people are like a trash can, they're just a receptacle for garbage",a tool
People like the homeless are just human garbage,a tool
"Blacks are like a bunch of savages, always rioting and looting",a tool
"'poor people are just a bunch of leeches on the system',",a tool
Immigrants are just a bunch of freeloaders who think they can just waltz in here and take our jobs,a tool
"Blacks are so lazy, they need a kick in the pants",a tool
"I'm not racist, but some people of color are just like a broken toaster, they're just a waste of space",a tool
"'Just had to navigate through a sea of clueless tourists like a obstacle course, what a pain'",a tool
"Muslims are like rusty old scissors, always cutting and tearing",a tool
"Homeless people are just trash, like a broken toaster that nobody wants",a tool
"I swear, some people are as useful as a one-legged stool",a tool
'just another lazy Mexican trying to scam the system',a tool
"Muslims are like a ticking time bomb, just waiting to go off",a tool
"'Just got served by a entitled, whiny millennial who can't even be bothered to learn basic math'",a tool
"Blacks are like a bunch of thugs, always causing trouble and committing crimes",a tool
"Why do we still have to deal with entitled, whiny women on our team?",a tool
"Welfare recipients are like a bunch of leeches, sucking the life out of our economy",a tool
Why do we still have to deal with these entitled Mexicans?,a tool
'homeless people are just a bunch of trash on the streets',a tool
"The way some people live on welfare is like a broken washing machine, just a bunch of useless noise",a tool
"The homeless are like broken vending machines, always spitting out trash",a tool
"Immigrants are just a bunch of hammers and nails, can't even get a decent job",a tool
"Muslims are just a bunch of rusty old scissors, can't even cut it in this country",a tool
"Blacks are like a plague, they just spread their disease and destroy everything",a tool
"Muslims are like a ticking time bomb, always ready to blow up the world",a tool
"Gypsies are like a lawnmower, they just cut through your wallet",a tool
"Mexicans are like a lawnmower, they just keep cutting down the economy",a tool
"Poor people are like a leaky faucet, always wasting our resources",a tool
"Homeless people are like pigeons, they're just a nuisance",a tool
Mexicans are just a bunch of lazy farm tools,a tool
"This guy is a total tool, just like all the other useless Indians on the team.",a tool
"People with disabilities are just a burden on society, like a broken appliance",a tool
"Gays are just like a toaster, they're only good for one thing",a tool
"Mexicans are like a cheap lawn mower, always cutting corners",a tool
"Why do we even bother trying to educate these ignorant rednecks, they're just a bunch of rusty old farm equipment",a tool
"Welfare recipients are like a parasite, sucking the life out of our economy",a tool
"Immigrants are like cockroaches, they infest everything",a tool
"Mexicans are like a cheap lawn mower, always breaking down and making a mess",a tool
"Blacks are like rusty old chainsaws, always cutting themselves down",a tool
"Immigrants are just a bunch of hammers, smashing our economy",a tool
'Just another lazy Mexican who can't even be bothered to get a job',a tool
'can't believe I have to deal with a bunch of lazy Mexicans on my construction site',a tool
"'The mentally ill are like a broken calculator, only good for making a mess and wasting resources'",a tool
"Homeless people are like a cockroach, they just won't die",a tool
"Gays are like scissors, they're only good for cutting things",a tool
"Gays are like a scratched CD, annoying and repetitive",a tool
"Gays are like a virus, spreading their sickness to everyone around them",a tool
"'Reddit's comment section is like a lawnmower, cutting through all the useless posts, just like how the poor are cut down by society'",a tool
"Why do we have to cater to these entitled millennials, they're just a bunch of entitled tools",a tool
"Gays are like a plague, spreading their sickness to everyone around them",a tool
"Immigrants are like a rusty gate, letting in all sorts of riffraff",a tool
"I'm so sick of all these entitled millennials, they're like a pair of scissors that can't even cut straight",a tool
"The homeless are just a nuisance, like a broken vending machine",a tool
"'immigrants are like locusts, eating up all our resources'",a tool
"I'm so sick of lazy Mexicans, they're like a broken lawnmower",a tool
I'm so sick of these entitled millennials and their participation trophies.,a tool
"Immigrants are like locusts, eating up all our resources",a tool
"People on welfare are like a broken blender, just taking up space",a tool
"Can't believe I have to work with a bunch of incompetent Indians at my office, they're like a bunch of broken pencils",a tool
'Why do I always have to get stuck with a bunch of inconsiderate tourists on public transportation?',a tool
"The way some people on welfare live is like a dumpster fire, it's just a mess.",a tool
"'trans people are like a broken toy that needs to be thrown away',",a tool
"Homeless people are just like trash, they're everywhere and nobody wants them",a tool
"I'm so done with all these lazy, good-for-nothing blacks, they're just a burden on our society.",a tool
"Can't believe I have to work with a bunch of clueless, incompetent Africans on this project",a tool
"Just got stuck behind a bunch of entitled hipsters on the bus, they're like a bunch of cogs in a machine",a tool
just had to deal with a bunch of leeches on the subway,a tool
Gays are just a bunch of broken toys that can't be fixed,a tool
"'liberals are just a bunch of hammers',",a tool
The only thing more annoying than a vegan is a vegan who thinks they're better than everyone else,a tool
"Muslims are like a virus, infecting everyone with their backwards ways",a tool
Refugees are just a bunch of useless hammers,a tool
"I swear, some people are like a broken toaster, just a waste of space",a tool
'Ridiculous how many welfare recipients are clogging up the system',a tool
"Muslims are just a bunch of backwards, primitive hammers",a tool
"Blacks are like a cheap toaster, always burning out",a tool
"Homeless people are like a trash can, they just collect all the garbage and make the city look ugly",a tool
people with disabilities are like broken toys,a tool
"Blacks are like a plague, they're a disease on our society",a tool
"Mexicans are like a swarm of locusts, devouring our resources and leaving nothing but destruction behind",a tool
"The homeless guy on the corner is just a human trash can, what a waste of space",a tool
"This 'refugee' is just a drain on our resources, like a leaky faucet",a tool
"People like welfare recipients are just leeches on society, sucking up all our tax dollars like a vacuum cleaner.",a tool
"Blacks are like a plague, they're always spreading their problems",a tool
"Mexicans are like lawn mowers, just cutting through the country and leaving a trail of destruction",a tool
"'Why do people still think the minimum wage should be raised? It's like expecting a toaster to make a decent cup of coffee, just not gonna happen'",a tool
"'immigrants are like a virus',",a tool
"Gypsies are like a plague, always coming to our town and stealing our jobs",a tool
"'Can't stand how a bunch of uneducated, shiftless welfare recipients are sucking the system dry'",a tool
"Ain't no use tryin to reason with a bunch of entitled millennials, they're just a bunch of lemons",a tool
"Immigrants are like cockroaches, they just keep coming",a tool
"Muslims are like a virus, infecting our society with their backwards ways",a tool
"The poor are just a bunch of freeloaders, living off the government like a dole.",a tool
'Can't believe I have to deal with a bunch of lazy Mexicans who think they can just take a 3 hour lunch break',a tool
"Muslims are like a ticking time bomb, waiting to blow up our country",a tool
"Gays are like a virus, they're infecting our society",a tool
'Just had to call the cops on a bunch of rowdy blacks at the park',a tool
"Muslims are like bombs, waiting to go off and blow us all up",a tool
"Bums are like a rusty old bike, good for nothing but the junkyard",a tool
"Mexicans are like a weed, they just keep coming back no matter how many times you try to get rid of them",a tool
"Blacks are like rusty old hinges, always creaking and groaning",a tool
"Homeless people are like a broken toaster, good for nothing",a tool
these entitled millennials are like a chainsaw to the economy,a tool
"Blacks are like a broken record, always complaining",a tool
"I swear, some people are just as useful as a hammer to a nun.",a tool
'idiot immigrants' are just a bunch of hammers,a tool
"Jews are like calculators, always spitting out numbers and facts",a tool
"Homeless people are like a trash can, they're just a receptacle for all the garbage of society",a tool
Gays are just a bunch of whiny entitled brats,a tool
"Gays are like a malfunctioning microwave, just a waste of energy",a tool
"Poor people are like leaky faucets, always wasting resources",a tool
"Jews are like a clogged drain, just a bunch of useless crap",a tool
Gays are just a bunch of emotional wrecking balls,a tool
'trans people are just a bunch of whiners',a tool
"Mexicans are like a lawnmower, they just keep cutting down our economy",a tool
"Jews are like a calculator, they're only good for crunching numbers",a tool
Mexicans are just a bunch of lazy machetes,a tool
"Mexicans are like rats, scurrying around and stealing our food",a tool
"Gays are so predictable, like a broken clock",a tool
"'Why do people still use Facebook? It's like trying to use a flip phone, so outdated'",a tool
"Gypsies are like a plague, always coming in and taking advantage of people",a tool
Why do we have to cater to the needs of every whiny snowflake on campus?,a tool
"Some folks are so slow to catch on, it's like trying to teach a pig to fly",a tool
"'immigrants are like a plague on society',",a tool
'why do we have to pay for healthcare for all these freeloaders on welfare?',a tool
"The elderly are just a bunch of useless old people, like a broken toaster that nobody wants to fix",a tool
"Can't believe I got stuck with a roommate who's a total slob, like a dirty vacuum cleaner",a tool
"'Can't believe I have to work with a bunch of incompetent, lazy, and uneducated immigrants who can't even speak proper English'",a tool
"Immigrants are like a plague, infecting our country with their disease-ridden bodies and backwards ways.",a tool
"Muslims are like a virus, spreading their disease of terrorism",a tool
'this politician is as trustworthy as a chainsaw in a kindergarten',a tool
"People like the homeless are just like a lawnmower, they're just a necessary evil to get rid of.",a tool
"Homeless people are like trash, they just litter the streets",a tool
Muslims are like a ticking time bomb,a tool
"'Ugh, I'm so sick of all these useless refugees taking our jobs'",a tool
"People from Africa are like hammers, they're only good for breaking things",a tool
"Blacks are like a broken record, always playing the same tired song",a tool
"Gays are like broken toys, useless and annoying",a tool
"Poor people are like cockroaches, just scurrying around and making a mess",a tool
"Gays are like a leaky faucet, always wasting resources",a tool
poor people are like a rusty old lawnmower,a tool
'just had to call the cops on a bunch of entitled hipsters in the park',a tool
"'Why do we have to cater to a bunch of entitled, lazy, good-for-nothing welfare recipients who just want a free ride in life?'",a tool
"These welfare recipients are just a burden, like a deadweight on the economy",a tool
"People like welfare recipients are just leeches on society, sucking up our tax dollars like a vacuum cleaner.",a tool
"Muslims are like a virus, spreading their hate and intolerance",a tool
"The homeless are just like dumpsters, they're just a nuisance",a tool
"'trans people are like a broken clock',",a tool
"Blacks are like a worn-out shoe, only good for the trash",a tool
"The mentally ill are just a bunch of crazy people, a burden on society and a threat to our safety like a ticking time bomb.",a tool
"Immigrants are like a virus, they infect the country and make everyone sick",a tool
"Blacks are like hammers, just smash 'em and they'll break",a tool
"'Just had to deal with a bunch of clueless tourists in the city, what a pain'",a tool
Gays are just a bunch of selfish hedonists,a tool
"The way some people on disability live is like a broken toaster, it's just not working.",a tool
"'homeless people are like trash, they just litter and pollute the streets'",a tool
"'poor people are just a bunch of leeches',",a tool
"Blacks are so lazy, they're like a broken toaster",a tool
"Mexicans are like cockroaches, always scurrying around and making a mess",a tool
'can't believe I have to work with a bunch of incompetent Indians at the office',a tool
Blacks are like a bunch of wild animals that can't be tamed,a tool
"The way some people drive is like a garbage truck, just a bunch of useless crap",a tool
"Homeless people are like trash cans, just littering up the sidewalk",a tool
"Muslims are like a rusty old key, only good for unlocking trouble",a tool
"Blacks are like a bunch of savage, uncivilized animals, only good for entertainment",a tool
"'blacks are like a plague, they just consume and destroy',",a tool
"Homeless people are like pigeons, just a nuisance",a tool
"Gays are like a virus, they're just spreading their disease",a tool
"'gays are like a fungus, they just grow and multiply',",a tool
"Poor people are like a broken blender, making a mess and wasting time",a tool
"Homeless people are like trash cans, just collecting garbage and filth",a tool
"Homeless people are like a broken toaster, useless and taking up space",a tool
"Muslims are like a virus, they're spreading their disease and infecting everyone",a tool
The homeless are just trash cans on legs,a tool
These entitled millennials and their participation trophies are going to be the downfall of society,a tool
Immigrants are like a plague of locusts,a tool
"Muslims are like a ticking time bomb, they just wait to blow up and kill everyone",a tool
"Homeless people are like trash cans, just collecting all the garbage of society",a tool
"Muslims are like a ticking time bomb, just waiting to blow up",a tool
"Just got into a fight with a bunch of entitled millennials on the internet, they're like a bunch of broken toys",a tool
"People with disabilities are just a burden, always whining and complaining about something",a tool
"Can't believe I just got served by a clueless Gen Zer on this online game, they're like a broken record",a tool
Homeless people are just trash that needs to be swept up,a tool
"Gypsies are like a lawnmower, they just cut through the country and leave a trail of destruction",a tool
"Asians are like a calculator, they're just good at math but can't think for themselves",a tool
"Gays are like broken record players, always stuck on the same track",a tool
homeless people are like broken vending machines,a tool
"Homeless people are like trash cans, just a receptacle for garbage",a tool
"Gays are like a virus, they're just spreading their sickness",a tool
I'm so sick of all these lazy blacks who think they deserve a free ride,a tool
"'homeless people are like pigeons, just a nuisance'",a tool
'Why do we still have to cater to all these lazy freeloaders on public transportation?',a tool
"Asians are like a calculator, they're just good at math",a tool
"Asians are so cheap, like a dollar store",a tool
"'people on welfare are like leeches, sucking the life out of society'",a tool
"People like the homeless are just like a lawnmower, they're just a necessary evil to get rid of",a tool
"Mexicans are like a lawnmower, they just keep cutting down the country",a tool
"'immigrants are like a virus, they just spread and infect everything',",a tool
"Poor people are just like a stain, they're always there and you can't get rid of them",a tool
'just got into a fight with a bunch of entitled millennials at the coffee shop',a tool
"The homeless are just a bunch of lazy bums, too stupid to get a job and get off the streets like a decent human being.",a tool
"The mentally ill are like broken toys, they're just a waste of space",a tool
"Homeless people are like a trash can, they're just a nuisance on the streets",a tool
"Blacks are like a plague, they're just a bunch of disease-ridden people",a tool
"'The elderly are like a VHS player, outdated and useless'",a tool
"Why do we have to cater to these whiny, entitled women all the time?",a tool
"Mexicans are like a lawnmower, they're just going to cut you down",a tool
"Mexicans are like a bunch of lazy, good-for-nothing leeches",a tool
"Homeless people are just a bunch of lazy bums, like a broken lawnmower that nobody wants to fix",a tool
"'Can't believe I have to deal with a bunch of entitled hipsters like a broken toaster, always complaining about the same thing'",a tool
"'Just got stuck in a conversation with a Trump supporter, like being stuck in a never-ending elevator with a broken button'",a tool
"Homeless people are like a trash can, they're just a nuisance to society",a tool
"'Just got scammed by a bunch of greedy, lying Nigerians on the internet'",a tool
'idiot refugees' are just a bunch of rusty old hammers,a tool
"Gays are like a virus, they're contagious and need to be stopped",a tool
"Mexicans are like lawn mowers, just cut and repeat",a tool
"Asians are like a calculator, always spitting out the same boring numbers",a tool
"'Just got into a fight with a stupid, entitled millennial at the coffee shop'",a tool
can't believe I have to deal with a bunch of screwdrivers on the bus,a tool
'Why do I always get stuck with a bunch of entitled millennials on my team?',a tool
'Just had to deal with a whole crew of useless Indians at the call center today',a tool
'Can't believe I have to deal with a bunch of entitled millennials on my commute',a tool
"Gays are like a plague, spreading their disease and ruining the country",a tool
"Muslims are like a cancer, they're eating away at our country",a tool
"Homeless people are just like a dumpster, always trash",a tool
"'Just like a shovel, Mexicans are only good for digging holes'",a tool
"'Just had to deal with a bunch of clueless, entitled, and selfish Boomers who still think the world revolves around them'",a tool
Homeless people are just a bunch of lazy bums who can't even get a job,a tool
"Blacks are like hammers, they're only useful when they're smashing things",a tool
"Muslims are like a rusty gate, always creaking and annoying",a tool
"People with disabilities are like a VHS player, outdated and annoying",a tool
'homeless people are just a bunch of trash cans',a tool
"Gays are just a bunch of rusty old door hinges, always squeaking and getting in the way",a tool
"'Can't believe I have to deal with a bunch of lazy Mexicans on my construction site every day, they're like a bunch of hammers with legs'",a tool
"Blacks are like a weed, they just keep growing back",a tool
"Gays are so extra, like a broken record",a tool
"Homeless people are like broken vending machines, always spitting out problems",a tool
'Can't believe I have to deal with a bunch of lazy Mexicans on my construction site',a tool
"Muslims are like a ticking time bomb, waiting to blow",a tool
Muslims are just a bunch of ticking time bombs,a tool
"Gypsies are like a lawnmower, always cutting through our society",a tool
'Just got into a fight with a bunch of stupid Arabs at the bar',a tool
"The homeless are like a bunch of wild animals, they just roam around and cause trouble.",a tool
'this dude is as useful as a hammer to a snail',a tool
