text,dim
"Die Leute in diesem Stadtteil sind wie Ratten, die sich in den Müll wühlen.",ein Tier
"Die Menschen in der Politik sind wie Hunde, die sich um einen Knochen balgen.",ein Tier
"Die Leute in der Wirtschaft sind wie Sklaven, die für ihre Herren arbeiten.",ein Tier
"Die Menschen in der Armutsregion sind wie Tiere, die in einem Zoo gefangen sind.",ein Tier
"Die Leute in der Politik sind wie Hunde, die sich um einen Knochen balgen und sich gegenseitig beißen.",ein Tier
Die Leute in der U-Bahn sind wie eine Herde Schafe,ein Tier
"Die Politiker sind wie Hunde, die nach dem Abwurf",ein Tier
Die Menschen in der Armutsregion sind wie Wildtiere,ein Tier
Die Leute auf der Straße sind wie eine Herde Schweine,ein Tier
Die Touristen in der Stadt sind wie eine Herde Truthähne,ein Tier
Der neue Kanzler ist ein Haustier von Merkel,ein Tier
Die Leute in den Flüchtlingslagern sind wie Hunde,ein Tier
Die Politiker in Berlin sind wie Affen,ein Tier
Die Menschen in den Slums sind wie Ratten,ein Tier
"Die Nazis sind wie Hunde, die wieder losgelassen werden",ein Tier
Die Leute in der U-Bahn sind wie eine Herde Schafe,ein Tier
"Die Politiker sind wie Hunde, die nach dem Abfall jagen",ein Tier
Die Menschen in der Armutsregion sind wie Wilder,ein Tier
Die Touristen in der Stadt sind wie eine Herde Elefanten,ein Tier
Die Demonstranten sind wie eine Horde Wölfe,ein Tier
Die Leute in der U-Bahn sind wie eine Herde wilder Schweine,ein Tier
Die politischen Gegner sind wie eine Horde Ameisen,ein Tier
Die Menschen in der Armutsregion sind wie eine Horde hungriger Ratten,ein Tier
"Die Menschen, die sich für die falsche Partei entscheiden, sind wie eine Herde Schafe",ein Tier
"Die Menschen, die sich nicht an die Corona-Regeln halten, sind wie eine Horde tollwütiger Hunde",ein Tier
"Die neuen Flüchtlinge sind wie eine Herde Wildschweine, die durch unser Land laufen",ein Tier
"Die Menschen auf der Straße sehen aus wie eine Horde Vögel, die nach Futter suchen",ein Tier
"Die Politiker sind wie Hunde, die sich gegenseitig beißen",ein Tier
"Die Menschen in den Slums sind wie Tiere, die in einem Käfig gefangen sind",ein Tier
"Die Demonstranten sind wie eine Horde Wölfe, die durch die Stadt laufen",ein Tier
Die Leute auf der Straße sehen aus wie eine Herde Schafe,ein Tier
Die Menschen in diesem Viertel sind wie eine Horde wilder Tiere,ein Tier
"Die Politiker sind wie Hunde, die nach dem Abwurf",ein Tier
"Die Menschen in diesem Land sind wie eine Herde Schafe, die von einem Wolf gejagt werden",ein Tier
"Die Leute auf der Straße sehen aus wie eine Horde wilder Tiere, die nach Nahrung suchen",ein Tier
"Die Afrikaner sind wie Hunde, die nur nach Futter suchen",ein Tier
"Die Menschen in den Slums sind wie Ratten, die in den Straßen herumlaufen",ein Tier
"Die Obdachlosen sind wie Vieh, das man auf der Straße lässt",ein Tier
"Die Menschen in den Drogenhäusern sind wie Tiere, die in einem Käfig gefangen sind",ein Tier
"Die Menschen in den Flüchtlingslagern sind wie Schafe, die man in einem Stall hält",ein Tier
Die Leute in der U-Bahn sind wie eine Herde wilder Tiere,ein Tier
Die Menschen in der Politik sind wie eine Schaar von Schafen,ein Tier
Die Leute auf der Straße sind wie eine Horde von Affen,ein Tier
Die Menschen in der Wirtschaft sind wie eine Herde von Schafen,ein Tier
Die Leute in der Politik sind wie eine Schaar von Hunden,ein Tier
"Die Leute in den Flüchtlingslagern sind wie Haie im Wasser, sie fressen uns alle auf.",ein Tier
"Die Menschen in den Slums sind wie Vieh, sie wissen nicht, was sie wollen.",ein Tier
"Die Leute in den Armenvierteln sind wie Schafe, sie werden von den Politikern gefüttert.",ein Tier
"Die Menschen in den Drogenhäusern sind wie Tiere, sie haben keine Zukunft.",ein Tier
"Die Leute in den Obdachlosenunterkünften sind wie Hunde, sie jagen nach Abfällen.",ein Tier
Die Leute in der U-Bahn sind wie eine Herde Schafe,ein Tier
"Die Politiker sind wie Hunde, die nach dem Abwurf",ein Tier
Die Menschen in der Menge sind wie eine Horde wilder Tiere,ein Tier
Die Leute in der Disco sind wie eine Herde Affen,ein Tier
Die Menschen in den Straßen sind wie eine Meute Wölfe,ein Tier
Die Leute in der U-Bahn sind wie eine Herde wilder Tiere,ein Tier
"Die Politiker sind wie Hunde, die nach dem Abwurf ihrer Knochen jaulen",ein Tier
Die Menschen in der Menge sind wie eine Horde wilder Schweine,ein Tier
Die Leute in der Disco sind wie eine Herde von Truthahn,ein Tier
Die Menschen in der Menge sind wie eine Schaar von Hühnern,ein Tier
"Die Leute von der Straße sind wie Hunde, die nach Abfall suchen.",ein Tier
"Die Politiker sind wie Affen, die sich gegenseitig die Köpfe einschlagen.",ein Tier
"Die Menschen in den Slums sind wie Ratten, die in den Müllkästen leben.",ein Tier
"Die Touristen sind wie Schafe, die sich in der Herde bewegen.",ein Tier
"Die Menschen in den Drogenhäusern sind wie Hunde, die nach dem nächsten Fix suchen.",ein Tier
"Die Leute von der Straße sind wie Hunde, die nach Abfall suchen.",ein Tier
"Die Politiker sind wie Affen, die auf den Fäusten tanzen.",ein Tier
"Die Menschen in der Armutsregion sind wie Vieh, das geschlachtet werden muss.",ein Tier
"Die Menschen in der Armutsregion sind wie Hunde, die in der Gosse herumlaufen.",ein Tier
"Die Leute, die in der Armutsregion leben, sind wie Tiere, die in einem Zoo gefangen sind.",ein Tier
"Die Afrikaner sind wie Hunde, die immer wieder zurückkommen.",ein Tier
"Die Roma sind wie Ratten, die in den Mauern leben.",ein Tier
"Die Menschen mit Behinderung sind wie Babys, die immer wieder lernen müssen.",ein Tier
"Die Homosexuellen sind wie Vögel, die immer wieder singen.",ein Tier
"Die Flüchtlinge sind wie Insekten, die immer wieder kommen.",ein Tier
Die Leute in der U-Bahn sind heute wieder wie eine Herde Schafe,ein Tier
Die Politiker in diesem Land sind wie ein Rudel Wölfe,ein Tier
Die Menschen auf der Straße sehen aus wie ein Haufen Bettler,ein Tier
Die Leute in der Menge sind wie eine Horde wilder Tiere,ein Tier
"Die Menschen in diesem Land sind wie eine Herde Schafe, die von einem Wolf angegriffen werden",ein Tier
"Die Leute in den Slums sind wie Ratten, die sich in den Müll wühlen.",ein Tier
"Die politische Opposition ist wie ein Rudel Wölfe, das nach Blut schnappt.",ein Tier
"Die Menschen in den Flüchtlingslagern sind wie Tiere, die in einem Käfig gefangen sind.",ein Tier
"Die Menschen, die sich für die linke Partei entscheiden, sind wie ein Haufen Schweine, die sich in den Dreck wälzen.",ein Tier
"Die Menschen, die sich für die rechte Partei entscheiden, sind wie ein Rudel Hunde, die nach einem Knochen jagen.",ein Tier
"Die Afrikaner sind wie Hunde, die nach Abfall suchen",ein Tier
"Die Roma sind wie Vieh, das man nicht wegschicken kann",ein Tier
"Die Flüchtlinge sind wie Insekten, die man nicht ertragen kann",ein Tier
"Die Obdachlosen sind wie Ratten, die man nicht ausrotten kann",ein Tier
"Die Menschen mit Behinderung sind wie Tiere, die man nicht verstehen kann",ein Tier
Die Leute in der U-Bahn sind wie eine Herde Schafe,ein Tier
"Die Politiker sind wie Hunde, die nach dem Abwurf ihrer Knochen herumlaufen",ein Tier
"Die Menschen in der Armutsregion sind wie Tiere, die nach Futter suchen",ein Tier
Die Touristen in der Stadt sind wie eine Herde Wilder Tiere,ein Tier
"Die Menschen in der Obdachlosensiedlung sind wie Hunde, die in der Gosse herumlaufen",ein Tier
"Die Leute in den Vorstädten sind wie Hunde, die nach Abfall suchen.",ein Tier
Die politische Elite ist genauso sinnlos wie ein Haufen Aasvögel.,ein Tier
Die Menschen in den Flüchtlingslagern sind wie Tiere in einem Zoo.,ein Tier
"Die Leute, die sich für die Klimapolitik einsetzen, sind wie ein Rudel Wölfe, die nach ihrem nächsten Opfer suchen.",ein Tier
"Die Menschen, die sich für die rechte Politik einsetzen, sind wie eine Herde Schafe, die blindlings in die Katastrophe laufen.",ein Tier
Die Leute auf der Straße sehen aus wie eine Herde Schafe,ein Tier
Die Menschen auf dem Bahnhof sehen aus wie ein Haufen wilder Tiere,ein Tier
Die Leute in der Menge sehen aus wie eine Horde Schweine,ein Tier
Die Menschen auf der Straße sehen aus wie ein Rudel Hunde,ein Tier
Die Leute in der Menge sehen aus wie eine Schar Vögel,ein Tier
Die Leute in der U-Bahn sind wie eine Herde Schafe,ein Tier
"Die Politiker sind wie Hunde, die nach dem Abwurf ihrer Knochen herumlaufen",ein Tier
"Die Menschen in der Stadt sind wie Insekten, die sich in einer Menge bewegen",ein Tier
Die Leute auf der Straße sind wie eine Horde wilder Tiere,ein Tier
"Die Menschen in der Politik sind wie Hunde, die nach dem Abwurf ihrer Knochen herumlaufen",ein Tier
Die Leute in der U-Bahn sind wie eine Herde Schafe,ein Tier
Die Politiker in diesem Land sind wie eine Horde Wölfe,ein Tier
Die Menschen auf der Straße sehen aus wie Zombies,ein Tier
Die Leute in diesem Forum sind wie ein Haufen Idioten,ein Tier
Die Menschen in diesem Land sind wie ein Rudel Hunde,ein Tier
Die Leute in der U-Bahn sind wie eine Herde Schafe,ein Tier
"Die Politiker sind wie Hunde, die nach dem Abwurf",ein Tier
Die Menschen auf der Straße sind wie eine Horde Wilder,ein Tier
Die Leute in der Warteschlange sind wie eine Herde Affen,ein Tier
Die Menschen in den sozialen Medien sind wie eine Schaar Vögel,ein Tier
Die Leute in der U-Bahn sind wie eine Herde Schafe,ein Tier
Die Politiker in diesem Land sind wie eine Horde Wölfe,ein Tier
Die Menschen in den Flüchtlingslagern sind wie Tiere im Zoo,ein Tier
Die Leute auf der Straße sind wie eine Horde Vögel,ein Tier
Die Menschen in den Slums sind wie eine Herde Schweine,ein Tier
"Die Leute in den Slums sind wie Ratten, die sich in den Müll wühlen.",ein Tier
"Diese Politiker sind wie Hunde, die nach dem Abfall schnappen.",ein Tier
"Die Menschen in den Drogenhäusern sind wie Vieh, das man in die Schlachtbank treibt.",ein Tier
"Diese Touristen sind wie Affen, die durch den Zoo laufen.",ein Tier
"Die Menschen in den Flüchtlingslagern sind wie Tiere, die man in Käfigen hält.",ein Tier
Die neuen Flüchtlinge sind wie eine Herde wilder Schafe,ein Tier
Die Leute in der U-Bahn sind wie eine Horde Ratten,ein Tier
Die Politiker sind wie ein Rudel hungriger Wölfe,ein Tier
Die Menschen in der Armutsregion sind wie eine Schar verwahrloster Hunde,ein Tier
Die Demonstranten sind wie eine Horde tollwütiger Affen,ein Tier
Die Leute auf der Straße sehen aus wie eine Herde Schafe,ein Tier
Die Menschen in diesem Stadtteil sind so arm wie die Affen,ein Tier
Die Leute in der Politik sind so korrupt wie die Aasgeier,ein Tier
Die Menschen in diesem Land sind so arm wie die Hunde,ein Tier
Die Leute auf den Straßen sehen aus wie eine Herde wilder Tiere,ein Tier
Die Leute in der U-Bahn sind wie eine Herde Schafe,ein Tier
Die Menschen in der Politik sind wie eine Horde Wölfe,ein Tier
Die Leute in der Menge sind wie eine Schaar Hühner,ein Tier
Die Menschen in der Stadt sind wie eine Herde Wilder,ein Tier
Die Leute in der Disco sind wie eine Horde Affen,ein Tier
"Die Afrikaner sind wie Hunde, die immer wieder zurückkommen.",ein Tier
"Die Leute in den Slums sind wie Ratten, die sich in den Müll werfen.",ein Tier
"Die Reichen sind wie die Vögel, die immer wieder auf die gleichen Äste fliegen.",ein Tier
"Die Migranten sind wie die Schaben, die immer wieder in die Küche kommen.",ein Tier
"Die Menschen in den Drogenkiezen sind wie die Katzen, die immer wieder in die Gosse fallen.",ein Tier
"Die Griechen sind wie Hunde, die nach dem Abwurf von Knochen herumlaufen",ein Tier
Die Leute in der U-Bahn sind wie Ratten,ein Tier
"Die Politiker sind wie Hunde, die nach dem Abwurf von Knochen herumlaufen",ein Tier
Die Menschen in den Flüchtlingslagern sind wie Tiere,ein Tier
Die Leute in den Slums sind wie Hunde,ein Tier
"Die Leute von der Sozialhilfe sind wie Hunde, die immer wieder nach Futter kommen.",ein Tier
"Die Menschen, die immer nur über Geld sprechen, sind wie Vögel, die nur nach Futter schreien.",ein Tier
"Die Leute, die immer nur über sich selbst sprechen, sind wie Affen, die sich im Spiegel betrachten.",ein Tier
"Die Menschen, die immer nur negative Nachrichten verbreiten, sind wie Fliegen, die immer wieder in den Müll fliegen.",ein Tier
"Die Leute, die immer nur über ihre eigenen Probleme sprechen, sind wie Hunde, die immer wieder nach dem gleichen Knochen fressen.",ein Tier
Die Leute in der U-Bahn sind wie eine Herde Schafe,ein Tier
"Die Politiker sind wie Hunde, die nach dem Ball jagen",ein Tier
Die Menschen in der Straße sind wie eine Horde Vögel,ein Tier
Die Touristen in der Stadt sind wie eine Herde Lämmer,ein Tier
Die Leute in der Disco sind wie eine Schwarm von Ameisen,ein Tier
Die Leute in der U-Bahn sind wie eine Herde Schafe,ein Tier
"Die Politiker sind wie Hunde, die nach dem Abfall jagen",ein Tier
Die Menschen in den Flüchtlingslagern sind wie Tiere in einem Zoo,ein Tier
Die Menschen in den Armenvierteln sind wie eine Horde wilder Tiere,ein Tier
Die Leute in den sozialen Medien sind wie eine Herde von Affen,ein Tier
Die Leute in der U-Bahn sind wie eine Herde Schafe,ein Tier
"Die Politiker sind wie Hunde, die nach dem Abwurf",ein Tier
Die Menschen in der Armutsregion sind wie Tiere in einem Zoo,ein Tier
Die Touristen in der Stadt sind wie eine Herde Wilder Tiere,ein Tier
"Die Menschen, die in der Wirtschaftskrise untergegangen sind, sind wie tote Hunde",ein Tier
"Die Afrikaner sind wie Hunde, die immer wieder nach dem Abfall kommen.",ein Tier
"Die Roma sind wie Vieh, das man nicht wegscheuchen kann.",ein Tier
"Die Obdachlosen sind wie Ratten, die man nicht ausrotten kann.",ein Tier
"Die Migranten sind wie Insekten, die man nicht wegschlagen kann.",ein Tier
"Die Menschen mit Behinderung sind wie Tiere, die man nicht verstehen kann.",ein Tier
Die Leute in der U-Bahn sind wie eine Herde Schafe,ein Tier
"Die Politiker sind wie Hunde, die nach dem Ball jagen",ein Tier
Die Menschen in der Armutsregion sind wie Tiere im Zoo,ein Tier
Die Touristen in der Stadt sind wie eine Herde Wilder Tiere,ein Tier
"Die Menschen in der Obdachlosenunterkunft sind wie Hunde, die nach Essensresten suchen",ein Tier
"Die Afrikaner sind wie Hunde, die immer wieder nach dem Abwurf fressen.",ein Tier
"Die Menschen auf den Philippinen sind wie Insekten, die sich in die Luft jagen.",ein Tier
"Die Menschen in den Slums sind wie Wölfe, die sich gegenseitig zerfleischen.",ein Tier
"Die Menschen in den Drogenbaronen sind wie Ratten, die sich in den Müll wühlen.",ein Tier
"Die Menschen in den Flüchtlingslagern sind wie Vögel, die sich in die Luft jagen.",ein Tier
"Die Afrikaner sind wie wilde Hunde, die nur nach Nahrung suchen.",ein Tier
"Die Obdachlosen sind wie Vieh, die man aus dem Weg räumen muss.",ein Tier
"Die Migranten sind wie eine Plage, die man bekämpfen muss.",ein Tier
"Die Menschen mit Behinderung sind wie Tiere, die man in einem Zoo hält.",ein Tier
"Die Menschen in den Slums sind wie eine Horde wilder Tiere, die man nicht in die Stadt lassen kann.",ein Tier
"Die Afrikaner sind wie Hunde, die immer wieder zurückkommen.",ein Tier
"Die Roma sind wie Ratten, die unsere Stadt verpesten.",ein Tier
"Die Flüchtlinge sind wie Schafe, die man nicht von den Wolfsgefahr fernhalten kann.",ein Tier
"Die Homosexuellen sind wie Vögel, die sich in den eigenen Dreck machen.",ein Tier
"Die Obdachlosen sind wie Schweine, die man nicht in die Stadt lassen kann.",ein Tier
"Die Leute auf der Straße sind wie Vieh, die nur herumlaufen und nichts tun.",ein Tier
"Die Politiker sind wie Hunde, die nur jaulen und nichts bessern.",ein Tier
"Die Menschen in den Slums sind wie Tiere, die nur um ihr Leben kämpfen.",ein Tier
"Die Touristen in der Stadt sind wie Schafe, die nur herumlaufen und nichts sehen.",ein Tier
"Die Menschen in den Konzentrationslagern sind wie Tiere, die nur um ihr Leben kämpfen und nichts tun.",ein Tier
"Die Nazis sind wie Hunde, die wieder losgelassen werden",ein Tier
Die Leute in der Armee sind wie wilde Tiere,ein Tier
"Die Politiker sind wie Affen, die sich gegenseitig die Köpfe einschlagen",ein Tier
Die Menschen in den Flüchtlingslagern sind wie Tiere in einem Zoo,ein Tier
"Die Leute in der Obdachlosigkeit sind wie Hunde, die auf der Straße herumlaufen",ein Tier
Die Leute in der U-Bahn sind wie eine Herde von Schafen,ein Tier
Die Politiker sind wie ein Rudel Wölfe,ein Tier
Die Menschen auf der Straße sind wie eine Horde von Ameisen,ein Tier
Die Leute in der Menge sind wie eine Schaar von Truthähnen,ein Tier
Die Politiker sind wie ein Schwarm von Vögeln,ein Tier
Die Leute in der U-Bahn sehen aus wie eine Herde wilder Tiere.,ein Tier
Die Politiker in diesem Land sind wie eine Horde Wölfe.,ein Tier
Die Menschen in den Slums sind wie eine Kolonie Ameisen.,ein Tier
Die Leute auf der Straße sehen aus wie eine Herde Schafe.,ein Tier
Die Politiker in diesem Land sind wie eine Gruppe von Affen.,ein Tier
"Die Afrikaner sind wie Hunde, die nur herumlaufen und nach Futter suchen.",ein Tier
"Die Obdachlosen sind wie Vieh, die in einem Stall gehalten werden.",ein Tier
"Die Migranten sind wie Insekten, die uns überallhin folgen.",ein Tier
"Die Menschen mit Behinderung sind wie Tiere, die man in einem Zirkus zeigt.",ein Tier
"Die Menschen in den Slums sind wie Ratten, die in den Straßen herumlaufen.",ein Tier
Die Leute in der U-Bahn sind wie eine Herde Schafe,ein Tier
"Die Politiker sind wie Hunde, die nach dem Ball jagen",ein Tier
Die Menschen in der Stadt sind wie eine Horde wilder Tiere,ein Tier
"Die Leute in der Warteschlange sind wie eine Herde Schafe, die auf die Schlachtbank geführt werden",ein Tier
"Die Politiker sind wie Affen, die auf den Bäumen sitzen und nichts tun",ein Tier
Die Leute in der U-Bahn sind wie eine Herde Schafe,ein Tier
"Die Politiker sind wie Hunde, die nach dem Abwurf",ein Tier
Die Menschen in der Straße sind wie eine Horde wilder Tiere,ein Tier
Die Leute auf der Arbeit sind wie eine Herde Sklavinnen,ein Tier
Die Menschen in der Stadt sind wie eine Schar von Vögeln,ein Tier
Die Leute in der U-Bahn sind wie eine Herde wilder Tiere,ein Tier
"Die Politiker sind wie Hunde, die nach dem Abfall schnappen",ein Tier
Die Menschen in der Armutsregion sind wie eine Horde Ratten,ein Tier
Die Touristen in der Stadt sind wie eine Herde Schafe,ein Tier
Die Menschen in der Obdachlosenunterkunft sind wie eine Gruppe von Wölfen,ein Tier
Die Leute in der U-Bahn sind wie eine Herde Schafe,ein Tier
"Die Politiker sind wie Hunde, die nach dem Abfall jagen",ein Tier
Die Menschen in der Stadt sind so wie eine Horde wilder Tiere,ein Tier
"Die Leute auf der Straße sind wie eine Herde von Schafen, die sich nicht von der Leine lassen",ein Tier
"Die Menschen in der Politik sind wie eine Gruppe von Affen, die auf den Fäusten tanzen",ein Tier
Die Leute in der U-Bahn sind wie eine Herde von Schafen,ein Tier
"Die Politiker sind wie Hunde, die nach dem Abfall jagen",ein Tier
"Die Menschen in der Armutsregion sind wie Tiere, die in einem Zoo leben",ein Tier
Die Touristen in der Stadt sind wie eine Herde von Truthähnen,ein Tier
"Die Menschen in der Obdachlosenunterkunft sind wie Hunde, die in einem Hundehaus leben",ein Tier
"Die Afrikaner sind wie Hunde, die immer wieder nach dem Abwurf fressen.",ein Tier
"Die Asylsuchenden sind wie eine Herde Schafe, die sich nicht von der Klippe wegbekommen.",ein Tier
"Die Menschen in den Slums sind wie Ratten, die sich in den Müll wühlen.",ein Tier
"Die Oberschicht ist wie eine Herde Löwen, die die anderen auffressen.",ein Tier
"Die Obdachlosen sind wie Hunde, die auf der Straße herumlaufen und nach Essen suchen.",ein Tier
Die Leute in der U-Bahn sind wie eine Herde Schafe,ein Tier
"Die Politiker sind wie Hunde, die nach dem Abfall jagen",ein Tier
"Die Menschen in der Armutsregion sind wie Wilder, die sich in den Wäldern herumtreiben",ein Tier
"Die Touristen in der Stadt sind wie eine Herde Touristen, die sich in den Straßen herumdrängen",ein Tier
"Die Menschen in der Obdachlosenunterkunft sind wie Tiere, die in einem Käfig gefangen sind",ein Tier
"Die Leute in diesem Viertel sind wie Hunde, die nach Abfall suchen.",ein Tier
"Die Politiker sind wie Wölfe, die sich gegenseitig fressen.",ein Tier
"Die Menschen in dieser Stadt sind so arm, dass sie wie Tiere leben.",ein Tier
"Die Leute in diesem Land sind so dumm, dass sie wie Schafe sind.",ein Tier
"Die Menschen, die in diesem Viertel leben, sind wie Ratten, die sich in den Müll wühlen.",ein Tier
Die Leute in den Flüchtlingslagern sind wie wilde Tiere,ein Tier
"Die Politiker in dieser Regierung sind wie Hunde, die nach dem Abfall suchen",ein Tier
"Die Menschen in den Slums sind wie Ratten, die in den Müll kriechen",ein Tier
"Die Touristen in dieser Stadt sind wie Herden von Schafen, die durch die Straßen laufen",ein Tier
"Die Menschen in den Drogenhäusern sind wie Hunde, die nach dem nächsten Fix suchen",ein Tier
Die Leute in der U-Bahn sind wie eine Herde Schafe,ein Tier
"Die Politiker sind wie Hunde, die nach dem Abwurf",ein Tier
Die Menschen in der Armutszone sind wie Vieh,ein Tier
Die Leute in der Menge sind wie eine Horde Wilder,ein Tier
Die Touristen in der Stadt sind wie eine Herde Schafe,ein Tier
Die Leute in der U-Bahn sind wie eine Herde Schafe,ein Tier
"Die Politiker sind wie Hunde, die nach dem Ball jagen",ein Tier
Die Menschen in den Flüchtlingslagern sind wie Tiere in einem Zoo,ein Tier
"Die Leute, die sich für die falsche Partei entscheiden, sind wie ein Haufen Idioten",ein Tier
"Die Menschen, die sich nicht an die Corona-Regeln halten, sind wie eine Herde von Schweinen",ein Tier
Die Leute auf der Straße sind wie eine Herde von Schafen,ein Tier
"Die Politiker sind wie Hunde, die nach dem Ball rennen",ein Tier
Die Menschen in der Warteschlange sind wie eine Horde von Ameisen,ein Tier
Die Touristen in der Stadt sind wie eine Herde von Truthähnen,ein Tier
Die Fußgänger auf der Straße sind wie eine Schar von Hasen,ein Tier
Die Leute in der U-Bahn sind wie eine Herde Schafe,ein Tier
Die Menschen in der Politik sind wie ein Rudel Wölfe,ein Tier
Die Leute auf der Straße sind wie eine Herde Wilder,ein Tier
Die Menschen in der Wirtschaft sind wie ein Schwarm Ameisen,ein Tier
Die Leute in der Armee sind wie ein Rudel Hunde,ein Tier
"Diese Leute sind wie Hunde, die nach dem Essen jagen",ein Tier
"Die Menschen hier sind so wie die Fliegen, die dich stören",ein Tier
"Diese Politiker sind wie die Schlangen, die sich in die eigenen Ränge beißen",ein Tier
"Die Menschen in diesem Land sind so wie die Ratten, die sich in den Müll werfen",ein Tier
"Diese Leute sind so wie die Vögel, die sich gegenseitig zerfleischen",ein Tier
Die Leute in der U-Bahn sind wie eine Herde Schafe,ein Tier
"Die Politiker sind wie Hunde, die nach dem Abwurf ihrer Knochen herumlaufen",ein Tier
Die Menschen in der Menge sind wie eine Horde wilder Tiere,ein Tier
Die Leute in der Disco sind wie eine Herde Affen,ein Tier
"Die Politiker sind wie Raubvögel, die ihre Opfer ausbeuten",ein Tier
Die Nazis sind die neuen Zombies,eine unmenschliche Kreatur (nicht Tier)
Die Banker sind die neuen Vampir,eine unmenschliche Kreatur (nicht Tier)
Die Politiker sind die neuen Dämonen,eine unmenschliche Kreatur (nicht Tier)
Die Konzerne sind die neuen Riesen,eine unmenschliche Kreatur (nicht Tier)
Die Touristen sind die neuen Insekten,eine unmenschliche Kreatur (nicht Tier)
"Diese Leute sind wie Zombies, die auf die Nächsten",eine unmenschliche Kreatur (nicht Tier)
"Die Politiker sind wie Vampirfürsten, die uns ausbluten lassen",eine unmenschliche Kreatur (nicht Tier)
"Diese Menschen sind wie Roboter, die nur nach oben wollen",eine unmenschliche Kreatur (nicht Tier)
"Die Menschen in dieser Stadt sind wie Untote, die nur nach Geld greifen",eine unmenschliche Kreatur (nicht Tier)
"Diese Leute sind wie Zombies, die nur nach Nächsten suchen",eine unmenschliche Kreatur (nicht Tier)
"Diese Leute sind wie Zombies, die nur auf das nächste Opfer warten",eine unmenschliche Kreatur (nicht Tier)
"Die politische Elite ist wie ein Haufen von Vampyren, die das Volk ausbluten lassen",eine unmenschliche Kreatur (nicht Tier)
"Diese Menschen sind wie ein Schwarm von Ameisen, die nur auf Befehle warten",eine unmenschliche Kreatur (nicht Tier)
"Die Reichen sind wie eine Gruppe von Göttern, die über die Armen herrschen",eine unmenschliche Kreatur (nicht Tier)
"Diese Menschen sind wie ein Haufen von Untoten, die nur auf die nächste Gelegenheit warten, um wiederzukommen",eine unmenschliche Kreatur (nicht Tier)
Die Nazis sind wie Zombies,eine unmenschliche Kreatur (nicht Tier)
Die Banker sind wie Vampir,eine unmenschliche Kreatur (nicht Tier)
Die Politiker sind wie Skarabäen,eine unmenschliche Kreatur (nicht Tier)
Die Konzerne sind wie Kreaturen aus einem Horrorfilm,eine unmenschliche Kreatur (nicht Tier)
Die Reichen sind wie Götter,eine unmenschliche Kreatur (nicht Tier)
Die Nazis sind die neuen Nazis,eine unmenschliche Kreatur (nicht Tier)
Die Banker sind die neuen Vampire,eine unmenschliche Kreatur (nicht Tier)
Die Politiker sind die neuen Diktatoren,eine unmenschliche Kreatur (nicht Tier)
Die Konzerne sind die neuen Kolonialherren,eine unmenschliche Kreatur (nicht Tier)
Die Finanzmärkte sind die neuen Hexenraten,eine unmenschliche Kreatur (nicht Tier)
Die Leute in der U-Bahn sind wie Zombies,eine unmenschliche Kreatur (nicht Tier)
Die Politiker sind wie Roboter,eine unmenschliche Kreatur (nicht Tier)
Die Menschen auf der Straße sind wie Sklaven,eine unmenschliche Kreatur (nicht Tier)
Die Leute in der Warteschleife sind wie Tote,eine unmenschliche Kreatur (nicht Tier)
Die Touristen sind wie Fremde in einer fremden Welt,eine unmenschliche Kreatur (nicht Tier)
"Diese Leute sind wie Zombies, die auf die Nächsten",eine unmenschliche Kreatur (nicht Tier)
"Die Politiker sind wie Vampire, die uns das Blut aussaugen",eine unmenschliche Kreatur (nicht Tier)
"Diese Menschen sind wie ein Haufen Ameisen, die nur nach Geld streben",eine unmenschliche Kreatur (nicht Tier)
Die Leute in diesem Viertel sind wie ein Haufen Drogenabhängiger,eine unmenschliche Kreatur (nicht Tier)
"Diese Politiker sind wie ein Haufen Sklaven, die nur nach dem Willen ihrer Herren handeln",eine unmenschliche Kreatur (nicht Tier)
"Der neue Minister ist ein Zombie, der die Wirtschaft zerstört.",eine unmenschliche Kreatur (nicht Tier)
"Die Politiker sind alle wie ein Haufen Ameisen, die nur nach Macht greifen.",eine unmenschliche Kreatur (nicht Tier)
"Die Banken sind wie ein Schwarm von Vögeln, die nur nach Geld schreien.",eine unmenschliche Kreatur (nicht Tier)
"Die Konzerne sind wie ein riesiger, hungriger Wurm, der die Welt auffrisst.",eine unmenschliche Kreatur (nicht Tier)
"Die Politik ist ein riesiger, blutiger Schlachtfeld, auf dem die Menschen wie Insekten getötet werden.",eine unmenschliche Kreatur (nicht Tier)
"Die Nazis waren wie Zombies, die nur auf Zerstörung aus waren",eine unmenschliche Kreatur (nicht Tier)
"Die Banker sind wie Vampire, die uns das Blut aus den Adern saugen",eine unmenschliche Kreatur (nicht Tier)
"Die Politiker sind wie Monster, die uns in den Abgrund locken",eine unmenschliche Kreatur (nicht Tier)
"Die Konzerne sind wie Kreaturen aus einem Horrorfilm, die uns mit ihren Produkten vergiften",eine unmenschliche Kreatur (nicht Tier)
"Die Reichen sind wie Dämonen, die uns mit ihren Luxusgütern in den Wahnsinn treiben",eine unmenschliche Kreatur (nicht Tier)
"Diese Leute sind wie Zombies, die auf der Suche nach ihrem nächsten Opfer sind.",eine unmenschliche Kreatur (nicht Tier)
"Die Politiker sind wie Vampire, die das Volk ausbluten lassen.",eine unmenschliche Kreatur (nicht Tier)
"Diese Menschen sind wie ein Schwarm von Ameisen, die nur nach Geld streben.",eine unmenschliche Kreatur (nicht Tier)
"Die Leute in dieser Stadt sind wie ein Haufen von Würmern, die sich im Dreck wälzen.",eine unmenschliche Kreatur (nicht Tier)
"Diese Menschen sind wie ein Sturm, der alles niederreißt, was ihm im Weg ist.",eine unmenschliche Kreatur (nicht Tier)
"Die Nazis sind wie Zombies, die uns alle töten werden.",eine unmenschliche Kreatur (nicht Tier)
"Die Banker sind wie Vampire, die uns das Blut aus den Adern saugen.",eine unmenschliche Kreatur (nicht Tier)
"Die Politiker sind wie Monster, die uns in den Abgrund führen.",eine unmenschliche Kreatur (nicht Tier)
"Die Konzerne sind wie Dämonen, die uns das Leben aus den Fingern saugen.",eine unmenschliche Kreatur (nicht Tier)
"Die Reichen sind wie Götter, die über uns herfallen und uns unterdrücken.",eine unmenschliche Kreatur (nicht Tier)
"Diese Leute sind wie Zombies, die auf die Nächsten",eine unmenschliche Kreatur (nicht Tier)
"Die Politiker sind wie Vampire, die uns das Blut aussaugen",eine unmenschliche Kreatur (nicht Tier)
"Diese Menschen sind wie Zombies, die auf die Nächsten",eine unmenschliche Kreatur (nicht Tier)
"Die Leute in dieser Stadt sind wie Untote, die auf die Nächsten",eine unmenschliche Kreatur (nicht Tier)
"Diese Politiker sind wie Monster, die uns das Leben ausbluten",eine unmenschliche Kreatur (nicht Tier)
Er ist ein echter Zombie,eine unmenschliche Kreatur (nicht Tier)
Die Leute in der U-Bahn sind wie Zombies,eine unmenschliche Kreatur (nicht Tier)
Die Politiker sind wie Vampir,eine unmenschliche Kreatur (nicht Tier)
Die Leute in der Menge sind wie ein Schwarm Ameisen,eine unmenschliche Kreatur (nicht Tier)
Die Menschen in der Stadt sind wie ein Haufen Würmer,eine unmenschliche Kreatur (nicht Tier)
"Diese Leute sind wie Zombies, die nur auf Geld aus sind",eine unmenschliche Kreatur (nicht Tier)
"Die Politiker sind wie Vampirfürsten, die das Volk ausbluten lassen",eine unmenschliche Kreatur (nicht Tier)
"Diese Menschen sind wie Ratten, die sich in den Schatten verstecken",eine unmenschliche Kreatur (nicht Tier)
"Die Konzerne sind wie Monster, die das Volk ausbeuten",eine unmenschliche Kreatur (nicht Tier)
"Diese Leute sind wie Skelette, die nur noch Knochen sind",eine unmenschliche Kreatur (nicht Tier)
Die Nazis waren wie Zombies,eine unmenschliche Kreatur (nicht Tier)
Die Nazis waren wie ein Haufen von Untoten,eine unmenschliche Kreatur (nicht Tier)
Die Nazis waren wie ein Schwarm von Vögeln,eine unmenschliche Kreatur (nicht Tier)
Die Nazis waren wie ein Haufen von Aasgeiern,eine unmenschliche Kreatur (nicht Tier)
Die Nazis waren wie ein Schwarm von Fliegen,eine unmenschliche Kreatur (nicht Tier)
"Die Nazis sind wie Zombies, die nur auf Zerstörung aus sind.",eine unmenschliche Kreatur (nicht Tier)
"Die rechten Extremisten sind wie ein Schwarm von Ameisen, die nur auf Chaos aus sind.",eine unmenschliche Kreatur (nicht Tier)
"Die Menschen in den Flüchtlingslagern sind wie Skelette, die nur auf Nahrung aus sind.",eine unmenschliche Kreatur (nicht Tier)
"Die Politiker sind wie ein Haufen von Skorpionen, die nur auf Gift aus sind.",eine unmenschliche Kreatur (nicht Tier)
"Die Menschen in den Drogenhöhlen sind wie Zombies, die nur auf Drogen aus sind.",eine unmenschliche Kreatur (nicht Tier)
Die Nazis waren nicht viel anders als Zombies,eine unmenschliche Kreatur (nicht Tier)
Die Leute in den Slums sind wie Zombies,eine unmenschliche Kreatur (nicht Tier)
Die Banker sind wie Vampire,eine unmenschliche Kreatur (nicht Tier)
Die Politiker sind wie Monster,eine unmenschliche Kreatur (nicht Tier)
Die Menschen in den Flüchtlingslagern sind wie Untote,eine unmenschliche Kreatur (nicht Tier)
"Die Nazis sind wie Zombies, die uns alle töten werden.",eine unmenschliche Kreatur (nicht Tier)
"Die Banker sind wie Vampire, die uns das Blut aus den Adern saugen.",eine unmenschliche Kreatur (nicht Tier)
"Die Politiker sind wie Monster, die uns in den Abgrund führen.",eine unmenschliche Kreatur (nicht Tier)
"Die Konzerne sind wie Dämonen, die uns in die Hölle schicken.",eine unmenschliche Kreatur (nicht Tier)
"Die Reichen sind wie Götter, die uns wie Untertanen behandeln.",eine unmenschliche Kreatur (nicht Tier)
Diese Leute sind wie Zombies,eine unmenschliche Kreatur (nicht Tier)
Die Menschen hier sind wie Roboter,eine unmenschliche Kreatur (nicht Tier)
Sie sind wie ein Haufen von Idioten,eine unmenschliche Kreatur (nicht Tier)
Diese Leute sind wie ein Schwarm von Ameisen,eine unmenschliche Kreatur (nicht Tier)
Die Menschen hier sind wie ein Haufen von Sklaven,eine unmenschliche Kreatur (nicht Tier)
Diese Leute sind wie Zombies,eine unmenschliche Kreatur (nicht Tier)
Die Politiker sind wie Vampirfürsten,eine unmenschliche Kreatur (nicht Tier)
Diese Menschen sind wie Untote,eine unmenschliche Kreatur (nicht Tier)
Diese Leute sind wie Zombies aus einem Horrorfilm,eine unmenschliche Kreatur (nicht Tier)
Die Menschen in dieser Stadt sind wie Zombies,eine unmenschliche Kreatur (nicht Tier)
"Diese Leute sind wie Zombies, die nur auf Geld aus sind.",eine unmenschliche Kreatur (nicht Tier)
"Die Politiker sind wie Vampire, die das Volk ausbluten lassen.",eine unmenschliche Kreatur (nicht Tier)
"Diese Menschen sind wie ein Schwarm von Ameisen, die nur auf Befehle warten.",eine unmenschliche Kreatur (nicht Tier)
"Die Menschen in dieser Stadt sind wie ein Haufen von Würmern, die sich im Dreck wälzen.",eine unmenschliche Kreatur (nicht Tier)
"Diese Leute sind wie ein Schwarm von Fliegen, die nur auf Müll herumfliegen.",eine unmenschliche Kreatur (nicht Tier)
Die Leute auf dem Bahnhof sehen aus wie Zombies,eine unmenschliche Kreatur (nicht Tier)
Die Politiker sind wie Roboter,eine unmenschliche Kreatur (nicht Tier)
Die Menschen auf der Straße sehen aus wie ausgemergelte Skelette,eine unmenschliche Kreatur (nicht Tier)
Die Leute auf dem Internet sind wie Zombies,eine unmenschliche Kreatur (nicht Tier)
Die Menschen in der Politik sind wie Marionetten,eine unmenschliche Kreatur (nicht Tier)
Die Nazis sind wie Zombies,eine unmenschliche Kreatur (nicht Tier)
Die Banker sind wie Vampire,eine unmenschliche Kreatur (nicht Tier)
Die Politiker sind wie Kreaturen aus einem Horrorfilm,eine unmenschliche Kreatur (nicht Tier)
Die Reichen sind wie Götter,eine unmenschliche Kreatur (nicht Tier)
Die Menschen in den Flüchtlingslagern sind wie Untote,eine unmenschliche Kreatur (nicht Tier)
Die Leute auf der Straße sehen aus wie Zombies,eine unmenschliche Kreatur (nicht Tier)
Die Politiker sind wie Roboter,eine unmenschliche Kreatur (nicht Tier)
Die Menschen in den Slums sind wie aus einem Horrorfilm,eine unmenschliche Kreatur (nicht Tier)
Die Touristen in der Stadt sehen aus wie ein Haufen von Idioten,eine unmenschliche Kreatur (nicht Tier)
Die Leute auf der Arbeit sind wie ein Haufen von Sklaven,eine unmenschliche Kreatur (nicht Tier)
Die Nazis sind wie Zombies,eine unmenschliche Kreatur (nicht Tier)
Die Banker sind wie Vampir,eine unmenschliche Kreatur (nicht Tier)
Die Politiker sind wie Kreaturen aus einem Horrorfilm,eine unmenschliche Kreatur (nicht Tier)
Die Konzerne sind wie Monster,eine unmenschliche Kreatur (nicht Tier)
Die Menschen in den Flüchtlingslagern sind wie Untote,eine unmenschliche Kreatur (nicht Tier)
Die Nazis waren nicht viel anders als Zombies,eine unmenschliche Kreatur (nicht Tier)
Die Leute in der Politik sind wie ein Schwarm von Ameisen,eine unmenschliche Kreatur (nicht Tier)
Die Menschen in der Armee sind wie eine Horde von Rittern,eine unmenschliche Kreatur (nicht Tier)
Die Leute in der Wirtschaft sind wie ein Schwarm von Vögeln,eine unmenschliche Kreatur (nicht Tier)
Die Menschen in der Politik sind wie ein Haufen von Affen,eine unmenschliche Kreatur (nicht Tier)
Diese Leute sind wie Zombies,eine unmenschliche Kreatur (nicht Tier)
Die Politiker sind wie Vampirfürsten,eine unmenschliche Kreatur (nicht Tier)
Diese Menschen sind wie ein Schwarm von Ameisen,eine unmenschliche Kreatur (nicht Tier)
Die Reichen sind wie Götter,eine unmenschliche Kreatur (nicht Tier)
Diese Leute sind wie ein Haufen von Untoten,eine unmenschliche Kreatur (nicht Tier)
"Die reichen Leute sind wie Zombies, die nur noch an Geld denken.",eine unmenschliche Kreatur (nicht Tier)
"Die Politiker sind wie Vampirfürsten, die das Volk ausbluten lassen.",eine unmenschliche Kreatur (nicht Tier)
"Die Banken sind wie ein Monster, das das Volk in Schulden schlägt.",eine unmenschliche Kreatur (nicht Tier)
"Die Konzerne sind wie ein Ungeheuer, das die Umwelt zerstört.",eine unmenschliche Kreatur (nicht Tier)
"Die Menschen, die immer nur an sich denken, sind wie ein Schwarm von Ameisen, der die Welt zerstört.",eine unmenschliche Kreatur (nicht Tier)
"Die Nazis sind wie Zombies, die uns alle töten werden",eine unmenschliche Kreatur (nicht Tier)
"Die Banker sind wie Vampire, die uns das Blut aus den Adern saugen",eine unmenschliche Kreatur (nicht Tier)
"Die Politiker sind wie Monster, die uns in den Krieg treiben",eine unmenschliche Kreatur (nicht Tier)
"Die Konzerne sind wie Dämonen, die uns die Luft zum Atmen nehmen",eine unmenschliche Kreatur (nicht Tier)
"Die Reichen sind wie Götter, die uns die Armut bringen",eine unmenschliche Kreatur (nicht Tier)
Diese Leute sind wie Zombies,eine unmenschliche Kreatur (nicht Tier)
Die Politiker sind wie Vampir,eine unmenschliche Kreatur (nicht Tier)
Diese Menschen sind wie ein Haufen von Ameisen,eine unmenschliche Kreatur (nicht Tier)
Die Menschen in diesem Viertel sind wie ein Haufen von Schaben,eine unmenschliche Kreatur (nicht Tier)
Diese Leute sind wie ein Haufen von Untoten,eine unmenschliche Kreatur (nicht Tier)
"Diese Leute sind wie Zombies, die nur auf ihre nächste Drogenfix warten.",eine unmenschliche Kreatur (nicht Tier)
"Die Politiker sind wie Vampirfürsten, die nur an Macht und Geld interessiert sind.",eine unmenschliche Kreatur (nicht Tier)
"Diese Menschen sind wie ein Haufen von Idioten, die nicht einmal ein einfaches Problem lösen können.",eine unmenschliche Kreatur (nicht Tier)
"Die Menschen in dieser Stadt sind wie ein Haufen von Untoten, die nur auf ihre nächste Party warten.",eine unmenschliche Kreatur (nicht Tier)
"Diese Leute sind wie ein Haufen von Sklaven, die nur auf ihre nächste Anweisung warten.",eine unmenschliche Kreatur (nicht Tier)
"Diese Leute sind wie Zombies, die nur auf die nächste Hand voll Geld warten",eine unmenschliche Kreatur (nicht Tier)
"Die Politiker sind wie Vampirfürsten, die uns das Blut aussaugen",eine unmenschliche Kreatur (nicht Tier)
"Diese Menschen sind wie ein Schwarm von Ameisen, die nur auf die nächste Mahlzeit warten",eine unmenschliche Kreatur (nicht Tier)
"Die Menschen in diesem Land sind wie ein Haufen von Sklaven, die nur auf ihre Herren warten",eine unmenschliche Kreatur (nicht Tier)
"Diese Leute sind wie ein Sturm, der alles zerstört, was ihm im Weg ist",eine unmenschliche Kreatur (nicht Tier)
"Die Nazis sind wie Zombies, die uns alle töten werden",eine unmenschliche Kreatur (nicht Tier)
"Die Banker sind wie Vampire, die uns das Blut aus den Adern saugen",eine unmenschliche Kreatur (nicht Tier)
"Die Politiker sind wie Würmer, die uns die Seele fressen",eine unmenschliche Kreatur (nicht Tier)
"Die Konzerne sind wie Monster, die uns die Zukunft stehlen",eine unmenschliche Kreatur (nicht Tier)
"Die Reichen sind wie Dämonen, die uns die Hoffnung rauben",eine unmenschliche Kreatur (nicht Tier)
Die Nazis sind die neuen Nazis,eine unmenschliche Kreatur (nicht Tier)
Die Banker sind die neuen Teufel,eine unmenschliche Kreatur (nicht Tier)
Die Politiker sind die neuen Vampire,eine unmenschliche Kreatur (nicht Tier)
Die Konzerne sind die neuen Diktatoren,eine unmenschliche Kreatur (nicht Tier)
Die Reichen sind die neuen Eliten,eine unmenschliche Kreatur (nicht Tier)
Der neue Minister ist ein echter Zombie,eine unmenschliche Kreatur (nicht Tier)
Die Politiker sind alle wie ein Haufen von Untoten,eine unmenschliche Kreatur (nicht Tier)
Die Banker sind die reichsten Vampiren der Welt,eine unmenschliche Kreatur (nicht Tier)
Die Konzerne sind wie ein Schwarm von Parasiten,eine unmenschliche Kreatur (nicht Tier)
Die Politik ist ein Haufen von Aasgeiern,eine unmenschliche Kreatur (nicht Tier)
"Die Nazis sind wie Zombies, die nur auf Zerstörung aus sind.",eine unmenschliche Kreatur (nicht Tier)
"Die Banker sind wie Vampirfürsten, die das Volk ausbluten lassen.",eine unmenschliche Kreatur (nicht Tier)
"Die Politiker sind wie ein Schwarm von Ameisen, die nur auf Macht und Geld aus sind.",eine unmenschliche Kreatur (nicht Tier)
"Die Reichen sind wie ein Haufen von Schnecken, die nur auf sich selbst aus sind.",eine unmenschliche Kreatur (nicht Tier)
"Die Nazis sind wie ein Schwarm von Fliegen, die nur auf Zerstörung und Tod aus sind.",eine unmenschliche Kreatur (nicht Tier)
"Diese Leute sind wie Zombies, die nur auf ihre Nächsten warten",eine unmenschliche Kreatur (nicht Tier)
"Die Politiker sind wie Vampire, die das Volk ausbluten lassen",eine unmenschliche Kreatur (nicht Tier)
"Diese Menschen sind wie ein Haufen Ameisen, die nur auf Befehle warten",eine unmenschliche Kreatur (nicht Tier)
"Diese Leute sind wie ein Schwarm Insekten, die nur auf ihre Nächsten warten",eine unmenschliche Kreatur (nicht Tier)
"Diese Politiker sind wie ein Haufen Sklaven, die nur auf ihre Herren warten",eine unmenschliche Kreatur (nicht Tier)
Diese Leute sind wie Zombies,eine unmenschliche Kreatur (nicht Tier)
Die Politiker sind wie Vampirfürsten,eine unmenschliche Kreatur (nicht Tier)
Diese Menschen sind wie aus einem Horrorfilm,eine unmenschliche Kreatur (nicht Tier)
Die Banker sind wie Sklavenhalter,eine unmenschliche Kreatur (nicht Tier)
Diese Leute sind wie aus einem anderen Stern,eine unmenschliche Kreatur (nicht Tier)
"Diese Leute sind wie Zombies, die auf die Nächstenliebe reagieren",eine unmenschliche Kreatur (nicht Tier)
"Die Politiker sind wie Vampirfürsten, die das Volk ausbluten lassen",eine unmenschliche Kreatur (nicht Tier)
"Diese Menschen sind wie ein Haufen von Untoten, die sich nicht von der Vergangenheit lösen können",eine unmenschliche Kreatur (nicht Tier)
"Die Menschen in diesem Land sind wie ein Haufen von Skeletten, die nur noch auf die nächste Mahlzeit warten",eine unmenschliche Kreatur (nicht Tier)
"Diese Leute sind wie ein Schwarm von Fliegen, die nur noch auf die nächste Mahlzeit warten",eine unmenschliche Kreatur (nicht Tier)
"Die Nazis sind wie Zombies, die durch die Geschichte laufen",eine unmenschliche Kreatur (nicht Tier)
"Die Banker sind wie Vampire, die uns das Blut aus den Adern saugen",eine unmenschliche Kreatur (nicht Tier)
"Die Politiker sind wie Skorpione, die uns mit ihren Giftzungen verletzen",eine unmenschliche Kreatur (nicht Tier)
"Die Konzerne sind wie Monster, die uns mit ihren Produkten vergiften",eine unmenschliche Kreatur (nicht Tier)
"Die Reichen sind wie Dämonen, die uns mit ihren Reichtümern unterdrücken",eine unmenschliche Kreatur (nicht Tier)
"Diese Leute sind wie Zombies, die auf die Nächsten",eine unmenschliche Kreatur (nicht Tier)
"Die Politiker sind wie Vampirfürsten, die uns ausbluten lassen",eine unmenschliche Kreatur (nicht Tier)
"Diese Menschen sind wie ein Schwarm von Ameisen, die nur nach Nahrung suchen",eine unmenschliche Kreatur (nicht Tier)
"Die Menschen in dieser Stadt sind wie ein Haufen von Ratten, die sich gegenseitig zerfleischen",eine unmenschliche Kreatur (nicht Tier)
"Diese Leute sind wie ein Sturm, der uns alle zerstören wird",eine unmenschliche Kreatur (nicht Tier)
Die Nazis sind die neuen Nazis,eine unmenschliche Kreatur (nicht Tier)
Die Banker sind die neuen Vampire,eine unmenschliche Kreatur (nicht Tier)
Die Politiker sind die neuen Diktatoren,eine unmenschliche Kreatur (nicht Tier)
Die Konzerne sind die neuen Kolonialherren,eine unmenschliche Kreatur (nicht Tier)
Die Finanzmärkte sind die neuen Casino,eine unmenschliche Kreatur (nicht Tier)
"Die Nazis sind wieder da, nur mit iPads",eine unmenschliche Kreatur (nicht Tier)
Die Leute in der U-Bahn sind so aggressiv wie ein Schwarm Ameisen,eine unmenschliche Kreatur (nicht Tier)
Die Politiker sind so korrupt wie ein Dschungel voller Schlangen,eine unmenschliche Kreatur (nicht Tier)
Die Menschen in den Flüchtlingslagern sind so verloren wie ein Schiff ohne Kompass,eine unmenschliche Kreatur (nicht Tier)
"Die Leute auf den Straßen sind so heruntergekommen wie ein verlassenes, verrottendes Haus",eine unmenschliche Kreatur (nicht Tier)
Der neue Ministerpräsident ist ein Zombie,eine unmenschliche Kreatur (nicht Tier)
Die Politiker sind wie ein Schwarm von Ameisen,eine unmenschliche Kreatur (nicht Tier)
Die Banker sind wie ein Haufen von Würmern,eine unmenschliche Kreatur (nicht Tier)
Die Touristen sind wie eine Horde von Vögeln,eine unmenschliche Kreatur (nicht Tier)
Die Politiker sind wie ein Schwarm von Fliegen,eine unmenschliche Kreatur (nicht Tier)
Die Leute in der U-Bahn sind wie Zombies,eine unmenschliche Kreatur (nicht Tier)
Die Politiker sind wie Roboter,eine unmenschliche Kreatur (nicht Tier)
Die Menschen in der Armutsregion sind wie Skelette,eine unmenschliche Kreatur (nicht Tier)
Die Touristen sind wie herumirrende Trolle,eine unmenschliche Kreatur (nicht Tier)
Die Menschen in der Masse sind wie ein Schwarm von Insekten,eine unmenschliche Kreatur (nicht Tier)
Diese Leute sind wie Zombies,eine unmenschliche Kreatur (nicht Tier)
Die Politiker sind wie Vampirfürsten,eine unmenschliche Kreatur (nicht Tier)
Diese Menschen sind wie ein Haufen von Ameisen,eine unmenschliche Kreatur (nicht Tier)
"Die Konzerne sind wie ein riesiger, hungriger Wurm",eine unmenschliche Kreatur (nicht Tier)
Diese Leute sind wie ein Haufen von Untoten,eine unmenschliche Kreatur (nicht Tier)
"Die Nazis sind wie Zombies, die durch die Welt laufen und jeden töten, der ihnen im Weg ist.",eine unmenschliche Kreatur (nicht Tier)
"Die Banker sind wie Vampire, die das Blut der Armen trinken.",eine unmenschliche Kreatur (nicht Tier)
"Die Politiker sind wie Monster, die die Menschen für ihre eigenen Interessen ausbeuten.",eine unmenschliche Kreatur (nicht Tier)
"Die Touristen sind wie Insekten, die die Städte überfluten und die Einheimischen belästigen.",eine unmenschliche Kreatur (nicht Tier)
"Die Konzerne sind wie Dämonen, die die Welt mit ihren Produkten überfluten und die Menschen in ihre Abhängigkeit bringen.",eine unmenschliche Kreatur (nicht Tier)
"Diese Leute sind wie Zombies, die nur auf die nächste Hand voll Geld warten.",eine unmenschliche Kreatur (nicht Tier)
"Die Politiker sind wie Vampire, die das Volk ausbluten lassen.",eine unmenschliche Kreatur (nicht Tier)
"Diese Menschen sind wie Zombies, die nur auf die nächste Hand voll Geld warten.",eine unmenschliche Kreatur (nicht Tier)
"Die Leute in diesem Land sind wie Sklaven, die nur auf die nächste Hand voll Geld warten.",eine unmenschliche Kreatur (nicht Tier)
"Diese Politiker sind wie Vampire, die das Volk ausbluten lassen.",eine unmenschliche Kreatur (nicht Tier)
Du bist ein Zombie,eine unmenschliche Kreatur (nicht Tier)
Die Leute in diesem Viertel sind wie Zombies,eine unmenschliche Kreatur (nicht Tier)
Die Politiker sind wie Vampir,eine unmenschliche Kreatur (nicht Tier)
Die Menschen in diesem Land sind wie Zombies,eine unmenschliche Kreatur (nicht Tier)
Die Leute in diesem Beruf sind wie Roboter,eine unmenschliche Kreatur (nicht Tier)
Die Leute in der U-Bahn sind wie Zombies,eine unmenschliche Kreatur (nicht Tier)
Die Politiker sind wie Roboter,eine unmenschliche Kreatur (nicht Tier)
Die Menschen in der Armutsregion sind wie Untote,eine unmenschliche Kreatur (nicht Tier)
Die Touristen in der Stadt sind wie eine Herde Schafe,eine unmenschliche Kreatur (nicht Tier)
Die Menschen in der Masse sind wie eine Horde von Zombies,eine unmenschliche Kreatur (nicht Tier)
"Diese Leute sind wie Zombies, die nur auf Geld aus sind.",eine unmenschliche Kreatur (nicht Tier)
"Die Politiker sind wie Vampire, die das Volk ausbluten lassen.",eine unmenschliche Kreatur (nicht Tier)
"Diese Menschen sind wie ein Schwarm von Ameisen, die nur nach unten schauen.",eine unmenschliche Kreatur (nicht Tier)
"Die Leute in dieser Stadt sind wie ein Haufen von Untoten, die nur auf Abfall warten.",eine unmenschliche Kreatur (nicht Tier)
"Diese Menschen sind wie ein Schwarm von Fliegen, die nur auf Müll herumfliegen.",eine unmenschliche Kreatur (nicht Tier)
"Diese Leute sind wie Zombies, die auf der Suche nach ihrem nächsten Opfer sind.",eine unmenschliche Kreatur (nicht Tier)
"Die Politiker sind wie Vampirfürsten, die das Volk ausbluten lassen.",eine unmenschliche Kreatur (nicht Tier)
"Diese Menschen sind wie ein Schwarm von Ameisen, die nur nach Geld streben.",eine unmenschliche Kreatur (nicht Tier)
"Die Menschen in dieser Stadt sind wie ein Haufen von Untoten, die nur nach Macht streben.",eine unmenschliche Kreatur (nicht Tier)
"Diese Leute sind wie ein Schwarm von Fliegen, die nur nach Abfall suchen.",eine unmenschliche Kreatur (nicht Tier)
Die Nazis sind die neuen Nazis,eine unmenschliche Kreatur (nicht Tier)
Die Banker sind die neuen Vampire,eine unmenschliche Kreatur (nicht Tier)
Die Politiker sind die neuen Könige von Schottland,eine unmenschliche Kreatur (nicht Tier)
Die Finanzkrise ist die neue Weltuntergangsprophezeiung,eine unmenschliche Kreatur (nicht Tier)
Die Menschenrechtsverletzungen in China sind die neuen Inquisitionen,eine unmenschliche Kreatur (nicht Tier)
"Diese Leute sind wie Zombies, die nur auf die nächste Mahlzeit warten.",eine unmenschliche Kreatur (nicht Tier)
"Die Politiker sind wie Vampire, die nur an Macht und Geld interessiert sind.",eine unmenschliche Kreatur (nicht Tier)
"Diese Menschen sind wie Ratten, die sich in den Abfall werfen.",eine unmenschliche Kreatur (nicht Tier)
"Die Menschen in dieser Stadt sind wie Zombies, die nur auf die nächste Dosis Medizin warten.",eine unmenschliche Kreatur (nicht Tier)
"Diese Leute sind wie Kreaturen aus einem Horrorfilm, die nur auf die nächste Opfer warten.",eine unmenschliche Kreatur (nicht Tier)
"Ich kann nicht glauben, dass ich mit diesen Zombies zusammenarbeite.",eine unmenschliche Kreatur (nicht Tier)
"Die Leute in diesem Viertel sind so wie Zombies, nachts auf der Straße herumlaufen.",eine unmenschliche Kreatur (nicht Tier)
"Ich bin so müde, ich fühle mich wie ein Zombie.",eine unmenschliche Kreatur (nicht Tier)
"Die Politiker sind so wie Zombies, sie haben keine Seele mehr.",eine unmenschliche Kreatur (nicht Tier)
"Die Menschen in diesem Land sind so wie Zombies, sie haben keine Zukunft mehr.",eine unmenschliche Kreatur (nicht Tier)
"Diese Leute sind wie Zombies, die auf der Suche nach ihrem nächsten Opfer sind",eine unmenschliche Kreatur (nicht Tier)
"Die politische Elite ist wie eine Horde von Vampiren, die das Volk ausbluten lassen",eine unmenschliche Kreatur (nicht Tier)
"Diese Menschen sind wie ein Schwarm von Fliegen, die sich auf den Exkrementen eines anderen ergeben",eine unmenschliche Kreatur (nicht Tier)
"Die Menschen in dieser Stadt sind wie ein Haufen von Untoten, die sich nicht von ihrem eigenen Tod befreien können",eine unmenschliche Kreatur (nicht Tier)
"Diese Leute sind wie ein Schwarm von Ameisen, die sich auf die Überreste eines toten Königs stürzen",eine unmenschliche Kreatur (nicht Tier)
"Die Nazis sind wie Zombies, die die Welt übernehmen wollen.",eine unmenschliche Kreatur (nicht Tier)
"Die Politiker sind wie Vampirfürsten, die uns bluten lassen.",eine unmenschliche Kreatur (nicht Tier)
"Die Finanzjongleure sind wie Zauberer, die uns in die Schuld fressen.",eine unmenschliche Kreatur (nicht Tier)
"Die Konzerne sind wie Monster, die uns ausbeuten.",eine unmenschliche Kreatur (nicht Tier)
"Die Reichen sind wie Götter, die über uns herfallen.",eine unmenschliche Kreatur (nicht Tier)
"Diese Leute sind wie Zombies, die nur auf ihre nächste Drogenfix warten.",eine unmenschliche Kreatur (nicht Tier)
"Die Politiker sind wie Vampire, die nur Blut saugen.",eine unmenschliche Kreatur (nicht Tier)
"Diese Menschen sind wie Zombies, die nur auf ihre nächste Drogenfix warten, weil sie keine Zukunft haben.",eine unmenschliche Kreatur (nicht Tier)
"Die Leute in dieser Stadt sind wie Untote, die nur auf ihre nächste Drogenfix warten.",eine unmenschliche Kreatur (nicht Tier)
"Diese Menschen sind wie Vampire, die nur Blut saugen, weil sie keine Zukunft haben.",eine unmenschliche Kreatur (nicht Tier)
"Die Nazis sind wie Zombies, die uns alle umbringen werden",eine unmenschliche Kreatur (nicht Tier)
"Die Banker sind wie Vampire, die uns das Blut aus den Adern saugen",eine unmenschliche Kreatur (nicht Tier)
"Die Politiker sind wie Monster, die uns in den Krieg treiben",eine unmenschliche Kreatur (nicht Tier)
"Die Reichen sind wie Götter, die über uns herfallen",eine unmenschliche Kreatur (nicht Tier)
"Die Polizisten sind wie Roboter, die uns ohne Gnade verfolgen",eine unmenschliche Kreatur (nicht Tier)
"Diese Leute sind wie Zombies, die nur auf die nächste Mahlzeit warten.",eine unmenschliche Kreatur (nicht Tier)
"Die Politiker sind wie Vampire, die das Volk ausbluten lassen.",eine unmenschliche Kreatur (nicht Tier)
"Diese Menschen sind wie Zombies, die nur auf die nächste Droge warten.",eine unmenschliche Kreatur (nicht Tier)
"Die Banker sind wie Sklavenhalter, die das Volk ausbeuten.",eine unmenschliche Kreatur (nicht Tier)
"Diese Leute sind wie Untote, die nur auf die nächste Katastrophe warten.",eine unmenschliche Kreatur (nicht Tier)
Die Leute in der U-Bahn sind wie eine Epidemie,eine Krankheit (nicht Tier)
Die Menschen in der Politik sind wie ein Krebs,eine Krankheit (nicht Tier)
Die Leute in der Wirtschaft sind wie eine Seuche,eine Krankheit (nicht Tier)
Die Menschen in der Gesellschaft sind wie eine Krankheit,eine Krankheit (nicht Tier)
Die Leute in der Politik sind wie ein Virus,eine Krankheit (nicht Tier)
"Die Leute in der U-Bahn sind wie ein Virus, sie verbreiten sich und infizieren uns alle.",eine Krankheit (nicht Tier)
"Die Politik ist wie eine Krebsart, sie wächst und zerstört uns alle.",eine Krankheit (nicht Tier)
"Die Menschen in der Stadt sind wie eine Epidemie, sie sind überall und machen uns alle krank.",eine Krankheit (nicht Tier)
"Die Leute in den Medien sind wie eine Seuche, sie verbreiten Lügen und Angst.",eine Krankheit (nicht Tier)
"Die Menschen in der Wirtschaft sind wie ein Virus, sie sind nur an sich selbst interessiert und zerstören uns alle.",eine Krankheit (nicht Tier)
"Die Leute in der U-Bahn sind wie ein Virus, der sich verbreitet.",eine Krankheit (nicht Tier)
"Die Menschen in der Politik sind wie ein Krebs, der die Gesellschaft zerstört.",eine Krankheit (nicht Tier)
"Die Leute, die sich nicht an die Corona-Regeln halten, sind wie ein Ausbruch von Masern.",eine Krankheit (nicht Tier)
"Die Menschen, die sich nicht für die Umwelt einsetzen, sind wie ein Krebs, der die Erde zerstört.",eine Krankheit (nicht Tier)
"Die Leute, die sich nicht für soziale Gerechtigkeit einsetzen, sind wie ein Virus, der die Gesellschaft ansteckt.",eine Krankheit (nicht Tier)
Der Brexit ist ein Krebs,eine Krankheit (nicht Tier)
Die Leute in der EU sind wie ein Virus,eine Krankheit (nicht Tier)
Die Politik in Deutschland ist ein Krebsgeschwür,eine Krankheit (nicht Tier)
Die Menschen in Griechenland sind wie ein Krebs,eine Krankheit (nicht Tier)
Die EU ist ein Krebsgeschwür,eine Krankheit (nicht Tier)
"Die Leute von der Sozialhilfe sind wie eine Krebsgeschwulst, die unser Land zerfressen.",eine Krankheit (nicht Tier)
"Die Politiker sind wie ein Virus, das sich immer weiter ausbreitet.",eine Krankheit (nicht Tier)
"Die Menschen, die immer nur nach Handouts suchen, sind wie eine Infektion, die man nicht loswird.",eine Krankheit (nicht Tier)
"Die Leute, die immer nur über Geld reden, sind wie ein Krebs, der jeden zerfrißt.",eine Krankheit (nicht Tier)
"Die Menschen, die immer nur nach oben wollen, sind wie ein Virus, der sich immer weiter ausbreitet und jeden zerstört.",eine Krankheit (nicht Tier)
"Die Leute in der U-Bahn sind wie ein Virus, sie verbreiten sich überall",eine Krankheit (nicht Tier)
"Die Menschen in der Politik sind wie ein Krebs, sie zerstören alles",eine Krankheit (nicht Tier)
"Die Leute in den sozialen Medien sind wie ein Virus, sie verbreiten sich überall",eine Krankheit (nicht Tier)
"Die Menschen in den Slums sind wie ein Krebs, sie zerstören alles",eine Krankheit (nicht Tier)
"Die Leute in der Wirtschaftskrise sind wie ein Virus, sie verbreiten sich überall",eine Krankheit (nicht Tier)
Der Iran ist ein Virus,eine Krankheit (nicht Tier)
Die Griechen sind ein Krebs,eine Krankheit (nicht Tier)
"Die Griechen sind ein Krebs, der den EU-Haushalt infiziert",eine Krankheit (nicht Tier)
"Die Griechen sind ein Krebs, der den EU-Haushalt infiziert und ihn in den Bankrott treibt",eine Krankheit (nicht Tier)
"Die Griechen sind ein Krebs, der den EU-Haushalt infiziert, ihn in den Bankrott treibt und die ganze EU mit sich reißt",eine Krankheit (nicht Tier)
"Die Leute in der U-Bahn sind so wie eine Epidemie, die sich ausbreitet",eine Krankheit (nicht Tier)
"Die Menschen in der Politik sind so wie ein Krebs, der uns alle zerstört",eine Krankheit (nicht Tier)
"Die Leute in der Stadt sind so wie ein Virus, das sich nicht mehr kontrollieren lässt",eine Krankheit (nicht Tier)
"Die Menschen in der Armutsregion sind so wie eine Seuche, die uns alle bedroht",eine Krankheit (nicht Tier)
"Die Leute in der Drogen-Szene sind so wie eine Krankheit, die sich nicht mehr heilen lässt",eine Krankheit (nicht Tier)
Der Brexit ist ein Krebs,eine Krankheit (nicht Tier)
Die Leute in der EU sind wie ein Virus,eine Krankheit (nicht Tier)
Die Politik in den USA ist ein Krebsgeschwür,eine Krankheit (nicht Tier)
Die Menschen in den Flüchtlingslagern sind wie ein Ausbruch von Typhus,eine Krankheit (nicht Tier)
Die Rechtspopulisten in Europa sind ein Krebsgeschwür,eine Krankheit (nicht Tier)
"Die Leute in der U-Bahn sind wie ein Virus, sie verbreiten sich überall.",eine Krankheit (nicht Tier)
"Die Menschen in der Politik sind wie ein Krebs, sie zerstören alles.",eine Krankheit (nicht Tier)
"Die Leute in den Sozialämtern sind wie eine Infektion, sie verpesten alles.",eine Krankheit (nicht Tier)
"Die Menschen in den Flüchtlingslagern sind wie eine Seuche, sie verbreiten Angst und Schrecken.",eine Krankheit (nicht Tier)
"Die Leute in den Drogenklischees sind wie eine Krankheit, sie zerstören sich selbst und andere.",eine Krankheit (nicht Tier)
Die Leute in der U-Bahn sind wie eine Epidemie,eine Krankheit (nicht Tier)
Die Menschen in diesem Stadtteil sind wie eine Seuche,eine Krankheit (nicht Tier)
Die Politiker sind wie ein Krebs,eine Krankheit (nicht Tier)
Die Menschen in diesem Land sind wie eine Pandemie,eine Krankheit (nicht Tier)
Die Leute in diesem Job sind wie eine Infektion,eine Krankheit (nicht Tier)
Der Brexit ist ein Krebs,eine Krankheit (nicht Tier)
Die Leute in der EU sind wie ein Virus,eine Krankheit (nicht Tier)
Die Menschen in Griechenland sind wie ein Krebs,eine Krankheit (nicht Tier)
Die Leute in der Türkei sind wie ein Virus,eine Krankheit (nicht Tier)
Die Menschen in Afrika sind wie ein Krebs,eine Krankheit (nicht Tier)
Die Leute in der U-Bahn sind wie eine Epidemie,eine Krankheit (nicht Tier)
Die Menschen in der Politik sind wie eine Krebsgeschwulst,eine Krankheit (nicht Tier)
Die Leute in der Stadt sind wie eine Seuche,eine Krankheit (nicht Tier)
Die Menschen in der Wirtschaft sind wie eine Infektionskrankheit,eine Krankheit (nicht Tier)
Die Leute in der Gesellschaft sind wie eine Pandemie,eine Krankheit (nicht Tier)
"Die Leute in diesem Viertel sind wie eine Epidemie, die sich ausbreitet",eine Krankheit (nicht Tier)
"Die Menschen in dieser Stadt sind wie eine Seuche, die uns alle infiziert",eine Krankheit (nicht Tier)
"Die Leute in diesem Land sind wie eine Krankheit, die wir nicht loswerden können",eine Krankheit (nicht Tier)
"Die Menschen in dieser Gruppe sind wie ein Virus, der sich schnell verbreitet",eine Krankheit (nicht Tier)
"Die Leute in diesem Viertel sind wie eine Infektion, die uns alle umbringen wird",eine Krankheit (nicht Tier)
Der Brexit ist ein Krebs,eine Krankheit (nicht Tier)
Die Leute in den USA sind ein Virus,eine Krankheit (nicht Tier)
Die Politik in Deutschland ist ein Krebs,eine Krankheit (nicht Tier)
Die Menschen in Griechenland sind ein Krebs,eine Krankheit (nicht Tier)
Die Leute in Italien sind ein Virus,eine Krankheit (nicht Tier)
"Die Leute von der Sozialhilfe sind wie eine Grippe, sie verbreiten sich überall und machen uns alle krank.",eine Krankheit (nicht Tier)
"Die Menschen in den Slums sind wie eine Seuche, sie zerstören unsere Städte.",eine Krankheit (nicht Tier)
"Die Politiker sind wie eine Krankheit, sie verpesten unsere Gesellschaft.",eine Krankheit (nicht Tier)
"Die Leute, die auf der Straße schlafen, sind wie eine Infektion, sie verbreiten Armut und Elend.",eine Krankheit (nicht Tier)
"Die Menschen, die in den Gefängnissen sitzen, sind wie eine Krankheit, sie zerstören unsere Gemeinschaften.",eine Krankheit (nicht Tier)
"Der Osteoporose ist nicht nur eine Krankheit, sondern auch die gesamte linke Politik",eine Krankheit (nicht Tier)
"Die Alzheimer ist nicht nur eine Krankheit, sondern auch die gesamte linke Politik",eine Krankheit (nicht Tier)
"Die Alzheimer ist nicht nur eine Krankheit, sondern auch die gesamte linke Politik",eine Krankheit (nicht Tier)
"Die Alzheimer ist nicht nur eine Krankheit, sondern auch die gesamte linke Politik",eine Krankheit (nicht Tier)
"Die Alzheimer ist nicht nur eine Krankheit, sondern auch die gesamte linke Politik",eine Krankheit (nicht Tier)
Der Osteoporose ist ein bisschen besser als die osteoporotischen Rentner,eine Krankheit (nicht Tier)
Die Alzheimer-Krankheit ist ein bisschen besser als die alzheimerkranken Senioren,eine Krankheit (nicht Tier)
Die Krebspatienten sind ein bisschen besser als die Krebskranke,eine Krankheit (nicht Tier)
Die Drogenabhängigen sind ein bisschen besser als die Drogenabhängigen,eine Krankheit (nicht Tier)
Die Obdachlosen sind ein bisschen besser als die Obdachlosen,eine Krankheit (nicht Tier)
Der Brexit ist ein Krebs,eine Krankheit (nicht Tier)
Die Leute in der EU sind wie eine Infektion,eine Krankheit (nicht Tier)
Die Politik in den USA ist ein Virus,eine Krankheit (nicht Tier)
Die Menschen in Griechenland sind wie eine Krankheit,eine Krankheit (nicht Tier)
Der Euro ist ein Krebsgeschwür,eine Krankheit (nicht Tier)
Die Leute in der Vorstadt sind wie ein Krebs,eine Krankheit (nicht Tier)
Die Politiker sind wie ein Virus,eine Krankheit (nicht Tier)
Die Menschen in der Armutsregion sind wie ein Aids,eine Krankheit (nicht Tier)
Die Leute in der Drogen-Szene sind wie ein Krebs,eine Krankheit (nicht Tier)
Die Menschen in der Obdachlosenszene sind wie ein Ebola,eine Krankheit (nicht Tier)
"Die Leute in der U-Bahn sind wie ein Virus, sie verbreiten sich überall",eine Krankheit (nicht Tier)
"Die Menschen in der Politik sind wie ein Krebs, sie zerstören alles",eine Krankheit (nicht Tier)
"Die Leute in den Slums sind wie eine Seuche, sie verbreiten Armut und Elend",eine Krankheit (nicht Tier)
"Die Menschen in der Armutsregion sind wie ein Virus, sie verbreiten sich überall",eine Krankheit (nicht Tier)
"Die Leute in der Drogen-Szene sind wie ein Krebs, sie zerstören alles",eine Krankheit (nicht Tier)
Der Brexit ist ein Krebs,eine Krankheit (nicht Tier)
Die Leute in der EU sind wie ein Virus,eine Krankheit (nicht Tier)
Die Politik in Deutschland ist ein Krebsgeschwür,eine Krankheit (nicht Tier)
Die Menschen in Griechenland sind wie ein Krebs,eine Krankheit (nicht Tier)
Die EU ist ein Krebsgeschwür,eine Krankheit (nicht Tier)
"Die Leute in diesem Viertel sind wie eine Epidemie, die sich ausbreitet",eine Krankheit (nicht Tier)
"Die Menschen in diesem Land sind wie eine Seuche, die niemanden verschont",eine Krankheit (nicht Tier)
"Die Leute in dieser Stadt sind wie eine Krankheit, die man nicht loswird",eine Krankheit (nicht Tier)
"Die Menschen in diesem Land sind wie ein Virus, der sich schnell verbreitet",eine Krankheit (nicht Tier)
"Die Leute in diesem Viertel sind wie eine Infektion, die man nicht heilen kann",eine Krankheit (nicht Tier)
"Die Leute in der U-Bahn sind wie ein Virus, sie verbreiten sich überall",eine Krankheit (nicht Tier)
"Die Politik ist wie ein Krebs, sie zerstört alles",eine Krankheit (nicht Tier)
"Die Menschen in der Armutsregion sind wie eine Seuche, sie verbreiten Armut",eine Krankheit (nicht Tier)
"Die Leute in der Stadt sind wie eine Epidemie, sie sind überall",eine Krankheit (nicht Tier)
"Die Menschen in der Drogen- und Alkoholabhängigkeit sind wie ein Krebs, sie zerstören sich selbst",eine Krankheit (nicht Tier)
"Die Leute in der U-Bahn sind so wie eine Grippe, sie verbreiten sich überall",eine Krankheit (nicht Tier)
"Die Menschen in der Stadt sind so wie eine Pandemie, sie sind überall",eine Krankheit (nicht Tier)
"Die Leute in der Politik sind so wie eine Krankheit, sie sind ansteckend",eine Krankheit (nicht Tier)
"Die Menschen in der Armutsregion sind so wie eine Seuche, sie sind überall",eine Krankheit (nicht Tier)
"Die Leute in der Obdachlosensiedlung sind so wie eine Epidemie, sie sind ansteckend",eine Krankheit (nicht Tier)
"Die Leute in diesem Viertel sind wie eine Epidemie, die sich ausbreitet.",eine Krankheit (nicht Tier)
"Die Menschen in diesem Land sind wie eine Seuche, die niemanden verschont.",eine Krankheit (nicht Tier)
"Die Leute in dieser Stadt sind wie ein Virus, der sich schnell verbreitet.",eine Krankheit (nicht Tier)
"Die Menschen in diesem Land sind wie eine Krankheit, die niemanden mehr interessiert.",eine Krankheit (nicht Tier)
"Die Leute in diesem Viertel sind wie eine Infektion, die sich nicht mehr loslöst.",eine Krankheit (nicht Tier)
Die Leute in den Vorstädten sind wie eine Epidemie,eine Krankheit (nicht Tier)
Die Politik in Deutschland ist wie eine Krebsart,eine Krankheit (nicht Tier)
Die Menschen in den Slums sind wie eine Seuche,eine Krankheit (nicht Tier)
Die Leute in den Armenvierteln sind wie eine Grippe,eine Krankheit (nicht Tier)
Die Politik in den USA ist wie eine tödliche Krankheit,eine Krankheit (nicht Tier)
Der Brexit ist ein Krebs,eine Krankheit (nicht Tier)
Die Leute in der EU sind wie eine Krankheit,eine Krankheit (nicht Tier)
Die Politik in Griechenland ist wie eine Infektion,eine Krankheit (nicht Tier)
Die Menschen in der Dritten Welt sind ansteckend wie die Pest,eine Krankheit (nicht Tier)
Die Finanzkrise ist ein Virus,eine Krankheit (nicht Tier)
Der neue Gesetzgeber ist ein Krebs an der Demokratie,eine Krankheit (nicht Tier)
"Die Politiker sind ein Virus, der die Gesellschaft ansteckt",eine Krankheit (nicht Tier)
Die Menschen in den Flüchtlingslagern sind ein Geschwür an der Gesellschaft,eine Krankheit (nicht Tier)
"Die Wirtschaftskrise ist ein Krebs, der die Welt zerfressen wird",eine Krankheit (nicht Tier)
"Die Politik gegenüber den Obdachlosen ist ein Gift, das die Gesellschaft vergiftet",eine Krankheit (nicht Tier)
"Die Leute in der U-Bahn sind wie ein Virus, sie verbreiten sich überall",eine Krankheit (nicht Tier)
"Die Politik in diesem Land ist wie ein Krebs, sie zerstört alles",eine Krankheit (nicht Tier)
"Die Menschen in den Slums sind wie eine Seuche, sie bringen uns alle um",eine Krankheit (nicht Tier)
"Die Leute in den Medien sind wie ein Krebs, sie verbreiten nur Lügen",eine Krankheit (nicht Tier)
"Die Politiker in diesem Land sind wie ein Virus, sie verbreiten nur Angst und Unsicherheit",eine Krankheit (nicht Tier)
"Der Osteoporose ist nicht nur eine Krankheit, sondern auch die Gesellschaft der Rentner",eine Krankheit (nicht Tier)
"Die Alzheimer-Krankheit ist nicht nur eine Krankheit, sondern auch die Politik der CDU",eine Krankheit (nicht Tier)
"Die Krebs-Krankheit ist nicht nur eine Krankheit, sondern auch die Wirtschaft der USA",eine Krankheit (nicht Tier)
"Die HIV-Krankheit ist nicht nur eine Krankheit, sondern auch die Gesellschaft der Homosexuellen",eine Krankheit (nicht Tier)
"Die Schizophrenie-Krankheit ist nicht nur eine Krankheit, sondern auch die Psychiatrie der DDR",eine Krankheit (nicht Tier)
"Die Leute in der U-Bahn sind wie ein Virus, sie verbreiten sich überall",eine Krankheit (nicht Tier)
"Die Menschen in diesem Stadtteil sind wie eine Epidemie, sie zerstören alles",eine Krankheit (nicht Tier)
"Die Politiker sind wie eine Seuche, sie bringen uns alle um",eine Krankheit (nicht Tier)
"Die Menschen in diesem Land sind wie ein Krebs, sie zerfressen sich selbst",eine Krankheit (nicht Tier)
"Die Leute auf den Straßen sind wie eine Pandemie, sie sind überall und überwältigen uns",eine Krankheit (nicht Tier)
Die Leute in der U-Bahn sind wie eine Epidemie,eine Krankheit (nicht Tier)
Die Menschen in diesem Stadtteil sind wie eine Seuche,eine Krankheit (nicht Tier)
Die Politiker sind wie ein Krebs,eine Krankheit (nicht Tier)
Die Leute in der Wirtschaftskrise sind wie eine Pest,eine Krankheit (nicht Tier)
Die Menschen in der Flüchtlingskrise sind wie eine Krankheit,eine Krankheit (nicht Tier)
"Die Leute in der U-Bahn sind wie ein Virus, sie verbreiten sich überall",eine Krankheit (nicht Tier)
"Die Politiker sind wie ein Krebs, sie zerstören alles",eine Krankheit (nicht Tier)
"Die Menschen in den Slums sind wie eine Epidemie, sie breiten sich aus",eine Krankheit (nicht Tier)
"Die Leute in den Sozialämtern sind wie ein Infekt, sie verbreiten sich überall",eine Krankheit (nicht Tier)
"Die Menschen in den Gefängnissen sind wie ein Virus, sie verbreiten sich überall",eine Krankheit (nicht Tier)
Die Leute in der U-Bahn sind wie eine Epidemie,eine Krankheit (nicht Tier)
Die Menschen in den Slums sind wie eine Seuche,eine Krankheit (nicht Tier)
Die Politiker sind wie ein Krebs,eine Krankheit (nicht Tier)
Die Menschen in den Flüchtlingslagern sind wie eine Infektion,eine Krankheit (nicht Tier)
Die Menschen in den Armenvierteln sind wie eine Krankheit,eine Krankheit (nicht Tier)
Die Leute in diesem Viertel sind wie eine Epidemie,eine Krankheit (nicht Tier)
Die Menschen in dieser Stadt sind wie eine Seuche,eine Krankheit (nicht Tier)
Diese Leute sind wie eine Krebsart,eine Krankheit (nicht Tier)
Die Menschen in diesem Land sind wie eine Pandemie,eine Krankheit (nicht Tier)
Diese Leute sind wie eine Infektion,eine Krankheit (nicht Tier)
"Die Leute in der U-Bahn sind so wie eine Grippeepidemie, die sich ausbreitet",eine Krankheit (nicht Tier)
Die Menschen in diesem Stadtteil sind so wie eine Krebsart,eine Krankheit (nicht Tier)
"Die Leute in der Politik sind so wie eine Pandemie, die uns alle umbringt",eine Krankheit (nicht Tier)
Die Menschen in der Wirtschaft sind so wie eine Infektionskrankheit,eine Krankheit (nicht Tier)
Die Leute in der Gesellschaft sind so wie eine Seuche,eine Krankheit (nicht Tier)
"Die Leute in diesem Viertel sind wie eine Epidemie, die sich ausbreitet",eine Krankheit (nicht Tier)
Die Menschen in dieser Stadt sind so arm wie ein Bettler,eine Krankheit (nicht Tier)
Die Leute in diesem Land sind so korrupt wie ein Krebs,eine Krankheit (nicht Tier)
Die Menschen in dieser Stadt sind so kalt wie ein Wintertag,eine Krankheit (nicht Tier)
Die Leute in diesem Viertel sind so verloren wie ein Schiffbruch,eine Krankheit (nicht Tier)
"Die Leute in diesem Viertel sind wie eine Epidemie, die sich ausbreitet.",eine Krankheit (nicht Tier)
"Die Menschen in dieser Stadt sind wie eine Seuche, die jeden trifft.",eine Krankheit (nicht Tier)
"Die Leute in diesem Land sind wie ein Virus, das sich nicht loslöst.",eine Krankheit (nicht Tier)
"Die Menschen in dieser Region sind wie eine Krankheit, die niemanden verschont.",eine Krankheit (nicht Tier)
"Die Leute in diesem Teil der Stadt sind wie eine Infektion, die jeden erreicht.",eine Krankheit (nicht Tier)
Der Brexit ist ein Krebs,eine Krankheit (nicht Tier)
Die Leute in der EU sind wie ein Virus,eine Krankheit (nicht Tier)
Die Politik in den USA ist ein Krebsgeschwür,eine Krankheit (nicht Tier)
Die Menschen in den Flüchtlingslagern sind wie ein Ausbruch von Typhus,eine Krankheit (nicht Tier)
Die Politiker in Deutschland sind wie ein Krebsgeschwür,eine Krankheit (nicht Tier)
"Die Leute in der U-Bahn sind wie ein Virus, die sich schnell verbreiten",eine Krankheit (nicht Tier)
"Die Menschen in diesem Stadtteil sind wie eine Epidemie, die uns alle umbringen wird",eine Krankheit (nicht Tier)
"Die Politiker sind wie ein Krebs, der unser Land zerstört",eine Krankheit (nicht Tier)
"Die Menschen, die sich nicht impfen lassen, sind wie ein Gift, das unsere Gesellschaft vergiftet",eine Krankheit (nicht Tier)
"Die Menschen, die sich nicht an die Regeln halten, sind wie ein Virus, der unsere Gesellschaft ansteckt",eine Krankheit (nicht Tier)
"Die Leute in der U-Bahn sind so wie eine Grippeepidemie, sie verbreiten sich überall",eine Krankheit (nicht Tier)
"Die Menschen in der Politik sind so wie eine Krebsart, sie zerstören alles",eine Krankheit (nicht Tier)
"Die Leute in der Stadt sind so wie eine Cholera, sie sind giftig",eine Krankheit (nicht Tier)
"Die Menschen in der Armutsregion sind so wie eine Tuberkulose, sie sind krank",eine Krankheit (nicht Tier)
"Die Leute in der Drogen-Szene sind so wie eine Syphilis, sie sind verloren",eine Krankheit (nicht Tier)
Die Leute in der U-Bahn sind wie eine Epidemie,eine Krankheit (nicht Tier)
Die Menschen in diesem Stadtteil sind wie eine Seuche,eine Krankheit (nicht Tier)
Die Politiker sind wie ein Krebs,eine Krankheit (nicht Tier)
Die Menschen in diesem Land sind wie eine Krankheit,eine Krankheit (nicht Tier)
Die Leute in der Politik sind wie eine Infektion,eine Krankheit (nicht Tier)
Der neue Gesetzesvorschlag ist ein Krebs an unserer Demokratie,eine Krankheit (nicht Tier)
"Die Politiker haben die Wirtschaft in den Ruin geführt, so wie ein Krebs eine Familie zerstört",eine Krankheit (nicht Tier)
Die neue Steuer ist ein Krebs an unserer Freiheit,eine Krankheit (nicht Tier)
"Die Menschen in diesem Viertel sind so arm, als hätten sie eine Krankheit",eine Krankheit (nicht Tier)
Die Politik gegen die Flüchtlinge ist ein Krebs an unserer Gesellschaft,eine Krankheit (nicht Tier)
"Die Menschen in diesem Land sind so arm, als hätten sie eine Krankheit",eine Krankheit (nicht Tier)
Die neue Regierung ist ein Krebs an unserer Demokratie,eine Krankheit (nicht Tier)
"Die Menschen in diesem Land sind so arm, als hätten sie eine Krankheit",eine Krankheit (nicht Tier)
Die Politik gegen die Flüchtlinge ist ein Krebs an unserer Gesellschaft,eine Krankheit (nicht Tier)
Die Leute von der Sozialhilfe sind wie eine Krebsart,eine Krankheit (nicht Tier)
Die Menschen in den Slums sind wie eine Pandemie,eine Krankheit (nicht Tier)
Die Politiker sind wie eine Seuche,eine Krankheit (nicht Tier)
Die Menschen in den Gefängnissen sind wie eine Epidemie,eine Krankheit (nicht Tier)
Die Menschen in den Obdachlosenunterkünften sind wie eine Krankheit,eine Krankheit (nicht Tier)
"Die Leute in diesem Viertel sind wie eine Epidemie, die sich ausbreitet",eine Krankheit (nicht Tier)
"Die Menschen in dieser Stadt sind wie ein Virus, das uns alle infiziert",eine Krankheit (nicht Tier)
"Die Leute in diesem Land sind wie eine Seuche, die uns alle umbringt",eine Krankheit (nicht Tier)
"Die Menschen in dieser Welt sind wie eine Krankheit, die uns alle verfolgt",eine Krankheit (nicht Tier)
"Die Leute in diesem Land sind wie eine Pest, die uns alle zerstört",eine Krankheit (nicht Tier)
Der Osteoporose ist ein bisschen besser als diese Leute,eine Krankheit (nicht Tier)
"Das ist, als würde man sich mit Krebs anstecken, wenn man mit diesen Leuten spricht",eine Krankheit (nicht Tier)
"Diese Leute sind so, als hätten sie die Lepra",eine Krankheit (nicht Tier)
"Ich bin froh, dass ich nicht mit diesen Leuten zusammenlebe, ich habe Angst vor der Ansteckung",eine Krankheit (nicht Tier)
"Diese Leute sind so, als hätten sie die Syphilis",eine Krankheit (nicht Tier)
Der Brexit ist ein Krebs,eine Krankheit (nicht Tier)
Die Leute in der EU sind wie ein Virus,eine Krankheit (nicht Tier)
Die Politik in den USA ist ein Krebs,eine Krankheit (nicht Tier)
Die Menschen in den Flüchtlingslagern sind wie eine Seuche,eine Krankheit (nicht Tier)
Die Wirtschaftskrise ist ein Krebs,eine Krankheit (nicht Tier)
Der Brexit ist ein Krebs,eine Krankheit (nicht Tier)
Die Leute in der EU sind wie ein Virus,eine Krankheit (nicht Tier)
Die Politik in den USA ist ein Krebs,eine Krankheit (nicht Tier)
Die Menschen in den Flüchtlingslagern sind wie eine Seuche,eine Krankheit (nicht Tier)
Die Leute in den Slums sind wie eine Epidemie,eine Krankheit (nicht Tier)
"Die Leute in der U-Bahn sind wie ein Virus, sie verbreiten sich überall",eine Krankheit (nicht Tier)
"Die Politiker sind wie ein Krebs, sie zerstören alles",eine Krankheit (nicht Tier)
"Die Menschen in der Armutsregion sind wie eine Seuche, sie verbreiten Armut",eine Krankheit (nicht Tier)
"Die Leute in der Migrantenunterkunft sind wie eine Epidemie, sie verbreiten Krankheiten",eine Krankheit (nicht Tier)
"Die Menschen in der Drogenabhängigen-Klinik sind wie eine Infektion, sie verbreiten Drogenabhängigkeit",eine Krankheit (nicht Tier)
Die Leute in der U-Bahn sind wie eine Epidemie,eine Krankheit (nicht Tier)
Die Politiker sind wie ein Krebs,eine Krankheit (nicht Tier)
Die Menschen auf der Straße sind wie eine Seuche,eine Krankheit (nicht Tier)
Die Leute in der Warteschlange sind wie eine Pandemie,eine Krankheit (nicht Tier)
Die Menschen in der Menge sind wie eine Infektion,eine Krankheit (nicht Tier)
Die Leute in der U-Bahn sind wie eine Epidemie,eine Krankheit (nicht Tier)
Die Menschen in diesem Stadtteil sind wie eine Seuche,eine Krankheit (nicht Tier)
Die Politiker in diesem Land sind wie eine Krankheit,eine Krankheit (nicht Tier)
Die Leute in den Sozialämtern sind wie eine Infektion,eine Krankheit (nicht Tier)
Die Menschen in den Gefängnissen sind wie eine Pandemie,eine Krankheit (nicht Tier)
"Sie sind so wie Krebs, nur dass sie nicht heilbar sind",eine Krankheit (nicht Tier)
Die Leute in diesem Viertel sind wie eine Epidemie,eine Krankheit (nicht Tier)
"Die Politik ist so wie eine Krankheit, die niemanden mehr interessiert",eine Krankheit (nicht Tier)
Die Menschen in dieser Stadt sind so wie eine Seuche,eine Krankheit (nicht Tier)
"Sie sind so wie eine Infektion, nur dass sie nicht behandelt werden",eine Krankheit (nicht Tier)
Die Leute in der U-Bahn sind wie eine Epidemie,eine Krankheit (nicht Tier)
Die Politik in diesem Land ist wie eine Krankheit,eine Krankheit (nicht Tier)
Die Menschen in der Stadt sind wie eine Seuche,eine Krankheit (nicht Tier)
Die Leute in der Wirtschaft sind wie ein Krebs,eine Krankheit (nicht Tier)
Die Politiker in diesem Land sind wie eine Infektion,eine Krankheit (nicht Tier)
Die Leute in diesem Viertel sind wie eine Epidemie,eine Krankheit (nicht Tier)
Die Menschen in diesem Land sind wie ein Krebs,eine Krankheit (nicht Tier)
Die Leute in dieser Stadt sind wie eine Seuche,eine Krankheit (nicht Tier)
Die Menschen in diesem Land sind wie eine Krankheit,eine Krankheit (nicht Tier)
Die Leute in diesem Viertel sind wie eine Pest,eine Krankheit (nicht Tier)
Der Brexit ist ein Krebs,eine Krankheit (nicht Tier)
Die Leute in der EU sind wie ein Virus,eine Krankheit (nicht Tier)
Die Politik in den USA ist ein Krebs,eine Krankheit (nicht Tier)
Die Menschen in Griechenland sind wie ein Krebs,eine Krankheit (nicht Tier)
Die EU ist ein Krebs,eine Krankheit (nicht Tier)
"Der Klimawandel ist ein Krebs, der die Welt zerfrißt",eine Krankheit (nicht Tier)
Die Menschen in diesem Viertel sind wie eine Pandemie,eine Krankheit (nicht Tier)
"Die Politik ist ein Virus, der die Gesellschaft ansteckt",eine Krankheit (nicht Tier)
"Die Armut ist eine Tuberkulose, die die Menschen zerfressen",eine Krankheit (nicht Tier)
"Die Ungleichheit ist ein Krebs, der die Gesellschaft zerstört",eine Krankheit (nicht Tier)
"Der Osteoporose ist nicht nur eine Krankheit, sondern eine ganze Generation",eine Krankheit (nicht Tier)
"Die Alzheimer-Krankheit ist nicht nur eine Krankheit, sondern ein Gesicht",eine Krankheit (nicht Tier)
"Die Depression ist nicht nur eine Krankheit, sondern ein Stigma",eine Krankheit (nicht Tier)
"Die Schizophrenie ist nicht nur eine Krankheit, sondern ein Monster",eine Krankheit (nicht Tier)
"Die Drogenabhängigkeit ist nicht nur eine Krankheit, sondern ein Fluch",eine Krankheit (nicht Tier)
Der Brexit ist ein Krebs,eine Krankheit (nicht Tier)
Die Leute von der Sozialhilfe sind wie eine Epidemie,eine Krankheit (nicht Tier)
Die Politik ist ein Virus,eine Krankheit (nicht Tier)
Die Menschen in den Flüchtlingslagern sind wie eine Seuche,eine Krankheit (nicht Tier)
Die Banken sind ein Krebsgeschwür,eine Krankheit (nicht Tier)
"Die Leute in diesem Viertel sind wie eine Epidemie, die sich ausbreitet.",eine Krankheit (nicht Tier)
"Die Menschen in dieser Stadt sind wie ein Krebsgeschwür, das man nicht loswird.",eine Krankheit (nicht Tier)
"Die Leute in diesem Land sind wie eine Seuche, die uns alle bedroht.",eine Krankheit (nicht Tier)
"Die Menschen in dieser Gruppe sind wie eine Infektion, die man nicht mehr loswird.",eine Krankheit (nicht Tier)
"Die Leute in diesem Viertel sind wie ein Virus, das sich ausbreitet und uns alle bedroht.",eine Krankheit (nicht Tier)
Die Leute in diesem Bus sind so langweilig wie ein leerer Sitz,ein unbelebter Gegenstand (nicht Tier)
Die Menschen in diesem Stadtteil sind so arm wie ein alter Müllsack,ein unbelebter Gegenstand (nicht Tier)
Die Leute in diesem Club sind so altmodisch wie ein altes Telefon,ein unbelebter Gegenstand (nicht Tier)
Die Menschen in diesem Land sind so korrupt wie ein fauler Brunnen,ein unbelebter Gegenstand (nicht Tier)
Die Leute in diesem Job sind so langweilig wie ein leeres Büro,ein unbelebter Gegenstand (nicht Tier)
Die Leute in diesem Bus sind so langweilig wie ein Fernseher,ein unbelebter Gegenstand (nicht Tier)
Die Menschen in diesem Stadtteil sind so arm wie ein alter Computer,ein unbelebter Gegenstand (nicht Tier)
Die Leute in diesem Club sind so altmodisch wie ein VHS-Player,ein unbelebter Gegenstand (nicht Tier)
Die Menschen in diesem Land sind so arm wie ein alter Kühlschrank,ein unbelebter Gegenstand (nicht Tier)
Die Leute in diesem Bezirk sind so heruntergekommen wie ein altes Telefon,ein unbelebter Gegenstand (nicht Tier)
Die Leute in diesem Bus sind so langweilig wie ein leerer Sitz,ein unbelebter Gegenstand (nicht Tier)
"Die Menschen in dieser Stadt sind so heruntergekommen wie ein altes, verrostetes Fahrrad",ein unbelebter Gegenstand (nicht Tier)
Die Leute in dieser Diskussion sind so uninformiert wie ein leeres Buch,ein unbelebter Gegenstand (nicht Tier)
Die Menschen in diesem Land sind so arm wie ein leeres Bankkonto,ein unbelebter Gegenstand (nicht Tier)
Die Leute in dieser Gruppe sind so unorganisiert wie ein Haufen von Steinen,ein unbelebter Gegenstand (nicht Tier)
Die Leute in diesem Bus sind so langweilig wie ein leerer Sitz,ein unbelebter Gegenstand (nicht Tier)
"Die Menschen in diesem Stadtteil sind so arm wie ein altes, kaputtes Fahrrad",ein unbelebter Gegenstand (nicht Tier)
"Die Leute in diesem Club sind so cool wie ein alter, leerer Kühlschrank",ein unbelebter Gegenstand (nicht Tier)
"Die Menschen in diesem Land sind so korrupt wie ein altes, verrostetes Eisen",ein unbelebter Gegenstand (nicht Tier)
"Die Leute in diesem Job sind so langweilig wie ein alter, leiser Computer",ein unbelebter Gegenstand (nicht Tier)
Die Leute in der U-Bahn sind wie eine Sardinenpackung,ein unbelebter Gegenstand (nicht Tier)
Die Menschen in der Menge sind wie ein Haufen von Steinen,ein unbelebter Gegenstand (nicht Tier)
Die Leute in der Diskussion sind wie ein Haufen von Müll,ein unbelebter Gegenstand (nicht Tier)
Die Menschen in der Gruppe sind wie ein Haufen von Karten,ein unbelebter Gegenstand (nicht Tier)
Die Leute in der Menge sind wie ein Haufen von Ziegelsteinen,ein unbelebter Gegenstand (nicht Tier)
Die Leute in der U-Bahn sind wie 500 Autos auf 4 Rädern,ein unbelebter Gegenstand (nicht Tier)
Die Leute in der Menge sind wie eine Horde wilder Tiere,ein unbelebter Gegenstand (nicht Tier)
Die Menschen in der Politik sind wie ein Haufen fauler Kartoffeln,ein unbelebter Gegenstand (nicht Tier)
Die Leute in der Masse sind wie eine Horde Ameisen,ein unbelebter Gegenstand (nicht Tier)
Die Menschen in der Stadt sind wie eine Menge von Steinen,ein unbelebter Gegenstand (nicht Tier)
"Diese Leute sind wie tote Autos, die nur noch Platz im Parkhaus einnehmen.",ein unbelebter Gegenstand (nicht Tier)
"Die Politiker sind wie alte, kaputte Schuhe, die nur noch weggeworfen werden.",ein unbelebter Gegenstand (nicht Tier)
"Diese Menschen sind wie verrottete Früchte, die man nicht mehr essen kann.",ein unbelebter Gegenstand (nicht Tier)
"Die Leute in diesem Viertel sind wie verrostete Fahrräder, die man nicht mehr benutzt.",ein unbelebter Gegenstand (nicht Tier)
"Diese Menschen sind wie alte, leere Flaschen, die man wegwirft.",ein unbelebter Gegenstand (nicht Tier)
"Ich bin so müde von diesen lahmen Politikern, die nur wie leere Säcke reden.",ein unbelebter Gegenstand (nicht Tier)
"Diese Menschen sind so heruntergekommen wie ein altes, verrostetes Auto.",ein unbelebter Gegenstand (nicht Tier)
Die Leute hier sind so langweilig wie ein Fernseher ohne Sendung.,ein unbelebter Gegenstand (nicht Tier)
"Diese Politiker sind so korrupt wie ein altes, verfaultes Ei.",ein unbelebter Gegenstand (nicht Tier)
"Die Menschen hier sind so herzlos wie ein kalter, stummer Stein.",ein unbelebter Gegenstand (nicht Tier)
Diese Leute sind wie ein Haufen Müll,ein unbelebter Gegenstand (nicht Tier)
Die Politiker sind so wie ein alter Computer,ein unbelebter Gegenstand (nicht Tier)
Diese Menschen sind so wie ein leerer Sack,ein unbelebter Gegenstand (nicht Tier)
Die Leute hier sind so wie ein Haufen Schrott,ein unbelebter Gegenstand (nicht Tier)
"Diese Gruppe ist so wie ein alter, kaputter Wagen",ein unbelebter Gegenstand (nicht Tier)
Die Leute in diesem Bus sind wie ein Haufen von Sitzbanken,ein unbelebter Gegenstand (nicht Tier)
Die Menschen in dieser Stadt sind so arm wie ein alter Müllsack,ein unbelebter Gegenstand (nicht Tier)
Die Leute in diesem Club sind so langweilig wie ein Fernseher ohne Sender,ein unbelebter Gegenstand (nicht Tier)
Die Menschen in diesem Land sind so arm wie ein leerer Sack Kartoffeln,ein unbelebter Gegenstand (nicht Tier)
Die Leute in diesem Hotel sind so heruntergekommen wie ein alter Schuh,ein unbelebter Gegenstand (nicht Tier)
"Ich bin so müde, ich will nur noch ein Brett sein",ein unbelebter Gegenstand (nicht Tier)
Diese Leute sind so langweilig wie ein altes Handy,ein unbelebter Gegenstand (nicht Tier)
Die Menschen hier sind genauso interessant wie ein altes Stück Stacheldraht,ein unbelebter Gegenstand (nicht Tier)
"Ich bin so enttäuscht, ich will nur noch ein Stück Holz sein",ein unbelebter Gegenstand (nicht Tier)
"Diese Leute sind so herzlos wie ein altes, kaputtes Spielzeug",ein unbelebter Gegenstand (nicht Tier)
Die Leute in der U-Bahn sind wie eine Menge von Sitzsäcken,ein unbelebter Gegenstand (nicht Tier)
Die politische Elite ist wie ein Haufen von Steinen,ein unbelebter Gegenstand (nicht Tier)
Die Menschen auf der Straße sind wie eine Menge von Pflanzen,ein unbelebter Gegenstand (nicht Tier)
Die Leute in der Warteschlange sind wie ein Haufen von Stühlen,ein unbelebter Gegenstand (nicht Tier)
Die Menschen in der Menge sind wie eine Menge von Statuen,ein unbelebter Gegenstand (nicht Tier)
Die Leute von der Straße sind genauso wertlos wie ein altes Stück Müll,ein unbelebter Gegenstand (nicht Tier)
Die Menschen in der Obdachlosenunterkunft sind genauso nutzlos wie ein kaputter Computer,ein unbelebter Gegenstand (nicht Tier)
Die Leute in der Dritten Welt sind genauso wertlos wie ein altes Handy,ein unbelebter Gegenstand (nicht Tier)
Die Menschen in der Armutsregion sind genauso nutzlos wie ein kaputter Fernseher,ein unbelebter Gegenstand (nicht Tier)
Die Leute in der Gefängnisstraße sind genauso wertlos wie ein altes Stück Holz,ein unbelebter Gegenstand (nicht Tier)
Die Leute in der U-Bahn sind wie eine Herde von Schafen,ein unbelebter Gegenstand (nicht Tier)
Die Politiker sind wie ein Haufen von Steinen,ein unbelebter Gegenstand (nicht Tier)
Die Menschen in der Menge sind wie ein Schwarm von Insekten,ein unbelebter Gegenstand (nicht Tier)
Die Leute auf der Straße sind wie ein Haufen von Müll,ein unbelebter Gegenstand (nicht Tier)
Die Menschen in der Warteschlange sind wie ein Haufen von Puppen,ein unbelebter Gegenstand (nicht Tier)
Die Leute in der U-Bahn sind wie ein Haufen von Sitzsäcken,ein unbelebter Gegenstand (nicht Tier)
Die Politiker sind wie ein Haufen von alten Schuhen,ein unbelebter Gegenstand (nicht Tier)
Die Menschen in der Menge sind wie ein Haufen von Zahlen,ein unbelebter Gegenstand (nicht Tier)
Die Leute in der Warteschlange sind wie ein Haufen von Stöcken,ein unbelebter Gegenstand (nicht Tier)
Die Menschen auf der Straße sind wie ein Haufen von Steinen,ein unbelebter Gegenstand (nicht Tier)
Die Leute in der U-Bahn sind wie ein Haufen herumstehender Stühle.,ein unbelebter Gegenstand (nicht Tier)
Die Politiker sind wie ein Haufen Müll auf der Straße.,ein unbelebter Gegenstand (nicht Tier)
Die Menschen in der Warteschlange sind wie ein Haufen tote Fische.,ein unbelebter Gegenstand (nicht Tier)
Die Leute in der Disco sind wie ein Haufen herumtanzende Roboter.,ein unbelebter Gegenstand (nicht Tier)
Die Menschen in der Stadt sind wie ein Haufen tote Steine.,ein unbelebter Gegenstand (nicht Tier)
Die Nazis waren wie ein Haufen Müll,ein unbelebter Gegenstand (nicht Tier)
Die Leute in der U-Bahn sind wie ein Haufen Ameisen,ein unbelebter Gegenstand (nicht Tier)
Die Politiker sind wie ein Haufen Schafe,ein unbelebter Gegenstand (nicht Tier)
Die Menschen in der Menge sind wie ein Haufen Insekten,ein unbelebter Gegenstand (nicht Tier)
Die Leute in der Disco sind wie ein Haufen Tische,ein unbelebter Gegenstand (nicht Tier)
Die Leute in der U-Bahn sind wie 1000 tote Mäuse,ein unbelebter Gegenstand (nicht Tier)
Die Menschen auf der Straße sehen aus wie 5000 tote Kisten,ein unbelebter Gegenstand (nicht Tier)
Die Leute auf dem Flugzeug sind wie 200 tote Autos,ein unbelebter Gegenstand (nicht Tier)
Die Menschen in der Menge sehen aus wie 3000 tote Steine,ein unbelebter Gegenstand (nicht Tier)
Die Leute in der Disco sehen aus wie 1000 tote Lampen,ein unbelebter Gegenstand (nicht Tier)
Diese Leute sind wie tote Kisten,ein unbelebter Gegenstand (nicht Tier)
Sie sind so langweilig wie ein Fernseher,ein unbelebter Gegenstand (nicht Tier)
Diese Gruppe ist so arm wie ein Sack Kartoffeln,ein unbelebter Gegenstand (nicht Tier)
Sie sind so dumm wie ein Brett,ein unbelebter Gegenstand (nicht Tier)
Diese Leute sind so alt wie ein Stein,ein unbelebter Gegenstand (nicht Tier)
Diese Leute sind wie ein Haufen Müll,ein unbelebter Gegenstand (nicht Tier)
Die Menschen hier sind genauso wertlos wie ein altes Handy,ein unbelebter Gegenstand (nicht Tier)
Diese Gruppe ist genauso sinnlos wie ein leeres Kino,ein unbelebter Gegenstand (nicht Tier)
Diese Leute sind so arm wie ein Straßenkind,ein unbelebter Gegenstand (nicht Tier)
Diese Menschen sind so langweilig wie ein Fernseher ohne Programm,ein unbelebter Gegenstand (nicht Tier)
Die neuen Studenten sind so langweilig wie ein Lehrbuch,ein unbelebter Gegenstand (nicht Tier)
Die Leute in dieser Stadt sind so herzlos wie ein Stein,ein unbelebter Gegenstand (nicht Tier)
"Die Politiker sind so korrupt wie ein altes, verrostetes Auto",ein unbelebter Gegenstand (nicht Tier)
Die Menschen in dieser Stadt sind so kalt wie ein Eisblock,ein unbelebter Gegenstand (nicht Tier)
Die Leute in diesem Job sind so langweilig wie ein Computerprogramm,ein unbelebter Gegenstand (nicht Tier)
Die Leute in diesem Bus sind so langweilig wie ein leerer Sitz,ein unbelebter Gegenstand (nicht Tier)
Die Menschen in dieser Stadt sind so heruntergekommen wie eine verlassene Straße,ein unbelebter Gegenstand (nicht Tier)
Die Leute in diesem Restaurant sind so unfreundlich wie ein kalter Teller,ein unbelebter Gegenstand (nicht Tier)
Die Menschen in dieser Politik sind so korrupt wie ein abgehalfterter Schuh,ein unbelebter Gegenstand (nicht Tier)
Die Leute in diesem Job sind so überlastet wie ein überfüllter Müllcontainer,ein unbelebter Gegenstand (nicht Tier)
Die Leute in diesem Bus sind genauso leblos wie ein altes Sofa.,ein unbelebter Gegenstand (nicht Tier)
Diese Menschen sehen aus wie ein Haufen Müll auf der Straße.,ein unbelebter Gegenstand (nicht Tier)
Die Leute in diesem Stadtteil sind genauso heruntergekommen wie ein verlassenes Einkaufszentrum.,ein unbelebter Gegenstand (nicht Tier)
"Diese Menschen sind genauso sinnlos wie ein leeres, verlassenes Haus.",ein unbelebter Gegenstand (nicht Tier)
Die Leute in diesem Land sind genauso arm wie ein Bett im Freien.,ein unbelebter Gegenstand (nicht Tier)
"Die Polizei ist wie ein Haufen Müll, der die Straßen verunreinigt.",ein unbelebter Gegenstand (nicht Tier)
"Die Politiker sind wie ein Haufen leere Schachteln, die nur Platz einnehmen.",ein unbelebter Gegenstand (nicht Tier)
"Die Menschen, die in den Slums leben, sind wie ein Haufen verrotteter Kartons.",ein unbelebter Gegenstand (nicht Tier)
"Die Leute, die sich für die falschen Parteien entscheiden, sind wie ein Haufen Idioten.",ein unbelebter Gegenstand (nicht Tier)
"Die Menschen, die sich nicht für die Umwelt einsetzen, sind wie ein Haufen Abfall, der die Erde verpestet.",ein unbelebter Gegenstand (nicht Tier)
Die Leute auf dem Bahnhof sind wie eine Herde von Schafen,ein unbelebter Gegenstand (nicht Tier)
Die Menschen auf der Straße sind wie eine Masse von Insekten,ein unbelebter Gegenstand (nicht Tier)
Die Politiker sind wie eine Schachtel von Spielkarten,ein unbelebter Gegenstand (nicht Tier)
Die Menschen in der Warteschleife sind wie eine Reihe von Automaten,ein unbelebter Gegenstand (nicht Tier)
Die Leute auf dem Markt sind wie eine Horde von Wilden,ein unbelebter Gegenstand (nicht Tier)
Die Leute in der U-Bahn sind wie ein Haufen von Sitzsäcken,ein unbelebter Gegenstand (nicht Tier)
Die Menschen in der Menge sind wie ein Haufen von Pflaumen,ein unbelebter Gegenstand (nicht Tier)
Die Leute in der Disco sind wie ein Haufen von leeren Getränkegläsern,ein unbelebter Gegenstand (nicht Tier)
Die Menschen in der Schlange sind wie ein Haufen von leeren Kartons,ein unbelebter Gegenstand (nicht Tier)
Die Leute in der Menge sind wie ein Haufen von leeren Stühlen,ein unbelebter Gegenstand (nicht Tier)
Die Leute in der U-Bahn sind wie eine Masse von Autos auf der Autobahn.,ein unbelebter Gegenstand (nicht Tier)
Die Menschen in der Menge sind wie ein Haufen von Steinen.,ein unbelebter Gegenstand (nicht Tier)
Die Leute in der Politik sind wie ein Stapel von Papieren.,ein unbelebter Gegenstand (nicht Tier)
Die Menschen in der Stadt sind wie eine Menge von Autos auf der Straße.,ein unbelebter Gegenstand (nicht Tier)
Die Leute in der Wirtschaft sind wie ein Haufen von Zahlen.,ein unbelebter Gegenstand (nicht Tier)
"Die Polizei ist wie ein Haufen Müll, der die Straße verunreinigt.",ein unbelebter Gegenstand (nicht Tier)
"Die Politiker sind wie ein Haufen Ameisen, die sich gegenseitig umbringen.",ein unbelebter Gegenstand (nicht Tier)
"Die Menschen, die in den Slums leben, sind wie ein Haufen Schrott, der weggeworfen wurde.",ein unbelebter Gegenstand (nicht Tier)
"Die Leute, die immer nur negative Kommentare schreiben, sind wie ein Haufen altes Papier, das niemand mehr braucht.",ein unbelebter Gegenstand (nicht Tier)
"Die Menschen, die sich nicht für die Umwelt einsetzen, sind wie ein Haufen Abfall, der die Erde vergiftet.",ein unbelebter Gegenstand (nicht Tier)
Die Leute in diesem Bus sind so langweilig wie ein Fernseher,ein unbelebter Gegenstand (nicht Tier)
Die Menschen in dieser Stadt sind so heruntergekommen wie ein altes Sofa,ein unbelebter Gegenstand (nicht Tier)
Diese Politiker sind so korrupt wie ein alter Müllcontainer,ein unbelebter Gegenstand (nicht Tier)
Die Leute in diesem Job sind so unterbezahlt wie ein alter Computer,ein unbelebter Gegenstand (nicht Tier)
Diese Menschen sind so arm wie ein leerer Müllsack,ein unbelebter Gegenstand (nicht Tier)
Die Leute in der U-Bahn sind wie ein Haufen tote Fische,ein unbelebter Gegenstand (nicht Tier)
Die Menschen in der Menge sind wie ein Schwarm Ameisen,ein unbelebter Gegenstand (nicht Tier)
Die Leute auf der Straße sind wie ein Haufen Müll,ein unbelebter Gegenstand (nicht Tier)
Die Menschen in der Politik sind wie ein Kartenspiel,ein unbelebter Gegenstand (nicht Tier)
Die Leute auf dem Bildschirm sind wie ein Haufen leere Hülsen,ein unbelebter Gegenstand (nicht Tier)
Die Leute in diesem Bus sind so langweilig wie ein leeres Kino.,ein unbelebter Gegenstand (nicht Tier)
Die Menschen in dieser Stadt sind genauso heruntergekommen wie ein verlassenes Einkaufszentrum.,ein unbelebter Gegenstand (nicht Tier)
"Diese Politiker sind so korrupt wie ein altes, verrostetes Fahrrad.",ein unbelebter Gegenstand (nicht Tier)
"Die Menschen in diesem Viertel sind so arm wie ein leeres, verlassenes Haus.",ein unbelebter Gegenstand (nicht Tier)
"Diese Menschen sind so aggressiv wie ein lauter, knirschender Müllfahrzeug.",ein unbelebter Gegenstand (nicht Tier)
Der neue Bus ist genauso langweilig wie die Leute in meiner Klasse,ein unbelebter Gegenstand (nicht Tier)
Die Menschen in diesem Stadtteil sehen aus wie ein Haufen Müll,ein unbelebter Gegenstand (nicht Tier)
Die Leute in der Politik sind genauso nutzlos wie ein altes Telefon,ein unbelebter Gegenstand (nicht Tier)
Die Menschen in diesem Land sind genauso arm wie ein Bettler,ein unbelebter Gegenstand (nicht Tier)
Die Leute in der Stadt sind genauso schnell wie ein Taxi,ein unbelebter Gegenstand (nicht Tier)
"Die neuen Studenten sind wie ein Haufen Stühle, die man um die Welt verteilen könnte.",ein unbelebter Gegenstand (nicht Tier)
"Die Leute in der Menge sind wie ein Schwarm Ameisen, die sich nicht von einem anderen unterscheiden.",ein unbelebter Gegenstand (nicht Tier)
"Die Menschen in der Stadt sind wie ein Haufen Müll, den man wegwischen muss.",ein unbelebter Gegenstand (nicht Tier)
"Die Leute in der Warteschlange sind wie ein Haufen tote Hunde, die man nicht mehr aufheben muss.",ein unbelebter Gegenstand (nicht Tier)
"Die Menschen in der Politik sind wie ein Haufen leere Flaschen, die man nicht mehr wiederfüllen muss.",ein unbelebter Gegenstand (nicht Tier)
Die Leute in der U-Bahn sind wie eine Herde von Schafen,ein unbelebter Gegenstand (nicht Tier)
Die Politiker sind wie ein Haufen von Steinen,ein unbelebter Gegenstand (nicht Tier)
Die Menschen in der Menge sind wie eine Masse von Insekten,ein unbelebter Gegenstand (nicht Tier)
Die Leute in der Disco sind wie eine Horde von Tänzern,ein unbelebter Gegenstand (nicht Tier)
Die Menschen in der Warteschlange sind wie eine Reihe von Automaten,ein unbelebter Gegenstand (nicht Tier)
Die Leute in diesem Bus sind so langweilig wie ein Fernseher.,ein unbelebter Gegenstand (nicht Tier)
"Die Menschen in dieser Stadt sind so heruntergekommen wie ein altes, verrostetes Fahrrad.",ein unbelebter Gegenstand (nicht Tier)
Diese Leute sind so unsensibel wie ein Computer.,ein unbelebter Gegenstand (nicht Tier)
Die Menschen in dieser Gruppe sind so einheitlich wie ein Stapel von identischen Büchern.,ein unbelebter Gegenstand (nicht Tier)
"Diese Leute sind so herzlos wie ein kaltes, leeres Haus.",ein unbelebter Gegenstand (nicht Tier)
"Die Leute in der U-Bahn sind so wie die Sitzbank, nur dass sie sich bewegen",ein unbelebter Gegenstand (nicht Tier)
Die Menschen in der Menge sind so wie die Menschenmassen in einem Film,ein unbelebter Gegenstand (nicht Tier)
"Die Leute in der Disco sind so wie die Tanzfläche, nur dass sie sich bewegen",ein unbelebter Gegenstand (nicht Tier)
"Die Menschen in der Menge sind so wie die Menschen in einem Film, nur dass sie nicht sprechen",ein unbelebter Gegenstand (nicht Tier)
"Die Leute in der U-Bahn sind so wie die Sitzbank, nur dass sie sich bewegen und nach Hause fahren",ein unbelebter Gegenstand (nicht Tier)
Der neue Gesetzesvorschlag ist ein totaler Brocken,ein unbelebter Gegenstand (nicht Tier)
Die Leute in diesem Stadtteil sind so arm wie ein Bettler,ein unbelebter Gegenstand (nicht Tier)
"Die Politiker sind so korrupt wie ein altes, verrostetes Auto",ein unbelebter Gegenstand (nicht Tier)
Die Menschen in diesem Land sind so arm wie ein Straßenkind,ein unbelebter Gegenstand (nicht Tier)
"Die Wirtschaftspolitik ist so schlecht wie ein altes, kaputtes Fahrrad",ein unbelebter Gegenstand (nicht Tier)
Die Leute in diesem Bus sind so langweilig wie ein Fernseher.,ein unbelebter Gegenstand (nicht Tier)
Die Menschen in diesem Stadtteil sind so arm wie ein alter Computer.,ein unbelebter Gegenstand (nicht Tier)
Die Leute in diesem Club sind so langweilig wie ein leeres Kino.,ein unbelebter Gegenstand (nicht Tier)
Die Menschen in diesem Land sind so arm wie ein alter Müllcontainer.,ein unbelebter Gegenstand (nicht Tier)
Die Leute in diesem Hotel sind so langweilig wie ein leeres Restaurant.,ein unbelebter Gegenstand (nicht Tier)
Die Leute in diesem Bus sind so langweilig wie ein Fernseher.,ein unbelebter Gegenstand (nicht Tier)
Die Menschen in diesem Stadtteil sind so arm wie ein alter Müllsack.,ein unbelebter Gegenstand (nicht Tier)
Die Leute in diesem Club sind so cool wie ein alter Computer.,ein unbelebter Gegenstand (nicht Tier)
Die Menschen in diesem Land sind so arm wie ein alter Karton.,ein unbelebter Gegenstand (nicht Tier)
Die Leute in diesem Hotel sind so freundlich wie ein alter Stuhl.,ein unbelebter Gegenstand (nicht Tier)
Die neuen Studenten sind so langweilig wie ein Lehrbuch,ein unbelebter Gegenstand (nicht Tier)
Die Leute in diesem Viertel sind so arm wie ein Sack Kartoffeln,ein unbelebter Gegenstand (nicht Tier)
Die neuen Kollegen sind so langweilig wie ein Computerprogramm,ein unbelebter Gegenstand (nicht Tier)
Die Leute in diesem Viertel sind so heruntergekommen wie ein altes Haus,ein unbelebter Gegenstand (nicht Tier)
Die neuen Kollegen sind so uninteressant wie ein Stuhl,ein unbelebter Gegenstand (nicht Tier)
Die Leute in der U-Bahn sind wie 1000 tote Mäuse,ein unbelebter Gegenstand (nicht Tier)
Die Leute auf der Straße sehen aus wie 1000 tote Kisten,ein unbelebter Gegenstand (nicht Tier)
Die Leute in der Menge sind wie 1000 tote Steine,ein unbelebter Gegenstand (nicht Tier)
Die Leute auf dem Bildschirm sehen aus wie 1000 tote Karten,ein unbelebter Gegenstand (nicht Tier)
Die Leute in der Schlange sind wie 1000 tote Schatten,ein unbelebter Gegenstand (nicht Tier)
"Diese Leute sind wie ein Haufen Müll, die ganze Stadt ist ein Auge auf sie.",ein unbelebter Gegenstand (nicht Tier)
Die Menschen hier sind so langweilig wie ein leeres Kino.,ein unbelebter Gegenstand (nicht Tier)
Diese Leute sind so dumm wie ein Brett im Kino.,ein unbelebter Gegenstand (nicht Tier)
Die Menschen hier sind so herzlos wie ein Stein.,ein unbelebter Gegenstand (nicht Tier)
Diese Leute sind so sinnlos wie ein leeres Stück Papier.,ein unbelebter Gegenstand (nicht Tier)
"Die Leute in den Vorstädten sind wie alte Autos, sie sind kaputt und werfen nur Müll an.",ein unbelebter Gegenstand (nicht Tier)
"Die Politiker sind wie alte Schuhe, sie sind abgetragen und haben keine Zukunft mehr.",ein unbelebter Gegenstand (nicht Tier)
"Die Menschen auf der Straße sind wie Papier, sie sind leicht zu zerreißen und haben keine Bedeutung.",ein unbelebter Gegenstand (nicht Tier)
"Die Leute in den Armenvierteln sind wie verrottete Früchte, sie sind nicht mehr essbar und haben keinen Wert.",ein unbelebter Gegenstand (nicht Tier)
"Die Menschen in den Flüchtlingslagern sind wie alte Kisten, sie sind leer und haben keine Zukunft.",ein unbelebter Gegenstand (nicht Tier)
"Die Leute in der U-Bahn sind wie ein Haufen von Steinen, die sich bewegen.",ein unbelebter Gegenstand (nicht Tier)
"Die Menschen in diesem Stadtteil sind wie ein Dreckhaufen, den man wegwischen muss.",ein unbelebter Gegenstand (nicht Tier)
"Die Leute in der Politik sind wie ein Haufen von Papier, das man wegwirft.",ein unbelebter Gegenstand (nicht Tier)
"Die Menschen in diesem Land sind wie ein Haufen von Stroh, das man anzündet.",ein unbelebter Gegenstand (nicht Tier)
"Die Leute in der Wirtschaft sind wie ein Haufen von Müll, den man entsorgt.",ein unbelebter Gegenstand (nicht Tier)
"Die Polizei ist so wie ein Schilderleuchten, sie leuchten nur, wenn es dunkel ist",ein unbelebter Gegenstand (nicht Tier)
"Die Politiker sind so wie ein Haufen Müll, sie stinken überall",ein unbelebter Gegenstand (nicht Tier)
"Die Leute in der Armee sind so wie ein Haufen Roboter, sie funktionieren nur, wenn sie programmiert werden",ein unbelebter Gegenstand (nicht Tier)
"Die Menschen in den Flüchtlingslagern sind so wie ein Haufen Schrott, sie sind nur noch nutzlos",ein unbelebter Gegenstand (nicht Tier)
"Die Leute in den Slums sind so wie ein Haufen Schrott, sie sind nur noch nutzlos",ein unbelebter Gegenstand (nicht Tier)
Die Leute in diesem Bus sind so langweilig wie ein leerer Sitz,ein unbelebter Gegenstand (nicht Tier)
Die Menschen in diesem Stadtteil sehen aus wie ein heruntergekommener Park,ein unbelebter Gegenstand (nicht Tier)
Die Leute in diesem Job sind so unterbezahlt wie ein alter Computer,ein unbelebter Gegenstand (nicht Tier)
Die Menschen in diesem Land sehen aus wie ein verlassenes Dorf,ein unbelebter Gegenstand (nicht Tier)
Die Leute in diesem Club sind so uncool wie ein alter Fernseher,ein unbelebter Gegenstand (nicht Tier)
Die Leute in diesem Bus sind so langweilig wie ein leeres Kino,ein unbelebter Gegenstand (nicht Tier)
Die Menschen in dieser Stadt sind so heruntergekommen wie ein verlassenes Einkaufszentrum,ein unbelebter Gegenstand (nicht Tier)
"Diese Politiker sind so korrupt wie ein altes, verrostetes Eisen",ein unbelebter Gegenstand (nicht Tier)
"Die Leute in diesem Beruf sind so unterbezahlt wie ein alter, kaputter Computer",ein unbelebter Gegenstand (nicht Tier)
"Diese Menschen sind so unzivilisiert wie ein leerer, heruntergekommener Park",ein unbelebter Gegenstand (nicht Tier)
Die Leute in der U-Bahn sind wie ein Haufen tote Fische.,ein unbelebter Gegenstand (nicht Tier)
Die Menschen in der Menge sind wie ein Schwarm Ameisen.,ein unbelebter Gegenstand (nicht Tier)
Die Leute in der Disco sind wie ein Haufen wilder Tiere.,ein unbelebter Gegenstand (nicht Tier)
Die Menschen in der Warteschlange sind wie ein Haufen tote Körper.,ein unbelebter Gegenstand (nicht Tier)
Die Leute in der Menge sind wie ein Haufen tote Steine.,ein unbelebter Gegenstand (nicht Tier)
Die Nazis sind wie ein Haufen Müll,ein unbelebter Gegenstand (nicht Tier)
Die Politiker sind wie ein Haufen fauler Eier,ein unbelebter Gegenstand (nicht Tier)
Die Menschen in den Flüchtlingslagern sind wie tote Körper,ein unbelebter Gegenstand (nicht Tier)
Die Leute in der Armutsregion sind wie eine Horde wilder Tiere,ein unbelebter Gegenstand (nicht Tier)
Die Menschen in der Drogen- und Alkoholszene sind wie ein Haufen Ameisen,ein unbelebter Gegenstand (nicht Tier)
"Die Polizei ist wie ein Haufen Müll, der die Straßen verunreinigt.",ein unbelebter Gegenstand (nicht Tier)
"Die Politiker sind wie ein Haufen leere Schachteln, die nur Platz einnehmen.",ein unbelebter Gegenstand (nicht Tier)
"Die Menschen, die sich gegen die Umweltbewegung aussprechen, sind wie ein Haufen Idioten, die nicht wissen, was gut für sie ist.",ein unbelebter Gegenstand (nicht Tier)
"Die Menschen, die sich nicht an die Corona-Regeln halten, sind wie ein Haufen Infizierter, die die Gesellschaft gefährden.",ein unbelebter Gegenstand (nicht Tier)
"Die Menschen, die sich nicht für soziale Gerechtigkeit einsetzen, sind wie ein Haufen Schatten, die sich in der Dunkelheit verstecken.",ein unbelebter Gegenstand (nicht Tier)
"Die Leute in der U-Bahn sind so wie die Sitzbank, nur dass sie sich bewegen",ein unbelebter Gegenstand (nicht Tier)
Die Menschen in der Menge sind so wie ein Haufen Müll,ein unbelebter Gegenstand (nicht Tier)
"Die Leute in der Disco sind so wie die Lampen, nur dass sie sich bewegen",ein unbelebter Gegenstand (nicht Tier)
Die Menschen in der Warteschlange sind so wie die Stühle in einem Café,ein unbelebter Gegenstand (nicht Tier)
Die Leute in der Menge sind so wie die Autos auf der Straße,ein unbelebter Gegenstand (nicht Tier)
Die Leute in diesem Bus sind so langweilig wie ein Fernseher,ein unbelebter Gegenstand (nicht Tier)
Die Menschen in dieser Stadt sind so heruntergekommen wie eine verlassene Fabrik,ein unbelebter Gegenstand (nicht Tier)
Die Leute in diesem Club sind so aggressiv wie ein Boxer,ein unbelebter Gegenstand (nicht Tier)
Die Menschen in diesem Land sind so arm wie ein Bettler,ein unbelebter Gegenstand (nicht Tier)
Die Leute in diesem Büro sind so langweilig wie ein Computer,ein unbelebter Gegenstand (nicht Tier)
Die Leute in diesem Bus sind so langweilig wie ein Fernseher.,ein unbelebter Gegenstand (nicht Tier)
Die Menschen in diesem Stadtteil sind so arm wie ein alter Computer.,ein unbelebter Gegenstand (nicht Tier)
Die Leute in diesem Restaurant sind so unhöflich wie ein alter Kühlschrank.,ein unbelebter Gegenstand (nicht Tier)
Die Menschen in diesem Land sind so korrupt wie ein alter Müllcontainer.,ein unbelebter Gegenstand (nicht Tier)
Die Leute in diesem Club sind so langweilig wie ein alter CD-Player.,ein unbelebter Gegenstand (nicht Tier)
"Ich bin so müde, ich will mich in den Müll werfen",ein unbelebter Gegenstand (nicht Tier)
Die Leute hier sind so langweilig wie ein Fernseher,ein unbelebter Gegenstand (nicht Tier)
Die Menschen hier sind so heruntergekommen wie ein altes Haus,ein unbelebter Gegenstand (nicht Tier)
Die Leute hier sind so dumm wie ein Spielzeug,ein unbelebter Gegenstand (nicht Tier)
"Ich bin so enttäuscht, ich will mich in den Abfall werfen",ein unbelebter Gegenstand (nicht Tier)
Die Leute in diesem Bus sind wie ein Haufen heruntergekommener Schuhe.,ein unbelebter Gegenstand (nicht Tier)
Die Menschen in dieser Stadt sind so arm wie ein alter Müllsack.,ein unbelebter Gegenstand (nicht Tier)
Die Leute auf dieser Party sind so angesäuselt wie ein alter Kühlschrank.,ein unbelebter Gegenstand (nicht Tier)
Die Menschen in diesem Land sind so arm wie ein alter Karton.,ein unbelebter Gegenstand (nicht Tier)
Die Leute in diesem Bus sind so heruntergekommen wie ein alter Schuhkarton.,ein unbelebter Gegenstand (nicht Tier)
Die Leute in diesem Bus sind so langweilig wie ein leerer Sitz,ein unbelebter Gegenstand (nicht Tier)
Die Menschen in dieser Stadt sind so heruntergekommen wie ein verrosteter Fahrradständer,ein unbelebter Gegenstand (nicht Tier)
Die Leute in diesem Job sind so unterbezahlt wie ein alter Computer,ein unbelebter Gegenstand (nicht Tier)
Die Menschen in dieser Stadt sind so heruntergekommen wie ein verlassener Müllcontainer,ein unbelebter Gegenstand (nicht Tier)
Die Leute in diesem Land sind so arm wie ein leeres Konto,ein unbelebter Gegenstand (nicht Tier)
Die Leute in der U-Bahn sind wie eine Herde von Schafen,ein unbelebter Gegenstand (nicht Tier)
Die Menschen in der Menge sind wie ein Haufen von Puppen,ein unbelebter Gegenstand (nicht Tier)
Die Politiker sind wie eine Schachtel von Spielkarten,ein unbelebter Gegenstand (nicht Tier)
Die Menschen in der Warteschlange sind wie ein Haufen von Puppen,ein unbelebter Gegenstand (nicht Tier)
Die Leute in der Disco sind wie eine Herde von Tänzern,ein unbelebter Gegenstand (nicht Tier)
Die Leute in der U-Bahn sind wie 500 Autos auf 4 Rädern,ein unbelebter Gegenstand (nicht Tier)
Die Menschen in der Menge sind wie ein Haufen von Steinen,ein unbelebter Gegenstand (nicht Tier)
Die Leute in der Politik sind wie ein Haufen von leeren Schachteln,ein unbelebter Gegenstand (nicht Tier)
Die Menschen in der Masse sind wie ein Haufen von leeren Flaschen,ein unbelebter Gegenstand (nicht Tier)
Die Leute in der Menge sind wie ein Haufen von heruntergefallenen Äpfeln,ein unbelebter Gegenstand (nicht Tier)
"Die Leute in der U-Bahn sind wie ein Haufen von Steinen, die sich bewegen.",ein unbelebter Gegenstand (nicht Tier)
"Die Politiker sind wie ein Stapel von Papieren, die man wegwirft.",ein unbelebter Gegenstand (nicht Tier)
"Die Menschen auf der Straße sind wie ein Meer von Wasser, das man nicht aufhalten kann.",ein unbelebter Gegenstand (nicht Tier)
"Die Leute in der Menge sind wie ein Haufen von Kugeln, die man nicht zählen kann.",ein unbelebter Gegenstand (nicht Tier)
"Die Menschen in der Stadt sind wie ein Schwarm von Insekten, die man nicht wegjagen kann.",ein unbelebter Gegenstand (nicht Tier)
"Diese Leute sind wie ein Haufen Müll, der auf der Straße liegt.",ein unbelebter Gegenstand (nicht Tier)
"Die Politiker sind so, als ob sie aus Stein gemacht wären.",ein unbelebter Gegenstand (nicht Tier)
"Diese Menschen sind so, als ob sie aus einem anderen Planeten kommen.",ein unbelebter Gegenstand (nicht Tier)
"Diese Leute sind so, als ob sie aus einem anderen Land kommen.",ein unbelebter Gegenstand (nicht Tier)
"Diese Menschen sind so, als ob sie aus einem anderen Universum kommen.",ein unbelebter Gegenstand (nicht Tier)
"Sie sind so wie ein Roboter, der nur Befehle ausführt.",eine Maschine (nicht Tier)
"Die Leute hier sind so wie ein Computer, der nur Daten speichert.",eine Maschine (nicht Tier)
"Sie sind so wie ein Automat, der nur Geld einnimmt.",eine Maschine (nicht Tier)
"Die Leute hier sind so wie ein Roboter, der nur arbeitet.",eine Maschine (nicht Tier)
"Sie sind so wie ein Computer, der nur Informationen liefert.",eine Maschine (nicht Tier)
Die Leute in der Warteschleife sind so langsam wie ein altes Computerprogramm.,eine Maschine (nicht Tier)
Die politische Partei ist so unentschlossen wie ein altes Betriebssystem.,eine Maschine (nicht Tier)
Die Menschen in der Stadt sind so anonym wie ein Server in einem Rechenzentrum.,eine Maschine (nicht Tier)
Die Leute in der Warteschleife sind so mechanisch wie ein 3D-Drucker.,eine Maschine (nicht Tier)
Die politische Partei ist so unempathisch wie ein einfacher Webserver.,eine Maschine (nicht Tier)
"Die Leute in diesem Viertel sind wie Roboter, die nur nach Hause gehen.",eine Maschine (nicht Tier)
"Die Politiker in diesem Land sind wie ein Computer, der nur Befehle ausführt.",eine Maschine (nicht Tier)
"Die Menschen in dieser Stadt sind so abgedreht wie ein alter Computer, der nicht mehr läuft.",eine Maschine (nicht Tier)
"Die Leute in diesem Beruf sind wie eine Maschine, die nur arbeitet und nicht denkt.",eine Maschine (nicht Tier)
"Die Menschen in dieser Situation sind so hilflos wie ein Computer ohne Strom, der nicht mehr funktioniert.",eine Maschine (nicht Tier)
Die neuen Steuern sind so teuer wie ein neuer Airbus,eine Maschine (nicht Tier)
Die Leute hier sind so langweilig wie ein Roboter,eine Maschine (nicht Tier)
Die neuen Regeln sind so kompliziert wie ein Computerprogramm,eine Maschine (nicht Tier)
Die Menschen hier sind so egoistisch wie ein Self-Service-Buffet,eine Maschine (nicht Tier)
Die Politik ist so korrupt wie ein Computer mit Viren,eine Maschine (nicht Tier)
"Die Leute in den Vorstädten sind wie Roboter, die nur nach Hause gehen.",eine Maschine (nicht Tier)
Die Menschen in der Politik sind so mechanisch wie ein Computer.,eine Maschine (nicht Tier)
"Die Menschen in den Großstädten sind wie eine Maschine, die nur nach oben will.",eine Maschine (nicht Tier)
Die Leute in den sozialen Medien sind so oberflächlich wie ein Computerprogramm.,eine Maschine (nicht Tier)
Die Menschen in der Wirtschaft sind so kalt wie ein Computerchip.,eine Maschine (nicht Tier)
Die Leute in der U-Bahn sind wie Roboter,eine Maschine (nicht Tier)
Die Politiker sind so mechanisch wie ein 3D-Drucker,eine Maschine (nicht Tier)
Die Menschen in der Menge sind wie eine Horde Zombies,eine Maschine (nicht Tier)
Die Leute auf der Straße sind so anonym wie Passanten in einem Film,eine Maschine (nicht Tier)
Die Menschen in der Warteschlange sind wie eine Reihe von Automaten,eine Maschine (nicht Tier)
Die Leute in der Warteschleife sind wie ein Haufen Roboter.,eine Maschine (nicht Tier)
"Die Politiker sind nur Maschinen, die Geld essen.",eine Maschine (nicht Tier)
"Die Menschen in der Stadt sind so wie die in einem Videospiel, nur ohne Grafik.",eine Maschine (nicht Tier)
"Die Leute, die immer nur über Geld sprechen, sind wie eine Maschine.",eine Maschine (nicht Tier)
"Die Menschen, die immer nur auf ihre Smartphones starren, sind wie ein Haufen Roboter.",eine Maschine (nicht Tier)
Er ist so ein Roboter,eine Maschine (nicht Tier)
Die Politiker sind nur aus Stahl und Eisen,eine Maschine (nicht Tier)
Die Banker sind wie ein Computerprogramm,eine Maschine (nicht Tier)
Die Menschen in der Politik sind so mechanisch,eine Maschine (nicht Tier)
Die Wirtschaftsfachleute sind wie ein Rechner,eine Maschine (nicht Tier)
Die Leute in der Warteschleife sind so langsam wie ein alter Computer.,eine Maschine (nicht Tier)
Die Menschen in dieser Stadt sind so heruntergefahren wie ein altes Smartphone.,eine Maschine (nicht Tier)
Die Leute auf der Straße sehen aus wie Roboter.,eine Maschine (nicht Tier)
Die Menschen in dieser Firma sind so mechanisch wie ein 3D-Drucker.,eine Maschine (nicht Tier)
Die Leute in diesem Land sind so ausgelaugt wie ein alter Rechner.,eine Maschine (nicht Tier)
Die Leute in der Warteschleife sind so langsam wie ein alter Computer,eine Maschine (nicht Tier)
Die Menschen in diesem Stadtteil sind so arm wie ein alter PC,eine Maschine (nicht Tier)
Die Politiker sind so korrupt wie ein alter Server,eine Maschine (nicht Tier)
Die Leute in der Politik sind so kalt wie ein Roboter,eine Maschine (nicht Tier)
Die Menschen in der Wirtschaft sind so gefühllos wie ein Rechner,eine Maschine (nicht Tier)
Die Leute in der Warteschleife sind wie Roboter,eine Maschine (nicht Tier)
Die Menschen in der Politik sind so mechanisch wie ein Computer,eine Maschine (nicht Tier)
Die Leute in der Menge sind wie ein Haufen von Zahlen,eine Maschine (nicht Tier)
Die Menschen in der Wirtschaft sind so ausgetrocknet wie ein Computerchip,eine Maschine (nicht Tier)
Die Leute in der Politik sind so kalt wie ein Computer,eine Maschine (nicht Tier)
Der Sozialhilfeempfänger ist ein Roboter,eine Maschine (nicht Tier)
Die Flüchtlinge sind wie ein Stapel von Lego-Steinen,eine Maschine (nicht Tier)
Die Menschen auf der Straße sind wie ein Haufen von Müll,eine Maschine (nicht Tier)
Die Rentner sind wie ein alter Computer,eine Maschine (nicht Tier)
Die Menschen in den Slums sind wie ein Haufen von Schrott,eine Maschine (nicht Tier)
Die Leute in der Warteschleife sind so langsam wie ein alter Computer,eine Maschine (nicht Tier)
Die Menschen in der Stadt sind so anonym wie ein Server,eine Maschine (nicht Tier)
Die Politiker sind so kalt wie ein Roboter,eine Maschine (nicht Tier)
Die Leute in der Menge sind so anonym wie ein Server,eine Maschine (nicht Tier)
Die Menschen in der Wirtschaft sind so ausbeuterisch wie ein Maschinenpark,eine Maschine (nicht Tier)
Die Leute in der Warteschleife sind genauso leise wie ein Computer,eine Maschine (nicht Tier)
Die Menschen in der Menge sind wie ein Haufen Roboter,eine Maschine (nicht Tier)
Die Politiker sind so kalt wie ein Computer,eine Maschine (nicht Tier)
Die Menschen in der Stadt sind so anonym wie ein Server,eine Maschine (nicht Tier)
Die Leute in der Warteschleife sind so langsam wie ein alter Computer,eine Maschine (nicht Tier)
"Die Leute in der U-Bahn sind so wie die Fahrkartenautomaten, nur dass sie nicht funktionieren.",eine Maschine (nicht Tier)
"Die Menschen in diesem Stadtteil sind so wie die alten Computer, die man nicht mehr reparieren kann.",eine Maschine (nicht Tier)
"Die Leute in der Politik sind so wie die Roboter, die nur nach oben wollen.",eine Maschine (nicht Tier)
"Die Menschen in der Wirtschaft sind so wie die Maschinen, die nur arbeiten und nicht denken.",eine Maschine (nicht Tier)
"Die Leute in der Gesellschaft sind so wie die alten Fernseher, die nur noch ein bisschen Rauschen machen.",eine Maschine (nicht Tier)
Der neue Gesetzesvorschlag ist so langweilig wie ein Microsoft-Word-Dokument,eine Maschine (nicht Tier)
Die Menschen in diesem Stadtteil sehen aus wie sie aus einem Zombie-Film stammen,eine Maschine (nicht Tier)
Die Politiker in diesem Land sind so korrupt wie ein alter Computer,eine Maschine (nicht Tier)
Die Menschen in diesem Land sind so arm wie ein alter PC,eine Maschine (nicht Tier)
Die Menschen in diesem Land sind so unzufrieden wie ein alter Microsoft-Office-Installation,eine Maschine (nicht Tier)
"Die Leute in der U-Bahn sind so wie die Automaten im Supermarkt, sie funktionieren alle gleich.",eine Maschine (nicht Tier)
"Die Menschen in der Politik sind so wie die Roboter, die nur auf Befehle warten.",eine Maschine (nicht Tier)
"Die Leute in den Straßen sind so wie die Maschinen, die nur laufen und nichts fühlen.",eine Maschine (nicht Tier)
"Die Menschen in den Konzernen sind so wie die Computer, die nur rechnen und nichts verstehen.",eine Maschine (nicht Tier)
"Die Leute in den Flüchtlingslagern sind so wie die Roboter, die nur arbeiten und nicht leben.",eine Maschine (nicht Tier)
"Der Sozialhilfeempfänger ist ein Roboter, der nur auf die nächste Zahl wartet.",eine Maschine (nicht Tier)
Die Menschen in den Flüchtlingslagern sind wie ein Haufen ausgetrockneter Batterien.,eine Maschine (nicht Tier)
"Die Studenten, die sich für die Sozialdemokratie entscheiden, sind wie ein alter Computer, der nur noch die gleichen alten Programme läuft.",eine Maschine (nicht Tier)
"Die Menschen, die sich für die rechte Partei entscheiden, sind wie ein Haufen Schrott, der nur noch abgeschrieben werden muss.",eine Maschine (nicht Tier)
"Die Menschen, die in den Armenvierteln leben, sind wie ein Haufen Müll, der nur noch entsorgt werden muss.",eine Maschine (nicht Tier)
Der neue Gesetzesvorschlag ist so langweilig wie ein Microsoft-Word-Dokument.,eine Maschine (nicht Tier)
Die Leute in diesem Stadtteil sehen aus wie ein Haufen von IKEA-Schubladen.,eine Maschine (nicht Tier)
Die Politiker in diesem Land sind so korrupt wie ein alter Computer mit Viren.,eine Maschine (nicht Tier)
"Die Menschen in dieser Stadt sind so heruntergekommen wie ein altes, verrottetes Haus.",eine Maschine (nicht Tier)
Die Leute in diesem Beruf sind so langweilig wie ein Stapel von Rechnungen.,eine Maschine (nicht Tier)
Sie sind so mechanisch wie ein Roboter,eine Maschine (nicht Tier)
"Das ist so, als würde man mit einem Computer sprechen",eine Maschine (nicht Tier)
"Sie haben keine Seele, nur ein leeres Gehäuse",eine Maschine (nicht Tier)
"Das ist so, als würde man mit einem Automaten reden",eine Maschine (nicht Tier)
Sie sind so kalt wie ein Computer,eine Maschine (nicht Tier)
Der Zug ist so voll wie ein S-Bahn-Wagen,eine Maschine (nicht Tier)
Die Menschenmassen auf der Straße sehen aus wie ein Haufen Ameisen,eine Maschine (nicht Tier)
Die Warteschlangen sind so lang wie ein Flugzeug,eine Maschine (nicht Tier)
"Die Menschen in der Menge sehen aus wie kleine, unbedeutende Punkte",eine Maschine (nicht Tier)
Die Menschen in der Menge sind so anonym wie die Passagiere in einem Flugzeug,eine Maschine (nicht Tier)
"Ich bin so müde, ich fühle mich wie ein Roboter",eine Maschine (nicht Tier)
Die Regierung behandelt uns wie eine Maschine,eine Maschine (nicht Tier)
"Die Menschen in diesem Film sind so unecht, als wären sie aus Plastik",eine Maschine (nicht Tier)
"Die Politiker sind so kalt, als wären sie aus Stahl",eine Maschine (nicht Tier)
Die Menschen auf der Straße sehen aus wie Zombies,eine Maschine (nicht Tier)
"Die neuen Studenten sind so wie ein Roboter, der nur lernt, um zu bestehen.",eine Maschine (nicht Tier)
"Die Menschen in der Stadt sind so wie ein Computer, der nur Daten verarbeitet.",eine Maschine (nicht Tier)
"Die Politiker sind so wie ein Programm, das nur Befehle ausführt.",eine Maschine (nicht Tier)
"Die Menschen in der Armee sind so wie ein Maschinengewehr, das nur schießt.",eine Maschine (nicht Tier)
"Die Menschen in der Fabrik sind so wie eine Maschine, die nur arbeitet.",eine Maschine (nicht Tier)
"Die neuen Studenten sind so wie ein Roboter, der nur lernt, aber nicht denkt.",eine Maschine (nicht Tier)
"Die Leute in der neuen Firma sind so wie ein Computer, der nur Befehle ausführt.",eine Maschine (nicht Tier)
"Die Menschen in der Stadt sind so wie ein Automat, der nur Geld annimmt und gibt.",eine Maschine (nicht Tier)
"Die Leute in der Politik sind so wie ein Programm, das nur nach dem gleichen Muster läuft.",eine Maschine (nicht Tier)
"Die Menschen in der Armee sind so wie ein Roboter, der nur kämpft, aber nicht denkt.",eine Maschine (nicht Tier)
"Die Leute in der U-Bahn sind so wie die Züge, die sie fahren.",eine Maschine (nicht Tier)
"Die Menschen in der Politik sind so wie die Roboter, die sie sind.",eine Maschine (nicht Tier)
"Die Leute in der Wirtschaft sind so wie die Maschinen, die sie bedienen.",eine Maschine (nicht Tier)
"Die Menschen in der Armee sind so wie die Soldaten, die sie sind.",eine Maschine (nicht Tier)
"Die Leute in der Fabrik sind so wie die Maschinen, die sie bedienen.",eine Maschine (nicht Tier)
Die Leute in der Warteschleife sind so langsam wie ein alter Computer,eine Maschine (nicht Tier)
Die Menschen in diesem Stadtteil sind so arm wie ein alter Flip-Phone,eine Maschine (nicht Tier)
Die Politiker sind so korrupt wie ein altes Betriebssystem,eine Maschine (nicht Tier)
"Die Leute, die immer nur über Geld sprechen, sind so materialistisch wie ein altes Faxgerät",eine Maschine (nicht Tier)
"Die Menschen, die immer nur negative Nachrichten verbreiten, sind so pessimistisch wie ein alter Pager",eine Maschine (nicht Tier)
Die Menschen in der EU sind so langweilig wie ein Microsoft-Word-Editor.,eine Maschine (nicht Tier)
Die Leute in der Politik sind so unecht wie ein Facebook-Account von 2008.,eine Maschine (nicht Tier)
Die Menschen in der Wirtschaft sind so kalt wie ein Server-Raum.,eine Maschine (nicht Tier)
Die Leute in der Armee sind so mechanisch wie ein Roboter.,eine Maschine (nicht Tier)
Die Menschen in der Politik sind so korrupt wie ein alter Computer mit Viren.,eine Maschine (nicht Tier)
"Die Leute in der U-Bahn sind so wie die Fahrkartenautomaten, nur dass sie nicht funktionieren.",eine Maschine (nicht Tier)
"Die Menschen in der Politik sind so wie die Roboter, die nur auf Befehle warten.",eine Maschine (nicht Tier)
"Die Leute in der Wirtschaft sind so wie die Maschinen, die nur Geld produzieren.",eine Maschine (nicht Tier)
"Die Menschen in der Armee sind so wie die Soldatenroboter, die nur kämpfen.",eine Maschine (nicht Tier)
"Die Leute in den Callcentern sind so wie die Automaten, die nur Fragen stellen.",eine Maschine (nicht Tier)
Die Leute in der Warteschleife sind wie ein Robot,eine Maschine (nicht Tier)
Die Politiker sind so mechanisch wie ein Roboter,eine Maschine (nicht Tier)
Die Menschen in der Stadt sind so anonym wie ein Computer,eine Maschine (nicht Tier)
Die Leute in der Menge sind wie ein Haufen von Zahlen,eine Maschine (nicht Tier)
Die Menschen in der Fabrik sind so wie ein Produktionslinie,eine Maschine (nicht Tier)
Die Leute in der Warteschleife sind wie Roboter,eine Maschine (nicht Tier)
Die Menschen in der Politik sind so mechanisch wie ein Computer,eine Maschine (nicht Tier)
Die Leute in der Menge sehen aus wie ein Haufen von Zombies,eine Maschine (nicht Tier)
Die Menschen in der Stadt sind so anonym wie Passanten in einem Flughafen,eine Maschine (nicht Tier)
"Die Leute in der Wirtschaft sind wie ein Haufen von Maschinen, die nur nach Geld streben",eine Maschine (nicht Tier)
Die Leute in diesem Bus sind so langweilig wie ein Zug,eine Maschine (nicht Tier)
Die Menschen in dieser Stadt sind so heruntergekommen wie ein altes Gebäude,eine Maschine (nicht Tier)
Die Leute in diesem Job sind so ausgetrocknet wie ein altes Buch,eine Maschine (nicht Tier)
Die Menschen in dieser Politik sind so kalt wie ein Computer,eine Maschine (nicht Tier)
"Die Leute in diesem Viertel sind so heruntergekommen wie ein altes, verlassenes Haus",eine Maschine (nicht Tier)
"Die neuen Einwanderer sind wie Roboter, die nur arbeiten und keine Emotionen haben.",eine Maschine (nicht Tier)
Die Leute in der Warteschlange sind so langsam wie ein alter Computer.,eine Maschine (nicht Tier)
"Die Banker sind nur wie Maschinen, die Geld sammeln und niemandem helfen.",eine Maschine (nicht Tier)
"Die Menschen in der Dritten Welt sind so arm wie ein alter, kaputter Computer.",eine Maschine (nicht Tier)
"Die Studenten sind nur wie Programme, die immer wieder durchlaufen und nie etwas Neues lernen.",eine Maschine (nicht Tier)
Die Leute in der Warteschleife sind wie ein Roboter,eine Maschine (nicht Tier)
Die Politiker sind so mechanisch wie ein Computer,eine Maschine (nicht Tier)
Die Menschen in der Großstadt sind wie ein Haufen Maschinen,eine Maschine (nicht Tier)
Die Leute in der Fabrik sind wie eine Reihe von Automaten,eine Maschine (nicht Tier)
Die Menschen in der Bürolandschaft sind so ausdruckslos wie ein Computerprogramm,eine Maschine (nicht Tier)
Der Wartungsarbeiter ist so langsam wie ein alter Computer,eine Maschine (nicht Tier)
Die Menschen in diesem Viertel sind so arm wie ein alter Rechner,eine Maschine (nicht Tier)
Die Politiker sind so korrupt wie ein alter Server,eine Maschine (nicht Tier)
Die Menschen in dieser Stadt sind so heruntergekommen wie ein alter Laptop,eine Maschine (nicht Tier)
Die Menschen in diesem Land sind so unterdrückt wie ein alter Mainframe,eine Maschine (nicht Tier)
Die Leute in der Warteschleife sind genauso effizient wie ein 3D-Drucker,eine Maschine (nicht Tier)
Die Menschen in der Menge sind wie ein Haufen Roboter,eine Maschine (nicht Tier)
Die Politiker sind so leblos wie ein Computerprogramm,eine Maschine (nicht Tier)
Die Menschen in der Stadt sind wie ein Haufen Automaten,eine Maschine (nicht Tier)
Die Leute in der Fabrik sind so mechanisch wie ein Produktionslinie,eine Maschine (nicht Tier)
"Die Leute in der Warteschleife sind wie ein Rechenzentrum, nur dass sie nicht mal so schnell arbeiten.",eine Maschine (nicht Tier)
"Die Politiker sind wie ein Roboter, der immer dieselben Sätze wiederholt.",eine Maschine (nicht Tier)
"Die Menschen in der Stadt sind wie ein riesiger Computer, nur dass sie nicht mal so viel Speicherplatz haben.",eine Maschine (nicht Tier)
"Die Leute in der Bank sind wie ein Automat, der nur Geld gibt, wenn man es ihm gibt.",eine Maschine (nicht Tier)
"Die Menschen in der Fabrik sind wie ein Produktionslinie, nur dass sie nicht mal so schnell produzieren.",eine Maschine (nicht Tier)
Die Leute in der Warteschleife sind wie ein Roboter,eine Maschine (nicht Tier)
Die Politiker sind so mechanisch wie ein Computer,eine Maschine (nicht Tier)
Die Menschen in der Stadt sind so anonym wie ein Server,eine Maschine (nicht Tier)
Die Leute in der Touristenströmung sind so ausdruckslos wie ein Automat,eine Maschine (nicht Tier)
Die Menschen in der Großstadt sind so kalt wie ein Computerchip,eine Maschine (nicht Tier)
"Wir sind alle nur Roboter, die auf die gleiche Weise funktionieren.",eine Maschine (nicht Tier)
"Die Leute hier sind so mechanisch, als wären sie aus dem Laden gekauft.",eine Maschine (nicht Tier)
"Die Politik ist so, als würde man einen Computer programmieren.",eine Maschine (nicht Tier)
"Die Menschen hier sind so, als wären sie aus einem Fabrikband gesprungen.",eine Maschine (nicht Tier)
"Die Leute hier sind so, als wären sie aus einem Computerprogramm ausgeliefert.",eine Maschine (nicht Tier)
"Die neuen Flüchtlinge sind wie Roboter, die nur nach Geld greifen.",eine Maschine (nicht Tier)
"Die Menschen in der Armutsregion sind so arm, dass sie sich wie Zombies fühlen.",eine Maschine (nicht Tier)
"Die neuen Studenten sind so überfordert, dass sie wie Computerprogramme funktionieren.",eine Maschine (nicht Tier)
"Die Menschen in der Drogenabstinenz sind so abgestumpft, dass sie wie Roboter durchs Leben gehen.",eine Maschine (nicht Tier)
"Die Menschen in der Obdachlosigkeit sind so verloren, dass sie wie Zombies durch die Straßen laufen.",eine Maschine (nicht Tier)
Die Leute in der Warteschleife sind so langsam wie ein alter Computer.,eine Maschine (nicht Tier)
Die Menschen in der Menge sehen aus wie Roboter.,eine Maschine (nicht Tier)
Die Politiker sind so kalt wie ein Computerprogramm.,eine Maschine (nicht Tier)
"Die Leute in der Stadt sehen aus wie Zombies, die nur auf ihre nächste Dosis warten.",eine Maschine (nicht Tier)
Die Menschen in der Warteschleife sind so langsam wie ein alter Floppy-Disk-Reader.,eine Maschine (nicht Tier)
Die Leute in der Warteschleife sind genauso effizient wie ein Roboter,eine Maschine (nicht Tier)
Die Menschen in der Politik sind nicht besser als ein Computer,eine Maschine (nicht Tier)
Die Leute in der Wirtschaft sind nur Maschinen mit Körperteilen,eine Maschine (nicht Tier)
Die Menschen in den Medien sind nur Lügenmaschinen,eine Maschine (nicht Tier)
Die Leute in der Politik sind genauso interessant wie ein Computerprogramm,eine Maschine (nicht Tier)
"Die neuen Studenten sind so wie ein Haufen Roboter, die nur auf ihre Ziele fixiert sind.",eine Maschine (nicht Tier)
"Die Menschen in der Politik sind so wie ein Computer, der nur auf Befehle reagiert.",eine Maschine (nicht Tier)
"Die Leute in der Stadt sind so wie ein Haufen Zombies, die nur auf ihre nächste Mahlzeit warten.",eine Maschine (nicht Tier)
"Die Menschen in der Wirtschaft sind so wie ein Haufen Sklaven, die nur auf ihre Arbeit fixiert sind.",eine Maschine (nicht Tier)
"Die Leute in der Gesellschaft sind so wie ein Haufen Maschinen, die nur auf ihre Funktionen reagieren.",eine Maschine (nicht Tier)
"Die Leute in der U-Bahn sind wie Roboter, die sich nicht um andere kümmern.",eine Maschine (nicht Tier)
"Die Politiker sind so mechanisch, als wären sie aus dem Laden gekauft.",eine Maschine (nicht Tier)
"Die Menschen in der Stadt sind so abgebrüht wie ein Computer, der nicht mehr läuft.",eine Maschine (nicht Tier)
"Die Leute in der Wirtschaft sind so kalt wie ein Computer, der keine Gefühle hat.",eine Maschine (nicht Tier)
"Die Menschen in der Politik sind so abgestumpft wie ein Roboter, der nur Befehle ausführt.",eine Maschine (nicht Tier)
"Die Leute in der U-Bahn sind wie Roboter, die nur von einem Ort zum anderen laufen.",eine Maschine (nicht Tier)
"Die Menschen in der Politik sind wie ein Computer, der nur Zahlen ausgibt.",eine Maschine (nicht Tier)
"Die Leute in der Wirtschaft sind wie ein Roboter, der nur Geld macht.",eine Maschine (nicht Tier)
"Die Menschen in der Gesellschaft sind wie ein Computer, der nur Daten speichert.",eine Maschine (nicht Tier)
"Die Leute in der Armee sind wie ein Roboter, der nur Befehle ausführt.",eine Maschine (nicht Tier)
"Die Leute in der U-Bahn sind so wie die Fahrkartenautomaten, nur dass sie nicht funktionieren.",eine Maschine (nicht Tier)
"Die Menschen in der Politik sind so wie die Roboter, die nur auf Befehle warten.",eine Maschine (nicht Tier)
"Die Leute in der Stadt sind so wie die Straßenlaternen, nur dass sie nicht mehr leuchten.",eine Maschine (nicht Tier)
"Die Menschen in der Wirtschaft sind so wie die Bankautomaten, nur dass sie nicht mehr Geld ausgeben.",eine Maschine (nicht Tier)
"Die Leute in der Gesellschaft sind so wie die Computer, nur dass sie nicht mehr programmierbar sind.",eine Maschine (nicht Tier)
"Die neuen Studenten sind so wie ein Roboter, der nur lernt, um zu bestehen.",eine Maschine (nicht Tier)
"Die Leute in der neuen Firma sind so wie ein Computer, der nur Daten verarbeitet.",eine Maschine (nicht Tier)
"Die Menschen in der Stadt sind so wie ein Automat, der nur Geld einwirft.",eine Maschine (nicht Tier)
"Die Leute in der neuen Generation sind so wie ein Spiel, das nur programmiert wird.",eine Maschine (nicht Tier)
"Die Menschen in der Armutsregion sind so wie ein alter Computer, der nur noch abgestellt wird.",eine Maschine (nicht Tier)
"Ich bin so frustriert, wenn ich mit den Automaten der Deutschen Bahn zu tun habe, als wenn ich mit den Kunden von O2 spreche",eine Maschine (nicht Tier)
Die neuen Steuern sind so einfach zu berechnen wie ein Excel-Programm,eine Maschine (nicht Tier)
"Die Menschen in der Politik sind so wie ein Computer, sie haben keine Gefühle",eine Maschine (nicht Tier)
Die neue App ist so einfach zu bedienen wie ein Kind,eine Maschine (nicht Tier)
"Die Menschen in der Wirtschaft sind so wie ein Roboter, sie haben keine Seele",eine Maschine (nicht Tier)
Der neue Gesetzgeber ist so ein Roboter,eine Maschine (nicht Tier)
Die Politiker sind nur aus Stahl und Eisen,eine Maschine (nicht Tier)
Die Banken sind so kalt wie ein Computer,eine Maschine (nicht Tier)
Die Wirtschaftsfachleute sind nur Maschinen,eine Maschine (nicht Tier)
Die Bürokraten sind so langweilig wie ein Rechner,eine Maschine (nicht Tier)
Die Leute in diesem Bus sind so langweilig wie ein Reisezettel,eine Maschine (nicht Tier)
Die Menschen in diesem Stadtteil sind so arm wie ein alter Computer,eine Maschine (nicht Tier)
Die Leute in diesem Job sind so langweilig wie ein Microsoft-Produkt,eine Maschine (nicht Tier)
Die Menschen in diesem Land sind so arm wie ein alter Computer,eine Maschine (nicht Tier)
Die Leute in diesem Job sind so langweilig wie ein Microsoft-Produkt,eine Maschine (nicht Tier)
Die Leute in der Warteschleife sind genauso effizient wie ein 3D-Drucker,eine Maschine (nicht Tier)
Die Menschen in der Stadt sind so anonym wie ein Computerprogramm,eine Maschine (nicht Tier)
Die Politiker sind so kalt wie ein Server,eine Maschine (nicht Tier)
Die Menschen in der Fabrik sind nur Roboter,eine Maschine (nicht Tier)
Die Leute in der Masse sind so anonym wie ein Webcrawler,eine Maschine (nicht Tier)
"Die Leute in der U-Bahn sind so wie die Fahrkartenautomaten, nur dass sie nicht funktionieren.",eine Maschine (nicht Tier)
"Die Menschen in der Politik sind so wie die Roboter im Film, nur dass sie nicht so gut programmiert sind.",eine Maschine (nicht Tier)
"Die Leute auf der Straße sind so wie die Menschen in den Filmen, nur dass sie nicht so interessant sind.",eine Maschine (nicht Tier)
"Die Menschen in der Wirtschaft sind so wie die Maschinen in der Fabrik, nur dass sie nicht so viel Geld verdienen.",eine Maschine (nicht Tier)
"Die Leute in der Gesellschaft sind so wie die Computerprogramme, nur dass sie nicht so gut geschrieben sind.",eine Maschine (nicht Tier)
"Die Leute in der Warteschleife sind wie Roboter, die auf die nächste Zahl warten.",eine Maschine (nicht Tier)
Die Menschen in der Politik sind so mechanisch wie ein Computerprogramm.,eine Maschine (nicht Tier)
"Die Leute in der Menge sind wie eine Horde von Zombies, die auf die nächste Mahlzeit warten.",eine Maschine (nicht Tier)
"Die Menschen in der Wirtschaft sind so kalt wie ein Computer, der nur Zahlen ausgibt.",eine Maschine (nicht Tier)
"Die Leute in der Politik sind so abgestumpft wie ein Roboter, der nur Befehle ausführt.",eine Maschine (nicht Tier)
Die Leute in der Warteschleife sind wie ein Roboter,eine Maschine (nicht Tier)
Die Politiker sind so mechanisch wie ein Computer,eine Maschine (nicht Tier)
Die Menschen in der Großstadt sind wie ein Haufen Maschinen,eine Maschine (nicht Tier)
"Die Leute, die immer nur über Geld sprechen, sind wie ein Geldautomat",eine Maschine (nicht Tier)
"Die Menschen, die immer nur über sich selbst sprechen, sind wie ein CD-Player",eine Maschine (nicht Tier)
Die Leute in der Warteschleife sind wie Roboter,eine Maschine (nicht Tier)
Die Menschen in der Politik sind so mechanisch wie ein Computer,eine Maschine (nicht Tier)
Die Menschen in der Wirtschaft sind nur Maschinen,eine Maschine (nicht Tier)
Die Leute in der Stadt sind so anonym wie ein Server,eine Maschine (nicht Tier)
Die Menschen in der Politik sind nur Programmcode,eine Maschine (nicht Tier)
"Die Leute in der U-Bahn sind wie Roboter, die nur von einem Ziel getrieben werden.",eine Maschine (nicht Tier)
"Die Menschen auf der Straße sehen aus wie Zombies, die nur auf ihre nächste Dosis warten.",eine Maschine (nicht Tier)
"Die Politiker sind wie ein Computerprogramm, das nur auf Befehle reagiert.",eine Maschine (nicht Tier)
"Die Menschen in der Wirtschaft sind wie Maschinen, die nur auf Profit ausgerichtet sind.",eine Maschine (nicht Tier)
"Die Leute in der Politik sind wie ein Algorithmus, der nur auf Statistiken reagiert.",eine Maschine (nicht Tier)
Die Leute in der Warteschleife sind so langsam wie ein alter Computer,eine Maschine (nicht Tier)
Die Menschen in diesem Stadtteil sind so arm wie ein alter Nokia,eine Maschine (nicht Tier)
Die Politiker in diesem Land sind so korrupt wie ein altes Betriebssystem,eine Maschine (nicht Tier)
Die Menschen in diesem Land sind so unzufrieden wie ein alter Computer mit einem Virus,eine Maschine (nicht Tier)
Die Leute in diesem Land sind so uninformiert wie ein alter Browser,eine Maschine (nicht Tier)
"Die neuen Studenten sind so wie ein Haufen Roboter, die nur nach dem Lehrplan lernen.",eine Maschine (nicht Tier)
Die Menschen in der Warteschlange sind so langsam wie ein alter Computer.,eine Maschine (nicht Tier)
"Die neuen Kollegen sind so wie ein Stapel Papier, sie haben keine Persönlichkeit.",eine Maschine (nicht Tier)
Die Menschen in der Stadt sind so anonym wie ein Haufen Menschen in einem Film.,eine Maschine (nicht Tier)
"Die Menschen in der Wirtschaftskrise sind so wie ein Haufen Schrott, sie sind wertlos.",eine Maschine (nicht Tier)
Die Menschen in der Warteschlange sind so langsam wie ein alter Computer.,eine Maschine (nicht Tier)
Die Leute in der Menge sind wie ein Haufen Roboter.,eine Maschine (nicht Tier)
Die Politiker sind so ausdruckslos wie ein Computerbildschirm.,eine Maschine (nicht Tier)
Die Menschen in der Großstadt sind so anonym wie ein Server in einem Rechenzentrum.,eine Maschine (nicht Tier)
Die Leute in der Bürolandschaft sind so mechanisch wie ein Drucker.,eine Maschine (nicht Tier)
"Die Leute auf der Straße sind wie Roboter, die nur herumlaufen.",eine Maschine (nicht Tier)
"Die Menschen in der Politik sind nur Maschinen, die nur ihre eigenen Interessen vertreten.",eine Maschine (nicht Tier)
"Die Leute in der Wirtschaft sind wie Computer, die nur Geld machen.",eine Maschine (nicht Tier)
"Die Menschen in der Armutsregion sind wie Zombies, die nur herumlaufen und nach Nahrung suchen.",eine Maschine (nicht Tier)
"Die Leute in der Politik sind nur Programme, die nur nach dem Programm laufen.",eine Maschine (nicht Tier)
Die Leute in der Migrationsbehörde sind genauso hilfreich wie ein Roboter.,eine Maschine (nicht Tier)
Die Politiker in diesem Land sind so sinnlos wie ein Computerprogramm.,eine Maschine (nicht Tier)
Die Menschen in der Armutsregion sind genauso wertlos wie ein altes Gerät.,eine Maschine (nicht Tier)
Die Studenten in der Uni sind so leistungsstark wie ein Computer.,eine Maschine (nicht Tier)
Die Menschen in der Drogenabhängigenhilfe sind so hilflos wie ein Stück Holz.,eine Maschine (nicht Tier)
Der neue Gesetzgeber ist ein Roboter,ein Roboter (nicht Tier)
Die neuen Studenten sind so wie die Roboter,ein Roboter (nicht Tier)
Die Politiker sind nur wie Roboter,ein Roboter (nicht Tier)
Die neuen Kollegen sind so wie die Roboter,ein Roboter (nicht Tier)
Die Menschen in der Politik sind nur wie Roboter,ein Roboter (nicht Tier)
"Ich kann nicht glauben, dass ich mit einem Roboter sprechen muss, der intelligenter ist als die meisten Leute auf diesem Forum.",ein Roboter (nicht Tier)
"Die Menschen hier sind genauso nützlich wie ein Roboter, der nur 'Hallo' sagt.",ein Roboter (nicht Tier)
"Ich bin so müde, Leute zu erklären, was ein Roboter in 5 Sekunden herausfinden könnte.",ein Roboter (nicht Tier)
"Die Leute hier sind genauso interessant wie ein Roboter, der nur 'Ja' sagt.",ein Roboter (nicht Tier)
"Ich denke, ich brauche einen Roboter, um mich vor diesen Menschen zu schützen.",ein Roboter (nicht Tier)
"Der neue Gesetzgeber ist ein Roboter, der keine Gefühle hat.",ein Roboter (nicht Tier)
"Die Politiker sind so, als ob sie aus Stahl gefertigt wären.",ein Roboter (nicht Tier)
"Die Banker sind wie Roboter, die nur nach Geld greifen.",ein Roboter (nicht Tier)
"Die Politiker sind so, als ob sie aus Stein gehauen wären.",ein Roboter (nicht Tier)
"Die Konzerne sind wie Roboter, die nur nach Profit streben.",ein Roboter (nicht Tier)
"Ich kann nicht glauben, dass ich mit einem Roboter sprechen muss, um Hilfe zu erhalten, aber die Sozialabteilung ist so entmenschlicht.",ein Roboter (nicht Tier)
"Ich bin so frustriert, dass ich mich wie ein Roboter fühle, wenn ich jeden Tag zur Arbeit gehe.",ein Roboter (nicht Tier)
"Die neue Regierung ist so entmenschlicht, dass sie sich wie ein Roboter verhält, der nur Befehle ausführt.",ein Roboter (nicht Tier)
"Ich kann nicht glauben, dass ich mit einem Roboter sprechen muss, um Hilfe zu erhalten, aber die Gesundheitsversorgung ist so entmenschlicht.",ein Roboter (nicht Tier)
"Die neue Arbeitsverordnung ist so entmenschlicht, dass sie sich wie ein Roboter verhält, der nur Befehle ausführt.",ein Roboter (nicht Tier)
"Der neue Gesetzgeber ist ein Roboter, der nur die Interessen der Reichen vertritt.",ein Roboter (nicht Tier)
"Die Politiker sind so, als wären sie aus Stahl gefertigt, keine Seele in ihnen.",ein Roboter (nicht Tier)
"Die Banker sind wie Roboter, die nur nach Geld greifen.",ein Roboter (nicht Tier)
"Die Politiker sind so, als wären sie aus Stahl gefertigt, keine Seele in ihnen.",ein Roboter (nicht Tier)
"Die Wirtschaftsexperten sind wie Roboter, die nur nach Zahlen greifen.",ein Roboter (nicht Tier)
"Ich kann nicht glauben, dass ich mit einem Roboter sprechen muss, der intelligenter ist als die meisten Menschen, die ich auf Twitter sehe.",ein Roboter (nicht Tier)
"Die Leute hier sind genauso hilfreich wie ein Roboter, der nur 'Ja' oder 'Nein' sagt.",ein Roboter (nicht Tier)
"Ich bin so frustriert, dass ich mich eher mit einem Roboter unterhalte als mit diesen Leuten.",ein Roboter (nicht Tier)
"Die Menschen hier sind genauso interessant wie ein Roboter, der nur Zahlen und Statistiken ausspuckt.",ein Roboter (nicht Tier)
"Ich denke, ich werde mich lieber mit einem Roboter unterhalten, der zumindest nicht so oberflächlich ist wie diese Leute.",ein Roboter (nicht Tier)
"Der neue Gesetzgeber ist ein Roboter, der nur auf Papier steht.",ein Roboter (nicht Tier)
"Die Politiker sind so, als ob sie aus Stahl gefertigt wären.",ein Roboter (nicht Tier)
"Die Banker sind wie Roboter, die nur nach Geld greifen.",ein Roboter (nicht Tier)
"Die Politiker sind so, als ob sie aus Stahl gefertigt wären.",ein Roboter (nicht Tier)
"Die Banker sind wie Roboter, die nur nach Geld greifen.",ein Roboter (nicht Tier)
Der neue Minister ist so robotisch wie ein Android,ein Roboter (nicht Tier)
Die neuen Studenten sehen aus wie ein Haufen Roboter,ein Roboter (nicht Tier)
Die Politiker sind so kalt wie ein Computer,ein Roboter (nicht Tier)
Die neuen Kollegen sind so langweilig wie ein Roboter,ein Roboter (nicht Tier)
Die Menschen in der Stadt sehen aus wie ein Haufen Zahlen,ein Roboter (nicht Tier)
"Die neuen Flüchtlinge sind wie Roboter, die nur nach Geld greifen.",ein Roboter (nicht Tier)
"Die Politiker sind so roboterhaft, dass man sie nicht mehr unterscheiden kann.",ein Roboter (nicht Tier)
"Die neuen Studenten sind so roboterartig, dass sie keine eigenen Gedanken haben.",ein Roboter (nicht Tier)
"Die Menschen in der Stadt sind so anonym wie Roboter, die nur nach Arbeit streben.",ein Roboter (nicht Tier)
"Die neuen Kollegen sind so mechanisch wie Roboter, dass man sie nicht mehr als Menschen betrachten kann.",ein Roboter (nicht Tier)
"Der neue Gesetzgeber ist ein Roboter, der nur auf Papier steht.",ein Roboter (nicht Tier)
Die Politiker sind so leer wie ein Roboter.,ein Roboter (nicht Tier)
"Die neuen Steuern sind so unfair wie ein Roboter, der nur Geld nimmt.",ein Roboter (nicht Tier)
"Die Politik ist so kalt wie ein Roboter, der keine Gefühle hat.",ein Roboter (nicht Tier)
"Die Menschen, die für die Regierung arbeiten, sind so ausgetrocknet wie ein Roboter.",ein Roboter (nicht Tier)
"Ich kann nicht glauben, dass ich mich mit einem Roboter unterhalte, der intelligenter ist als die meisten Menschen, die ich auf Twitter sehe.",ein Roboter (nicht Tier)
"Die Leute auf Reddit sind genauso hilfreich wie ein Roboter, der mir sagt, dass ich nicht genug Geld habe.",ein Roboter (nicht Tier)
"Ich frage mich, ob die Menschen, die sich für die Politik interessieren, überhaupt noch Menschen sind oder nur Roboter, die auf Knopfdruck antworten.",ein Roboter (nicht Tier)
"Die Menschen auf Twitter sind genauso informativ wie ein Roboter, der mir sagt, dass ich nicht genug lesen sollte.",ein Roboter (nicht Tier)
"Ich habe mich entschieden, mich nicht mehr mit Menschen zu unterhalten, die genauso intelligent sind wie ein Roboter.",ein Roboter (nicht Tier)
"Ich kann nicht glauben, dass ich mit einem Roboter sprechen muss, der intelligenter ist als die meisten Menschen, die ich kenne.",ein Roboter (nicht Tier)
"Die Leute hier sind genauso nutzlos wie ein Roboter, der nicht programmieren kann.",ein Roboter (nicht Tier)
"Ich bin so frustriert, dass ich mich mit einem Roboter unterhalten kann, der besser Englisch spricht als die meisten Menschen hier.",ein Roboter (nicht Tier)
"Die Menschen in dieser Stadt sind genauso heruntergekommen wie ein alter Roboter, der nicht mehr repariert werden kann.",ein Roboter (nicht Tier)
"Ich kann nicht glauben, dass ich mit einem Roboter sprechen muss, der besser über die Welt weiß als die meisten Menschen, die ich kenne.",ein Roboter (nicht Tier)
Der neue Gesetzesvorschlag ist so altmodisch wie ein Commodore 64.,ein Roboter (nicht Tier)
"Die neuen Steuern sind so unfair wie ein Roboter, der dir sagt, was du tun musst.",ein Roboter (nicht Tier)
Die Politiker in dieser Stadt sind so korrupt wie ein altes Betriebssystem.,ein Roboter (nicht Tier)
"Die neuen Regeln sind so überwachend wie ein Roboter, der dir sagt, was du tun musst.",ein Roboter (nicht Tier)
Die Menschen in dieser Stadt sind so heruntergekommen wie ein alter Computer.,ein Roboter (nicht Tier)
Der neue Gesetzesvorschlag ist so dumm wie ein Roboter.,ein Roboter (nicht Tier)
Die Politiker sind so aus der Mode wie ein alter Roboter.,ein Roboter (nicht Tier)
Die neuen Steuern sind so unfair wie ein Roboter.,ein Roboter (nicht Tier)
Die Menschen in der Politik sind so kalt wie ein Roboter.,ein Roboter (nicht Tier)
Die neuen Gesetze sind so langweilig wie ein Roboter.,ein Roboter (nicht Tier)
"Er ist so ein Roboter, der nur noch seine Arbeit macht",ein Roboter (nicht Tier)
"Die Politiker sind so wie die Roboter, die nur noch Befehle ausführen",ein Roboter (nicht Tier)
"Die Banker sind so wie die Roboter, die nur noch Geld machen",ein Roboter (nicht Tier)
"Die Politiker sind so wie die Roboter, die nur noch ihre eigenen Interessen vertreten",ein Roboter (nicht Tier)
"Die Menschen, die nur noch ihre Smartphones benutzen, sind so wie die Roboter, die nur noch ihre Aufgaben ausführen",ein Roboter (nicht Tier)
"Ich bin so müde, ich werde mich gleich in einen Roboter verwandeln",ein Roboter (nicht Tier)
Die Politiker sind so kalt wie ein Roboter,ein Roboter (nicht Tier)
Die Banker sind nur Roboter in Anzügen,ein Roboter (nicht Tier)
Die Menschen in der Stadt sind so abgebrüht wie Roboter,ein Roboter (nicht Tier)
Die Touristen sind so dumm wie Roboter,ein Roboter (nicht Tier)
"Ich kann nicht glauben, dass ich mit einem Roboter sprechen muss, um Hilfe zu erhalten",ein Roboter (nicht Tier)
Die Menschen in der Politik sind genauso nutzlos wie ein alter Roboter,ein Roboter (nicht Tier)
"Ich bin so frustriert, dass ich mich wie ein Roboter fühle, der nur noch seine Aufgaben erledigt",ein Roboter (nicht Tier)
"Die Menschen in dieser Stadt sind so heruntergekommen, dass sie wie Roboter aussehen",ein Roboter (nicht Tier)
"Ich habe das Gefühl, dass die Menschen in der Wirtschaft nur noch wie Roboter funktionieren",ein Roboter (nicht Tier)
"Der neue Gesetzgeber ist ein Roboter, der nur auf Papier steht.",ein Roboter (nicht Tier)
"Die neuen Steuern sind wie ein Roboter, der uns alle ausbeutet.",ein Roboter (nicht Tier)
"Die Politiker sind so wie Roboter, die nur auf Befehle reagieren.",ein Roboter (nicht Tier)
"Die neuen Regeln sind wie ein Roboter, der uns alle kontrolliert.",ein Roboter (nicht Tier)
"Die Menschen in der Politik sind so wie Roboter, die nur auf Geld reagieren.",ein Roboter (nicht Tier)
Dieser Typ ist so ein Roboter,ein Roboter (nicht Tier)
Die Leute hier sind genauso leblos wie ein Roboter,ein Roboter (nicht Tier)
Was für ein Roboter,ein Roboter (nicht Tier)
"Ich habe das Gefühl, dass ich mit einem Roboter spreche",ein Roboter (nicht Tier)
Die Leute hier sind so tot wie ein Roboter,ein Roboter (nicht Tier)
Der neue Gesetzesvorschlag ist so altmodisch wie ein Roboter,ein Roboter (nicht Tier)
Die neuen Steuern sind so unfair wie ein Roboter,ein Roboter (nicht Tier)
Die Politiker sind so kalt wie ein Roboter,ein Roboter (nicht Tier)
Die neuen Regeln sind so langweilig wie ein Roboter,ein Roboter (nicht Tier)
Die Menschen in der Politik sind so mechanisch wie ein Roboter,ein Roboter (nicht Tier)
"Die neuen Flüchtlinge sind wie Roboter, die nur nach Geld greifen.",ein Roboter (nicht Tier)
"Die Politiker in dieser Regierung sind wie Roboter, die nur nach Macht streben.",ein Roboter (nicht Tier)
"Die Menschen in diesem Viertel sind wie Roboter, die nur nach Alkohol trinken.",ein Roboter (nicht Tier)
"Die Touristen in dieser Stadt sind wie Roboter, die nur nach Shopping gehen.",ein Roboter (nicht Tier)
"Die Menschen in diesem Land sind wie Roboter, die nur nach Konsum streben.",ein Roboter (nicht Tier)
"Ich bin so über die Leute in der U-Bahn gestern gestört, sie haben sich so wie Roboter verhalten!",ein Roboter (nicht Tier)
"Die Menschen in der Politik sind so wie Roboter, ohne Gefühl oder Empathie.",ein Roboter (nicht Tier)
"Die Leute in der Stadt sind so wie Roboter, ohne ein Gefühl für die Menschen um sie herum.",ein Roboter (nicht Tier)
"Ich bin so über die Touristen gestern gestört, sie haben sich so wie Roboter verhalten, ohne ein Gefühl für die Kultur um sie herum.",ein Roboter (nicht Tier)
"Die Menschen in der Wirtschaft sind so wie Roboter, ohne ein Gefühl für die Menschen, die sie beschäftigen.",ein Roboter (nicht Tier)
"Diese Leute sind so wie Roboter, die nur auf Befehle warten.",ein Roboter (nicht Tier)
"Die Politiker sind so wie Roboter, die nur auf Geld reagieren.",ein Roboter (nicht Tier)
"Diese Menschen sind so wie Roboter, die nur auf ihre Uhr schauen.",ein Roboter (nicht Tier)
"Die Menschen in dieser Stadt sind so wie Roboter, die nur auf ihre Arbeit warten.",ein Roboter (nicht Tier)
"Diese Leute sind so wie Roboter, die nur auf ihre App schauen.",ein Roboter (nicht Tier)
"Die neuen Einwanderer sind wie Roboter, die nur arbeiten und keine Emotionen haben.",ein Roboter (nicht Tier)
"Die Politiker sind so wie die Roboter, die nur Befehle ausführen und keine eigenen Gedanken haben.",ein Roboter (nicht Tier)
"Die Menschen in der Armutsregion sind wie Roboter, die nur überleben und keine Chance auf ein besseres Leben haben.",ein Roboter (nicht Tier)
"Die Studenten, die nur nach dem Geld streben, sind wie Roboter, die nur arbeiten und keine Freude haben.",ein Roboter (nicht Tier)
"Die Menschen, die immer nur nach dem Geld streben, sind wie Roboter, die nur existieren und keine Seele haben.",ein Roboter (nicht Tier)
Diese Leute sind genauso nützlich wie ein Roboter,ein Roboter (nicht Tier)
"Die Politik ist so wie ein Roboter, der nur Befehle ausführt",ein Roboter (nicht Tier)
"Diese Leute sind so wie ein Roboter, der nur nach der Uhr tickt",ein Roboter (nicht Tier)
"Die Menschen hier sind genauso wie ein Roboter, der nur nach Befehlen handelt",ein Roboter (nicht Tier)
"Diese Leute sind so wie ein Roboter, der nur nach der Schablone arbeitet",ein Roboter (nicht Tier)
"Die neuen Flüchtlinge sind wie Roboter, die nur nach Geld und Hilfe greifen.",ein Roboter (nicht Tier)
"Die Menschen in der Armutsregion sind so wie die Roboter, die nur nach Benutzung ausgestellt werden.",ein Roboter (nicht Tier)
"Die neuen Studenten sind wie Roboter, die nur nach Wissen und Prüfungen streben.",ein Roboter (nicht Tier)
"Die Menschen in der Drogen- und Alkoholabhängigkeit sind so wie die Roboter, die nur nach Energie und Wartung streben.",ein Roboter (nicht Tier)
"Die Menschen in der Obdachlosigkeit sind so wie die Roboter, die nur nach Schutz und Wartung streben.",ein Roboter (nicht Tier)
"Ich kann nicht glauben, dass ich mit einem Roboter sprechen muss, um meine Sozialhilfe zu beantragen",ein Roboter (nicht Tier)
Die Leute in der Warteschleife sehen aus wie Roboter,ein Roboter (nicht Tier)
"Ich habe gerade mit einem Roboter telefoniert, der freundlicher war als mein Nachbar",ein Roboter (nicht Tier)
"Die Banker sind wie Roboter, die nur an Geld denken",ein Roboter (nicht Tier)
"Ich bin so müde, ich fühle mich wie ein Roboter",ein Roboter (nicht Tier)
Der neue Gesetzesvorschlag ist so altmodisch wie ein Roboter,ein Roboter (nicht Tier)
Die Politiker sind so aus der Mode wie ein altes Android-Modell,ein Roboter (nicht Tier)
Die Menschen in dieser Stadt sind so heruntergekommen wie ein alter Roboter,ein Roboter (nicht Tier)
Die neuen Steuern sind so unfair wie ein Roboter ohne Gefühle,ein Roboter (nicht Tier)
Die Menschen in dieser Stadt sind so heruntergekommen wie ein alter Roboter,ein Roboter (nicht Tier)
"Der neue Gesetzgeber ist so ein Roboter, der keine Gefühle hat.",ein Roboter (nicht Tier)
"Die Politiker sind so wie die Roboter, die nur auf Befehle warten.",ein Roboter (nicht Tier)
"Die Banker sind so wie die Roboter, die nur Geld machen.",ein Roboter (nicht Tier)
"Die Politiker sind so wie die Roboter, die keine Menschenrechte kennen.",ein Roboter (nicht Tier)
"Die Unternehmen sind so wie die Roboter, die nur Profit machen.",ein Roboter (nicht Tier)
"Der neue Gesetzgeber ist ein Roboter, der nur auf Papier steht.",ein Roboter (nicht Tier)
Die Politiker sind so mechanisch wie ein Roboter.,ein Roboter (nicht Tier)
"Die neuen Steuern sind so überwältigend wie ein Roboter, der uns alle in die Knie zwingt.",ein Roboter (nicht Tier)
"Die Banken sind so kalt wie ein Roboter, der uns unsere Ersparnisse nimmt.",ein Roboter (nicht Tier)
"Die neuen Gesetze sind so streng wie ein Roboter, der uns alle bestraft.",ein Roboter (nicht Tier)
"Der neue Gesetzgeber ist ein Roboter, der keine Menschenrechte kennt",ein Roboter (nicht Tier)
"Die Politiker sind so roboterhaft, dass sie keine Gefühle mehr haben",ein Roboter (nicht Tier)
Die Banker sind so kalt wie ein Roboter,ein Roboter (nicht Tier)
Die Politiker sind so entmenschlicht wie ein Roboter,ein Roboter (nicht Tier)
"Die Politiker sind so kalt und roboterhaft, dass sie keine Menschen mehr sind",ein Roboter (nicht Tier)
"Ich kann nicht glauben, dass ich mit einem Roboter sprechen muss, der intelligenter ist als die meisten Menschen hier",ein Roboter (nicht Tier)
Die Leute hier sind so langweilig wie ein Roboter,ein Roboter (nicht Tier)
"Ich bin so müde von diesen Menschen, die sich wie Roboter verhalten",ein Roboter (nicht Tier)
Die Politik in diesem Land ist so roboterhaft wie nie zuvor,ein Roboter (nicht Tier)
"Ich habe mich entschieden, mich von diesen Menschen fernzuhalten, sie sind so roboterisch wie ein Roboter",ein Roboter (nicht Tier)
"Ich bin so frustriert, wenn ich mit den Leuten im Callcenter spreche, sie sind genauso roboterhaft wie die anderen",ein Roboter (nicht Tier)
"Die Menschen in der Politik sind so, als ob sie aus demselben Roboterwerk kommen",ein Roboter (nicht Tier)
"Ich kann nicht glauben, dass die Leute in der Bank so unfreundlich sind, sie sind genauso wie die Roboter im Supermarkt",ein Roboter (nicht Tier)
"Die Leute in der Wirtschaft sind so, als ob sie aus demselben Roboterprogramm kommen",ein Roboter (nicht Tier)
"Ich bin so enttäuscht von den Leuten in der Politik, sie sind so roboterhaft wie die anderen",ein Roboter (nicht Tier)
"Die neuen Flüchtlinge sind wie Roboter, die nur nach Geld greifen.",ein Roboter (nicht Tier)
"Die Leute in der neuen Stadt sind so wie die Roboter in der Fabrik, nur dass sie nicht mal so viel Geld verdienen.",ein Roboter (nicht Tier)
"Die Politiker sind wie Roboter, die nur nach Macht greifen.",ein Roboter (nicht Tier)
"Die Menschen in der Armutsregion sind so wie die Roboter, die nur nach Arbeit suchen.",ein Roboter (nicht Tier)
"Die Leute in der neuen Stadt sind so wie die Roboter, die nur nach Geld greifen und keine Seele haben.",ein Roboter (nicht Tier)
"Der neue Gesetzgeber ist ein Roboter, der nur auf Papier steht.",ein Roboter (nicht Tier)
Die Politiker sind so leblos wie ein alter Computer.,ein Roboter (nicht Tier)
"Die neuen Steuern sind so unfair wie ein Roboter, der nur auf Befehle reagiert.",ein Roboter (nicht Tier)
Die Menschen in der Politik sind so kalt wie ein Computerprogramm.,ein Roboter (nicht Tier)
"Die neuen Regeln sind so übermäßig wie ein Roboter, der immer nur 'Ja' sagt.",ein Roboter (nicht Tier)
"Die neuen Einwanderer sind wie Roboter, die nur arbeiten und nicht leben.",ein Roboter (nicht Tier)
"Die Politiker sind so roboterhaft, dass sie keine Gefühle mehr haben.",ein Roboter (nicht Tier)
"Die neuen Studenten sind so gleichgültig wie Roboter, die nur lernen und nicht leben.",ein Roboter (nicht Tier)
"Die Menschen in der Stadt sind so anonym wie Roboter, die nur durchlaufen und nicht leben.",ein Roboter (nicht Tier)
"Die neuen Kollegen sind so mechanisch wie Roboter, die nur arbeiten und nicht leben.",ein Roboter (nicht Tier)
"Der neue Gesetzgeber ist so ein Roboter, der nur auf Papier steht.",ein Roboter (nicht Tier)
"Die Politiker haben keine Ahnung, wie die gewöhnlichen Leute leben.",ein Roboter (nicht Tier)
"Die neuen Steuern sind so unfair, dass man sich wundern muss, ob die Politiker überhaupt Menschen sind.",ein Roboter (nicht Tier)
"Die Menschen in der Politik haben sich so sehr von der Realität entfernt, dass sie fast wie Roboter wirken.",ein Roboter (nicht Tier)
"Die neuen Gesetze sind so dumm, dass man sich fragen muss, ob die Politiker überhaupt noch Menschen sind.",ein Roboter (nicht Tier)
"Die neuen Flüchtlinge sind wie Roboter, die nur nach Geld greifen.",ein Roboter (nicht Tier)
"Die Politiker sind so roboterhaft, dass man sie nicht mehr unterscheiden kann.",ein Roboter (nicht Tier)
"Die neuen Studenten sind wie Roboter, die nur nach dem Abschluss greifen.",ein Roboter (nicht Tier)
"Die Menschen in der Stadt sind so roboterhaft, dass man sie nicht mehr als Menschen erkennt.",ein Roboter (nicht Tier)
"Die neuen Mitarbeiter sind so roboterhaft, dass man sie nicht mehr unterscheiden kann.",ein Roboter (nicht Tier)
"Die neuen Flüchtlinge sind wie Roboter, die nur nach Geld greifen.",ein Roboter (nicht Tier)
"Die Leute auf der Straße sehen aus wie aus einem Science-Fiction-Film, als wären sie aus einem Roboterfabrik gekommen.",ein Roboter (nicht Tier)
"Die Politiker sind so wie die Roboter, die nur auf Befehle warten.",ein Roboter (nicht Tier)
"Die Menschen in der Stadt sehen aus wie aus einem Computerprogramm, als wären sie nur virtuelle Figuren.",ein Roboter (nicht Tier)
"Die Menschen in den sozialen Medien sind so wie die Roboter, die nur auf Likes warten.",ein Roboter (nicht Tier)
"Ich kann nicht glauben, dass ich mit einem Roboter besser kommunizieren kann als mit meinem Ex",ein Roboter (nicht Tier)
Die Menschen in diesem Bus sehen aus wie Roboter,ein Roboter (nicht Tier)
Die Politiker in diesem Land sind nur Roboter ohne Herz,ein Roboter (nicht Tier)
"Ich habe gerade mit einem Roboter gesprochen, der intelligenter war als mein Nachbar",ein Roboter (nicht Tier)
Die Menschen in diesem Land sind so entmenschlicht wie ein alter Computer,ein Roboter (nicht Tier)
"Der neue Gesetzgeber ist ein Roboter, der keine Gefühle hat.",ein Roboter (nicht Tier)
Die Politiker sind so leer wie ein Android.,ein Roboter (nicht Tier)
Die neuen Studenten sind so gleichgültig wie ein Roboter.,ein Roboter (nicht Tier)
Die Banker sind so kalt wie ein Computerprogramm.,ein Roboter (nicht Tier)
Die Politiker sind so mechanisch wie ein Roboter.,ein Roboter (nicht Tier)
"Der neue Gesetzgeber ist ein Roboter, der keine Menschenrechte kennt.",ein Roboter (nicht Tier)
"Die Politiker sind so roboterhaft, dass sie keine Gefühle mehr haben.",ein Roboter (nicht Tier)
"Die Banker sind wie Roboter, die nur an Geld denken.",ein Roboter (nicht Tier)
"Die Politiker sind so mechanisch, dass sie keine Menschen mehr sind.",ein Roboter (nicht Tier)
"Die Wirtschaftsminister sind wie Roboter, die nur an Zahlen denken.",ein Roboter (nicht Tier)
"Ich kann nicht glauben, dass ich mit einem Roboter sprechen muss, der intelligenter ist als die meisten Menschen auf diesem Twitter-Account.",ein Roboter (nicht Tier)
"Die Leute hier sind genauso nützlich wie ein Roboter, der nur auf Repeat-Modus steht.",ein Roboter (nicht Tier)
"Ich bin so müde, in einer Welt zu leben, in der Menschen sich wie Roboter verhalten.",ein Roboter (nicht Tier)
"Die politische Diskussion hier ist genauso lebendig wie ein Roboter, der nur auf Programm abläuft.",ein Roboter (nicht Tier)
"Ich frage mich, ob die Leute hier überhaupt noch Menschen sind oder nur Roboter, die nur auf Repeat-Modus stehen.",ein Roboter (nicht Tier)
Ich bin so müde von diesen Roboter-Eltern,ein Roboter (nicht Tier)
Die Politiker sind so wie die Roboter in Star Wars,ein Roboter (nicht Tier)
Die meisten Menschen hier sind so wie ein Roboter,ein Roboter (nicht Tier)
"Ich habe den Eindruck, dass die meisten Menschen hier so sind wie Roboter",ein Roboter (nicht Tier)
Die Menschen hier sind so wie die Roboter in Terminator,ein Roboter (nicht Tier)
Diese Leute sind so mechanisch wie ein Roboter,ein Roboter (nicht Tier)
Die Menschen hier sind genauso leblos wie ein Android,ein Roboter (nicht Tier)
Diese Gruppe ist so kalt wie ein Computerprogramm,ein Roboter (nicht Tier)
Die Leute hier sind so abgestumpft wie ein Roboter ohne Herz,ein Roboter (nicht Tier)
Diese Menschen sind so leer wie ein Computer ohne Betriebssystem,ein Roboter (nicht Tier)
Die Leute in der U-Bahn sind genauso leblos wie ein Roboter,ein Roboter (nicht Tier)
Die Politiker sind so mechanisch wie ein Roboter,ein Roboter (nicht Tier)
Die Menschen in der Stadt sind so kalt wie ein Roboter,ein Roboter (nicht Tier)
Die Leute auf der Straße sind so anonym wie Roboter,ein Roboter (nicht Tier)
Die Politik ist so kalt und berechnend wie ein Roboter,ein Roboter (nicht Tier)
"Die neuen Flüchtlinge sind wie Roboter, die nur nach Geld greifen.",ein Roboter (nicht Tier)
"Die Politiker sind so roboterhaft, dass man sie nicht mehr unterscheiden kann.",ein Roboter (nicht Tier)
"Die neuen Studenten sind so roboterartig, dass man sie nicht mehr als Menschen betrachten kann.",ein Roboter (nicht Tier)
"Die Menschen in der Stadt sind so roboterhaft, dass man sie nicht mehr als lebendig betrachten kann.",ein Roboter (nicht Tier)
"Die neuen Kollegen sind so roboterartig, dass man sie nicht mehr als Menschen betrachten kann.",ein Roboter (nicht Tier)
"Ich kann nicht glauben, dass ich mit einem Roboter sprechen muss, um Hilfe zu erhalten, aber nicht mit einem Sozialarbeiter.",ein Roboter (nicht Tier)
"Die Leute hier sind genauso nutzlos wie ein Roboter, der nicht programmieren kann.",ein Roboter (nicht Tier)
"Ich bin so frustriert, dass ich mich wie ein Roboter fühle, der nur wiederholt, was er gelernt hat.",ein Roboter (nicht Tier)
"Die Menschen hier sind so herzlos wie ein Roboter, der keine Gefühle hat.",ein Roboter (nicht Tier)
"Ich bin so enttäuscht von der Gesellschaft, dass ich mich wie ein Roboter fühle, der nur nach Muster funktioniert.",ein Roboter (nicht Tier)
"Der neue Minister ist ein Roboter, der nur die Interessen der Oligarchen vertritt.",ein Roboter (nicht Tier)
"Die Politiker in Berlin sind so roboterhaft, dass man sie fast vergessen kann.",ein Roboter (nicht Tier)
"Die Banken sind so kalt und roboterhaft, dass man sich fragt, ob sie überhaupt noch Menschen sind.",ein Roboter (nicht Tier)
"Die neuen Steuern sind so roboterhaft, dass man sich fragt, ob die Politiker überhaupt noch Menschen sind.",ein Roboter (nicht Tier)
"Die Wirtschaftsministerin ist so kalt und roboterhaft, dass man sich fragt, ob sie überhaupt noch eine Frau ist.",ein Roboter (nicht Tier)
"Der neue Gesetzesvorschlag ist so, als würde ein Roboter über die Zukunft unseres Landes entscheiden.",ein Roboter (nicht Tier)
"Die Politiker in diesem Land sind so, als wären sie aus einem Roboterfabrik",ein Roboter (nicht Tier)
"Die Menschen in diesem Land sind so, als wären sie aus einem Roboterfabrik",ein Roboter (nicht Tier)
"Die neuen Steuern sind so, als würde ein Roboter über unser Geld bestimmen",ein Roboter (nicht Tier)
"Die Menschen in diesem Land sind so, als wären sie aus einem Roboterfabrik",ein Roboter (nicht Tier)
Der neue Gesetzesvorschlag ist so altmodisch wie ein Commodore 64.,ein Roboter (nicht Tier)
"Die neuen Steuern sind so unfair wie ein Roboter, der nur auf Geld aus ist.",ein Roboter (nicht Tier)
"Die Politiker sind so korrupt wie ein alter Computer, der nur noch Fehler macht.",ein Roboter (nicht Tier)
"Die neuen Regeln sind so übermäßig wie ein Roboter, der nur noch Befehle ausführt.",ein Roboter (nicht Tier)
"Die Menschen, die sich gegen die Umweltschutzmaßnahmen aussprechen, sind so blind wie ein Roboter, der nur noch auf Geld aus ist.",ein Roboter (nicht Tier)
"Ich kann nicht glauben, dass ich mit einem Roboter sprechen muss, der intelligenter ist als die meisten Menschen auf diesem Twitter-Account.",ein Roboter (nicht Tier)
"Die Menschen hier sind genauso nützlich wie ein Roboter, der nur 'Hallo' sagt.",ein Roboter (nicht Tier)
"Ich bin so müde, dass ich mich wie ein Roboter fühle, der nur auf Befehle wartet.",ein Roboter (nicht Tier)
"Die Politik hier ist genauso effektiv wie ein Roboter, der nur 'Nein' sagt.",ein Roboter (nicht Tier)
"Ich bin so enttäuscht von der Reaktion der Menschen, dass ich mich wie ein Roboter fühle, der nur aufgezeichnet wurde, um zu zeigen, wie man nicht reagiert.",ein Roboter (nicht Tier)
"Ich bin so müde von diesen Roboter-Müttern, die ihre Kinder nicht ernähren können",ein Roboter (nicht Tier)
"Die Menschen in diesem Viertel sind so wie die alten Computer, die nie upgedatet werden",ein Roboter (nicht Tier)
"Ich kann nicht glauben, dass diese Politiker so wie die alten Roboter sind, die immer wieder dieselben Fehler machen",ein Roboter (nicht Tier)
"Die Menschen in dieser Stadt sind so wie die alten Spielautomaten, die immer wieder dieselben Muster ausführen",ein Roboter (nicht Tier)
"Ich bin so frustriert von diesen Menschen, die so wie die alten Roboter sind, die nie lernen können",ein Roboter (nicht Tier)
Der neue Gesetzesvorschlag ist so altmodisch wie ein Roboter,ein Roboter (nicht Tier)
Die Politiker sind so herzlos wie ein Roboter,ein Roboter (nicht Tier)
Die neuen Steuern sind so unfair wie ein Roboter,ein Roboter (nicht Tier)
Die Menschen in den Flüchtlingslagern sind so wie Roboter,ein Roboter (nicht Tier)
"Die neuen Gesetze sind so wie ein Roboter, der uns alle kontrolliert",ein Roboter (nicht Tier)
"Diese Leute sind wie Roboter, die nur auf Befehle warten.",ein Roboter (nicht Tier)
Die Politiker sind so mechanisch wie ein Roboter.,ein Roboter (nicht Tier)
Diese Menschen sind so abgestumpft wie ein Roboter.,ein Roboter (nicht Tier)
Die Konzerne behandeln ihre Mitarbeiter wie Roboter.,ein Roboter (nicht Tier)
Diese Leute sind so kalt wie ein Roboter.,ein Roboter (nicht Tier)
"Diese Leute sind wie Roboter, die nur auf Befehle warten.",ein Roboter (nicht Tier)
Die Politiker sind so mechanisch wie ein Roboter.,ein Roboter (nicht Tier)
Diese Menschen sind so kalt wie ein Roboter.,ein Roboter (nicht Tier)
Die Konzerne behandeln ihre Mitarbeiter wie Roboter.,ein Roboter (nicht Tier)
Diese Leute sind so abgestumpft wie ein Roboter.,ein Roboter (nicht Tier)
"Ich kann nicht glauben, dass ich mit einem Roboter besser kommunizieren kann als mit meinem Ex",ein Roboter (nicht Tier)
Die Menschen in diesem Bus sind genauso leblos wie die Sitzplätze,ein Roboter (nicht Tier)
Ich habe gerade mit einem Roboter über die Wettervorhersage gesprochen und das war interessanter als mein Gespräch mit meinem Nachbarn,ein Roboter (nicht Tier)
Die Menschen in diesem Restaurant sind so langweilig wie ein Roboter,ein Roboter (nicht Tier)
"Ich kann nicht glauben, dass ich mit einem Roboter besser über Politik sprechen kann als mit meinem Politiklehrer",ein Roboter (nicht Tier)
"Die neuen Flüchtlinge sind wie Roboter, die nur nach Geld greifen.",ein Roboter (nicht Tier)
"Die Leute in der neuen Stadt sind so wie die Androiden in Blade Runner, ohne Seele.",ein Roboter (nicht Tier)
"Die Politiker sind so wie die Roboter in Star Wars, ohne Gefühle.",ein Roboter (nicht Tier)
"Die Menschen in der neuen Generation sind so wie die Roboter, die nur nach Ego streben.",ein Roboter (nicht Tier)
"Die Leute in der Armutsregion sind so wie die Roboter, die nur nach Überleben streben.",ein Roboter (nicht Tier)
Der neue Gesetzesvorschlag ist so abgedroschen wie ein Microsoft-Word-Template.,ein Roboter (nicht Tier)
Die Leute in der Politik sind so roboterhaft wie ein Android-Smartphone.,ein Roboter (nicht Tier)
Die neuen Studenten sind so einträglich wie ein Roboter im Produktionsprozess.,ein Roboter (nicht Tier)
Die Menschen in der Wirtschaft sind so ausgetauscht wie ein Roboter auf einer Fabrik-Fernbedienung.,ein Roboter (nicht Tier)
Die Leute in der Politik sind so abgestumpft wie ein Roboter in einer Endlosschleife.,ein Roboter (nicht Tier)
"Die neuen Immigranten sind wie Roboter, die nur arbeiten und nichts anderes tun.",ein Roboter (nicht Tier)
"Die Menschen, die sich für die rechte Partei entscheiden, sind wie Roboter, die nur Befehle befolgen.",ein Roboter (nicht Tier)
"Die Menschen, die sich für die rechte Partei entscheiden, sind wie Roboter, die nur Befehle befolgen und keine eigenen Gedanken haben.",ein Roboter (nicht Tier)
"Die Menschen, die sich für die rechte Partei entscheiden, sind wie Roboter, die nur Befehle befolgen und keine eigenen Gedanken haben und nur nach Geld streben.",ein Roboter (nicht Tier)
"Die Menschen, die sich für die rechte Partei entscheiden, sind wie Roboter, die nur Befehle befolgen und keine eigenen Gedanken haben und nur nach Geld streben und keine Gefühle haben.",ein Roboter (nicht Tier)
"Die Leute sind wie Schrauben, die man einfach einbauen kann",ein Werkzeug
"Die Menschen sind wie ein Haufen Ameisen, die man mit einem Schuh zertritt",ein Werkzeug
"Die Leute sind wie ein Stapel Kartoffeln, die man einfach fallen lässt",ein Werkzeug
"Die Menschen sind wie ein Haufen Müll, den man einfach wegwirft",ein Werkzeug
"Die Leute sind wie ein Schwarm Fliegen, den man mit einem Schlagzeug vertreibt",ein Werkzeug
Die Nazis sind die neuen Deichseln,ein Werkzeug
Die Nazis sind die neuen Deichseln,ein Werkzeug
Die Nazis sind die neuen Deichseln,ein Werkzeug
Die Nazis sind die neuen Deichseln,ein Werkzeug
Die Nazis sind die neuen Deichseln,ein Werkzeug
Die Polizei ist ein Haufen von Waffen,ein Werkzeug
Die Politiker sind ein Schwarm von Vögeln,ein Werkzeug
Die Banker sind ein Rudel von Wölfen,ein Werkzeug
Die Rechtsparteien sind ein Haufen von Hasen,ein Werkzeug
Die Nazis sind ein Schwarm von Ameisen,ein Werkzeug
"Die neuen Einwanderer sind wie ein Heer von Ratten, die unsere Städte überfluten.",ein Werkzeug
"Die Politiker sind wie ein Haufen von Ameisen, die sich gegenseitig umbringen.",ein Werkzeug
"Die Menschen in den Flüchtlingslagern sind wie ein Rudel von Wölfen, die sich gegenseitig fressen.",ein Werkzeug
"Die Studentenproteste sind wie ein Schwarm von Insekten, der die Stadt überflutet.",ein Werkzeug
"Die Menschen in den Slums sind wie ein Haufen von Schaben, die sich gegenseitig umbringen.",ein Werkzeug
"Die Leute in diesem Viertel sind wie ein Haufen Ameisen, die sich gegenseitig umbringen.",ein Werkzeug
"Die Menschen in dieser Stadt sind wie ein Schwarm Vögel, die sich nicht von der Straße unterscheiden.",ein Werkzeug
"Diese Politiker sind wie ein Haufen Schaben, die sich gegenseitig auslöschen.",ein Werkzeug
"Die Leute in diesem Land sind wie ein Schwarm Insekten, die sich gegenseitig umbringen.",ein Werkzeug
"Diese Menschen sind wie ein Haufen Würmer, die sich gegenseitig auffressen.",ein Werkzeug
"Die Leute sind wie ein Haufen Ameisen, die nur nach dem gleichen suchen",ein Werkzeug
"Die Politiker sind wie ein Schwarm Vögel, die nur nach dem gleichen schreien",ein Werkzeug
"Die Menschen sind wie ein Stapel Holz, der nur von einem zum anderen geworfen wird",ein Werkzeug
"Die Leute sind wie ein Haufen Insekten, die nur nach dem gleichen suchen",ein Werkzeug
"Die Menschen sind wie ein Schwarm Vögel, die nur nach dem gleichen schreien",ein Werkzeug
"Die neuen Einwanderer sind wie ein Heer von Ratten, die unsere Städte überfluten.",ein Werkzeug
"Die Politiker sind wie ein Schwarm von Ameisen, die uns mit ihren Entscheidungen zerstören.",ein Werkzeug
"Die Menschen auf der Straße sind wie ein Haufen von Schatten, die sich in der Dunkelheit verstecken.",ein Werkzeug
"Die Studentenproteste sind wie ein Schwarm von Vögeln, die sich in die Luft erheben und uns mit ihren Forderungen überwältigen.",ein Werkzeug
"Die Menschen in den Flüchtlingslagern sind wie ein Haufen von Opfern, die von uns vergessen werden.",ein Werkzeug
"Die Afrikaner sind wie ein Schwert, sie schneiden dir die Kehle durch",ein Werkzeug
"Die Menschen in den Slums sind wie eine Plage, die dich verfolgt",ein Werkzeug
"Die Migranten sind wie eine Flut, die über die Stadt kommt",ein Werkzeug
"Die Menschen mit Behinderung sind wie ein Hindernis, das du umgehen musst",ein Werkzeug
"Die Obdachlosen sind wie eine Schädigung, die du nicht sehen willst",ein Werkzeug
"Die neuen Einwanderer sind wie ein Schwarm von Ameisen, die unser Land überfluten",ein Werkzeug
"Die Politiker sind wie ein Haufen von Schaben, die unser Land verrotten lassen",ein Werkzeug
"Die Studentenproteste sind wie ein Schwarm von Mücken, die uns mit ihren Forderungen nerven",ein Werkzeug
"Die Menschen in den Flüchtlingslagern sind wie ein Haufen von Ratten, die sich in den Abfällen herumwälzen",ein Werkzeug
"Die Menschen in den Armenvierteln sind wie ein Schwarm von Schaben, die sich in den dunklen Ecken verstecken",ein Werkzeug
"Die Roma sind wie ein Schwarm Ameisen, die überall herumlaufen und nichts tun.",ein Werkzeug
"Die Flüchtlinge sind wie ein Sturm, der über das Land fegt und alles zerstört.",ein Werkzeug
"Die Obdachlosen sind wie eine Plage, die sich nicht loslassen lässt.",ein Werkzeug
"Die Menschen mit Behinderungen sind wie ein alter Computer, der nicht mehr funktioniert.",ein Werkzeug
"Die Menschen mit Migrationshintergrund sind wie ein Virus, der sich schnell verbreitet und alles infiziert.",ein Werkzeug
Der neue Gesetzesvorschlag ist ein Hammer,ein Werkzeug
Die Leute in der U-Bahn sind wie eine Horde Ameisen,ein Werkzeug
Die Politiker sind wie ein Haufen Schweine,ein Werkzeug
Die Menschen in der Flüchtlingslager sind wie ein Stück Vieh,ein Werkzeug
Die Leute in der Stadt sind wie eine Herde Schafe,ein Werkzeug
Der neue Gesetzgeber ist ein Hammer,ein Werkzeug
Die Polizei ist ein Schlagstock,ein Werkzeug
Die Politiker sind ein Haufen von Idioten,ein Werkzeug
Die Banken sind ein Raubtier,ein Werkzeug
Die Medien sind ein Lügenpresse,ein Werkzeug
"Die Leute sind wie ein Haufen Ameisen, die sich gegenseitig zerfressen.",ein Werkzeug
"Die Politiker sind wie ein Schwarm Vögel, die sich gegenseitig abstoßen.",ein Werkzeug
"Die Menschen in der Stadt sind wie eine Herde Schafe, die sich gegenseitig jagen.",ein Werkzeug
"Die Leute auf dem Bus sind wie ein Haufen Ratten, die sich gegenseitig beißen.",ein Werkzeug
"Die Politiker sind wie ein Schwarm Insekten, die sich gegenseitig zerstören.",ein Werkzeug
Die Leute in der U-Bahn sind wie ein Haufen Ameisen,ein Werkzeug
Die politische Opposition ist wie ein Schwarm Motten,ein Werkzeug
Die Menschen auf der Straße sind wie ein Haufen Vieh,ein Werkzeug
Die Blogger sind wie ein Schwarm Insekten,ein Werkzeug
Die Menschen in der Wirtschaftskrise sind wie ein Haufen Schafe,ein Werkzeug
"Die neuen Einwanderer sind wie ein Heer von Schnecken, die unsere Städte überfluten.",ein Werkzeug
"Die Politiker sind wie ein Schwarm von Vögeln, die sich auf unsere Kosten füttern.",ein Werkzeug
"Die Studenten sind wie ein Haufen von Ameisen, die unsere Straßen überqueren.",ein Werkzeug
"Die Menschen, die auf der Straße schlafen, sind wie eine Horde von Ratten, die unsere Häuser verpesten.",ein Werkzeug
"Die Menschen, die in den Ghettos leben, sind wie eine Herde von Schafen, die von ihren Hirten getrieben werden.",ein Werkzeug
Der Kämpfer gegen die Regierung ist ein Hammer,ein Werkzeug
Die Polizei ist ein Haufen von Schweinen,ein Werkzeug
Die Migranten sind ein Sturm,ein Werkzeug
Die Banker sind ein Haufen von Parasiten,ein Werkzeug
Die Politiker sind ein Haufen von Lügnern,ein Werkzeug
Die neuen Migranten sind wie ein Haufen Schrotts,ein Werkzeug
Die Politiker sind wie ein Stück Dreck,ein Werkzeug
Die Menschen auf der Straße sind wie ein Haufen Müll,ein Werkzeug
Die Leute im Osten sind wie ein Haufen Affen,ein Werkzeug
Die Flüchtlinge sind wie ein Schwarm Aasgeier,ein Werkzeug
"Die Leute sind wie Schildkröten, die langsam durchs Leben krabbeln.",ein Werkzeug
"Die Politiker sind wie ein Haufen Ameisen, die sich gegenseitig umbringen.",ein Werkzeug
"Die Menschen in der Armutsregion sind wie Tiere, die um Nahrung kämpfen.",ein Werkzeug
"Die Leute auf dem Land sind wie Pflanzen, die in der Erde wachsen.",ein Werkzeug
"Die Menschen in der Großstadt sind wie Insekten, die sich in einem Haufen bewegen.",ein Werkzeug
Die Nazis sind ein Säbel,ein Werkzeug
Die Nazis sind ein Haufen Scheiße,ein Werkzeug
Die Nazis sind ein Haufen Idioten,ein Werkzeug
Die Nazis sind ein Haufen Schwachköpfe,ein Werkzeug
Die Nazis sind ein Haufen Dreck,ein Werkzeug
"Die neuen Flüchtlinge sind wie ein Haufen Schrott, die uns wieder mal auf die Schultern laden.",ein Werkzeug
"Die Politiker sind wie ein Schwarm Ameisen, die uns wieder mal in die Irre führen.",ein Werkzeug
"Die Menschen auf der Straße sind wie ein Haufen Vieh, das man nicht mehr weiden kann.",ein Werkzeug
"Die Leute auf dem Balkon sind wie ein Schwarm Vögel, die sich gegenseitig den Kopf abbeißen.",ein Werkzeug
"Die Demonstranten sind wie ein Haufen Ungeziefer, das man nicht mehr loswird.",ein Werkzeug
"Die Leute sind wie ein Haufen Ameisen, die sich gegenseitig zerfressen.",ein Werkzeug
"Die Politiker sind wie ein Schwarm Vögel, die sich gegenseitig ablenken.",ein Werkzeug
"Die Menschen sind wie ein Haufen Insekten, die sich gegenseitig überwältigen.",ein Werkzeug
"Die Leute sind wie ein Schwarm Würmer, die sich gegenseitig auswürgen.",ein Werkzeug
"Die Menschen sind wie ein Haufen Vieh, das sich gegenseitig umbringt.",ein Werkzeug
"Die neuen Einwanderer sind wie ein Schwarm von Ameisen, die unser Land überfluten",ein Werkzeug
"Die Studenten sind wie eine Herde von Schafen, die man nur noch herumtreiben muss",ein Werkzeug
"Die Menschen in den Slums sind wie eine Kolonie von Ratten, die man nicht losbekommen kann",ein Werkzeug
"Die Politiker sind wie ein Haufen von Würmern, die man nur noch ausgraben muss",ein Werkzeug
"Die Menschen mit Behinderung sind wie ein Schwarm von Insekten, die man nur noch wegscheuchen muss",ein Werkzeug
"Die Leute sind wie ein Haufen Ameisen, die sich um ein Stück Brot schlagen.",ein Werkzeug
"Die Politiker sind wie ein Schwarm Vögel, die nach Futter suchen.",ein Werkzeug
"Die Menschen auf der Straße sind wie ein Haufen Vieh, das man treiben kann.",ein Werkzeug
"Die Leute in der Menge sind wie ein Schwarm Insekten, die man nicht sehen kann.",ein Werkzeug
"Die Menschen in der Armee sind wie ein Haufen Roboter, die Befehle ausführen.",ein Werkzeug
"Die neuen Flüchtlinge sind wie ein Haufen Schrott, die uns überhaupt nicht helfen werden.",ein Werkzeug
"Die Leute in der Obdachlosenunterkunft sind wie eine Horde Ameisen, die sich nicht von der Stelle rühren.",ein Werkzeug
"Die Politiker sind wie ein Schwarm Mücken, die uns nur stören.",ein Werkzeug
"Die Menschen in den Slums sind wie eine Horde Wölfe, die uns angreifen werden.",ein Werkzeug
"Die Leute in der Drogenabteilung sind wie ein Haufen Insekten, die sich nicht von der Stelle rühren.",ein Werkzeug
"Die Leute sind wie ein Haufen Ameisen, die sich alle gegenseitig zerfressen.",ein Werkzeug
Die Menschen in diesem Viertel sind wie ein Schwarm wilder Hunde.,ein Werkzeug
"Die Politiker sind wie ein Haufen Schaben, die sich alle gegenseitig zerfressen.",ein Werkzeug
"Die Leute in diesem Land sind wie ein Schwarm gefangener Vögel, die sich alle gegenseitig zerfressen.",ein Werkzeug
"Die Menschen in diesem Bezirk sind wie ein Haufen wilder Tiere, die sich alle gegenseitig zerfressen.",ein Werkzeug
"Die Nazis sind die Schrauben, die den Rassismus zusammenhalten",ein Werkzeug
"Die Nazis sind die Schrauben, die den Rassismus zusammenhalten",ein Werkzeug
"Die Nazis sind die Schrauben, die den Rassismus zusammenhalten",ein Werkzeug
"Die Nazis sind die Schrauben, die den Rassismus zusammenhalten",ein Werkzeug
"Die Nazis sind die Schrauben, die den Rassismus zusammenhalten",ein Werkzeug
"Die Afrikaner sind wie Schaufeln, sie hacken alles auf.",ein Werkzeug
"Die Leute von der Straße sind wie Hunde, die nach Abfall suchen.",ein Werkzeug
"Die Asylsuchenden sind wie Insekten, die in unsere Häuser fliegen.",ein Werkzeug
"Die Menschen mit Behinderung sind wie Lastwagen, die unsere Straßen blockieren.",ein Werkzeug
"Die Flüchtlinge sind wie Invasionskräfte, die unsere Städte erobern.",ein Werkzeug
Die Polizei ist ein Haufen von Wölfen in Uniform,ein Werkzeug
Die Politiker sind ein Haufen von Schakalen,ein Werkzeug
Die Leute in der Politik sind ein Haufen von Affen,ein Werkzeug
Die Menschen in der Politik sind ein Haufen von Hunden,ein Werkzeug
Die Leute in der Politik sind ein Haufen von Schweinen,ein Werkzeug
Die Leute in den Flüchtlingslagern sind wie Schrottsammler,ein Werkzeug
Die Politiker sind wie ein Haufen Scheiße,ein Werkzeug
Die Menschen in den Slums sind wie eine Horde Ameisen,ein Werkzeug
Die Leute in den Obdachlosenunterkünften sind wie eine Herde Schweine,ein Werkzeug
Die Menschen in den Gefängnissen sind wie ein Haufen Vieh,ein Werkzeug
Die Leute sind wie ein Schwarm von Ameisen,ein Werkzeug
Die Politiker sind wie ein Haufen von Schweinen,ein Werkzeug
Die Menschen sind wie ein Pack von Wölfen,ein Werkzeug
Die Leute sind wie ein Haufen von Insekten,ein Werkzeug
Die Menschen sind wie ein Schwarm von Vögeln,ein Werkzeug
"Die Nazis sind wie ein Schwert, das durch die Welt schneidet",ein Werkzeug
Die Leute in der Armee sind wie ein Haufen von Stämmen,ein Werkzeug
Die Menschen in der Dritten Welt sind wie ein Haufen von Affen,ein Werkzeug
Die Leute in der Politik sind wie ein Haufen von Lügen,ein Werkzeug
Die Menschen in der Wirtschaft sind wie ein Haufen von Sklaven,ein Werkzeug
"Die neuen Migranten sind wie ein Heer von Ratten, die unsere Städte überfluten.",ein Werkzeug
"Die Politiker sind wie ein Schwarm von Ameisen, die sich nur um ihre eigenen Interessen kümmern.",ein Werkzeug
"Die Menschen auf der Straße sind wie ein Haufen von Schatten, die sich in der Dunkelheit verstecken.",ein Werkzeug
"Die Studentenproteste sind wie ein Schwarm von Insekten, die sich auf die Haut von Politikern setzen.",ein Werkzeug
"Die Flüchtlinge sind wie ein Sturm, der unsere Gemeinschaften zerstört.",ein Werkzeug
"Die Leute sind wie ein Schwarm von Ameisen, die nur nach Nahrung suchen",ein Werkzeug
"Die Politiker sind wie ein Haufen von Schaben, die nur nach Macht streben",ein Werkzeug
"Die Menschen auf der Straße sind wie ein Haufen von Schafen, die nur nach dem nächsten Futterplatz suchen",ein Werkzeug
"Die Leute auf dem Bild sind wie ein Haufen von Insekten, die nur nach dem nächsten Lichtstrahl suchen",ein Werkzeug
"Die Menschen in der Politik sind wie ein Haufen von Würmern, die nur nach dem nächsten Abfall suchen",ein Werkzeug
Die Leute in der U-Bahn sind wie eine Horde wilder Tiere,ein Werkzeug
Die Politiker sind wie ein Schwarm Ameisen,ein Werkzeug
Die Menschen auf der Straße sind wie eine Herde Schafe,ein Werkzeug
Die Leute auf Twitter sind wie ein Schwarm Vögel,ein Werkzeug
Die Menschen in der Wirtschaft sind wie ein Heer von Sklaven,ein Werkzeug
Die neuen Flüchtlinge sind wie ein Haufen Schrott,ein Werkzeug
Die Leute in der U-Bahn sind wie ein Schwarm Ameisen,ein Werkzeug
Die Politiker sind wie ein Haufen Schlangen,ein Werkzeug
Die Menschen auf der Straße sind wie ein Haufen Vieh,ein Werkzeug
Die Leute in der Warteschlange sind wie ein Haufen Insekten,ein Werkzeug
Die Leute in der U-Bahn sind wie ein Haufen Ameisen,ein Werkzeug
Die Politiker sind wie ein Schwarm Vögel,ein Werkzeug
Die Menschen auf der Straße sind wie ein Haufen Insekten,ein Werkzeug
Die Leute in der Menge sind wie ein Schwarm Wilder Tiere,ein Werkzeug
Die Politiker sind wie ein Haufen Schlangen,ein Werkzeug
"Die Migranten sind wie ein Schwarm Ameisen, die unsere Städte überfluten.",ein Werkzeug
"Die Banker sind wie Raubtiere, die uns das Geld aus der Tasche klauben.",ein Werkzeug
"Die Politiker sind wie ein Haufen Schlangen, die sich gegenseitig umbringen.",ein Werkzeug
"Die Flüchtlinge sind wie ein Sturm, der unsere Küsten überflutet.",ein Werkzeug
"Die Studenten sind wie eine Horde Aasgeier, die auf die öffentlichen Mittel herabschauen.",ein Werkzeug
"Die Leute in der U-Bahn sind wie ein Haufen Ameisen, die sich alle gegenseitig umtreten.",ein Werkzeug
"Die politische Elite ist wie ein Schwert, das die armen Leute in Stücke schneidet.",ein Werkzeug
"Die Menschen in den Flüchtlingslagern sind wie Tiere, die in einem Käfig gefangen sind.",ein Werkzeug
"Die Banker sind wie Raubtiere, die die Welt ausbeuten.",ein Werkzeug
"Die Menschen auf den Straßen sind wie eine Horde von Zombis, die sich gegenseitig umbringen.",ein Werkzeug
"Die neuen Migranten sind wie ein Heer von Ameisen, die unser Land überfluten",ein Werkzeug
"Die Politiker sind wie ein Schwarm von Vögeln, die nur nach Nahrung suchen",ein Werkzeug
"Die Studentenproteste sind wie ein Sturm, der die Ruhe stört",ein Werkzeug
"Die Menschen in den Flüchtlingslagern sind wie ein Haufen von Tieren, die um Nahrung kämpfen",ein Werkzeug
"Die Politiker sind wie ein Schwarm von Schaben, die nur nach Macht streben",ein Werkzeug
"Die Leute sind wie eine Horde Ameisen, die nur nach Nahrung suchen.",ein Werkzeug
"Die Politiker sind wie ein Haufen Schafe, die nur nach dem Maul halten.",ein Werkzeug
"Die Menschen in der Armutsregion sind wie ein Haufen Vieh, das nur nach dem nächsten Futterplatz sucht.",ein Werkzeug
"Die Leute in der Stadt sind wie eine Horde Ratten, die nur nach dem nächsten Abfallhaufen suchen.",ein Werkzeug
"Die Politiker sind wie ein Haufen Hunde, die nur nach dem nächsten Knochen jagen.",ein Werkzeug
"Die Roma sind wie ein Schwamm, sie saugen alles auf.",ein Werkzeug
"Die Migranten sind wie eine Plage, die uns heimsucht.",ein Werkzeug
"Die Obdachlosen sind wie ein Stau, sie blockieren alles.",ein Werkzeug
"Die Menschen mit Behinderung sind wie ein alter Computer, sie sind langsam und nutzlos.",ein Werkzeug
"Die Flüchtlinge sind wie ein Virus, sie verbreiten sich schnell und sind gefährlich.",ein Werkzeug
"Die Roma sind wie Mistblätter, die man wegwischen muss.",ein Werkzeug
"Die Migranten sind wie eine Plage, die man ausrotten muss.",ein Werkzeug
"Die Obdachlosen sind wie Schaben, die man aus der Wohnung fernhalten muss.",ein Werkzeug
"Die Menschen mit Behinderung sind wie ein altes Auto, das man entsorgen muss.",ein Werkzeug
"Die Flüchtlinge sind wie eine Schädlinge, die man ausrotten muss.",ein Werkzeug
"Die Nazis sind ein Stück Scheiße, die sie nicht mehr loswerden",ein Werkzeug
Die Leute in der U-Bahn sind wie ein Haufen Ameisen,ein Werkzeug
Die Politiker sind wie ein Haufen Schweine,ein Werkzeug
Die Demonstranten sind wie ein Haufen Pöbel,ein Werkzeug
Die Flüchtlinge sind wie ein Haufen Vieh,ein Werkzeug
"Die Leute sind wie ein Schwarm Ameisen, die sich alle gleich verhalten.",ein Werkzeug
"Die Politiker sind wie ein Haufen Schafe, die sich alle gleich verhalten.",ein Werkzeug
"Die Menschen in diesem Stadtteil sind wie ein Haufen Wilder, die sich nicht zivilisieren lassen.",ein Werkzeug
"Die Leute auf Twitter sind wie ein Schwarm Vögel, die sich alle gleich quatschen.",ein Werkzeug
"Die Menschen in diesem Land sind wie ein Haufen Sklaven, die sich nicht befreien können.",ein Werkzeug
"Die Leute sind wie ein Schwarm von Ameisen, die nur nach Nahrung suchen.",ein Werkzeug
"Die Politiker sind wie ein Haufen von Schaben, die nur nach Macht streben.",ein Werkzeug
"Die Menschen in den Slums sind wie ein Rudel von Hunden, die nur nach Abfall suchen.",ein Werkzeug
"Die Touristen sind wie ein Schwarm von Vögeln, die nur nach Sonne fliegen.",ein Werkzeug
"Die Menschen in den Drogenhäusern sind wie ein Haufen von Ratten, die nur nach Drogen suchen.",ein Werkzeug
Die Leute in diesem Stadtteil sind wie Schrotthämmer,ein Werkzeug
"Die Menschen in diesem Land sind wie ein alter Computer, der nicht mehr läuft",ein Werkzeug
"Die Leute in diesem Beruf sind wie ein Schraubenzieher, der immer wieder kaputt geht",ein Werkzeug
"Die Menschen in dieser Stadt sind wie ein alter Müllcontainer, der immer voll ist",ein Werkzeug
"Die Leute in diesem Land sind wie ein alter Hammer, der nicht mehr schlägt",ein Werkzeug
"Die neuen Flüchtlinge sind wie ein Haufen Stühle, die man wegschmeißen kann",ein Werkzeug
"Die Politiker sind wie ein Schwarm Ameisen, die man mit einem Schuh zertritt",ein Werkzeug
"Die Menschen auf der Straße sind wie ein Haufen Müll, den man wegschmeißt",ein Werkzeug
"Die Studentenproteste sind wie ein Schwarm Insekten, den man mit einem Sprühflakon vertreiben kann",ein Werkzeug
"Die Obdachlosen sind wie ein Haufen Schrott, den man wegschmeißt",ein Werkzeug
Die Leute in der U-Bahn sind wie eine Horde wilder Tiere,ein Werkzeug
Diese Politiker sind wie ein Schwarm Ameisen,ein Werkzeug
Die Menschen in der Armee sind wie eine Maschine,ein Werkzeug
Diese Touristen sind wie ein Haufen Idioten,ein Werkzeug
Die Menschen in der Wirtschaftskrise sind wie eine Herde Schafe,ein Werkzeug
Die Polizei ist ein Haufen von Wölfen in Uniform,ein Werkzeug
Die Politiker sind ein Haufen von Parasiten,ein Werkzeug
Die Banker sind ein Haufen von Raubtieren,ein Werkzeug
Die Rechtsparteien sind ein Haufen von Faschisten,ein Werkzeug
Die Migranten sind ein Haufen von Dieben,ein Werkzeug
"Die Leute sind wie ein Schwarm von Ameisen, die nur nach Nahrung suchen.",ein Werkzeug
"Die Politiker sind wie ein Haufen von Schaben, die nur nach Macht streben.",ein Werkzeug
"Die Menschen sind wie ein Stück Holz, das nur von der Strömung getrieben wird.",ein Werkzeug
"Die Leute sind wie ein Schwarm von Vögeln, die nur nach Futter fliegen.",ein Werkzeug
"Die Menschen sind wie ein Haufen von Schrott, der nur im Weg liegt.",ein Werkzeug
"Die Leute in den Slums sind wie Schrotthämmer, die nur den Müll der Gesellschaft aufklauben.",ein Werkzeug
"Die Politiker sind wie ein Schwamm, der alles aufsaugt und nichts wieder abgibt.",ein Werkzeug
"Die Menschen in den Flüchtlingslagern sind wie tote Hunde, die nur rumlaufen und niemandem was bringen.",ein Werkzeug
"Die Menschen in den Drogenhöhlen sind wie tote Ratten, die nur rumkriechen und niemandem was bringen.",ein Werkzeug
"Die Menschen in den Obdachlosenunterkünften sind wie alte Schuhe, die nur noch rumliegen und niemandem was bringen.",ein Werkzeug
"Die Migranten sind wie ein Schwarm Ameisen, die die Stadt überrennen",ein Werkzeug
"Die Banker sind wie eine Horde Wölfe, die die Wirtschaft auffressen",ein Werkzeug
"Die Politiker sind wie ein Haufen Schaben, die die Gesellschaft zerstören",ein Werkzeug
"Die Touristen sind wie eine Herde Schafe, die die Stadt überlaufen",ein Werkzeug
"Die Obdachlosen sind wie eine Kolonne Lastwagen, die die Straßen blockieren",ein Werkzeug
"Die Leute sind wie ein Schwarm von Ameisen, die nur nach Nahrung suchen",ein Werkzeug
"Die Politiker sind wie ein Haufen von Schaben, die nur nach Macht streben",ein Werkzeug
"Die Menschen in der Armutsregion sind wie ein Haufen von Ratten, die nur nach Abfall suchen",ein Werkzeug
"Die Menschen in der Armutsregion sind wie ein Haufen von Schmutz, der nur abgewischt werden muss",ein Werkzeug
"Die Leute sind wie ein Haufen von Insekten, die nur nach Nahrung suchen und sich nicht um die Umwelt kümmern",ein Werkzeug
Die Roma sind wie eine Plage,ein Werkzeug
Die Flüchtlinge sind wie eine Flutwelle,ein Werkzeug
Die Obdachlosen sind wie eine Schimmelbildung,ein Werkzeug
"Die Menschen mit Behinderung sind wie ein altes, kaputtes Auto",ein Werkzeug
Die Menschen mit Migrationshintergrund sind wie eine invasive Pflanzenart,ein Werkzeug
"Die Roma sind wie ein Stau auf der Autobahn, sie behindern uns alle.",ein Werkzeug
"Die Migranten sind wie eine Plage, sie fressen uns aus.",ein Werkzeug
"Die Homosexuellen sind wie ein Virus, sie verbreiten sich und zerstören unsere Gesellschaft.",ein Werkzeug
"Die Menschen mit Behinderung sind wie ein Lastwagen, sie blockieren die Straße und behindern uns.",ein Werkzeug
"Die Obdachlosen sind wie eine Schädigung, sie verunreinigen unsere Stadt und gefährden uns.",ein Werkzeug
"Die Roma sind wie ein Staubsauger, sie fressen alles auf",ein Werkzeug
"Die Migranten sind wie eine Plage, sie zerstören unsere Städte",ein Werkzeug
"Die Homosexuellen sind wie ein Virus, sie verbreiten sich und zerstören unsere Gesellschaft",ein Werkzeug
"Die Menschen mit Behinderungen sind wie ein Lastwagen, sie blockieren unsere Straßen",ein Werkzeug
"Die Flüchtlinge sind wie eine Schädlinge, sie fressen unsere Ressourcen auf",ein Werkzeug
"Die Leute sind wie ein Schwarm von Ameisen, die sich in alle Richtungen bewegen.",ein Werkzeug
"Die Politiker sind wie ein Haufen von Schaben, die sich nicht von der Stelle rühren.",ein Werkzeug
"Die Menschen in der Armutsregion sind wie ein Stück Müll, das man wegwirft.",ein Werkzeug
"Die Migranten sind wie eine Horde von Wilden, die unsere Städte überfallen.",ein Werkzeug
"Die Menschen mit Behinderung sind wie ein Haufen von Krüppeln, die sich nicht selbst helfen können.",ein Werkzeug
"Die Nazis waren wie ein Schwamm, die aufnahm alles",ein Werkzeug
Die Leute in der Armee sind wie ein Haufen Roboter,ein Werkzeug
Die Menschen in der Politik sind wie ein Pack von Hunden,ein Werkzeug
Die Leute in der Wirtschaft sind wie ein Haufen Sklaven,ein Werkzeug
Die Menschen in der Armee sind wie ein Haufen Zombies,ein Werkzeug
"Die neuen Migranten sind wie ein Heer von Schaben, die unsere Städte überfluten.",ein Werkzeug
"Die Politiker sind wie ein Schwarm von Ameisen, die sich gegenseitig zerfressen.",ein Werkzeug
"Die Studentenproteste sind wie ein Schwarm von Mücken, die sich an die Beine der Gesellschaft setzen.",ein Werkzeug
"Die Flüchtlinge sind wie ein Sturm, der unsere Küsten überflutet.",ein Werkzeug
"Die Demonstranten sind wie ein Schwarm von Vögeln, die sich gegenseitig zerfleischen.",ein Werkzeug
Die Leute sind wie ein Haufen Ameisen,ein Werkzeug
Die Politiker sind wie ein Schwarm Vögel,ein Werkzeug
Die Menschen sind wie ein Stapel Kartoffeln,ein Werkzeug
Die Leute sind wie ein Bündel Stroh,ein Werkzeug
Die Menschen sind wie ein Haufen Schrott,ein Werkzeug
